run_id,timestamp,git_commit,git_dirty,config_hash,checkpoint_id,system,dataset,split,n,k,bw_ratio,channel,train_snr_db,test_snr_db,train_seed,channel_seed,lambda,source_codec,jpeg_quality,j2k_target_bytes,ldpc_rate,modulation,top1_acc,n_correct,n_test,psnr_db,ssim,bytes_sent,header_bytes,payload_bytes,papr_db,decode_failure_rate,infeasible_rate,coverage_rate,acc_given_delivery,test_subset,wall_clock_s,peak_vram_gb,classifier_variant,quantiser_bits,transmit_dim,entropy_stream_bytes,entropy_table_bytes,side_information_bytes,tb_crc_type,base_graph,lifting_size,num_codeblocks,filler_bits,effective_code_rate,model_param_count
0c9fd926c7c312b8a3567a1acc9d810efd9038eae775e0591338b6e150ea0529,2026-10-02T00:32:27+00:00,2421fd9957a6fb0f3a7ab8bd0d5980e5a7631097,False,,b0f72a3e16c537984b6afd3dc93bdf3ea87a0cae8a5b49f3565c803750a8826a,learned,imagenette160,test,3925,12800,r_1_6,awgn,7,-8,0,0,,,,,,,0.7151592356687898,2807,3925,,,,,,13.258856364450637,0.0,0.0,1.0,0.7151592356687898,False,13.263,0.26,own_task_head,,,,,,,,,,,,
5969ed700cb72bb59eb614e87537986022491e4ae6ff72555ca763386438966a,2026-10-02T00:32:27+00:00,2421fd9957a6fb0f3a7ab8bd0d5980e5a7631097,False,,b0f72a3e16c537984b6afd3dc93bdf3ea87a0cae8a5b49f3565c803750a8826a,learned,imagenette160,test,3925,12800,r_1_6,awgn,7,-7,0,0,,,,,,,0.7436942675159236,2919,3925,,,,,,13.258856364450637,0.0,0.0,1.0,0.7436942675159236,False,13.597,0.0,own_task_head,,,,,,,,,,,,
d7b0fa06dcbe594c0bba6515cf2d1d6daebed51334d30f18daf81028d5c7eb68,2026-10-02T00:32:27+00:00,2421fd9957a6fb0f3a7ab8bd0d5980e5a7631097,False,,b0f72a3e16c537984b6afd3dc93bdf3ea87a0cae8a5b49f3565c803750a8826a,learned,imagenette160,test,3925,12800,r_1_6,awgn,7,-6,0,0,,,,,,,0.7628025477707007,2994,3925,,,,,,13.258856364450637,0.0,0.0,1.0,0.7628025477707007,False,13.375,0.26,own_task_head,,,,,,,,,,,,
bef73ba0d01770cc60506d42e2ebe6f10c11bbf741426484f698fc1cdc59048e,2026-10-02T00:32:27+00:00,2421fd9957a6fb0f3a7ab8bd0d5980e5a7631097,False,,b0f72a3e16c537984b6afd3dc93bdf3ea87a0cae8a5b49f3565c803750a8826a,learned,imagenette160,test,3925,12800,r_1_6,awgn,7,-5,0,0,,,,,,,0.782420382165605,3071,3925,,,,,,13.258856364450637,0.0,0.0,1.0,0.782420382165605,False,13.595,0.0,own_task_head,,,,,,,,,,,,
073abc2252215028c4428e507372100b698c9b3b58908b4deaf86b0dbeb9bdf6,2026-10-02T00:32:36+00:00,2421fd9957a6fb0f3a7ab8bd0d5980e5a7631097,False,,b0f72a3e16c537984b6afd3dc93bdf3ea87a0cae8a5b49f3565c803750a8826a,learned,imagenette160,test,3925,12800,r_1_6,awgn,7,-4,0,0,,,,,,,0.7928662420382165,3112,3925,,,,,,13.258856364450637,0.0,0.0,1.0,0.7928662420382165,False,8.877,0.26,own_task_head,,,,,,,,,,,,
333b57897e4838004a54016e6357dd8ef5b571201ca63d2638391cc0c7b03992,2026-10-02T00:32:37+00:00,2421fd9957a6fb0f3a7ab8bd0d5980e5a7631097,False,,b0f72a3e16c537984b6afd3dc93bdf3ea87a0cae8a5b49f3565c803750a8826a,learned,imagenette160,test,3925,12800,r_1_6,awgn,7,-3,0,0,,,,,,,0.7987261146496816,3135,3925,,,,,,13.258856364450637,0.0,0.0,1.0,0.7987261146496816,False,9.569,0.0,own_task_head,,,,,,,,,,,,
c876bd6c8eed485783cd7f4f722f8581d01a83467887c02d14713a73b32f79c0,2026-10-02T00:32:36+00:00,2421fd9957a6fb0f3a7ab8bd0d5980e5a7631097,False,,b0f72a3e16c537984b6afd3dc93bdf3ea87a0cae8a5b49f3565c803750a8826a,learned,imagenette160,test,3925,12800,r_1_6,awgn,7,-2,0,0,,,,,,,0.8050955414012739,3160,3925,,,,,,13.258856364450637,0.0,0.0,1.0,0.8050955414012739,False,8.936,0.26,own_task_head,,,,,,,,,,,,
f27959917b2284af58eb9a82f335ae8c4bbdff6710191d54f9f04afdcb8d5173,2026-10-02T00:32:36+00:00,2421fd9957a6fb0f3a7ab8bd0d5980e5a7631097,False,,b0f72a3e16c537984b6afd3dc93bdf3ea87a0cae8a5b49f3565c803750a8826a,learned,imagenette160,test,3925,12800,r_1_6,awgn,7,-1,0,0,,,,,,,0.8073885350318472,3169,3925,,,,,,13.258856364450637,0.0,0.0,1.0,0.8073885350318472,False,9.428,0.0,own_task_head,,,,,,,,,,,,
207d61625adf3b2479d81400855eae05c396b0ba0a400dd2a721cbcfc92c866d,2026-10-02T00:32:45+00:00,2421fd9957a6fb0f3a7ab8bd0d5980e5a7631097,False,,b0f72a3e16c537984b6afd3dc93bdf3ea87a0cae8a5b49f3565c803750a8826a,learned,imagenette160,test,3925,12800,r_1_6,awgn,7,0,0,0,,,,,,,0.8114649681528663,3185,3925,,,,,,13.258856364450637,0.0,0.0,1.0,0.8114649681528663,False,9.091,0.26,own_task_head,,,,,,,,,,,,
6576c2b41e30b10c459bf5794b4b6e590fefbc9e981fc740168b8e011ecb2744,2026-10-02T00:32:47+00:00,2421fd9957a6fb0f3a7ab8bd0d5980e5a7631097,False,,b0f72a3e16c537984b6afd3dc93bdf3ea87a0cae8a5b49f3565c803750a8826a,learned,imagenette160,test,3925,12800,r_1_6,awgn,7,1,0,0,,,,,,,0.8129936305732484,3191,3925,,,,,,13.258856364450637,0.0,0.0,1.0,0.8129936305732484,False,9.908,0.0,own_task_head,,,,,,,,,,,,
fc335aef86107d886c61d0f73e5a27bc013c1825a917f120cdb26e509ec39cab,2026-10-02T00:32:45+00:00,2421fd9957a6fb0f3a7ab8bd0d5980e5a7631097,False,,b0f72a3e16c537984b6afd3dc93bdf3ea87a0cae8a5b49f3565c803750a8826a,learned,imagenette160,test,3925,12800,r_1_6,awgn,7,2,0,0,,,,,,,0.8117197452229299,3186,3925,,,,,,13.258856364450637,0.0,0.0,1.0,0.8117197452229299,False,9.191,0.26,own_task_head,,,,,,,,,,,,
fe21743859827b688d3a847146a2e1375d2f3f8f5b80c677dc3881845d98fc85,2026-10-02T00:32:47+00:00,2421fd9957a6fb0f3a7ab8bd0d5980e5a7631097,False,,b0f72a3e16c537984b6afd3dc93bdf3ea87a0cae8a5b49f3565c803750a8826a,learned,imagenette160,test,3925,12800,r_1_6,awgn,7,3,0,0,,,,,,,0.8163057324840765,3204,3925,,,,,,13.258856364450637,0.0,0.0,1.0,0.8163057324840765,False,9.883,0.0,own_task_head,,,,,,,,,,,,
fcfa698671d38bb2b3770384a3b1e58add351b7623b7b913b64f3e8c8ed7e14c,2026-10-02T00:32:54+00:00,2421fd9957a6fb0f3a7ab8bd0d5980e5a7631097,False,,b0f72a3e16c537984b6afd3dc93bdf3ea87a0cae8a5b49f3565c803750a8826a,learned,imagenette160,test,3925,12800,r_1_6,awgn,7,4,0,0,,,,,,,0.8147770700636943,3198,3925,,,,,,13.258856364450637,0.0,0.0,1.0,0.8147770700636943,False,8.846,0.26,own_task_head,,,,,,,,,,,,
9871094352724ed81807e8e9b231cfa400ca1692883cb8e238f5b6b3b7b64953,2026-10-02T00:32:57+00:00,2421fd9957a6fb0f3a7ab8bd0d5980e5a7631097,False,,b0f72a3e16c537984b6afd3dc93bdf3ea87a0cae8a5b49f3565c803750a8826a,learned,imagenette160,test,3925,12800,r_1_6,awgn,7,5,0,0,,,,,,,0.8206369426751592,3221,3925,,,,,,13.258856364450637,0.0,0.0,1.0,0.8206369426751592,False,9.377,0.0,own_task_head,,,,,,,,,,,,
72fea158ee71c01f5fa7dfae9217a98c55aa8fcb7034e41bb67517506c8e97f8,2026-10-02T00:32:54+00:00,2421fd9957a6fb0f3a7ab8bd0d5980e5a7631097,False,,b0f72a3e16c537984b6afd3dc93bdf3ea87a0cae8a5b49f3565c803750a8826a,learned,imagenette160,test,3925,12800,r_1_6,awgn,7,6,0,0,,,,,,,0.8196178343949044,3217,3925,,,,,,13.258856364450637,0.0,0.0,1.0,0.8196178343949044,False,8.957,0.26,own_task_head,,,,,,,,,,,,
768e5d8bd1b2efff5a66398d8b760cc391e4c1c5bac56698094d973cce0bf50c,2026-10-02T00:32:56+00:00,2421fd9957a6fb0f3a7ab8bd0d5980e5a7631097,False,,b0f72a3e16c537984b6afd3dc93bdf3ea87a0cae8a5b49f3565c803750a8826a,learned,imagenette160,test,3925,12800,r_1_6,awgn,7,7,0,0,,,,,,,0.8203821656050956,3220,3925,,,,,,13.258856364450637,0.0,0.0,1.0,0.8203821656050956,False,9.411,0.0,own_task_head,,,,,,,,,,,,
75c5f276b6e14b4423a71d38c8d704b703db0927580a54a7bd225d95a41973ad,2026-10-02T00:33:04+00:00,2421fd9957a6fb0f3a7ab8bd0d5980e5a7631097,False,,b0f72a3e16c537984b6afd3dc93bdf3ea87a0cae8a5b49f3565c803750a8826a,learned,imagenette160,test,3925,12800,r_1_6,awgn,7,9,0,0,,,,,,,0.8198726114649681,3218,3925,,,,,,13.258856364450637,0.0,0.0,1.0,0.8198726114649681,False,9.362,0.26,own_task_head,,,,,,,,,,,,
0611c03da270d77fcc6a467482335b6ba22785ab9a9650f0a08e1f8a16cc685c,2026-10-02T00:33:06+00:00,2421fd9957a6fb0f3a7ab8bd0d5980e5a7631097,False,,b0f72a3e16c537984b6afd3dc93bdf3ea87a0cae8a5b49f3565c803750a8826a,learned,imagenette160,test,3925,12800,r_1_6,awgn,7,11,0,0,,,,,,,0.8196178343949044,3217,3925,,,,,,13.258856364450637,0.0,0.0,1.0,0.8196178343949044,False,9.521,0.0,own_task_head,,,,,,,,,,,,
626397064e561c780b7b0c4b301bfcb69375ac92a49ce7a4757108f665493566,2026-10-02T00:33:04+00:00,2421fd9957a6fb0f3a7ab8bd0d5980e5a7631097,False,,b0f72a3e16c537984b6afd3dc93bdf3ea87a0cae8a5b49f3565c803750a8826a,learned,imagenette160,test,3925,12800,r_1_6,awgn,7,13,0,0,,,,,,,0.8208917197452229,3222,3925,,,,,,13.258856364450637,0.0,0.0,1.0,0.8208917197452229,False,9.294,0.26,own_task_head,,,,,,,,,,,,
16022a7bd8db6d6d3427127eaf214afb64af049c47e6b10b25b0d626a345e99b,2026-10-02T00:33:06+00:00,2421fd9957a6fb0f3a7ab8bd0d5980e5a7631097,False,,b0f72a3e16c537984b6afd3dc93bdf3ea87a0cae8a5b49f3565c803750a8826a,learned,imagenette160,test,3925,12800,r_1_6,awgn,7,15,0,0,,,,,,,0.8214012738853503,3224,3925,,,,,,13.258856364450637,0.0,0.0,1.0,0.8214012738853503,False,9.645,0.0,own_task_head,,,,,,,,,,,,
600391d8c563d2479d8ab90a9906362170b2f8d49f911b4b3bd88e7cdf0accab,2026-10-02T00:33:13+00:00,2421fd9957a6fb0f3a7ab8bd0d5980e5a7631097,False,,b0f72a3e16c537984b6afd3dc93bdf3ea87a0cae8a5b49f3565c803750a8826a,learned,imagenette160,test,3925,12800,r_1_6,awgn,7,18,0,0,,,,,,,0.8214012738853503,3224,3925,,,,,,13.258856364450637,0.0,0.0,1.0,0.8214012738853503,False,8.857,0.26,own_task_head,,,,,,,,,,,,
80610de9ad044cf8f1d93b4809d7336e4ea8fa9ae072861d1d06d3c64a0f5ed8,2026-10-02T00:33:17+00:00,2421fd9957a6fb0f3a7ab8bd0d5980e5a7631097,False,,5d7e692c723ee9657be9fc45bfdae5dc54adf137ee9e92a04de2b2e5a7bbdcda,learned,imagenette160,test,3925,12800,r_1_6,awgn,7,-8,1,1,,,,,,,0.7844585987261147,3079,3925,,,,,,14.787575108473469,0.0,0.0,1.0,0.7844585987261147,False,10.257,0.0,own_task_head,,,,,,,,,,,,
bf62d25f164d3edef68f945e2981a6aed62a337277012587d1c6db0c794d5181,2026-10-02T00:33:13+00:00,2421fd9957a6fb0f3a7ab8bd0d5980e5a7631097,False,,5d7e692c723ee9657be9fc45bfdae5dc54adf137ee9e92a04de2b2e5a7bbdcda,learned,imagenette160,test,3925,12800,r_1_6,awgn,7,-7,1,1,,,,,,,0.7900636942675159,3101,3925,,,,,,14.787575108473469,0.0,0.0,1.0,0.7900636942675159,False,8.961,0.266,own_task_head,,,,,,,,,,,,
fd46277195b2ce36b0137f725e6120abf7d1727ce73c711ad730ca11b13213b6,2026-10-02T00:33:16+00:00,2421fd9957a6fb0f3a7ab8bd0d5980e5a7631097,False,,5d7e692c723ee9657be9fc45bfdae5dc54adf137ee9e92a04de2b2e5a7bbdcda,learned,imagenette160,test,3925,12800,r_1_6,awgn,7,-6,1,1,,,,,,,0.8078980891719745,3171,3925,,,,,,14.787575108473469,0.0,0.0,1.0,0.8078980891719745,False,10.135,0.0,own_task_head,,,,,,,,,,,,
d1ca959a851892325acf6d62b5c7f96fc6e907a1bf17e47d1aeb0f0171137077,2026-10-02T00:33:22+00:00,2421fd9957a6fb0f3a7ab8bd0d5980e5a7631097,False,,5d7e692c723ee9657be9fc45bfdae5dc54adf137ee9e92a04de2b2e5a7bbdcda,learned,imagenette160,test,3925,12800,r_1_6,awgn,7,-5,1,1,,,,,,,0.8094267515923567,3177,3925,,,,,,14.787575108473469,0.0,0.0,1.0,0.8094267515923567,False,9.552,0.266,own_task_head,,,,,,,,,,,,
0cc87c39802cfc6a6fe9e8e2617da9547a8463dbf8aec1431713962d80f9eba5,2026-10-02T00:33:27+00:00,2421fd9957a6fb0f3a7ab8bd0d5980e5a7631097,False,,5d7e692c723ee9657be9fc45bfdae5dc54adf137ee9e92a04de2b2e5a7bbdcda,learned,imagenette160,test,3925,12800,r_1_6,awgn,7,-4,1,1,,,,,,,0.8137579617834395,3194,3925,,,,,,14.787575108473469,0.0,0.0,1.0,0.8137579617834395,False,9.745,0.0,own_task_head,,,,,,,,,,,,
a8f8d81b0d3a88cb898589de641363760878878ef4635350efa688f971a88592,2026-10-02T00:33:22+00:00,2421fd9957a6fb0f3a7ab8bd0d5980e5a7631097,False,,5d7e692c723ee9657be9fc45bfdae5dc54adf137ee9e92a04de2b2e5a7bbdcda,learned,imagenette160,test,3925,12800,r_1_6,awgn,7,-3,1,1,,,,,,,0.812484076433121,3189,3925,,,,,,14.787575108473469,0.0,0.0,1.0,0.812484076433121,False,9.43,0.266,own_task_head,,,,,,,,,,,,
5563b5783e359f016baa4ea7cc72ae5546053d26c07768cef8f44ac0a9be0656,2026-10-02T00:33:26+00:00,2421fd9957a6fb0f3a7ab8bd0d5980e5a7631097,False,,5d7e692c723ee9657be9fc45bfdae5dc54adf137ee9e92a04de2b2e5a7bbdcda,learned,imagenette160,test,3925,12800,r_1_6,awgn,7,-2,1,1,,,,,,,0.8175796178343949,3209,3925,,,,,,14.787575108473469,0.0,0.0,1.0,0.8175796178343949,False,9.713,0.0,own_task_head,,,,,,,,,,,,
680054994fc79c8076a38d38d8ac29e45c7f89ab6b80603956c81d8637b6ba4e,2026-10-02T00:33:32+00:00,2421fd9957a6fb0f3a7ab8bd0d5980e5a7631097,False,,5d7e692c723ee9657be9fc45bfdae5dc54adf137ee9e92a04de2b2e5a7bbdcda,learned,imagenette160,test,3925,12800,r_1_6,awgn,7,-1,1,1,,,,,,,0.8221656050955414,3227,3925,,,,,,14.787575108473469,0.0,0.0,1.0,0.8221656050955414,False,9.21,0.266,own_task_head,,,,,,,,,,,,
9f1dbdd33a81d5db86fe97c76eaaf0a8f8d3a38b9a6c1e15b2d9dd2c143c92e7,2026-10-02T00:33:36+00:00,2421fd9957a6fb0f3a7ab8bd0d5980e5a7631097,False,,5d7e692c723ee9657be9fc45bfdae5dc54adf137ee9e92a04de2b2e5a7bbdcda,learned,imagenette160,test,3925,12800,r_1_6,awgn,7,0,1,1,,,,,,,0.8152866242038217,3200,3925,,,,,,14.787575108473469,0.0,0.0,1.0,0.8152866242038217,False,9.544,0.0,own_task_head,,,,,,,,,,,,
dc95d2a290ab184febf8083b7ebf190ae0df102fb505ff3ade04c0bdeac97be2,2026-10-02T00:33:32+00:00,2421fd9957a6fb0f3a7ab8bd0d5980e5a7631097,False,,5d7e692c723ee9657be9fc45bfdae5dc54adf137ee9e92a04de2b2e5a7bbdcda,learned,imagenette160,test,3925,12800,r_1_6,awgn,7,1,1,1,,,,,,,0.8180891719745222,3211,3925,,,,,,14.787575108473469,0.0,0.0,1.0,0.8180891719745222,False,9.249,0.266,own_task_head,,,,,,,,,,,,
cf4367160ee77610daa3f0d352e82e79768d2d38466d45413d3bac21f468be8e,2026-10-02T00:33:36+00:00,2421fd9957a6fb0f3a7ab8bd0d5980e5a7631097,False,,5d7e692c723ee9657be9fc45bfdae5dc54adf137ee9e92a04de2b2e5a7bbdcda,learned,imagenette160,test,3925,12800,r_1_6,awgn,7,2,1,1,,,,,,,0.8239490445859873,3234,3925,,,,,,14.787575108473469,0.0,0.0,1.0,0.8239490445859873,False,9.562,0.0,own_task_head,,,,,,,,,,,,
dc3b92d1658443bcd7befc7689059c496197ac6f76c5a52969f1e036c2bed13d,2026-10-02T00:33:42+00:00,2421fd9957a6fb0f3a7ab8bd0d5980e5a7631097,False,,5d7e692c723ee9657be9fc45bfdae5dc54adf137ee9e92a04de2b2e5a7bbdcda,learned,imagenette160,test,3925,12800,r_1_6,awgn,7,3,1,1,,,,,,,0.824203821656051,3235,3925,,,,,,14.787575108473469,0.0,0.0,1.0,0.824203821656051,False,9.718,0.266,own_task_head,,,,,,,,,,,,
eee9d8ab0f32456f7cf150d56b083b927bb251d01a67aa9a03d1617a781560c3,2026-10-02T00:33:47+00:00,2421fd9957a6fb0f3a7ab8bd0d5980e5a7631097,False,,5d7e692c723ee9657be9fc45bfdae5dc54adf137ee9e92a04de2b2e5a7bbdcda,learned,imagenette160,test,3925,12800,r_1_6,awgn,7,4,1,1,,,,,,,0.8264968152866242,3244,3925,,,,,,14.787575108473469,0.0,0.0,1.0,0.8264968152866242,False,10.204,0.0,own_task_head,,,,,,,,,,,,
261cb2fcfa3b65ea34565ff06f88d9ed419061318fe55a52af56351d136065b5,2026-10-02T00:33:41+00:00,2421fd9957a6fb0f3a7ab8bd0d5980e5a7631097,False,,5d7e692c723ee9657be9fc45bfdae5dc54adf137ee9e92a04de2b2e5a7bbdcda,learned,imagenette160,test,3925,12800,r_1_6,awgn,7,5,1,1,,,,,,,0.8254777070063695,3240,3925,,,,,,14.787575108473469,0.0,0.0,1.0,0.8254777070063695,False,9.448,0.266,own_task_head,,,,,,,,,,,,
b12269c62d3cf1b86986b9118d0446a95dae29d7e7b067b98a2df903dcbfe56c,2026-10-02T00:33:46+00:00,2421fd9957a6fb0f3a7ab8bd0d5980e5a7631097,False,,5d7e692c723ee9657be9fc45bfdae5dc54adf137ee9e92a04de2b2e5a7bbdcda,learned,imagenette160,test,3925,12800,r_1_6,awgn,7,6,1,1,,,,,,,0.8236942675159236,3233,3925,,,,,,14.787575108473469,0.0,0.0,1.0,0.8236942675159236,False,10.283,0.0,own_task_head,,,,,,,,,,,,
554639603c4f910b8892d1a5d614d2aafa28c6c738b33d98709fe1a477cbcfa1,2026-10-02T00:33:52+00:00,2421fd9957a6fb0f3a7ab8bd0d5980e5a7631097,False,,5d7e692c723ee9657be9fc45bfdae5dc54adf137ee9e92a04de2b2e5a7bbdcda,learned,imagenette160,test,3925,12800,r_1_6,awgn,7,7,1,1,,,,,,,0.8254777070063695,3240,3925,,,,,,14.787575108473469,0.0,0.0,1.0,0.8254777070063695,False,9.907,0.266,own_task_head,,,,,,,,,,,,
934ed7383ad4c08a4607234966382bf16caad97b62432a8137d49141dbc3257a,2026-10-02T00:33:57+00:00,2421fd9957a6fb0f3a7ab8bd0d5980e5a7631097,False,,5d7e692c723ee9657be9fc45bfdae5dc54adf137ee9e92a04de2b2e5a7bbdcda,learned,imagenette160,test,3925,12800,r_1_6,awgn,7,9,1,1,,,,,,,0.8259872611464968,3242,3925,,,,,,14.787575108473469,0.0,0.0,1.0,0.8259872611464968,False,10.055,0.0,own_task_head,,,,,,,,,,,,
993386992ba232452457ee13a156a67b94eb6adff09d8a0bed98edc63c4c6393,2026-10-02T00:33:51+00:00,2421fd9957a6fb0f3a7ab8bd0d5980e5a7631097,False,,5d7e692c723ee9657be9fc45bfdae5dc54adf137ee9e92a04de2b2e5a7bbdcda,learned,imagenette160,test,3925,12800,r_1_6,awgn,7,11,1,1,,,,,,,0.8270063694267515,3246,3925,,,,,,14.787575108473469,0.0,0.0,1.0,0.8270063694267515,False,9.735,0.266,own_task_head,,,,,,,,,,,,
f8fc8a3f7cc6fa0943442d1d2c4adae17bdcf9be9f8261514d8cd38c88b2e0a7,2026-10-02T00:33:57+00:00,2421fd9957a6fb0f3a7ab8bd0d5980e5a7631097,False,,5d7e692c723ee9657be9fc45bfdae5dc54adf137ee9e92a04de2b2e5a7bbdcda,learned,imagenette160,test,3925,12800,r_1_6,awgn,7,13,1,1,,,,,,,0.8264968152866242,3244,3925,,,,,,14.787575108473469,0.0,0.0,1.0,0.8264968152866242,False,10.026,0.0,own_task_head,,,,,,,,,,,,
2c99dfd7296c765f29afed82a39afb9a08747a36d00b24aeed59a38218ad5b12,2026-10-02T00:34:01+00:00,2421fd9957a6fb0f3a7ab8bd0d5980e5a7631097,False,,5d7e692c723ee9657be9fc45bfdae5dc54adf137ee9e92a04de2b2e5a7bbdcda,learned,imagenette160,test,3925,12800,r_1_6,awgn,7,15,1,1,,,,,,,0.8277707006369427,3249,3925,,,,,,14.787575108473469,0.0,0.0,1.0,0.8277707006369427,False,9.222,0.266,own_task_head,,,,,,,,,,,,
48c2bd0044389d25a88c19c738f11a45d2ca3a6e91b3669489f3b9946a462543,2026-10-02T00:34:07+00:00,2421fd9957a6fb0f3a7ab8bd0d5980e5a7631097,False,,5d7e692c723ee9657be9fc45bfdae5dc54adf137ee9e92a04de2b2e5a7bbdcda,learned,imagenette160,test,3925,12800,r_1_6,awgn,7,18,1,1,,,,,,,0.8270063694267515,3246,3925,,,,,,14.787575108473469,0.0,0.0,1.0,0.8270063694267515,False,9.524,0.0,own_task_head,,,,,,,,,,,,
efa7dd3872090e4c28bdd66434c7e12e16b5c0b472273ce6422a70233443bd75,2026-10-02T00:34:01+00:00,2421fd9957a6fb0f3a7ab8bd0d5980e5a7631097,False,,d5595f0931b010805f59ded64b3cda88b35730d200c5578aecf5962c8d058f41,learned,imagenette160,test,3925,12800,r_1_6,awgn,7,-8,2,2,,,,,,,0.7847133757961784,3080,3925,,,,,,13.67697623987866,0.0,0.0,1.0,0.7847133757961784,False,9.325,0.272,own_task_head,,,,,,,,,,,,
08344b8a367a035bf5f46da06352512ed5ff417917cbad20d4d24fd7332f4b7a,2026-10-02T00:34:06+00:00,2421fd9957a6fb0f3a7ab8bd0d5980e5a7631097,False,,d5595f0931b010805f59ded64b3cda88b35730d200c5578aecf5962c8d058f41,learned,imagenette160,test,3925,12800,r_1_6,awgn,7,-7,2,2,,,,,,,0.7910828025477707,3105,3925,,,,,,13.67697623987866,0.0,0.0,1.0,0.7910828025477707,False,9.619,0.0,own_task_head,,,,,,,,,,,,
e3a0ab1e3ecbe81779ac0bd053c1e3c81dbeff5bdd5e482a4ced0aabca2af3b6,2026-10-02T00:34:11+00:00,2421fd9957a6fb0f3a7ab8bd0d5980e5a7631097,False,,d5595f0931b010805f59ded64b3cda88b35730d200c5578aecf5962c8d058f41,learned,imagenette160,test,3925,12800,r_1_6,awgn,7,-6,2,2,,,,,,,0.8017834394904458,3147,3925,,,,,,13.67697623987866,0.0,0.0,1.0,0.8017834394904458,False,9.552,0.272,own_task_head,,,,,,,,,,,,
0e8a195dd617a5aaf492b2507f3a136b580d7f8cbc5da90a313a13b3df17dc75,2026-10-02T00:34:17+00:00,2421fd9957a6fb0f3a7ab8bd0d5980e5a7631097,False,,d5595f0931b010805f59ded64b3cda88b35730d200c5578aecf5962c8d058f41,learned,imagenette160,test,3925,12800,r_1_6,awgn,7,-5,2,2,,,,,,,0.8094267515923567,3177,3925,,,,,,13.67697623987866,0.0,0.0,1.0,0.8094267515923567,False,10.008,0.0,own_task_head,,,,,,,,,,,,
4afa8e53d95833fa67788f8a0f4f3ce3afca3408cd6993daeaef21976bc253f3,2026-10-02T00:34:10+00:00,2421fd9957a6fb0f3a7ab8bd0d5980e5a7631097,False,,d5595f0931b010805f59ded64b3cda88b35730d200c5578aecf5962c8d058f41,learned,imagenette160,test,3925,12800,r_1_6,awgn,7,-4,2,2,,,,,,,0.8163057324840765,3204,3925,,,,,,13.67697623987866,0.0,0.0,1.0,0.8163057324840765,False,9.337,0.272,own_task_head,,,,,,,,,,,,
c3d7f63fde19771dfd65315982e0ee25979c2c0e0805477c7d6f42bcdc001c60,2026-10-02T00:34:16+00:00,2421fd9957a6fb0f3a7ab8bd0d5980e5a7631097,False,,d5595f0931b010805f59ded64b3cda88b35730d200c5578aecf5962c8d058f41,learned,imagenette160,test,3925,12800,r_1_6,awgn,7,-3,2,2,,,,,,,0.8155414012738853,3201,3925,,,,,,13.67697623987866,0.0,0.0,1.0,0.8155414012738853,False,9.61,0.0,own_task_head,,,,,,,,,,,,
a19b769654e94b6e2306d6f5bfdfb8c05f575d6085208f2c1773b7398a0a0faf,2026-10-02T00:34:20+00:00,2421fd9957a6fb0f3a7ab8bd0d5980e5a7631097,False,,d5595f0931b010805f59ded64b3cda88b35730d200c5578aecf5962c8d058f41,learned,imagenette160,test,3925,12800,r_1_6,awgn,7,-2,2,2,,,,,,,0.8191082802547771,3215,3925,,,,,,13.67697623987866,0.0,0.0,1.0,0.8191082802547771,False,9.311,0.272,own_task_head,,,,,,,,,,,,
075ec5922d36c9d503747b3a8c27b9ef1f32a2e473c728104926b4fee46b651d,2026-10-02T00:34:27+00:00,2421fd9957a6fb0f3a7ab8bd0d5980e5a7631097,False,,d5595f0931b010805f59ded64b3cda88b35730d200c5578aecf5962c8d058f41,learned,imagenette160,test,3925,12800,r_1_6,awgn,7,-1,2,2,,,,,,,0.8221656050955414,3227,3925,,,,,,13.67697623987866,0.0,0.0,1.0,0.8221656050955414,False,9.781,0.0,own_task_head,,,,,,,,,,,,
5bb1f44e99e49896296b711884c3295b2b765037fb3bc5f47099e74665e68386,2026-10-02T00:34:20+00:00,2421fd9957a6fb0f3a7ab8bd0d5980e5a7631097,False,,d5595f0931b010805f59ded64b3cda88b35730d200c5578aecf5962c8d058f41,learned,imagenette160,test,3925,12800,r_1_6,awgn,7,0,2,2,,,,,,,0.8206369426751592,3221,3925,,,,,,13.67697623987866,0.0,0.0,1.0,0.8206369426751592,False,9.197,0.272,own_task_head,,,,,,,,,,,,
2d9dc98faf9f952ce93975781f2a7b73eeef9d393c6cb30a591c6bda3ece4cb4,2026-10-02T00:34:26+00:00,2421fd9957a6fb0f3a7ab8bd0d5980e5a7631097,False,,d5595f0931b010805f59ded64b3cda88b35730d200c5578aecf5962c8d058f41,learned,imagenette160,test,3925,12800,r_1_6,awgn,7,1,2,2,,,,,,,0.8229299363057325,3230,3925,,,,,,13.67697623987866,0.0,0.0,1.0,0.8229299363057325,False,9.739,0.0,own_task_head,,,,,,,,,,,,
9979017c0471334028a4cc427082364927f28772dcaac25de7dbd1ded91aee75,2026-10-02T00:34:30+00:00,2421fd9957a6fb0f3a7ab8bd0d5980e5a7631097,False,,d5595f0931b010805f59ded64b3cda88b35730d200c5578aecf5962c8d058f41,learned,imagenette160,test,3925,12800,r_1_6,awgn,7,2,2,2,,,,,,,0.8234394904458598,3232,3925,,,,,,13.67697623987866,0.0,0.0,1.0,0.8234394904458598,False,9.221,0.272,own_task_head,,,,,,,,,,,,
7523d5791fbf4b855cd76c05133850869da175c01d8b4cc025dbce81160e577d,2026-10-02T00:34:37+00:00,2421fd9957a6fb0f3a7ab8bd0d5980e5a7631097,False,,d5595f0931b010805f59ded64b3cda88b35730d200c5578aecf5962c8d058f41,learned,imagenette160,test,3925,12800,r_1_6,awgn,7,3,2,2,,,,,,,0.824203821656051,3235,3925,,,,,,13.67697623987866,0.0,0.0,1.0,0.824203821656051,False,9.776,0.0,own_task_head,,,,,,,,,,,,
bd86614b5a2fe3dc0fbd00027e44882c0887a9100df6314d464e003b7197a0a3,2026-10-02T00:34:29+00:00,2421fd9957a6fb0f3a7ab8bd0d5980e5a7631097,False,,d5595f0931b010805f59ded64b3cda88b35730d200c5578aecf5962c8d058f41,learned,imagenette160,test,3925,12800,r_1_6,awgn,7,4,2,2,,,,,,,0.8231847133757961,3231,3925,,,,,,13.67697623987866,0.0,0.0,1.0,0.8231847133757961,False,9.23,0.272,own_task_head,,,,,,,,,,,,
93766e1082825cfffa921798edd47aa34fcf92714d7758b65f2135ef982ed25d,2026-10-02T00:34:36+00:00,2421fd9957a6fb0f3a7ab8bd0d5980e5a7631097,False,,d5595f0931b010805f59ded64b3cda88b35730d200c5578aecf5962c8d058f41,learned,imagenette160,test,3925,12800,r_1_6,awgn,7,5,2,2,,,,,,,0.824968152866242,3238,3925,,,,,,13.67697623987866,0.0,0.0,1.0,0.824968152866242,False,9.744,0.0,own_task_head,,,,,,,,,,,,
06b26fe3525df6ae7359be109b46e876de115bab11f6c017cb7580d76ab71c00,2026-10-02T00:34:40+00:00,2421fd9957a6fb0f3a7ab8bd0d5980e5a7631097,False,,d5595f0931b010805f59ded64b3cda88b35730d200c5578aecf5962c8d058f41,learned,imagenette160,test,3925,12800,r_1_6,awgn,7,6,2,2,,,,,,,0.8234394904458598,3232,3925,,,,,,13.67697623987866,0.0,0.0,1.0,0.8234394904458598,False,9.642,0.272,own_task_head,,,,,,,,,,,,
189ba023ac5026256790e972c3b77241a1cccaafc94802f5cd24fc8764df9d51,2026-10-02T00:34:46+00:00,2421fd9957a6fb0f3a7ab8bd0d5980e5a7631097,False,,d5595f0931b010805f59ded64b3cda88b35730d200c5578aecf5962c8d058f41,learned,imagenette160,test,3925,12800,r_1_6,awgn,7,7,2,2,,,,,,,0.8244585987261146,3236,3925,,,,,,13.67697623987866,0.0,0.0,1.0,0.8244585987261146,False,9.361,0.0,own_task_head,,,,,,,,,,,,
6b80f133a460cf41beceb08e5c4d508ac361bc88dc162afa1c459d321102377e,2026-10-02T00:34:39+00:00,2421fd9957a6fb0f3a7ab8bd0d5980e5a7631097,False,,d5595f0931b010805f59ded64b3cda88b35730d200c5578aecf5962c8d058f41,learned,imagenette160,test,3925,12800,r_1_6,awgn,7,9,2,2,,,,,,,0.8226751592356688,3229,3925,,,,,,13.67697623987866,0.0,0.0,1.0,0.8226751592356688,False,9.662,0.272,own_task_head,,,,,,,,,,,,
9c467028db3020a228624b12346635921d0af573b1b9d37564754d462cb75cc8,2026-10-02T00:34:46+00:00,2421fd9957a6fb0f3a7ab8bd0d5980e5a7631097,False,,d5595f0931b010805f59ded64b3cda88b35730d200c5578aecf5962c8d058f41,learned,imagenette160,test,3925,12800,r_1_6,awgn,7,11,2,2,,,,,,,0.824203821656051,3235,3925,,,,,,13.67697623987866,0.0,0.0,1.0,0.824203821656051,False,9.483,0.0,own_task_head,,,,,,,,,,,,
af5dac1ffe0623d248d4766242e3a67aa139af9279cacf326d01127a67f6cbb2,2026-10-02T00:34:49+00:00,2421fd9957a6fb0f3a7ab8bd0d5980e5a7631097,False,,d5595f0931b010805f59ded64b3cda88b35730d200c5578aecf5962c8d058f41,learned,imagenette160,test,3925,12800,r_1_6,awgn,7,13,2,2,,,,,,,0.824203821656051,3235,3925,,,,,,13.67697623987866,0.0,0.0,1.0,0.824203821656051,False,9.165,0.272,own_task_head,,,,,,,,,,,,
eb19808c6fb9acd201b0e9d8d2971d58d0ebf1f859b51d9164b522490cb8367e,2026-10-02T00:34:55+00:00,2421fd9957a6fb0f3a7ab8bd0d5980e5a7631097,False,,d5595f0931b010805f59ded64b3cda88b35730d200c5578aecf5962c8d058f41,learned,imagenette160,test,3925,12800,r_1_6,awgn,7,15,2,2,,,,,,,0.8236942675159236,3233,3925,,,,,,13.67697623987866,0.0,0.0,1.0,0.8236942675159236,False,8.46,0.0,own_task_head,,,,,,,,,,,,
c2b6518fc1935c0b81ddaf53662305f1682e6108a8955cf0f5dc1a2bbf9a9f80,2026-10-02T00:34:48+00:00,2421fd9957a6fb0f3a7ab8bd0d5980e5a7631097,False,,d5595f0931b010805f59ded64b3cda88b35730d200c5578aecf5962c8d058f41,learned,imagenette160,test,3925,12800,r_1_6,awgn,7,18,2,2,,,,,,,0.8247133757961783,3237,3925,,,,,,13.67697623987866,0.0,0.0,1.0,0.8247133757961783,False,9.24,0.272,own_task_head,,,,,,,,,,,,
33ecb50c874f9e81f044f67ea52f5feea5cc5c3b23cb901ec5b6710c078e981c,2026-10-02T00:54:11+00:00,2421fd9957a6fb0f3a7ab8bd0d5980e5a7631097,False,2c780de89a4c9cb90bf821ebad901d84e8c3b4c533b5c37b6e7159d627cde024,not_applicable_untrained_codec,classical_adaptive,imagenette160,test,3925,12800,r_1_6,awgn,7,-8,0,0,,jpeg2000,,,1/3,bpsk,0.09859872611464968,387,3925,,,531,157.0,364.9931210191083,0.0,1.0,0.0,0.0,,False,1165.444,0.0,artifact_finetuned,,,,,,crc24a,1,208,1,304,0.331875,
8e2535b1cdc81bc05fdd87fa121ae5cb4d709f7c4c55f30c28b52409f80b07a3,2026-10-02T00:54:11+00:00,2421fd9957a6fb0f3a7ab8bd0d5980e5a7631097,False,2c780de89a4c9cb90bf821ebad901d84e8c3b4c533b5c37b6e7159d627cde024,not_applicable_untrained_codec,classical_adaptive,imagenette160,test,3925,12800,r_1_6,awgn,7,-8,0,0,,jpeg2000,,,1/3,bpsk,0.09859872611464968,387,3925,,,531,157.0,364.9931210191083,0.0,1.0,0.0,0.0,,False,1165.444,0.0,clean,,,,,,crc24a,1,208,1,304,0.331875,
1756ab4e8fb68f8b89dbf6fafa8dd9206aac987e93aeafb5d604aad33f2777e6,2026-10-02T00:54:00+00:00,2421fd9957a6fb0f3a7ab8bd0d5980e5a7631097,False,e2035a437119e9276f0a94785f57bb4134012b81512cc4ca333cc52948e42cf9,not_applicable_untrained_codec,classical_adaptive,imagenette160,test,3925,12800,r_1_6,awgn,7,-7,0,0,,jpeg2000,,,1/3,bpsk,0.09859872611464968,387,3925,,,531,157.0,364.9931210191083,0.0,1.0,0.0,0.0,,False,1151.287,2.058,artifact_finetuned,,,,,,crc24a,1,208,1,304,0.331875,
6e002935de2b29e5e86c14144ba3db4398b70c8e82f9dc8468def62aeba1d5ab,2026-10-02T00:54:00+00:00,2421fd9957a6fb0f3a7ab8bd0d5980e5a7631097,False,e2035a437119e9276f0a94785f57bb4134012b81512cc4ca333cc52948e42cf9,not_applicable_untrained_codec,classical_adaptive,imagenette160,test,3925,12800,r_1_6,awgn,7,-7,0,0,,jpeg2000,,,1/3,bpsk,0.09859872611464968,387,3925,,,531,157.0,364.9931210191083,0.0,1.0,0.0,0.0,,False,1151.287,2.058,clean,,,,,,crc24a,1,208,1,304,0.331875,
3ac31d87e449619a94e64d324a8f829f02e605fba1addb4074f97f155e9f67eb,2026-10-02T00:54:13+00:00,2421fd9957a6fb0f3a7ab8bd0d5980e5a7631097,False,a36b492e072676bb0a196e6f1fcd2b08e73b366b943ff8dbd4394d604af0e2e6,not_applicable_untrained_codec,classical_adaptive,imagenette160,test,3925,12800,r_1_6,awgn,7,-6,0,0,,jpeg2000,,,1/3,bpsk,0.09859872611464968,387,3925,,,531,157.0,364.9931210191083,0.0,1.0,0.0,0.0,,False,1157.469,0.0,artifact_finetuned,,,,,,crc24a,1,208,1,304,0.331875,
a499e2d7ffba8b0e5598bfdd597860db8cb9ae844c2305866a1f3c24b9ff1caf,2026-10-02T00:54:13+00:00,2421fd9957a6fb0f3a7ab8bd0d5980e5a7631097,False,a36b492e072676bb0a196e6f1fcd2b08e73b366b943ff8dbd4394d604af0e2e6,not_applicable_untrained_codec,classical_adaptive,imagenette160,test,3925,12800,r_1_6,awgn,7,-6,0,0,,jpeg2000,,,1/3,bpsk,0.09859872611464968,387,3925,,,531,157.0,364.9931210191083,0.0,1.0,0.0,0.0,,False,1157.469,0.0,clean,,,,,,crc24a,1,208,1,304,0.331875,
b89ae22a644669958630f375db7f495698c208cf083b11df8bf3fbdd7cc76a2a,2026-10-02T00:53:59+00:00,2421fd9957a6fb0f3a7ab8bd0d5980e5a7631097,False,3f0df171186e242e6a6b584ae549db65eea967effcdb41c9786056535a9f04ee,not_applicable_untrained_codec,classical_adaptive,imagenette160,test,3925,12800,r_1_6,awgn,7,-5,0,0,,jpeg2000,,,1/3,bpsk,0.09859872611464968,387,3925,,,531,157.0,364.9931210191083,0.0,1.0,0.0,0.0,,False,1150.571,2.058,artifact_finetuned,,,,,,crc24a,1,208,1,304,0.331875,
e510b6a777ee1261b9dc5958525094c0c753aedac0ebfb03964fc1311744f7c2,2026-10-02T00:53:59+00:00,2421fd9957a6fb0f3a7ab8bd0d5980e5a7631097,False,3f0df171186e242e6a6b584ae549db65eea967effcdb41c9786056535a9f04ee,not_applicable_untrained_codec,classical_adaptive,imagenette160,test,3925,12800,r_1_6,awgn,7,-5,0,0,,jpeg2000,,,1/3,bpsk,0.09859872611464968,387,3925,,,531,157.0,364.9931210191083,0.0,1.0,0.0,0.0,,False,1150.571,2.058,clean,,,,,,crc24a,1,208,1,304,0.331875,
d38aecc7647e3dffa9ece0d35e306433d642aaa0a98a0f306c8b16adcd63b515,2026-10-02T01:05:09+00:00,2421fd9957a6fb0f3a7ab8bd0d5980e5a7631097,False,dfe8e5cf30e9c9af40845ee9d688d9b09c16c301afc78af0396e7b6eeac40ed2,not_applicable_untrained_codec,classical_adaptive,imagenette160,test,3925,12800,r_1_6,awgn,7,-4,0,0,,jpeg2000,,,1/3,bpsk,0.8163057324840765,3204,3925,22.039682661702333,0.571467192504781,531,157.0,362.6616560509554,0.0,0.0,0.0,1.0,0.8163057324840765,False,657.2,0.0,artifact_finetuned,,,,,,crc24a,1,208,1,304,0.331875,
89c886f1cf7d30e51037330fcb3a274420ada525d3e4b95a527c80c79ffe0b2c,2026-10-02T01:05:09+00:00,2421fd9957a6fb0f3a7ab8bd0d5980e5a7631097,False,dfe8e5cf30e9c9af40845ee9d688d9b09c16c301afc78af0396e7b6eeac40ed2,not_applicable_untrained_codec,classical_adaptive,imagenette160,test,3925,12800,r_1_6,awgn,7,-4,0,0,,jpeg2000,,,1/3,bpsk,0.5921019108280254,2324,3925,22.039682661702333,0.571467192504781,531,157.0,362.6616560509554,0.0,0.0,0.0,1.0,0.5921019108280254,False,657.2,0.0,clean,,,,,,crc24a,1,208,1,304,0.331875,
cd5323b90e4dfaf1d99aa9d1c77a74a08b13a1d0b28ea95b57e5c205e240ed89,2026-10-02T01:05:01+00:00,2421fd9957a6fb0f3a7ab8bd0d5980e5a7631097,False,e522ae3c06c46f912e26f1144c6c1522ecea7c72f9bc833d722bb82eeab30d07,not_applicable_untrained_codec,classical_adaptive,imagenette160,test,3925,12800,r_1_6,awgn,7,-3,0,0,,jpeg2000,,,1/3,bpsk,0.8163057324840765,3204,3925,22.039682661702333,0.571467192504781,531,157.0,362.6616560509554,0.0,0.0,0.0,1.0,0.8163057324840765,False,659.982,2.058,artifact_finetuned,,,,,,crc24a,1,208,1,304,0.331875,
9e672deae7c04c10ee12a84a434fadb43d1c8cd1862530a412eb657dc06cfb21,2026-10-02T01:05:01+00:00,2421fd9957a6fb0f3a7ab8bd0d5980e5a7631097,False,e522ae3c06c46f912e26f1144c6c1522ecea7c72f9bc833d722bb82eeab30d07,not_applicable_untrained_codec,classical_adaptive,imagenette160,test,3925,12800,r_1_6,awgn,7,-3,0,0,,jpeg2000,,,1/3,bpsk,0.5921019108280254,2324,3925,22.039682661702333,0.571467192504781,531,157.0,362.6616560509554,0.0,0.0,0.0,1.0,0.5921019108280254,False,659.982,2.058,clean,,,,,,crc24a,1,208,1,304,0.331875,
c81c7422da2289df58c1dee5cca120b34c871081d53fcb2bb217a827d285dd99,2026-10-02T01:08:18+00:00,2421fd9957a6fb0f3a7ab8bd0d5980e5a7631097,False,e63d37bfa67a1a0109bc7eb18a49c7cf70fe96b4047e819375323decd7da5bf4,not_applicable_untrained_codec,classical_adaptive,imagenette160,test,3925,12800,r_1_6,awgn,7,-2,0,0,,jpeg2000,,,1/2,bpsk,0.8328662420382166,3269,3925,24.06227422850897,0.6679923457329168,797,157.0,626.4045859872612,0.0,0.023184713375796178,0.0,0.9768152866242038,0.8505477308294209,False,844.71,0.0,artifact_finetuned,,,,,,crc24a,1,320,1,640,0.498125,
769b27a4574fa42cfa860a671ce56a368e7eb831bfbfbc818b2169e49bc91b15,2026-10-02T01:08:18+00:00,2421fd9957a6fb0f3a7ab8bd0d5980e5a7631097,False,e63d37bfa67a1a0109bc7eb18a49c7cf70fe96b4047e819375323decd7da5bf4,not_applicable_untrained_codec,classical_adaptive,imagenette160,test,3925,12800,r_1_6,awgn,7,-2,0,0,,jpeg2000,,,1/2,bpsk,0.7831847133757962,3074,3925,24.06227422850897,0.6679923457329168,797,157.0,626.4045859872612,0.0,0.023184713375796178,0.0,0.9768152866242038,0.7996870109546166,False,844.71,0.0,clean,,,,,,crc24a,1,320,1,640,0.498125,
2cff5ca07ad597dcd1800a1d640659127578f039db1d25fd8da7cad6acc88338,2026-10-02T01:14:16+00:00,2421fd9957a6fb0f3a7ab8bd0d5980e5a7631097,False,59d9bc5ee4c7651cb2402608216980c9f157f73fc454cb114ef651a6c38ed88a,not_applicable_untrained_codec,classical_adaptive,imagenette160,test,3925,12800,r_1_6,awgn,7,-1,0,0,,jpeg2000,,,1/3,qpsk,0.8588535031847134,3371,3925,25.481166705130157,0.7292409294884079,1063,157.0,889.3179617834395,0.0,0.00025477707006369424,0.0,0.9997452229299363,0.859072375127421,False,1216.661,2.066,artifact_finetuned,,,,,,crc24a,1,208,2,576,0.3321875,
5c82e26296499ec8216cb125505e02d1532870818f65200af14b516deb196384,2026-10-02T01:14:16+00:00,2421fd9957a6fb0f3a7ab8bd0d5980e5a7631097,False,59d9bc5ee4c7651cb2402608216980c9f157f73fc454cb114ef651a6c38ed88a,not_applicable_untrained_codec,classical_adaptive,imagenette160,test,3925,12800,r_1_6,awgn,7,-1,0,0,,jpeg2000,,,1/3,qpsk,0.8438216560509554,3312,3925,25.481166705130157,0.7292409294884079,1063,157.0,889.3179617834395,0.0,0.00025477707006369424,0.0,0.9997452229299363,0.8440366972477065,False,1216.661,2.066,clean,,,,,,crc24a,1,208,2,576,0.3321875,
e3e208a1e29f4f79c81e358b20b67665a63cc0204751b46d0e974bdca4936567,2026-10-02T01:14:19+00:00,2421fd9957a6fb0f3a7ab8bd0d5980e5a7631097,False,b54cb3b8590e72861a19c05ad6817d355ebc8c08aaf3ac5e174269f828dd897a,not_applicable_untrained_codec,classical_adaptive,imagenette160,test,3925,12800,r_1_6,awgn,7,0,0,0,,jpeg2000,,,1/3,qpsk,0.859108280254777,3372,3925,25.4804999795894,0.7292062080315205,1063,157.0,889.3179617834395,0.0,0.0,0.0,1.0,0.859108280254777,False,550.296,0.0,artifact_finetuned,,,,,,crc24a,1,208,2,576,0.3321875,
75360719a197f3ee87456d835c6b997c86664f4e516c81baea0a3c8cab8faaee,2026-10-02T01:14:19+00:00,2421fd9957a6fb0f3a7ab8bd0d5980e5a7631097,False,b54cb3b8590e72861a19c05ad6817d355ebc8c08aaf3ac5e174269f828dd897a,not_applicable_untrained_codec,classical_adaptive,imagenette160,test,3925,12800,r_1_6,awgn,7,0,0,0,,jpeg2000,,,1/3,qpsk,0.8440764331210191,3313,3925,25.4804999795894,0.7292062080315205,1063,157.0,889.3179617834395,0.0,0.0,0.0,1.0,0.8440764331210191,False,550.296,0.0,clean,,,,,,crc24a,1,208,2,576,0.3321875,
494271b7628e881d6a42ef468f8c2277e1082f7d6fb24cf28a4efd8932096368,2026-10-02T01:13:26+00:00,2421fd9957a6fb0f3a7ab8bd0d5980e5a7631097,False,1fcfe159add6ba68360937c8a26ed405370cf81a0c70cdb1eb17e33e3fd068af,not_applicable_untrained_codec,classical_adaptive,imagenette160,test,3925,12800,r_1_6,awgn,7,1,0,0,,jpeg2000,,,2/3,bpsk,0.859108280254777,3372,3925,25.4804999795894,0.7292062080315205,1063,157.0,889.3179617834395,0.0,0.0,0.0,1.0,0.859108280254777,False,505.176,2.058,artifact_finetuned,,,,,,crc24a,1,208,2,576,0.664375,
a60ce222830289679838694d085d78803ffbfc51b436a16b6fab8d1b0a5a112e,2026-10-02T01:13:26+00:00,2421fd9957a6fb0f3a7ab8bd0d5980e5a7631097,False,1fcfe159add6ba68360937c8a26ed405370cf81a0c70cdb1eb17e33e3fd068af,not_applicable_untrained_codec,classical_adaptive,imagenette160,test,3925,12800,r_1_6,awgn,7,1,0,0,,jpeg2000,,,2/3,bpsk,0.8440764331210191,3313,3925,25.4804999795894,0.7292062080315205,1063,157.0,889.3179617834395,0.0,0.0,0.0,1.0,0.8440764331210191,False,505.176,2.058,clean,,,,,,crc24a,1,208,2,576,0.664375,
bf5bd462d01f70c3840e2a60e936d15cfa0e8ec4e0fa25435711cb65a8757f4e,2026-10-02T01:30:56+00:00,2421fd9957a6fb0f3a7ab8bd0d5980e5a7631097,False,2d80bd53111110064cacf9d664b3deb535bc4e64b2c7c2dd6488d90454df6d27,not_applicable_untrained_codec,classical_adaptive,imagenette160,test,3925,12800,r_1_6,awgn,7,2,0,0,,jpeg2000,,,1/2,qpsk,0.861656050955414,3382,3925,27.17280514946164,0.794078536168535,1597,157.0,1413.7933757961785,0.0,0.0,0.0,1.0,0.861656050955414,False,1358.052,0.0,artifact_finetuned,,,,,,crc24a,1,320,2,1232,0.4990625,
2ba4b0a8f6287050236b19f0f6e5343f1b915679143505a408e408a5b5e9cf7e,2026-10-02T01:30:56+00:00,2421fd9957a6fb0f3a7ab8bd0d5980e5a7631097,False,2d80bd53111110064cacf9d664b3deb535bc4e64b2c7c2dd6488d90454df6d27,not_applicable_untrained_codec,classical_adaptive,imagenette160,test,3925,12800,r_1_6,awgn,7,2,0,0,,jpeg2000,,,1/2,qpsk,0.8644585987261146,3393,3925,27.17280514946164,0.794078536168535,1597,157.0,1413.7933757961785,0.0,0.0,0.0,1.0,0.8644585987261146,False,1358.052,0.0,clean,,,,,,crc24a,1,320,2,1232,0.4990625,
860420bb53afda4ab4dbe6112ab19c14a643376f48c63783ee92a909282a6426,2026-10-02T01:30:42+00:00,2421fd9957a6fb0f3a7ab8bd0d5980e5a7631097,False,ab166a5abe4aab2fa8663642a8fa324b5d152d5bb13c8b60ed4759f58dd1f419,not_applicable_untrained_codec,classical_adaptive,imagenette160,test,3925,12800,r_1_6,awgn,7,3,0,0,,jpeg2000,,,1/2,qpsk,0.861656050955414,3382,3925,27.17280514946164,0.794078536168535,1597,157.0,1413.7933757961785,0.0,0.0,0.0,1.0,0.861656050955414,False,985.386,2.066,artifact_finetuned,,,,,,crc24a,1,320,2,1232,0.4990625,
c0902d97cce267555256c83d4eeb38373d81dabfc9e9d1f14b27706bac897746,2026-10-02T01:30:42+00:00,2421fd9957a6fb0f3a7ab8bd0d5980e5a7631097,False,ab166a5abe4aab2fa8663642a8fa324b5d152d5bb13c8b60ed4759f58dd1f419,not_applicable_untrained_codec,classical_adaptive,imagenette160,test,3925,12800,r_1_6,awgn,7,3,0,0,,jpeg2000,,,1/2,qpsk,0.8644585987261146,3393,3925,27.17280514946164,0.794078536168535,1597,157.0,1413.7933757961785,0.0,0.0,0.0,1.0,0.8644585987261146,False,985.386,2.066,clean,,,,,,crc24a,1,320,2,1232,0.4990625,
7306dd33403c7a5dd05f1a62323959b7c6e5e2ac59a448ef002a9f39d5c5f7ae,2026-10-02T01:30:51+00:00,2421fd9957a6fb0f3a7ab8bd0d5980e5a7631097,False,5cfbb7e433e4f599f57e925dce7fc7802daee887183f9ce4024d538a0058e24e,not_applicable_untrained_codec,classical_adaptive,imagenette160,test,3925,12800,r_1_6,awgn,7,4,0,0,,jpeg2000,,,1/2,qpsk,0.861656050955414,3382,3925,27.17280514946164,0.794078536168535,1597,157.0,1413.7933757961785,0.0,0.0,0.0,1.0,0.861656050955414,False,991.149,0.0,artifact_finetuned,,,,,,crc24a,1,320,2,1232,0.4990625,
6755f323a99e4917e1432c3c2e546838532e0141930d46bba6fb6a7fac130483,2026-10-02T01:30:51+00:00,2421fd9957a6fb0f3a7ab8bd0d5980e5a7631097,False,5cfbb7e433e4f599f57e925dce7fc7802daee887183f9ce4024d538a0058e24e,not_applicable_untrained_codec,classical_adaptive,imagenette160,test,3925,12800,r_1_6,awgn,7,4,0,0,,jpeg2000,,,1/2,qpsk,0.8644585987261146,3393,3925,27.17280514946164,0.794078536168535,1597,157.0,1413.7933757961785,0.0,0.0,0.0,1.0,0.8644585987261146,False,991.149,0.0,clean,,,,,,crc24a,1,320,2,1232,0.4990625,
9c94ffc054edf89bf897986aa543f52dec89bd45248abd8cef4f78a39b97abb3,2026-10-02T01:30:39+00:00,2421fd9957a6fb0f3a7ab8bd0d5980e5a7631097,False,a242029a4937a4c827c03c5d9918b74352fc69a0fc2d4b0f89c1eb248a47ccc1,not_applicable_untrained_codec,classical_adaptive,imagenette160,test,3925,12800,r_1_6,awgn,7,5,0,0,,jpeg2000,,,1/2,qpsk,0.861656050955414,3382,3925,27.17280514946164,0.794078536168535,1597,157.0,1413.7933757961785,0.0,0.0,0.0,1.0,0.861656050955414,False,1032.212,2.058,artifact_finetuned,,,,,,crc24a,1,320,2,1232,0.4990625,
ccb7fa1a72ad82e2b5fbb329a5f58036c86bcf85ac1aa66e26fd7fadcd73f438,2026-10-02T01:30:39+00:00,2421fd9957a6fb0f3a7ab8bd0d5980e5a7631097,False,a242029a4937a4c827c03c5d9918b74352fc69a0fc2d4b0f89c1eb248a47ccc1,not_applicable_untrained_codec,classical_adaptive,imagenette160,test,3925,12800,r_1_6,awgn,7,5,0,0,,jpeg2000,,,1/2,qpsk,0.8644585987261146,3393,3925,27.17280514946164,0.794078536168535,1597,157.0,1413.7933757961785,0.0,0.0,0.0,1.0,0.8644585987261146,False,1032.212,2.058,clean,,,,,,crc24a,1,320,2,1232,0.4990625,
2f9b5dac99188c41c7e2724fe6b3f692c0a99937d37c0b7e9d0ba7a0d68ee3fa,2026-10-02T02:03:42+00:00,2421fd9957a6fb0f3a7ab8bd0d5980e5a7631097,False,de0d4eda2028cbbc85d48f5631f4f16a0a145f1e1f7ecc9f32be87dc0e2a6480,not_applicable_untrained_codec,classical_adaptive,imagenette160,test,3925,12800,r_1_6,awgn,7,6,0,0,,jpeg2000,,,5/6,qpsk,0.8652229299363058,3396,3925,31.198800816746218,0.8834762693537747,2661,157.0,2471.627770700637,0.0,0.0,0.0,1.0,0.8652229299363058,False,1965.664,0.0,artifact_finetuned,,,,,,crc24a,1,352,3,1848,0.8315625,
47f2cd9259557dd6a00b937074f7ce61e24b8fa9e9d928f8b02829e39639eecd,2026-10-02T02:03:42+00:00,2421fd9957a6fb0f3a7ab8bd0d5980e5a7631097,False,de0d4eda2028cbbc85d48f5631f4f16a0a145f1e1f7ecc9f32be87dc0e2a6480,not_applicable_untrained_codec,classical_adaptive,imagenette160,test,3925,12800,r_1_6,awgn,7,6,0,0,,jpeg2000,,,5/6,qpsk,0.8703184713375797,3416,3925,31.198800816746218,0.8834762693537747,2661,157.0,2471.627770700637,0.0,0.0,0.0,1.0,0.8703184713375797,False,1965.664,0.0,clean,,,,,,crc24a,1,352,3,1848,0.8315625,
d08405553936d029fe90cf95184b2cfd211c6992b5b410cdea23b9e17b5d8455,2026-10-02T02:06:33+00:00,2421fd9957a6fb0f3a7ab8bd0d5980e5a7631097,False,0be78a40c4e400338591c8c395ed8ae8b813687f05ad7b7b8683b35ddd66f4e5,not_applicable_untrained_codec,classical_adaptive,imagenette160,test,3925,12800,r_1_6,awgn,7,7,0,0,,jpeg2000,,,1/2,qam16,0.8654777070063694,3397,3925,32.54031931187388,0.9064080946799966,3197,157.0,3002.898853503185,2.568328837133517,0.0,0.0,1.0,0.8654777070063694,False,2150.72,2.066,artifact_finetuned,,,,,,crc24a,1,320,4,2464,0.49953125,
5d8f3f36e922a95b3ad754081215794a433e97d66eb9a61962da1785f570b8e8,2026-10-02T02:06:33+00:00,2421fd9957a6fb0f3a7ab8bd0d5980e5a7631097,False,0be78a40c4e400338591c8c395ed8ae8b813687f05ad7b7b8683b35ddd66f4e5,not_applicable_untrained_codec,classical_adaptive,imagenette160,test,3925,12800,r_1_6,awgn,7,7,0,0,,jpeg2000,,,1/2,qam16,0.8754140127388536,3436,3925,32.54031931187388,0.9064080946799966,3197,157.0,3002.898853503185,2.568328837133517,0.0,0.0,1.0,0.8754140127388536,False,2150.72,2.066,clean,,,,,,crc24a,1,320,4,2464,0.49953125,
c437ffd18c925d1ec616cd4cd0fccb7e2efe0d23c947cc36de8eba4fe2db4186,2026-10-02T02:06:19+00:00,2421fd9957a6fb0f3a7ab8bd0d5980e5a7631097,False,390ebcb817ba32210ce9d7f0ceee88f57fa565acb3ac0555e640aa719c6766ca,not_applicable_untrained_codec,classical_adaptive,imagenette160,test,3925,12800,r_1_6,awgn,7,9,0,0,,jpeg2000,,,2/3,qam16,0.8438216560509554,3312,3925,34.937087807548444,0.9376718110739917,4262,157.0,4061.271592356688,2.613240569959021,0.0310828025477707,0.0,0.9689171974522293,0.8664212463844333,False,2127.833,0.0,artifact_finetuned,,,,,,crc24a,1,320,5,960,0.6659375,
7912fc3c866910585b484d0ec3924a3a6cfd69f9aa5e21f72b265e791bf39d50,2026-10-02T02:06:19+00:00,2421fd9957a6fb0f3a7ab8bd0d5980e5a7631097,False,390ebcb817ba32210ce9d7f0ceee88f57fa565acb3ac0555e640aa719c6766ca,not_applicable_untrained_codec,classical_adaptive,imagenette160,test,3925,12800,r_1_6,awgn,7,9,0,0,,jpeg2000,,,2/3,qam16,0.8527388535031847,3347,3925,34.937087807548444,0.9376718110739917,4262,157.0,4061.271592356688,2.613240569959021,0.0310828025477707,0.0,0.9689171974522293,0.8756245069681831,False,2127.833,0.0,clean,,,,,,crc24a,1,320,5,960,0.6659375,
7e3e0eaa482f98a5415d3447dd85e3c13f5d73b9e78292d784e0b8b18d2ecd18,2026-10-02T02:06:21+00:00,2421fd9957a6fb0f3a7ab8bd0d5980e5a7631097,False,d6016e8c80ab7eea7afb6fa9337c296c8f884ba0bf93ac654eade4e44f75e10d,not_applicable_untrained_codec,classical_adaptive,imagenette160,test,3925,12800,r_1_6,awgn,7,11,0,0,,jpeg2000,,,2/3,qam16,0.8659872611464968,3399,3925,34.89653309607773,0.9373230424259602,4262,157.0,4061.271592356688,2.613240569959021,0.0,0.0,1.0,0.8659872611464968,False,2141.801,2.058,artifact_finetuned,,,,,,crc24a,1,320,5,960,0.6659375,
c262065bb3e3936b3dddb44b86fcf5fd2ca06e93b4f74341fbc38732c90434ec,2026-10-02T02:06:21+00:00,2421fd9957a6fb0f3a7ab8bd0d5980e5a7631097,False,d6016e8c80ab7eea7afb6fa9337c296c8f884ba0bf93ac654eade4e44f75e10d,not_applicable_untrained_codec,classical_adaptive,imagenette160,test,3925,12800,r_1_6,awgn,7,11,0,0,,jpeg2000,,,2/3,qam16,0.8756687898089172,3437,3925,34.89653309607773,0.9373230424259602,4262,157.0,4061.271592356688,2.613240569959021,0.0,0.0,1.0,0.8756687898089172,False,2141.801,2.058,clean,,,,,,crc24a,1,320,5,960,0.6659375,
40989c33a426166c79ff5a1649afd34850b076b1bd8dc6ae22ca45f9be951a7b,2026-10-02T02:12:22+00:00,2421fd9957a6fb0f3a7ab8bd0d5980e5a7631097,False,d151ff50aedb4774d5baf00ef9c10a28f9f6b7634ec5c0b28a0a2246c99c5ec9,not_applicable_untrained_codec,classical_adaptive,imagenette160,test,3925,12800,r_1_6,awgn,7,13,0,0,,jpeg2000,,,2/3,qam16,0.8659872611464968,3399,3925,34.89653309607773,0.9373230424259602,4262,157.0,4061.271592356688,2.613240569959021,0.0,0.0,1.0,0.8659872611464968,False,519.008,0.0,artifact_finetuned,,,,,,crc24a,1,320,5,960,0.6659375,
ef35ae3708d5df8347cec5f612a8305feae37c7b02f9efb47990411c9cc57888,2026-10-02T02:12:22+00:00,2421fd9957a6fb0f3a7ab8bd0d5980e5a7631097,False,d151ff50aedb4774d5baf00ef9c10a28f9f6b7634ec5c0b28a0a2246c99c5ec9,not_applicable_untrained_codec,classical_adaptive,imagenette160,test,3925,12800,r_1_6,awgn,7,13,0,0,,jpeg2000,,,2/3,qam16,0.8756687898089172,3437,3925,34.89653309607773,0.9373230424259602,4262,157.0,4061.271592356688,2.613240569959021,0.0,0.0,1.0,0.8756687898089172,False,519.008,0.0,clean,,,,,,crc24a,1,320,5,960,0.6659375,
9a5f389b54029cbfb10d5143a4dc6de806d01277e320a1f5f3c57e14668a3cce,2026-10-02T02:15:13+00:00,2421fd9957a6fb0f3a7ab8bd0d5980e5a7631097,False,507a3c88991955d3a42341c3974fc34c5c8318bc7485f75cabab2c691864caff,not_applicable_untrained_codec,classical_adaptive,imagenette160,test,3925,12800,r_1_6,awgn,7,15,0,0,,jpeg2000,,,2/3,qam16,0.8659872611464968,3399,3925,34.89653309607773,0.9373230424259602,4262,157.0,4061.271592356688,2.613240569959021,0.0,0.0,1.0,0.8659872611464968,False,519.924,2.066,artifact_finetuned,,,,,,crc24a,1,320,5,960,0.6659375,
9f9a63241cfc5572f7577dad86ce91a90dc824f66feb562eb3a44f953b05d345,2026-10-02T02:15:13+00:00,2421fd9957a6fb0f3a7ab8bd0d5980e5a7631097,False,507a3c88991955d3a42341c3974fc34c5c8318bc7485f75cabab2c691864caff,not_applicable_untrained_codec,classical_adaptive,imagenette160,test,3925,12800,r_1_6,awgn,7,15,0,0,,jpeg2000,,,2/3,qam16,0.8756687898089172,3437,3925,34.89653309607773,0.9373230424259602,4262,157.0,4061.271592356688,2.613240569959021,0.0,0.0,1.0,0.8756687898089172,False,519.924,2.066,clean,,,,,,crc24a,1,320,5,960,0.6659375,
7fc93e6faa433794c27cddb5042c0bbd2e4d2b88cd6b77307f1317475b5ae78a,2026-10-02T02:15:12+00:00,2421fd9957a6fb0f3a7ab8bd0d5980e5a7631097,False,26f39ca671135df1dd11c912dd03205ba7bf0cc7467a5a0607c89ba9803c772e,not_applicable_untrained_codec,classical_adaptive,imagenette160,test,3925,12800,r_1_6,awgn,7,18,0,0,,jpeg2000,,,2/3,qam16,0.8659872611464968,3399,3925,34.89653309607773,0.9373230424259602,4262,157.0,4061.271592356688,2.613240569959021,0.0,0.0,1.0,0.8659872611464968,False,532.657,0.0,artifact_finetuned,,,,,,crc24a,1,320,5,960,0.6659375,
9d99e70567fe648a43ae8bc8bb47cd288201a8e95704de06a6a0b4bce3b3b49b,2026-10-02T02:15:12+00:00,2421fd9957a6fb0f3a7ab8bd0d5980e5a7631097,False,26f39ca671135df1dd11c912dd03205ba7bf0cc7467a5a0607c89ba9803c772e,not_applicable_untrained_codec,classical_adaptive,imagenette160,test,3925,12800,r_1_6,awgn,7,18,0,0,,jpeg2000,,,2/3,qam16,0.8756687898089172,3437,3925,34.89653309607773,0.9373230424259602,4262,157.0,4061.271592356688,2.613240569959021,0.0,0.0,1.0,0.8756687898089172,False,532.657,0.0,clean,,,,,,crc24a,1,320,5,960,0.6659375,
bcfd3ae60f097aa4071264fa4ae64104b37936805f877274d49158a6c8c0f3b2,2026-10-02T02:07:33+00:00,2421fd9957a6fb0f3a7ab8bd0d5980e5a7631097,False,2c780de89a4c9cb90bf821ebad901d84e8c3b4c533b5c37b6e7159d627cde024,not_applicable_untrained_codec,classical_adaptive,imagenette160,test,3925,12800,r_1_6,awgn,7,-8,1,1,,jpeg2000,,,1/3,bpsk,0.09859872611464968,387,3925,,,531,157.0,364.9931210191083,0.0,1.0,0.0,0.0,,False,71.996,2.058,artifact_finetuned,,,,,,crc24a,1,208,1,304,0.331875,
095defaf51c02b8d7d3413a8abdfae77c305556be760a52f6f4dbb112ba432f8,2026-10-02T02:07:33+00:00,2421fd9957a6fb0f3a7ab8bd0d5980e5a7631097,False,2c780de89a4c9cb90bf821ebad901d84e8c3b4c533b5c37b6e7159d627cde024,not_applicable_untrained_codec,classical_adaptive,imagenette160,test,3925,12800,r_1_6,awgn,7,-8,1,1,,jpeg2000,,,1/3,bpsk,0.09859872611464968,387,3925,,,531,157.0,364.9931210191083,0.0,1.0,0.0,0.0,,False,71.996,2.058,clean,,,,,,crc24a,1,208,1,304,0.331875,
cf6a7c723449460830b387f4ad4859ad9664743013009d2dcdc0f837b5ce89d6,2026-10-02T02:13:42+00:00,2421fd9957a6fb0f3a7ab8bd0d5980e5a7631097,False,e2035a437119e9276f0a94785f57bb4134012b81512cc4ca333cc52948e42cf9,not_applicable_untrained_codec,classical_adaptive,imagenette160,test,3925,12800,r_1_6,awgn,7,-7,1,1,,jpeg2000,,,1/3,bpsk,0.09859872611464968,387,3925,,,531,157.0,364.9931210191083,0.0,1.0,0.0,0.0,,False,80.503,0.0,artifact_finetuned,,,,,,crc24a,1,208,1,304,0.331875,
f121924d11059c496dd57a9ba66541f86cd4bab3768f7f7fd55071f591ad1209,2026-10-02T02:13:42+00:00,2421fd9957a6fb0f3a7ab8bd0d5980e5a7631097,False,e2035a437119e9276f0a94785f57bb4134012b81512cc4ca333cc52948e42cf9,not_applicable_untrained_codec,classical_adaptive,imagenette160,test,3925,12800,r_1_6,awgn,7,-7,1,1,,jpeg2000,,,1/3,bpsk,0.09859872611464968,387,3925,,,531,157.0,364.9931210191083,0.0,1.0,0.0,0.0,,False,80.503,0.0,clean,,,,,,crc24a,1,208,1,304,0.331875,
9bc90ae084b52dc93276895ba9a4b57b1bf4060995a3f06d29488634aa3726df,2026-10-02T02:16:28+00:00,2421fd9957a6fb0f3a7ab8bd0d5980e5a7631097,False,a36b492e072676bb0a196e6f1fcd2b08e73b366b943ff8dbd4394d604af0e2e6,not_applicable_untrained_codec,classical_adaptive,imagenette160,test,3925,12800,r_1_6,awgn,7,-6,1,1,,jpeg2000,,,1/3,bpsk,0.09859872611464968,387,3925,,,531,157.0,364.9931210191083,0.0,1.0,0.0,0.0,,False,74.601,2.066,artifact_finetuned,,,,,,crc24a,1,208,1,304,0.331875,
b716a1c101c59d1a1bcbfbceca2fb9ecc56322d72742f40ef028b1f4eb96a5d3,2026-10-02T02:16:28+00:00,2421fd9957a6fb0f3a7ab8bd0d5980e5a7631097,False,a36b492e072676bb0a196e6f1fcd2b08e73b366b943ff8dbd4394d604af0e2e6,not_applicable_untrained_codec,classical_adaptive,imagenette160,test,3925,12800,r_1_6,awgn,7,-6,1,1,,jpeg2000,,,1/3,bpsk,0.09859872611464968,387,3925,,,531,157.0,364.9931210191083,0.0,1.0,0.0,0.0,,False,74.601,2.066,clean,,,,,,crc24a,1,208,1,304,0.331875,
4b045c1ca06f4367d7e8fc91adf94866d875b4420fff4715e3bffd270a850c64,2026-10-02T02:16:34+00:00,2421fd9957a6fb0f3a7ab8bd0d5980e5a7631097,False,3f0df171186e242e6a6b584ae549db65eea967effcdb41c9786056535a9f04ee,not_applicable_untrained_codec,classical_adaptive,imagenette160,test,3925,12800,r_1_6,awgn,7,-5,1,1,,jpeg2000,,,1/3,bpsk,0.09859872611464968,387,3925,,,531,157.0,364.9931210191083,0.0,1.0,0.0,0.0,,False,81.392,0.0,artifact_finetuned,,,,,,crc24a,1,208,1,304,0.331875,
f459d75226b8d8e5e3db9ccb33eeea3d2ff179b6323963d1ad2b256ab9e1871d,2026-10-02T02:16:34+00:00,2421fd9957a6fb0f3a7ab8bd0d5980e5a7631097,False,3f0df171186e242e6a6b584ae549db65eea967effcdb41c9786056535a9f04ee,not_applicable_untrained_codec,classical_adaptive,imagenette160,test,3925,12800,r_1_6,awgn,7,-5,1,1,,jpeg2000,,,1/3,bpsk,0.09859872611464968,387,3925,,,531,157.0,364.9931210191083,0.0,1.0,0.0,0.0,,False,81.392,0.0,clean,,,,,,crc24a,1,208,1,304,0.331875,
fe5f838847a5103156d445ba0c0483d5939d2d746b27b3ed86500ce7b7f63b7f,2026-10-02T02:11:20+00:00,2421fd9957a6fb0f3a7ab8bd0d5980e5a7631097,False,dfe8e5cf30e9c9af40845ee9d688d9b09c16c301afc78af0396e7b6eeac40ed2,not_applicable_untrained_codec,classical_adaptive,imagenette160,test,3925,12800,r_1_6,awgn,7,-4,1,1,,jpeg2000,,,1/3,bpsk,0.8163057324840765,3204,3925,22.039682661702333,0.571467192504781,531,157.0,362.6616560509554,0.0,0.0,0.0,1.0,0.8163057324840765,False,226.092,2.058,artifact_finetuned,,,,,,crc24a,1,208,1,304,0.331875,
c4be0db0c6fa3a53795deea5ead4ebe420f6acef12a4a484af2b81d869c9815e,2026-10-02T02:11:20+00:00,2421fd9957a6fb0f3a7ab8bd0d5980e5a7631097,False,dfe8e5cf30e9c9af40845ee9d688d9b09c16c301afc78af0396e7b6eeac40ed2,not_applicable_untrained_codec,classical_adaptive,imagenette160,test,3925,12800,r_1_6,awgn,7,-4,1,1,,jpeg2000,,,1/3,bpsk,0.5921019108280254,2324,3925,22.039682661702333,0.571467192504781,531,157.0,362.6616560509554,0.0,0.0,0.0,1.0,0.5921019108280254,False,226.092,2.058,clean,,,,,,crc24a,1,208,1,304,0.331875,
aaa7421c6be7960eb911acf322b7d9e833874ced9371dd11b96c00a471b42a58,2026-10-02T02:17:42+00:00,2421fd9957a6fb0f3a7ab8bd0d5980e5a7631097,False,e522ae3c06c46f912e26f1144c6c1522ecea7c72f9bc833d722bb82eeab30d07,not_applicable_untrained_codec,classical_adaptive,imagenette160,test,3925,12800,r_1_6,awgn,7,-3,1,1,,jpeg2000,,,1/3,bpsk,0.8163057324840765,3204,3925,22.039682661702333,0.571467192504781,531,157.0,362.6616560509554,0.0,0.0,0.0,1.0,0.8163057324840765,False,239.113,0.0,artifact_finetuned,,,,,,crc24a,1,208,1,304,0.331875,
daa92abf9922e2f5a8a6292218389795e7079f8a01e0eb633eb293ac546254b6,2026-10-02T02:17:42+00:00,2421fd9957a6fb0f3a7ab8bd0d5980e5a7631097,False,e522ae3c06c46f912e26f1144c6c1522ecea7c72f9bc833d722bb82eeab30d07,not_applicable_untrained_codec,classical_adaptive,imagenette160,test,3925,12800,r_1_6,awgn,7,-3,1,1,,jpeg2000,,,1/3,bpsk,0.5921019108280254,2324,3925,22.039682661702333,0.571467192504781,531,157.0,362.6616560509554,0.0,0.0,0.0,1.0,0.5921019108280254,False,239.113,0.0,clean,,,,,,crc24a,1,208,1,304,0.331875,
7851f15d18e0bbf2223101e8612fcb2075813d6509ef35e197021e4ac78754cc,2026-10-02T02:20:27+00:00,2421fd9957a6fb0f3a7ab8bd0d5980e5a7631097,False,e63d37bfa67a1a0109bc7eb18a49c7cf70fe96b4047e819375323decd7da5bf4,not_applicable_untrained_codec,classical_adaptive,imagenette160,test,3925,12800,r_1_6,awgn,7,-2,1,1,,jpeg2000,,,1/2,bpsk,0.8326114649681529,3268,3925,24.05815339711461,0.6676689057281205,797,157.0,626.4045859872612,0.0,0.022420382165605095,0.0,0.977579617834395,0.8485796194943966,False,238.29,2.066,artifact_finetuned,,,,,,crc24a,1,320,1,640,0.498125,
0f17faa32ae70879dd07c0393874a57d028cab03cae60ee741c2bb1a46652814,2026-10-02T02:20:27+00:00,2421fd9957a6fb0f3a7ab8bd0d5980e5a7631097,False,e63d37bfa67a1a0109bc7eb18a49c7cf70fe96b4047e819375323decd7da5bf4,not_applicable_untrained_codec,classical_adaptive,imagenette160,test,3925,12800,r_1_6,awgn,7,-2,1,1,,jpeg2000,,,1/2,bpsk,0.7831847133757962,3074,3925,24.05815339711461,0.6676689057281205,797,157.0,626.4045859872612,0.0,0.022420382165605095,0.0,0.977579617834395,0.798019285900443,False,238.29,2.066,clean,,,,,,crc24a,1,320,1,640,0.498125,
7bd7a2c994112134695b7f0969dfe1b65fb9b271c3a7f9dcf849d41589f190e9,2026-10-02T02:22:26+00:00,2421fd9957a6fb0f3a7ab8bd0d5980e5a7631097,False,59d9bc5ee4c7651cb2402608216980c9f157f73fc454cb114ef651a6c38ed88a,not_applicable_untrained_codec,classical_adaptive,imagenette160,test,3925,12800,r_1_6,awgn,7,-1,1,1,,jpeg2000,,,1/3,qpsk,0.859108280254777,3372,3925,25.4804999795894,0.7292062080315205,1063,157.0,889.3179617834395,0.0,0.0,0.0,1.0,0.859108280254777,False,351.956,0.0,artifact_finetuned,,,,,,crc24a,1,208,2,576,0.3321875,
bbc5bc3c49ab8b05dcd1423a974def2f367c625fbd5c3063034310c6a7a0b7c6,2026-10-02T02:22:26+00:00,2421fd9957a6fb0f3a7ab8bd0d5980e5a7631097,False,59d9bc5ee4c7651cb2402608216980c9f157f73fc454cb114ef651a6c38ed88a,not_applicable_untrained_codec,classical_adaptive,imagenette160,test,3925,12800,r_1_6,awgn,7,-1,1,1,,jpeg2000,,,1/3,qpsk,0.8440764331210191,3313,3925,25.4804999795894,0.7292062080315205,1063,157.0,889.3179617834395,0.0,0.0,0.0,1.0,0.8440764331210191,False,351.956,0.0,clean,,,,,,crc24a,1,208,2,576,0.3321875,
251036c6d774d6a476e3e6488abd7f6a11d6f0c2206d744dae1e2002a82df75c,2026-10-02T02:16:38+00:00,2421fd9957a6fb0f3a7ab8bd0d5980e5a7631097,False,b54cb3b8590e72861a19c05ad6817d355ebc8c08aaf3ac5e174269f828dd897a,not_applicable_untrained_codec,classical_adaptive,imagenette160,test,3925,12800,r_1_6,awgn,7,0,1,1,,jpeg2000,,,1/3,qpsk,0.859108280254777,3372,3925,25.4804999795894,0.7292062080315205,1063,157.0,889.3179617834395,0.0,0.0,0.0,1.0,0.859108280254777,False,317.95,2.066,artifact_finetuned,,,,,,crc24a,1,208,2,576,0.3321875,
69d15037fd331796ac42b05ed1b045b28e3fb158e7a44fd49a1574d41abd4630,2026-10-02T02:16:38+00:00,2421fd9957a6fb0f3a7ab8bd0d5980e5a7631097,False,b54cb3b8590e72861a19c05ad6817d355ebc8c08aaf3ac5e174269f828dd897a,not_applicable_untrained_codec,classical_adaptive,imagenette160,test,3925,12800,r_1_6,awgn,7,0,1,1,,jpeg2000,,,1/3,qpsk,0.8440764331210191,3313,3925,25.4804999795894,0.7292062080315205,1063,157.0,889.3179617834395,0.0,0.0,0.0,1.0,0.8440764331210191,False,317.95,2.066,clean,,,,,,crc24a,1,208,2,576,0.3321875,
bf0b58fc3693aab5d089848e8befb43e4ee809b0b65765ccf0a5680531bc18c2,2026-10-02T02:22:27+00:00,2421fd9957a6fb0f3a7ab8bd0d5980e5a7631097,False,1fcfe159add6ba68360937c8a26ed405370cf81a0c70cdb1eb17e33e3fd068af,not_applicable_untrained_codec,classical_adaptive,imagenette160,test,3925,12800,r_1_6,awgn,7,1,1,1,,jpeg2000,,,2/3,bpsk,0.859108280254777,3372,3925,25.4804999795894,0.7292062080315205,1063,157.0,889.3179617834395,0.0,0.0,0.0,1.0,0.859108280254777,False,284.946,0.0,artifact_finetuned,,,,,,crc24a,1,208,2,576,0.664375,
eda31b30dba51d822cc7f32dc7218f861cef6ea5468106d9cbdbfbcc45be4620,2026-10-02T02:22:27+00:00,2421fd9957a6fb0f3a7ab8bd0d5980e5a7631097,False,1fcfe159add6ba68360937c8a26ed405370cf81a0c70cdb1eb17e33e3fd068af,not_applicable_untrained_codec,classical_adaptive,imagenette160,test,3925,12800,r_1_6,awgn,7,1,1,1,,jpeg2000,,,2/3,bpsk,0.8440764331210191,3313,3925,25.4804999795894,0.7292062080315205,1063,157.0,889.3179617834395,0.0,0.0,0.0,1.0,0.8440764331210191,False,284.946,0.0,clean,,,,,,crc24a,1,208,2,576,0.664375,
67d41895f5284348560896b3aa4881ba6222319a672df9b6b209f3ea0facf3bc,2026-10-02T02:25:47+00:00,2421fd9957a6fb0f3a7ab8bd0d5980e5a7631097,False,2d80bd53111110064cacf9d664b3deb535bc4e64b2c7c2dd6488d90454df6d27,not_applicable_untrained_codec,classical_adaptive,imagenette160,test,3925,12800,r_1_6,awgn,7,2,1,1,,jpeg2000,,,1/2,qpsk,0.861656050955414,3382,3925,27.17280514946164,0.794078536168535,1597,157.0,1413.7933757961785,0.0,0.0,0.0,1.0,0.861656050955414,False,319.463,2.066,artifact_finetuned,,,,,,crc24a,1,320,2,1232,0.4990625,
ea3f701838bd3a652703e430327f77d2ece3de6ab953d7eecd85f7be2a2e7bbe,2026-10-02T02:25:47+00:00,2421fd9957a6fb0f3a7ab8bd0d5980e5a7631097,False,2d80bd53111110064cacf9d664b3deb535bc4e64b2c7c2dd6488d90454df6d27,not_applicable_untrained_codec,classical_adaptive,imagenette160,test,3925,12800,r_1_6,awgn,7,2,1,1,,jpeg2000,,,1/2,qpsk,0.8644585987261146,3393,3925,27.17280514946164,0.794078536168535,1597,157.0,1413.7933757961785,0.0,0.0,0.0,1.0,0.8644585987261146,False,319.463,2.066,clean,,,,,,crc24a,1,320,2,1232,0.4990625,
3e11cb50f1b9627c59ed66ec77b2a4d72c24ce34e79c6722b5d5e9a4d9a13c6e,2026-10-02T02:29:02+00:00,2421fd9957a6fb0f3a7ab8bd0d5980e5a7631097,False,ab166a5abe4aab2fa8663642a8fa324b5d152d5bb13c8b60ed4759f58dd1f419,not_applicable_untrained_codec,classical_adaptive,imagenette160,test,3925,12800,r_1_6,awgn,7,3,1,1,,jpeg2000,,,1/2,qpsk,0.861656050955414,3382,3925,27.17280514946164,0.794078536168535,1597,157.0,1413.7933757961785,0.0,0.0,0.0,1.0,0.861656050955414,False,394.936,0.0,artifact_finetuned,,,,,,crc24a,1,320,2,1232,0.4990625,
bb1e7606ccf382b23d0a7a93389a7105eb641288b1414525da064bf21000df79,2026-10-02T02:29:02+00:00,2421fd9957a6fb0f3a7ab8bd0d5980e5a7631097,False,ab166a5abe4aab2fa8663642a8fa324b5d152d5bb13c8b60ed4759f58dd1f419,not_applicable_untrained_codec,classical_adaptive,imagenette160,test,3925,12800,r_1_6,awgn,7,3,1,1,,jpeg2000,,,1/2,qpsk,0.8644585987261146,3393,3925,27.17280514946164,0.794078536168535,1597,157.0,1413.7933757961785,0.0,0.0,0.0,1.0,0.8644585987261146,False,394.936,0.0,clean,,,,,,crc24a,1,320,2,1232,0.4990625,
58ef8b39f951df8783c02f97f113c974213b08d88841f3fdacdfb1ed59db6a81,2026-10-02T02:22:15+00:00,2421fd9957a6fb0f3a7ab8bd0d5980e5a7631097,False,5cfbb7e433e4f599f57e925dce7fc7802daee887183f9ce4024d538a0058e24e,not_applicable_untrained_codec,classical_adaptive,imagenette160,test,3925,12800,r_1_6,awgn,7,4,1,1,,jpeg2000,,,1/2,qpsk,0.861656050955414,3382,3925,27.17280514946164,0.794078536168535,1597,157.0,1413.7933757961785,0.0,0.0,0.0,1.0,0.861656050955414,False,336.476,2.066,artifact_finetuned,,,,,,crc24a,1,320,2,1232,0.4990625,
bcffa48829c0a8a80a61efe7c04bdac9862077b3cb88edec6fa666a099066f62,2026-10-02T02:22:15+00:00,2421fd9957a6fb0f3a7ab8bd0d5980e5a7631097,False,5cfbb7e433e4f599f57e925dce7fc7802daee887183f9ce4024d538a0058e24e,not_applicable_untrained_codec,classical_adaptive,imagenette160,test,3925,12800,r_1_6,awgn,7,4,1,1,,jpeg2000,,,1/2,qpsk,0.8644585987261146,3393,3925,27.17280514946164,0.794078536168535,1597,157.0,1413.7933757961785,0.0,0.0,0.0,1.0,0.8644585987261146,False,336.476,2.066,clean,,,,,,crc24a,1,320,2,1232,0.4990625,
ce0027cf4793d4db6c7db6c359c68b64a22a0ce692da7eac5ff7a933c57630f7,2026-10-02T02:28:51+00:00,2421fd9957a6fb0f3a7ab8bd0d5980e5a7631097,False,a242029a4937a4c827c03c5d9918b74352fc69a0fc2d4b0f89c1eb248a47ccc1,not_applicable_untrained_codec,classical_adaptive,imagenette160,test,3925,12800,r_1_6,awgn,7,5,1,1,,jpeg2000,,,1/2,qpsk,0.861656050955414,3382,3925,27.17280514946164,0.794078536168535,1597,157.0,1413.7933757961785,0.0,0.0,0.0,1.0,0.861656050955414,False,383.368,0.0,artifact_finetuned,,,,,,crc24a,1,320,2,1232,0.4990625,
0d7da43f7a7bfa24f5ca74fd708b20615b6ca7388b1cb0b2c1357c4250c2bea9,2026-10-02T02:28:51+00:00,2421fd9957a6fb0f3a7ab8bd0d5980e5a7631097,False,a242029a4937a4c827c03c5d9918b74352fc69a0fc2d4b0f89c1eb248a47ccc1,not_applicable_untrained_codec,classical_adaptive,imagenette160,test,3925,12800,r_1_6,awgn,7,5,1,1,,jpeg2000,,,1/2,qpsk,0.8644585987261146,3393,3925,27.17280514946164,0.794078536168535,1597,157.0,1413.7933757961785,0.0,0.0,0.0,1.0,0.8644585987261146,False,383.368,0.0,clean,,,,,,crc24a,1,320,2,1232,0.4990625,
969aa954da0a16f805da70297e2ba1ef70ea7f42a7ac07bdb23db23add98fde1,2026-10-02T02:31:43+00:00,2421fd9957a6fb0f3a7ab8bd0d5980e5a7631097,False,de0d4eda2028cbbc85d48f5631f4f16a0a145f1e1f7ecc9f32be87dc0e2a6480,not_applicable_untrained_codec,classical_adaptive,imagenette160,test,3925,12800,r_1_6,awgn,7,6,1,1,,jpeg2000,,,5/6,qpsk,0.8652229299363058,3396,3925,31.198800816746218,0.8834762693537747,2661,157.0,2471.627770700637,0.0,0.0,0.0,1.0,0.8652229299363058,False,356.483,2.066,artifact_finetuned,,,,,,crc24a,1,352,3,1848,0.8315625,
7ea5676eedbba303f2d5244d9f0238e0e2aa6bde48a897712eda8d1dec6f7d48,2026-10-02T02:31:43+00:00,2421fd9957a6fb0f3a7ab8bd0d5980e5a7631097,False,de0d4eda2028cbbc85d48f5631f4f16a0a145f1e1f7ecc9f32be87dc0e2a6480,not_applicable_untrained_codec,classical_adaptive,imagenette160,test,3925,12800,r_1_6,awgn,7,6,1,1,,jpeg2000,,,5/6,qpsk,0.8703184713375797,3416,3925,31.198800816746218,0.8834762693537747,2661,157.0,2471.627770700637,0.0,0.0,0.0,1.0,0.8703184713375797,False,356.483,2.066,clean,,,,,,crc24a,1,352,3,1848,0.8315625,
68625cfa85aa560391e18bbce24891348ced81caa573bfbf7c53ba6f5d921d79,2026-10-02T02:37:24+00:00,2421fd9957a6fb0f3a7ab8bd0d5980e5a7631097,False,0be78a40c4e400338591c8c395ed8ae8b813687f05ad7b7b8683b35ddd66f4e5,not_applicable_untrained_codec,classical_adaptive,imagenette160,test,3925,12800,r_1_6,awgn,7,7,1,1,,jpeg2000,,,1/2,qam16,0.8654777070063694,3397,3925,32.54031931187388,0.9064080946799966,3197,157.0,3002.898853503185,2.568328837133517,0.0,0.0,1.0,0.8654777070063694,False,502.428,0.0,artifact_finetuned,,,,,,crc24a,1,320,4,2464,0.49953125,
7f5883194912d13ea63659418e1f90f77bc69516dfc16b050f5aaa3265f8ea36,2026-10-02T02:37:24+00:00,2421fd9957a6fb0f3a7ab8bd0d5980e5a7631097,False,0be78a40c4e400338591c8c395ed8ae8b813687f05ad7b7b8683b35ddd66f4e5,not_applicable_untrained_codec,classical_adaptive,imagenette160,test,3925,12800,r_1_6,awgn,7,7,1,1,,jpeg2000,,,1/2,qam16,0.8754140127388536,3436,3925,32.54031931187388,0.9064080946799966,3197,157.0,3002.898853503185,2.568328837133517,0.0,0.0,1.0,0.8754140127388536,False,502.428,0.0,clean,,,,,,crc24a,1,320,4,2464,0.49953125,
c079e369198e4de39f948750d04423dd74a656f3a979fbcb4c0aee2ad5f29078,2026-10-02T02:30:20+00:00,2421fd9957a6fb0f3a7ab8bd0d5980e5a7631097,False,390ebcb817ba32210ce9d7f0ceee88f57fa565acb3ac0555e640aa719c6766ca,not_applicable_untrained_codec,classical_adaptive,imagenette160,test,3925,12800,r_1_6,awgn,7,9,1,1,,jpeg2000,,,2/3,qam16,0.8438216560509554,3312,3925,34.950189604063084,0.9377948566266983,4262,157.0,4061.271592356688,2.613240569959021,0.03515923566878981,0.0,0.9648407643312102,0.8687615526802218,False,484.809,2.066,artifact_finetuned,,,,,,crc24a,1,320,5,960,0.6659375,
3b06b027d274634fabc8e527da3f2f3badacb8828c6911c9c5d8693460a77e8e,2026-10-02T02:30:20+00:00,2421fd9957a6fb0f3a7ab8bd0d5980e5a7631097,False,390ebcb817ba32210ce9d7f0ceee88f57fa565acb3ac0555e640aa719c6766ca,not_applicable_untrained_codec,classical_adaptive,imagenette160,test,3925,12800,r_1_6,awgn,7,9,1,1,,jpeg2000,,,2/3,qam16,0.8532484076433121,3349,3925,34.950189604063084,0.9377948566266983,4262,157.0,4061.271592356688,2.613240569959021,0.03515923566878981,0.0,0.9648407643312102,0.8785318193820967,False,484.809,2.066,clean,,,,,,crc24a,1,320,5,960,0.6659375,
fbe4691c615be0166a090eb570e28b3f216bf4bfc220d43afafdadecaf020c44,2026-10-02T02:37:17+00:00,2421fd9957a6fb0f3a7ab8bd0d5980e5a7631097,False,d6016e8c80ab7eea7afb6fa9337c296c8f884ba0bf93ac654eade4e44f75e10d,not_applicable_untrained_codec,classical_adaptive,imagenette160,test,3925,12800,r_1_6,awgn,7,11,1,1,,jpeg2000,,,2/3,qam16,0.8659872611464968,3399,3925,34.89653309607773,0.9373230424259602,4262,157.0,4061.271592356688,2.613240569959021,0.0,0.0,1.0,0.8659872611464968,False,505.581,0.0,artifact_finetuned,,,,,,crc24a,1,320,5,960,0.6659375,
e5f1bf567a159fc785b3a0e30b45f10cae56f51aad07a6130cf5964a3df59298,2026-10-02T02:37:17+00:00,2421fd9957a6fb0f3a7ab8bd0d5980e5a7631097,False,d6016e8c80ab7eea7afb6fa9337c296c8f884ba0bf93ac654eade4e44f75e10d,not_applicable_untrained_codec,classical_adaptive,imagenette160,test,3925,12800,r_1_6,awgn,7,11,1,1,,jpeg2000,,,2/3,qam16,0.8756687898089172,3437,3925,34.89653309607773,0.9373230424259602,4262,157.0,4061.271592356688,2.613240569959021,0.0,0.0,1.0,0.8756687898089172,False,505.581,0.0,clean,,,,,,crc24a,1,320,5,960,0.6659375,
17f70664a69dc527af018960577eba7326c2c7c8328573b0c7918af4b478b4d0,2026-10-02T02:39:55+00:00,2421fd9957a6fb0f3a7ab8bd0d5980e5a7631097,False,d151ff50aedb4774d5baf00ef9c10a28f9f6b7634ec5c0b28a0a2246c99c5ec9,not_applicable_untrained_codec,classical_adaptive,imagenette160,test,3925,12800,r_1_6,awgn,7,13,1,1,,jpeg2000,,,2/3,qam16,0.8659872611464968,3399,3925,34.89653309607773,0.9373230424259602,4262,157.0,4061.271592356688,2.613240569959021,0.0,0.0,1.0,0.8659872611464968,False,491.127,2.066,artifact_finetuned,,,,,,crc24a,1,320,5,960,0.6659375,
28132071a7a12de0e2f0dbf61661ca61a515736d72c52ec4648bea24d773a620,2026-10-02T02:39:55+00:00,2421fd9957a6fb0f3a7ab8bd0d5980e5a7631097,False,d151ff50aedb4774d5baf00ef9c10a28f9f6b7634ec5c0b28a0a2246c99c5ec9,not_applicable_untrained_codec,classical_adaptive,imagenette160,test,3925,12800,r_1_6,awgn,7,13,1,1,,jpeg2000,,,2/3,qam16,0.8756687898089172,3437,3925,34.89653309607773,0.9373230424259602,4262,157.0,4061.271592356688,2.613240569959021,0.0,0.0,1.0,0.8756687898089172,False,491.127,2.066,clean,,,,,,crc24a,1,320,5,960,0.6659375,
c755dcd93dc210048db8e9d965546c2d70a3f1bdb97226ac406fe0518a35ef4f,2026-10-02T02:46:04+00:00,2421fd9957a6fb0f3a7ab8bd0d5980e5a7631097,False,507a3c88991955d3a42341c3974fc34c5c8318bc7485f75cabab2c691864caff,not_applicable_untrained_codec,classical_adaptive,imagenette160,test,3925,12800,r_1_6,awgn,7,15,1,1,,jpeg2000,,,2/3,qam16,0.8659872611464968,3399,3925,34.89653309607773,0.9373230424259602,4262,157.0,4061.271592356688,2.613240569959021,0.0,0.0,1.0,0.8659872611464968,False,519.349,0.0,artifact_finetuned,,,,,,crc24a,1,320,5,960,0.6659375,
239335bb030ad29252a75c3f8e2c6cf1cf3cfa311a3d762df9f17d4fac3e4ee0,2026-10-02T02:46:04+00:00,2421fd9957a6fb0f3a7ab8bd0d5980e5a7631097,False,507a3c88991955d3a42341c3974fc34c5c8318bc7485f75cabab2c691864caff,not_applicable_untrained_codec,classical_adaptive,imagenette160,test,3925,12800,r_1_6,awgn,7,15,1,1,,jpeg2000,,,2/3,qam16,0.8756687898089172,3437,3925,34.89653309607773,0.9373230424259602,4262,157.0,4061.271592356688,2.613240569959021,0.0,0.0,1.0,0.8756687898089172,False,519.349,0.0,clean,,,,,,crc24a,1,320,5,960,0.6659375,
7f31e95aedf3e7e7a6d4878a9137913ba888a3b31bc507ea85e206cf3c1e9584,2026-10-02T02:38:27+00:00,2421fd9957a6fb0f3a7ab8bd0d5980e5a7631097,False,26f39ca671135df1dd11c912dd03205ba7bf0cc7467a5a0607c89ba9803c772e,not_applicable_untrained_codec,classical_adaptive,imagenette160,test,3925,12800,r_1_6,awgn,7,18,1,1,,jpeg2000,,,2/3,qam16,0.8659872611464968,3399,3925,34.89653309607773,0.9373230424259602,4262,157.0,4061.271592356688,2.613240569959021,0.0,0.0,1.0,0.8659872611464968,False,486.842,2.066,artifact_finetuned,,,,,,crc24a,1,320,5,960,0.6659375,
853423ffa6c0f3d26337ea838c97524b87e30bde8b2d6312857ccd2c6d237697,2026-10-02T02:38:27+00:00,2421fd9957a6fb0f3a7ab8bd0d5980e5a7631097,False,26f39ca671135df1dd11c912dd03205ba7bf0cc7467a5a0607c89ba9803c772e,not_applicable_untrained_codec,classical_adaptive,imagenette160,test,3925,12800,r_1_6,awgn,7,18,1,1,,jpeg2000,,,2/3,qam16,0.8756687898089172,3437,3925,34.89653309607773,0.9373230424259602,4262,157.0,4061.271592356688,2.613240569959021,0.0,0.0,1.0,0.8756687898089172,False,486.842,2.066,clean,,,,,,crc24a,1,320,5,960,0.6659375,
c530f0e71d7dad55cde97239cd617328e5f5db4c111567e3d3b46dfeb33b8016,2026-10-02T02:38:41+00:00,2421fd9957a6fb0f3a7ab8bd0d5980e5a7631097,False,2c780de89a4c9cb90bf821ebad901d84e8c3b4c533b5c37b6e7159d627cde024,not_applicable_untrained_codec,classical_adaptive,imagenette160,test,3925,12800,r_1_6,awgn,7,-8,2,2,,jpeg2000,,,1/3,bpsk,0.09859872611464968,387,3925,,,531,157.0,364.9931210191083,0.0,1.0,0.0,0.0,,False,83.419,0.0,artifact_finetuned,,,,,,crc24a,1,208,1,304,0.331875,
56a62fcd48f4f61b5294faaad8c61586720eee8b2147ff590e254cba12e3b3e7,2026-10-02T02:38:41+00:00,2421fd9957a6fb0f3a7ab8bd0d5980e5a7631097,False,2c780de89a4c9cb90bf821ebad901d84e8c3b4c533b5c37b6e7159d627cde024,not_applicable_untrained_codec,classical_adaptive,imagenette160,test,3925,12800,r_1_6,awgn,7,-8,2,2,,jpeg2000,,,1/3,bpsk,0.09859872611464968,387,3925,,,531,157.0,364.9931210191083,0.0,1.0,0.0,0.0,,False,83.419,0.0,clean,,,,,,crc24a,1,208,1,304,0.331875,
6db599b48ca778f598cbd200cb79c559506599f855d61ead35d585024fe72b77,2026-10-02T02:41:25+00:00,2421fd9957a6fb0f3a7ab8bd0d5980e5a7631097,False,e2035a437119e9276f0a94785f57bb4134012b81512cc4ca333cc52948e42cf9,not_applicable_untrained_codec,classical_adaptive,imagenette160,test,3925,12800,r_1_6,awgn,7,-7,2,2,,jpeg2000,,,1/3,bpsk,0.09859872611464968,387,3925,,,531,157.0,364.9931210191083,0.0,1.0,0.0,0.0,,False,90.156,2.066,artifact_finetuned,,,,,,crc24a,1,208,1,304,0.331875,
ac0ae1ae2781aa41994cbb267d853cf94f507cb283780d99ea8dd08cb8b72aa0,2026-10-02T02:41:25+00:00,2421fd9957a6fb0f3a7ab8bd0d5980e5a7631097,False,e2035a437119e9276f0a94785f57bb4134012b81512cc4ca333cc52948e42cf9,not_applicable_untrained_codec,classical_adaptive,imagenette160,test,3925,12800,r_1_6,awgn,7,-7,2,2,,jpeg2000,,,1/3,bpsk,0.09859872611464968,387,3925,,,531,157.0,364.9931210191083,0.0,1.0,0.0,0.0,,False,90.156,2.066,clean,,,,,,crc24a,1,208,1,304,0.331875,
3f0489bf3548def8274bf2e2204e76af0dcfd8ac50778e2b4bd113f2dce62c99,2026-10-02T02:47:24+00:00,2421fd9957a6fb0f3a7ab8bd0d5980e5a7631097,False,a36b492e072676bb0a196e6f1fcd2b08e73b366b943ff8dbd4394d604af0e2e6,not_applicable_untrained_codec,classical_adaptive,imagenette160,test,3925,12800,r_1_6,awgn,7,-6,2,2,,jpeg2000,,,1/3,bpsk,0.09859872611464968,387,3925,,,531,157.0,364.9931210191083,0.0,1.0,0.0,0.0,,False,79.607,0.0,artifact_finetuned,,,,,,crc24a,1,208,1,304,0.331875,
48520cf4c9205f51d83583c80b40fa7c2665ede2451c1480ae2c44db090c2d36,2026-10-02T02:47:24+00:00,2421fd9957a6fb0f3a7ab8bd0d5980e5a7631097,False,a36b492e072676bb0a196e6f1fcd2b08e73b366b943ff8dbd4394d604af0e2e6,not_applicable_untrained_codec,classical_adaptive,imagenette160,test,3925,12800,r_1_6,awgn,7,-6,2,2,,jpeg2000,,,1/3,bpsk,0.09859872611464968,387,3925,,,531,157.0,364.9931210191083,0.0,1.0,0.0,0.0,,False,79.607,0.0,clean,,,,,,crc24a,1,208,1,304,0.331875,
0893f995499e843ba55360928e94d6ee042e14804207ea8d21377d4f0296631c,2026-10-02T02:39:41+00:00,2421fd9957a6fb0f3a7ab8bd0d5980e5a7631097,False,3f0df171186e242e6a6b584ae549db65eea967effcdb41c9786056535a9f04ee,not_applicable_untrained_codec,classical_adaptive,imagenette160,test,3925,12800,r_1_6,awgn,7,-5,2,2,,jpeg2000,,,1/3,bpsk,0.09859872611464968,387,3925,,,531,157.0,364.9931210191083,0.0,1.0,0.0,0.0,,False,72.965,2.066,artifact_finetuned,,,,,,crc24a,1,208,1,304,0.331875,
48495b21dd0158cbb17f656b5294648d8465e43f074464df11f4b3297d4faac1,2026-10-02T02:39:41+00:00,2421fd9957a6fb0f3a7ab8bd0d5980e5a7631097,False,3f0df171186e242e6a6b584ae549db65eea967effcdb41c9786056535a9f04ee,not_applicable_untrained_codec,classical_adaptive,imagenette160,test,3925,12800,r_1_6,awgn,7,-5,2,2,,jpeg2000,,,1/3,bpsk,0.09859872611464968,387,3925,,,531,157.0,364.9931210191083,0.0,1.0,0.0,0.0,,False,72.965,2.066,clean,,,,,,crc24a,1,208,1,304,0.331875,
3edf19ee5c19dfbc48d4a540eb74d4d8a0b3c33de5f137e1053bf101d3191de9,2026-10-02T02:42:41+00:00,2421fd9957a6fb0f3a7ab8bd0d5980e5a7631097,False,dfe8e5cf30e9c9af40845ee9d688d9b09c16c301afc78af0396e7b6eeac40ed2,not_applicable_untrained_codec,classical_adaptive,imagenette160,test,3925,12800,r_1_6,awgn,7,-4,2,2,,jpeg2000,,,1/3,bpsk,0.8163057324840765,3204,3925,22.039682661702333,0.571467192504781,531,157.0,362.6616560509554,0.0,0.0,0.0,1.0,0.8163057324840765,False,240.12,0.0,artifact_finetuned,,,,,,crc24a,1,208,1,304,0.331875,
a6c45633edc891c9e52ce61e5737519424a3032d769fa50be663d0ec3035d6c2,2026-10-02T02:42:41+00:00,2421fd9957a6fb0f3a7ab8bd0d5980e5a7631097,False,dfe8e5cf30e9c9af40845ee9d688d9b09c16c301afc78af0396e7b6eeac40ed2,not_applicable_untrained_codec,classical_adaptive,imagenette160,test,3925,12800,r_1_6,awgn,7,-4,2,2,,jpeg2000,,,1/3,bpsk,0.5921019108280254,2324,3925,22.039682661702333,0.571467192504781,531,157.0,362.6616560509554,0.0,0.0,0.0,1.0,0.5921019108280254,False,240.12,0.0,clean,,,,,,crc24a,1,208,1,304,0.331875,
9641afa7e246a22981b32a54c89c1540af1de3ca1eb64ff81356b6f44f5a3f0d,2026-10-02T02:45:36+00:00,2421fd9957a6fb0f3a7ab8bd0d5980e5a7631097,False,e522ae3c06c46f912e26f1144c6c1522ecea7c72f9bc833d722bb82eeab30d07,not_applicable_untrained_codec,classical_adaptive,imagenette160,test,3925,12800,r_1_6,awgn,7,-3,2,2,,jpeg2000,,,1/3,bpsk,0.8163057324840765,3204,3925,22.039682661702333,0.571467192504781,531,157.0,362.6616560509554,0.0,0.0,0.0,1.0,0.8163057324840765,False,250.478,2.066,artifact_finetuned,,,,,,crc24a,1,208,1,304,0.331875,
e7355e0ae1b7e102ef30482b613abbe090cfaad8ff328706814bba1e6d3a0d41,2026-10-02T02:45:36+00:00,2421fd9957a6fb0f3a7ab8bd0d5980e5a7631097,False,e522ae3c06c46f912e26f1144c6c1522ecea7c72f9bc833d722bb82eeab30d07,not_applicable_untrained_codec,classical_adaptive,imagenette160,test,3925,12800,r_1_6,awgn,7,-3,2,2,,jpeg2000,,,1/3,bpsk,0.5921019108280254,2324,3925,22.039682661702333,0.571467192504781,531,157.0,362.6616560509554,0.0,0.0,0.0,1.0,0.5921019108280254,False,250.478,2.066,clean,,,,,,crc24a,1,208,1,304,0.331875,
65fabbe5581dc375e673839fcd3ba5ccca8ae0f5a642723b86302adfad3874f2,2026-10-02T02:51:24+00:00,2421fd9957a6fb0f3a7ab8bd0d5980e5a7631097,False,e63d37bfa67a1a0109bc7eb18a49c7cf70fe96b4047e819375323decd7da5bf4,not_applicable_untrained_codec,classical_adaptive,imagenette160,test,3925,12800,r_1_6,awgn,7,-2,2,2,,jpeg2000,,,1/2,bpsk,0.8303184713375796,3259,3925,24.045961191853685,0.667807179737768,797,157.0,626.4045859872612,0.0,0.024968152866242037,0.0,0.975031847133758,0.8489678599425137,False,239.511,0.0,artifact_finetuned,,,,,,crc24a,1,320,1,640,0.498125,
4904687cba1b94dec84d26fc2538a4c0e8b2eca8df5bc3c2c9d3f0da8cbb3b10,2026-10-02T02:51:24+00:00,2421fd9957a6fb0f3a7ab8bd0d5980e5a7631097,False,e63d37bfa67a1a0109bc7eb18a49c7cf70fe96b4047e819375323decd7da5bf4,not_applicable_untrained_codec,classical_adaptive,imagenette160,test,3925,12800,r_1_6,awgn,7,-2,2,2,,jpeg2000,,,1/2,bpsk,0.7806369426751593,3064,3925,24.045961191853685,0.667807179737768,797,157.0,626.4045859872612,0.0,0.024968152866242037,0.0,0.975031847133758,0.7980141102691403,False,239.511,0.0,clean,,,,,,crc24a,1,320,1,640,0.498125,
c4813145701bc9c3e3aae3026c6a7742c1220292940bdc5bf6623ecbe88d0b83,2026-10-02T02:45:32+00:00,2421fd9957a6fb0f3a7ab8bd0d5980e5a7631097,False,59d9bc5ee4c7651cb2402608216980c9f157f73fc454cb114ef651a6c38ed88a,not_applicable_untrained_codec,classical_adaptive,imagenette160,test,3925,12800,r_1_6,awgn,7,-1,2,2,,jpeg2000,,,1/3,qpsk,0.8588535031847134,3371,3925,25.478827665294087,0.7291931996547668,1063,157.0,889.3179617834395,0.0,0.00025477707006369424,0.0,0.9997452229299363,0.859072375127421,False,351.371,2.066,artifact_finetuned,,,,,,crc24a,1,208,2,576,0.3321875,
465051605f87c72c9626c3c47aedc501843b8e4758fb13b019175e3f07b77118,2026-10-02T02:45:32+00:00,2421fd9957a6fb0f3a7ab8bd0d5980e5a7631097,False,59d9bc5ee4c7651cb2402608216980c9f157f73fc454cb114ef651a6c38ed88a,not_applicable_untrained_codec,classical_adaptive,imagenette160,test,3925,12800,r_1_6,awgn,7,-1,2,2,,jpeg2000,,,1/3,qpsk,0.8438216560509554,3312,3925,25.478827665294087,0.7291931996547668,1063,157.0,889.3179617834395,0.0,0.00025477707006369424,0.0,0.9997452229299363,0.8440366972477065,False,351.371,2.066,clean,,,,,,crc24a,1,208,2,576,0.3321875,
80ffe7baea4e8089119f0199c7e28b11a6d62e65238ae637e69694e2eee3c3a3,2026-10-02T02:48:13+00:00,2421fd9957a6fb0f3a7ab8bd0d5980e5a7631097,False,b54cb3b8590e72861a19c05ad6817d355ebc8c08aaf3ac5e174269f828dd897a,not_applicable_untrained_codec,classical_adaptive,imagenette160,test,3925,12800,r_1_6,awgn,7,0,2,2,,jpeg2000,,,1/3,qpsk,0.859108280254777,3372,3925,25.4804999795894,0.7292062080315205,1063,157.0,889.3179617834395,0.0,0.0,0.0,1.0,0.859108280254777,False,331.733,0.0,artifact_finetuned,,,,,,crc24a,1,208,2,576,0.3321875,
f93e7a540c68e8e532fcc4e4fdf41ddbe99c92ff45d77b22d43ae50f40e6831a,2026-10-02T02:48:13+00:00,2421fd9957a6fb0f3a7ab8bd0d5980e5a7631097,False,b54cb3b8590e72861a19c05ad6817d355ebc8c08aaf3ac5e174269f828dd897a,not_applicable_untrained_codec,classical_adaptive,imagenette160,test,3925,12800,r_1_6,awgn,7,0,2,2,,jpeg2000,,,1/3,qpsk,0.8440764331210191,3313,3925,25.4804999795894,0.7292062080315205,1063,157.0,889.3179617834395,0.0,0.0,0.0,1.0,0.8440764331210191,False,331.733,0.0,clean,,,,,,crc24a,1,208,2,576,0.3321875,
c7ccd1e6475a81108df04c7ddbe11849e0cd7a41c0232fde88ba50d807b3a9bf,2026-10-02T02:50:06+00:00,2421fd9957a6fb0f3a7ab8bd0d5980e5a7631097,False,1fcfe159add6ba68360937c8a26ed405370cf81a0c70cdb1eb17e33e3fd068af,not_applicable_untrained_codec,classical_adaptive,imagenette160,test,3925,12800,r_1_6,awgn,7,1,2,2,,jpeg2000,,,2/3,bpsk,0.859108280254777,3372,3925,25.4804999795894,0.7292062080315205,1063,157.0,889.3179617834395,0.0,0.0,0.0,1.0,0.859108280254777,False,269.381,2.066,artifact_finetuned,,,,,,crc24a,1,208,2,576,0.664375,
a5197a43153841ce5847c3afaf1eec106e3142e4720d90c376fa3e674c51fb23,2026-10-02T02:50:06+00:00,2421fd9957a6fb0f3a7ab8bd0d5980e5a7631097,False,1fcfe159add6ba68360937c8a26ed405370cf81a0c70cdb1eb17e33e3fd068af,not_applicable_untrained_codec,classical_adaptive,imagenette160,test,3925,12800,r_1_6,awgn,7,1,2,2,,jpeg2000,,,2/3,bpsk,0.8440764331210191,3313,3925,25.4804999795894,0.7292062080315205,1063,157.0,889.3179617834395,0.0,0.0,0.0,1.0,0.8440764331210191,False,269.381,2.066,clean,,,,,,crc24a,1,208,2,576,0.664375,
4ca611aa1134c376cefeddf376eb6f55002b60bb83aea620afde2a2eb0813532,2026-10-02T02:56:49+00:00,2421fd9957a6fb0f3a7ab8bd0d5980e5a7631097,False,2d80bd53111110064cacf9d664b3deb535bc4e64b2c7c2dd6488d90454df6d27,not_applicable_untrained_codec,classical_adaptive,imagenette160,test,3925,12800,r_1_6,awgn,7,2,2,2,,jpeg2000,,,1/2,qpsk,0.861656050955414,3382,3925,27.17280514946164,0.794078536168535,1597,157.0,1413.7933757961785,0.0,0.0,0.0,1.0,0.861656050955414,False,325.274,0.0,artifact_finetuned,,,,,,crc24a,1,320,2,1232,0.4990625,
8e5df5042a82dfc92fbdc5a9bc040352e2e4adfccdae0d2b832417ef61c55d96,2026-10-02T02:56:49+00:00,2421fd9957a6fb0f3a7ab8bd0d5980e5a7631097,False,2d80bd53111110064cacf9d664b3deb535bc4e64b2c7c2dd6488d90454df6d27,not_applicable_untrained_codec,classical_adaptive,imagenette160,test,3925,12800,r_1_6,awgn,7,2,2,2,,jpeg2000,,,1/2,qpsk,0.8644585987261146,3393,3925,27.17280514946164,0.794078536168535,1597,157.0,1413.7933757961785,0.0,0.0,0.0,1.0,0.8644585987261146,False,325.274,0.0,clean,,,,,,crc24a,1,320,2,1232,0.4990625,
06f659566d97e521defe38bf70d79f3a978342a75ccb60350aef990adcec0638,2026-10-02T02:50:57+00:00,2421fd9957a6fb0f3a7ab8bd0d5980e5a7631097,False,ab166a5abe4aab2fa8663642a8fa324b5d152d5bb13c8b60ed4759f58dd1f419,not_applicable_untrained_codec,classical_adaptive,imagenette160,test,3925,12800,r_1_6,awgn,7,3,2,2,,jpeg2000,,,1/2,qpsk,0.861656050955414,3382,3925,27.17280514946164,0.794078536168535,1597,157.0,1413.7933757961785,0.0,0.0,0.0,1.0,0.861656050955414,False,324.498,2.066,artifact_finetuned,,,,,,crc24a,1,320,2,1232,0.4990625,
d16d58ede0a63cbbab84f81a6909f43381b53fc03012f6dbe996e5eb5893eb8a,2026-10-02T02:50:57+00:00,2421fd9957a6fb0f3a7ab8bd0d5980e5a7631097,False,ab166a5abe4aab2fa8663642a8fa324b5d152d5bb13c8b60ed4759f58dd1f419,not_applicable_untrained_codec,classical_adaptive,imagenette160,test,3925,12800,r_1_6,awgn,7,3,2,2,,jpeg2000,,,1/2,qpsk,0.8644585987261146,3393,3925,27.17280514946164,0.794078536168535,1597,157.0,1413.7933757961785,0.0,0.0,0.0,1.0,0.8644585987261146,False,324.498,2.066,clean,,,,,,crc24a,1,320,2,1232,0.4990625,
298fcfd9145da3cf5c8e232a5228dee9b76dd41718d4d108c1991a6615913cdb,2026-10-02T02:53:44+00:00,2421fd9957a6fb0f3a7ab8bd0d5980e5a7631097,False,5cfbb7e433e4f599f57e925dce7fc7802daee887183f9ce4024d538a0058e24e,not_applicable_untrained_codec,classical_adaptive,imagenette160,test,3925,12800,r_1_6,awgn,7,4,2,2,,jpeg2000,,,1/2,qpsk,0.861656050955414,3382,3925,27.17280514946164,0.794078536168535,1597,157.0,1413.7933757961785,0.0,0.0,0.0,1.0,0.861656050955414,False,330.095,0.0,artifact_finetuned,,,,,,crc24a,1,320,2,1232,0.4990625,
8f593bb2fb9367d6457dd3e9129a4722b62820f79c27c6af711b4845e6264e22,2026-10-02T02:53:44+00:00,2421fd9957a6fb0f3a7ab8bd0d5980e5a7631097,False,5cfbb7e433e4f599f57e925dce7fc7802daee887183f9ce4024d538a0058e24e,not_applicable_untrained_codec,classical_adaptive,imagenette160,test,3925,12800,r_1_6,awgn,7,4,2,2,,jpeg2000,,,1/2,qpsk,0.8644585987261146,3393,3925,27.17280514946164,0.794078536168535,1597,157.0,1413.7933757961785,0.0,0.0,0.0,1.0,0.8644585987261146,False,330.095,0.0,clean,,,,,,crc24a,1,320,2,1232,0.4990625,
b0387982fb9df916fdf015581ad4b75a3f2a2fa9c476d00ead01bd24c2e099a9,2026-10-02T02:55:33+00:00,2421fd9957a6fb0f3a7ab8bd0d5980e5a7631097,False,a242029a4937a4c827c03c5d9918b74352fc69a0fc2d4b0f89c1eb248a47ccc1,not_applicable_untrained_codec,classical_adaptive,imagenette160,test,3925,12800,r_1_6,awgn,7,5,2,2,,jpeg2000,,,1/2,qpsk,0.861656050955414,3382,3925,27.17280514946164,0.794078536168535,1597,157.0,1413.7933757961785,0.0,0.0,0.0,1.0,0.861656050955414,False,326.219,2.066,artifact_finetuned,,,,,,crc24a,1,320,2,1232,0.4990625,
bd6945532ca8f70ccb186e5971f7330f17801046ffbb1343e4feac148d354723,2026-10-02T02:55:33+00:00,2421fd9957a6fb0f3a7ab8bd0d5980e5a7631097,False,a242029a4937a4c827c03c5d9918b74352fc69a0fc2d4b0f89c1eb248a47ccc1,not_applicable_untrained_codec,classical_adaptive,imagenette160,test,3925,12800,r_1_6,awgn,7,5,2,2,,jpeg2000,,,1/2,qpsk,0.8644585987261146,3393,3925,27.17280514946164,0.794078536168535,1597,157.0,1413.7933757961785,0.0,0.0,0.0,1.0,0.8644585987261146,False,326.219,2.066,clean,,,,,,crc24a,1,320,2,1232,0.4990625,
b3dc70ad249e6ede4ad3f611678224ad6e4f1e82334c90450f484dd68bec2024,2026-10-02T03:02:50+00:00,2421fd9957a6fb0f3a7ab8bd0d5980e5a7631097,False,de0d4eda2028cbbc85d48f5631f4f16a0a145f1e1f7ecc9f32be87dc0e2a6480,not_applicable_untrained_codec,classical_adaptive,imagenette160,test,3925,12800,r_1_6,awgn,7,6,2,2,,jpeg2000,,,5/6,qpsk,0.8652229299363058,3396,3925,31.198800816746218,0.8834762693537747,2661,157.0,2471.627770700637,0.0,0.0,0.0,1.0,0.8652229299363058,False,359.81,0.0,artifact_finetuned,,,,,,crc24a,1,352,3,1848,0.8315625,
4779bacda1f3af8da2a054f2dfc7161f20c16fd131a59c66ea050709ef081766,2026-10-02T03:02:50+00:00,2421fd9957a6fb0f3a7ab8bd0d5980e5a7631097,False,de0d4eda2028cbbc85d48f5631f4f16a0a145f1e1f7ecc9f32be87dc0e2a6480,not_applicable_untrained_codec,classical_adaptive,imagenette160,test,3925,12800,r_1_6,awgn,7,6,2,2,,jpeg2000,,,5/6,qpsk,0.8703184713375797,3416,3925,31.198800816746218,0.8834762693537747,2661,157.0,2471.627770700637,0.0,0.0,0.0,1.0,0.8703184713375797,False,359.81,0.0,clean,,,,,,crc24a,1,352,3,1848,0.8315625,
7a49e52580cc0195072d3c60c960b561e9eaff13c27547a8655bc0793d7602d4,2026-10-02T02:58:50+00:00,2421fd9957a6fb0f3a7ab8bd0d5980e5a7631097,False,0be78a40c4e400338591c8c395ed8ae8b813687f05ad7b7b8683b35ddd66f4e5,not_applicable_untrained_codec,classical_adaptive,imagenette160,test,3925,12800,r_1_6,awgn,7,7,2,2,,jpeg2000,,,1/2,qam16,0.8654777070063694,3397,3925,32.54031931187388,0.9064080946799966,3197,157.0,3002.898853503185,2.568328837133517,0.0,0.0,1.0,0.8654777070063694,False,472.042,2.066,artifact_finetuned,,,,,,crc24a,1,320,4,2464,0.49953125,
5f1cd1feeb7cd746d38b4aba69869001bd9a504b10f4f94ece95172da8f3f3fd,2026-10-02T02:58:50+00:00,2421fd9957a6fb0f3a7ab8bd0d5980e5a7631097,False,0be78a40c4e400338591c8c395ed8ae8b813687f05ad7b7b8683b35ddd66f4e5,not_applicable_untrained_codec,classical_adaptive,imagenette160,test,3925,12800,r_1_6,awgn,7,7,2,2,,jpeg2000,,,1/2,qam16,0.8754140127388536,3436,3925,32.54031931187388,0.9064080946799966,3197,157.0,3002.898853503185,2.568328837133517,0.0,0.0,1.0,0.8754140127388536,False,472.042,2.066,clean,,,,,,crc24a,1,320,4,2464,0.49953125,
78b73438d1fbc1e1a6f5fff042176a145175ea14107c3f4b1b83e36eb9a1037f,2026-10-02T03:02:10+00:00,2421fd9957a6fb0f3a7ab8bd0d5980e5a7631097,False,390ebcb817ba32210ce9d7f0ceee88f57fa565acb3ac0555e640aa719c6766ca,not_applicable_untrained_codec,classical_adaptive,imagenette160,test,3925,12800,r_1_6,awgn,7,9,2,2,,jpeg2000,,,2/3,qam16,0.8417834394904459,3304,3925,34.958403650140916,0.9379762970884724,4262,157.0,4061.271592356688,2.613240569959021,0.03592356687898089,0.0,0.9640764331210191,0.8652219873150105,False,506.086,0.0,artifact_finetuned,,,,,,crc24a,1,320,5,960,0.6659375,
9a7df8dd09805560a24af4dc53f7c058a6c46f6c0a1e800adb6ba956f3a81de1,2026-10-02T03:02:10+00:00,2421fd9957a6fb0f3a7ab8bd0d5980e5a7631097,False,390ebcb817ba32210ce9d7f0ceee88f57fa565acb3ac0555e640aa719c6766ca,not_applicable_untrained_codec,classical_adaptive,imagenette160,test,3925,12800,r_1_6,awgn,7,9,2,2,,jpeg2000,,,2/3,qam16,0.8512101910828026,3341,3925,34.958403650140916,0.9379762970884724,4262,157.0,4061.271592356688,2.613240569959021,0.03592356687898089,0.0,0.9640764331210191,0.875,False,506.086,0.0,clean,,,,,,crc24a,1,320,5,960,0.6659375,
9efcb4e6f65629ae128f327362e4738aa1e6a4364f725a7a5bb783c79add4487,2026-10-02T03:04:04+00:00,2421fd9957a6fb0f3a7ab8bd0d5980e5a7631097,False,d6016e8c80ab7eea7afb6fa9337c296c8f884ba0bf93ac654eade4e44f75e10d,not_applicable_untrained_codec,classical_adaptive,imagenette160,test,3925,12800,r_1_6,awgn,7,11,2,2,,jpeg2000,,,2/3,qam16,0.8659872611464968,3399,3925,34.89653309607773,0.9373230424259602,4262,157.0,4061.271592356688,2.613240569959021,0.0,0.0,1.0,0.8659872611464968,False,511.106,2.066,artifact_finetuned,,,,,,crc24a,1,320,5,960,0.6659375,
306b3a74eaae9e722ad5a3c098a3efcc41e8d1b729aec6a63bcc792d5e5b2c75,2026-10-02T03:04:04+00:00,2421fd9957a6fb0f3a7ab8bd0d5980e5a7631097,False,d6016e8c80ab7eea7afb6fa9337c296c8f884ba0bf93ac654eade4e44f75e10d,not_applicable_untrained_codec,classical_adaptive,imagenette160,test,3925,12800,r_1_6,awgn,7,11,2,2,,jpeg2000,,,2/3,qam16,0.8756687898089172,3437,3925,34.89653309607773,0.9373230424259602,4262,157.0,4061.271592356688,2.613240569959021,0.0,0.0,1.0,0.8756687898089172,False,511.106,2.066,clean,,,,,,crc24a,1,320,5,960,0.6659375,
18abbc83998046211dbe36f5780c8232bab139b5ea1bfe31a742788f96650f4f,2026-10-02T03:11:12+00:00,2421fd9957a6fb0f3a7ab8bd0d5980e5a7631097,False,d151ff50aedb4774d5baf00ef9c10a28f9f6b7634ec5c0b28a0a2246c99c5ec9,not_applicable_untrained_codec,classical_adaptive,imagenette160,test,3925,12800,r_1_6,awgn,7,13,2,2,,jpeg2000,,,2/3,qam16,0.8659872611464968,3399,3925,34.89653309607773,0.9373230424259602,4262,157.0,4061.271592356688,2.613240569959021,0.0,0.0,1.0,0.8659872611464968,False,502.034,0.0,artifact_finetuned,,,,,,crc24a,1,320,5,960,0.6659375,
3df313f7beee813702ebf83aac2eecd9403ab7318b7091516696a8e1ea8abdb7,2026-10-02T03:11:12+00:00,2421fd9957a6fb0f3a7ab8bd0d5980e5a7631097,False,d151ff50aedb4774d5baf00ef9c10a28f9f6b7634ec5c0b28a0a2246c99c5ec9,not_applicable_untrained_codec,classical_adaptive,imagenette160,test,3925,12800,r_1_6,awgn,7,13,2,2,,jpeg2000,,,2/3,qam16,0.8756687898089172,3437,3925,34.89653309607773,0.9373230424259602,4262,157.0,4061.271592356688,2.613240569959021,0.0,0.0,1.0,0.8756687898089172,False,502.034,0.0,clean,,,,,,crc24a,1,320,5,960,0.6659375,
ced849afd5c48a757fe7ccfd0f67afe71c15c3801e1aafba19d86adc6df4c504,2026-10-02T03:07:05+00:00,2421fd9957a6fb0f3a7ab8bd0d5980e5a7631097,False,507a3c88991955d3a42341c3974fc34c5c8318bc7485f75cabab2c691864caff,not_applicable_untrained_codec,classical_adaptive,imagenette160,test,3925,12800,r_1_6,awgn,7,15,2,2,,jpeg2000,,,2/3,qam16,0.8659872611464968,3399,3925,34.89653309607773,0.9373230424259602,4262,157.0,4061.271592356688,2.613240569959021,0.0,0.0,1.0,0.8659872611464968,False,494.995,2.066,artifact_finetuned,,,,,,crc24a,1,320,5,960,0.6659375,
f6949f16bee2be64188455dc222472d4b9e49ca71cd8b682f58ccf9fed84b904,2026-10-02T03:07:05+00:00,2421fd9957a6fb0f3a7ab8bd0d5980e5a7631097,False,507a3c88991955d3a42341c3974fc34c5c8318bc7485f75cabab2c691864caff,not_applicable_untrained_codec,classical_adaptive,imagenette160,test,3925,12800,r_1_6,awgn,7,15,2,2,,jpeg2000,,,2/3,qam16,0.8756687898089172,3437,3925,34.89653309607773,0.9373230424259602,4262,157.0,4061.271592356688,2.613240569959021,0.0,0.0,1.0,0.8756687898089172,False,494.995,2.066,clean,,,,,,crc24a,1,320,5,960,0.6659375,
cac6c258afee21eea8feff9901b4f4e72cf5b2bafd76e5c36b9b7b8434d9eb54,2026-10-02T03:10:17+00:00,2421fd9957a6fb0f3a7ab8bd0d5980e5a7631097,False,26f39ca671135df1dd11c912dd03205ba7bf0cc7467a5a0607c89ba9803c772e,not_applicable_untrained_codec,classical_adaptive,imagenette160,test,3925,12800,r_1_6,awgn,7,18,2,2,,jpeg2000,,,2/3,qam16,0.8659872611464968,3399,3925,34.89653309607773,0.9373230424259602,4262,157.0,4061.271592356688,2.613240569959021,0.0,0.0,1.0,0.8659872611464968,False,486.787,0.0,artifact_finetuned,,,,,,crc24a,1,320,5,960,0.6659375,
871da341858be9e4519825c3a59e8a745168dffec3e675bb1aea910fd8d09c0a,2026-10-02T03:10:17+00:00,2421fd9957a6fb0f3a7ab8bd0d5980e5a7631097,False,26f39ca671135df1dd11c912dd03205ba7bf0cc7467a5a0607c89ba9803c772e,not_applicable_untrained_codec,classical_adaptive,imagenette160,test,3925,12800,r_1_6,awgn,7,18,2,2,,jpeg2000,,,2/3,qam16,0.8756687898089172,3437,3925,34.89653309607773,0.9373230424259602,4262,157.0,4061.271592356688,2.613240569959021,0.0,0.0,1.0,0.8756687898089172,False,486.787,0.0,clean,,,,,,crc24a,1,320,5,960,0.6659375,
3502c2b98d70abee3f3428fecd95a6f595a5662c7a1cb05e3e131f83b96f731b,2026-10-02T03:05:53+00:00,2421fd9957a6fb0f3a7ab8bd0d5980e5a7631097,False,,a6bf87cce06e45b7e61271f2cb13b1775431a72f9a71224af179e1df68f8952f,er9_digital,imagenette160,test,3925,12800,r_1_6,awgn,7,-8,0,0,,,,,1/3,bpsk,0.09859872611464968,387,3925,,,531,,,0.0,1.0,0.0,0.0,,False,108.218,2.066,own_task_head,2,2048,,,,,,,,,,
059ac536fd9aa20f599c060038b2f2a039ec1bda81a2ba4a857e6e1e7f8e92a6,2026-10-02T03:13:23+00:00,2421fd9957a6fb0f3a7ab8bd0d5980e5a7631097,False,,a6bf87cce06e45b7e61271f2cb13b1775431a72f9a71224af179e1df68f8952f,er9_digital,imagenette160,test,3925,12800,r_1_6,awgn,7,-7,0,0,,,,,1/3,bpsk,0.09859872611464968,387,3925,,,531,,,0.0,1.0,0.0,0.0,,False,130.242,0.0,own_task_head,2,2048,,,,,,,,,,
4056254364453e0a31eae9357de1381072d135780ec5d04db09c9076607f3f25,2026-10-02T03:09:02+00:00,2421fd9957a6fb0f3a7ab8bd0d5980e5a7631097,False,,a6bf87cce06e45b7e61271f2cb13b1775431a72f9a71224af179e1df68f8952f,er9_digital,imagenette160,test,3925,12800,r_1_6,awgn,7,-6,0,0,,,,,1/3,bpsk,0.09859872611464968,387,3925,,,531,,,0.0,1.0,0.0,0.0,,False,117.143,2.066,own_task_head,2,2048,,,,,,,,,,
d367f96d6e159f78e1ee9f98bdd52b9e90db718da94231676947b896bb85742a,2026-10-02T03:12:20+00:00,2421fd9957a6fb0f3a7ab8bd0d5980e5a7631097,False,,a6bf87cce06e45b7e61271f2cb13b1775431a72f9a71224af179e1df68f8952f,er9_digital,imagenette160,test,3925,12800,r_1_6,awgn,7,-5,0,0,,,,,1/3,bpsk,0.09859872611464968,387,3925,,,531,,,0.0,1.0,0.0,0.0,,False,122.349,0.0,own_task_head,2,2048,,,,,,,,,,
bba3628d9157f8838c5ea77611de43991759f1e2b128c6d561d2a047fc98cc56,2026-10-02T03:07:43+00:00,2421fd9957a6fb0f3a7ab8bd0d5980e5a7631097,False,,a6bf87cce06e45b7e61271f2cb13b1775431a72f9a71224af179e1df68f8952f,er9_digital,imagenette160,test,3925,12800,r_1_6,awgn,7,-4,0,0,,,,,1/3,bpsk,0.8099363057324841,3179,3925,,,531,,,0.0,0.0,0.0,1.0,0.8099363057324841,False,110.202,2.066,own_task_head,2,2048,,,,,,,,,,
7d540b4ac1d63d81947a007960924d402b6e3552379053fa954fc6025776809e,2026-10-02T03:15:43+00:00,2421fd9957a6fb0f3a7ab8bd0d5980e5a7631097,False,,a6bf87cce06e45b7e61271f2cb13b1775431a72f9a71224af179e1df68f8952f,er9_digital,imagenette160,test,3925,12800,r_1_6,awgn,7,-3,0,0,,,,,1/3,bpsk,0.8099363057324841,3179,3925,,,531,,,0.0,0.0,0.0,1.0,0.8099363057324841,False,140.379,0.0,own_task_head,2,2048,,,,,,,,,,
66d1037c6a1002e7077a4671f1d61aa2d0779d60937e1347ebff1fedbde6f1c4,2026-10-02T03:11:17+00:00,2421fd9957a6fb0f3a7ab8bd0d5980e5a7631097,False,,a6bf87cce06e45b7e61271f2cb13b1775431a72f9a71224af179e1df68f8952f,er9_digital,imagenette160,test,3925,12800,r_1_6,awgn,7,-2,0,0,,,,,1/3,bpsk,0.8099363057324841,3179,3925,,,531,,,0.0,0.0,0.0,1.0,0.8099363057324841,False,134.197,2.066,own_task_head,2,2048,,,,,,,,,,
0e3569ef7dd1302cfef911390e0a318ec60d3d91db8d6d4bda5db6764d4df68b,2026-10-02T03:14:40+00:00,2421fd9957a6fb0f3a7ab8bd0d5980e5a7631097,False,,a6bf87cce06e45b7e61271f2cb13b1775431a72f9a71224af179e1df68f8952f,er9_digital,imagenette160,test,3925,12800,r_1_6,awgn,7,-1,0,0,,,,,1/3,bpsk,0.8099363057324841,3179,3925,,,531,,,0.0,0.0,0.0,1.0,0.8099363057324841,False,139.789,0.0,own_task_head,2,2048,,,,,,,,,,
c8c611538f3e31fe8c4823a008edca04b109105ab3fb066da3218870b2bffec2,2026-10-02T03:10:00+00:00,2421fd9957a6fb0f3a7ab8bd0d5980e5a7631097,False,,a6bf87cce06e45b7e61271f2cb13b1775431a72f9a71224af179e1df68f8952f,er9_digital,imagenette160,test,3925,12800,r_1_6,awgn,7,0,0,0,,,,,1/3,bpsk,0.8099363057324841,3179,3925,,,531,,,0.0,0.0,0.0,1.0,0.8099363057324841,False,137.305,2.066,own_task_head,2,2048,,,,,,,,,,
6b0a266967ccbba1e7cfe804bdf7be1e2cb7f2e0f04b08c0dee65736aa29f506,2026-10-02T03:18:05+00:00,2421fd9957a6fb0f3a7ab8bd0d5980e5a7631097,False,,a6bf87cce06e45b7e61271f2cb13b1775431a72f9a71224af179e1df68f8952f,er9_digital,imagenette160,test,3925,12800,r_1_6,awgn,7,1,0,0,,,,,1/3,bpsk,0.8099363057324841,3179,3925,,,531,,,0.0,0.0,0.0,1.0,0.8099363057324841,False,141.616,0.0,own_task_head,2,2048,,,,,,,,,,
3666b6480a13b306e949a140b6615f3a47f189bb13e0ba7d1cb082fe0dc39f0b,2026-10-02T03:13:26+00:00,2421fd9957a6fb0f3a7ab8bd0d5980e5a7631097,False,,a6bf87cce06e45b7e61271f2cb13b1775431a72f9a71224af179e1df68f8952f,er9_digital,imagenette160,test,3925,12800,r_1_6,awgn,7,2,0,0,,,,,1/3,bpsk,0.8099363057324841,3179,3925,,,531,,,0.0,0.0,0.0,1.0,0.8099363057324841,False,128.947,2.066,own_task_head,2,2048,,,,,,,,,,
f5db214d381c6b9f4d41ba19a102020004666cd1a395541fccb59f6940ac2af4,2026-10-02T03:16:59+00:00,2421fd9957a6fb0f3a7ab8bd0d5980e5a7631097,False,,a6bf87cce06e45b7e61271f2cb13b1775431a72f9a71224af179e1df68f8952f,er9_digital,imagenette160,test,3925,12800,r_1_6,awgn,7,3,0,0,,,,,1/3,bpsk,0.8099363057324841,3179,3925,,,531,,,0.0,0.0,0.0,1.0,0.8099363057324841,False,139.261,0.0,own_task_head,2,2048,,,,,,,,,,
b8c660018777b31b935e758e6f30e5172c456a94731cf666f503dfe56f9fe56a,2026-10-02T03:12:15+00:00,2421fd9957a6fb0f3a7ab8bd0d5980e5a7631097,False,,a6bf87cce06e45b7e61271f2cb13b1775431a72f9a71224af179e1df68f8952f,er9_digital,imagenette160,test,3925,12800,r_1_6,awgn,7,4,0,0,,,,,1/3,bpsk,0.8099363057324841,3179,3925,,,531,,,0.0,0.0,0.0,1.0,0.8099363057324841,False,134.77,2.066,own_task_head,2,2048,,,,,,,,,,
58cb9f0a912fff10592626f5d5fb1674ce27075d40cacd0b87d51da9ce5dc9d0,2026-10-02T03:20:26+00:00,2421fd9957a6fb0f3a7ab8bd0d5980e5a7631097,False,,a6bf87cce06e45b7e61271f2cb13b1775431a72f9a71224af179e1df68f8952f,er9_digital,imagenette160,test,3925,12800,r_1_6,awgn,7,5,0,0,,,,,1/3,bpsk,0.8099363057324841,3179,3925,,,531,,,0.0,0.0,0.0,1.0,0.8099363057324841,False,140.854,0.0,own_task_head,2,2048,,,,,,,,,,
5b8ef0261a17dc97ff1af150f5e09f0a2b29e318acb181723a1ba8066ad4d532,2026-10-02T03:15:34+00:00,2421fd9957a6fb0f3a7ab8bd0d5980e5a7631097,False,,a6bf87cce06e45b7e61271f2cb13b1775431a72f9a71224af179e1df68f8952f,er9_digital,imagenette160,test,3925,12800,r_1_6,awgn,7,6,0,0,,,,,1/3,bpsk,0.8099363057324841,3179,3925,,,531,,,0.0,0.0,0.0,1.0,0.8099363057324841,False,127.907,2.066,own_task_head,2,2048,,,,,,,,,,
06ee1b61e38db5168a79a817fc88548bea6cafb3451278d99b85a99cac665091,2026-10-02T03:19:21+00:00,2421fd9957a6fb0f3a7ab8bd0d5980e5a7631097,False,,a6bf87cce06e45b7e61271f2cb13b1775431a72f9a71224af179e1df68f8952f,er9_digital,imagenette160,test,3925,12800,r_1_6,awgn,7,7,0,0,,,,,1/3,bpsk,0.8099363057324841,3179,3925,,,531,,,0.0,0.0,0.0,1.0,0.8099363057324841,False,141.641,0.0,own_task_head,2,2048,,,,,,,,,,
1c982ce6c58a7433831f9d9e9e07f0152161db938c5e3e14940a9f90cec78e0b,2026-10-02T03:14:22+00:00,2421fd9957a6fb0f3a7ab8bd0d5980e5a7631097,False,,a6bf87cce06e45b7e61271f2cb13b1775431a72f9a71224af179e1df68f8952f,er9_digital,imagenette160,test,3925,12800,r_1_6,awgn,7,9,0,0,,,,,1/3,bpsk,0.8099363057324841,3179,3925,,,531,,,0.0,0.0,0.0,1.0,0.8099363057324841,False,126.4,2.066,own_task_head,2,2048,,,,,,,,,,
ec8f76a6980d30d0b37d43f4049e529889b7a9c93293d7d0f7b48c0b18ed4852,2026-10-02T03:22:39+00:00,2421fd9957a6fb0f3a7ab8bd0d5980e5a7631097,False,,a6bf87cce06e45b7e61271f2cb13b1775431a72f9a71224af179e1df68f8952f,er9_digital,imagenette160,test,3925,12800,r_1_6,awgn,7,11,0,0,,,,,1/3,bpsk,0.8099363057324841,3179,3925,,,531,,,0.0,0.0,0.0,1.0,0.8099363057324841,False,133.253,0.0,own_task_head,2,2048,,,,,,,,,,
58ffc947f6328a524fc869ec8dc6f806ab7262a84302ac14de7cc2e04c4b4270,2026-10-02T03:17:40+00:00,2421fd9957a6fb0f3a7ab8bd0d5980e5a7631097,False,,a6bf87cce06e45b7e61271f2cb13b1775431a72f9a71224af179e1df68f8952f,er9_digital,imagenette160,test,3925,12800,r_1_6,awgn,7,13,0,0,,,,,1/3,bpsk,0.8099363057324841,3179,3925,,,531,,,0.0,0.0,0.0,1.0,0.8099363057324841,False,125.787,2.066,own_task_head,2,2048,,,,,,,,,,
1477e323dda5898d7f0caf3dacdcc0c7c23fb4d66ad75b9875b0170556179069,2026-10-02T03:21:41+00:00,2421fd9957a6fb0f3a7ab8bd0d5980e5a7631097,False,,a6bf87cce06e45b7e61271f2cb13b1775431a72f9a71224af179e1df68f8952f,er9_digital,imagenette160,test,3925,12800,r_1_6,awgn,7,15,0,0,,,,,1/3,bpsk,0.8099363057324841,3179,3925,,,531,,,0.0,0.0,0.0,1.0,0.8099363057324841,False,139.524,0.0,own_task_head,2,2048,,,,,,,,,,
d659074b11c3d1e262c0d867443d7d3e205c59b4451833467663c1b5ad1913e6,2026-10-02T03:16:34+00:00,2421fd9957a6fb0f3a7ab8bd0d5980e5a7631097,False,,a6bf87cce06e45b7e61271f2cb13b1775431a72f9a71224af179e1df68f8952f,er9_digital,imagenette160,test,3925,12800,r_1_6,awgn,7,18,0,0,,,,,1/3,bpsk,0.8099363057324841,3179,3925,,,531,,,0.0,0.0,0.0,1.0,0.8099363057324841,False,131.604,2.066,own_task_head,2,2048,,,,,,,,,,
5753a5f26f777c66752b44acb8788ce81fb26e7e1e09451e5a54284895ab9bee,2026-10-02T03:24:54+00:00,2421fd9957a6fb0f3a7ab8bd0d5980e5a7631097,False,,8558f71890a6458e7c33510aabfc2c6a87317f1ad8abec8cab459bfaeab5f3db,er9_digital,imagenette160,test,3925,12800,r_1_6,awgn,7,-8,1,1,,,,,1/3,bpsk,0.09859872611464968,387,3925,,,531,,,0.0,1.0,0.0,0.0,,False,134.082,0.0,own_task_head,2,2048,,,,,,,,,,
b2505163906534484996d9a814ca77eb009004b261591049d13fc46f5967f731,2026-10-02T03:19:38+00:00,2421fd9957a6fb0f3a7ab8bd0d5980e5a7631097,False,,8558f71890a6458e7c33510aabfc2c6a87317f1ad8abec8cab459bfaeab5f3db,er9_digital,imagenette160,test,3925,12800,r_1_6,awgn,7,-7,1,1,,,,,1/3,bpsk,0.09859872611464968,387,3925,,,531,,,0.0,1.0,0.0,0.0,,False,117.884,2.066,own_task_head,2,2048,,,,,,,,,,
96591730c330f471ae260c83fd318ab9e0332ed7609d483bd08b26d00130d1ca,2026-10-02T03:23:52+00:00,2421fd9957a6fb0f3a7ab8bd0d5980e5a7631097,False,,8558f71890a6458e7c33510aabfc2c6a87317f1ad8abec8cab459bfaeab5f3db,er9_digital,imagenette160,test,3925,12800,r_1_6,awgn,7,-6,1,1,,,,,1/3,bpsk,0.09859872611464968,387,3925,,,531,,,0.0,1.0,0.0,0.0,,False,131.372,0.0,own_task_head,2,2048,,,,,,,,,,
823d9304dac79cf17c22042faa1bdc8098831019fc03dd0499221a63b338ad28,2026-10-02T03:18:34+00:00,2421fd9957a6fb0f3a7ab8bd0d5980e5a7631097,False,,8558f71890a6458e7c33510aabfc2c6a87317f1ad8abec8cab459bfaeab5f3db,er9_digital,imagenette160,test,3925,12800,r_1_6,awgn,7,-5,1,1,,,,,1/3,bpsk,0.09859872611464968,387,3925,,,531,,,0.0,1.0,0.0,0.0,,False,120.294,2.066,own_task_head,2,2048,,,,,,,,,,
9d85254cf05e9c5b8fcbd84b430b4e8247fe4b5c49070ba975d7cf7239122e79,2026-10-02T03:27:14+00:00,2421fd9957a6fb0f3a7ab8bd0d5980e5a7631097,False,,8558f71890a6458e7c33510aabfc2c6a87317f1ad8abec8cab459bfaeab5f3db,er9_digital,imagenette160,test,3925,12800,r_1_6,awgn,7,-4,1,1,,,,,1/3,bpsk,0.8119745222929936,3187,3925,,,531,,,0.0,0.0,0.0,1.0,0.8119745222929936,False,140.442,0.0,own_task_head,2,2048,,,,,,,,,,
6f27083fc99000208e4a8caf32c1ca4dd7e4f0953cd6c8d8310fbb50d8aabd63,2026-10-02T03:21:46+00:00,2421fd9957a6fb0f3a7ab8bd0d5980e5a7631097,False,,8558f71890a6458e7c33510aabfc2c6a87317f1ad8abec8cab459bfaeab5f3db,er9_digital,imagenette160,test,3925,12800,r_1_6,awgn,7,-3,1,1,,,,,1/3,bpsk,0.8119745222929936,3187,3925,,,531,,,0.0,0.0,0.0,1.0,0.8119745222929936,False,128.359,2.066,own_task_head,2,2048,,,,,,,,,,
400abefd9207577992f38da34e6c316b6a7a187ad169e27463fe6cf8cc428981,2026-10-02T03:26:12+00:00,2421fd9957a6fb0f3a7ab8bd0d5980e5a7631097,False,,8558f71890a6458e7c33510aabfc2c6a87317f1ad8abec8cab459bfaeab5f3db,er9_digital,imagenette160,test,3925,12800,r_1_6,awgn,7,-2,1,1,,,,,1/3,bpsk,0.8119745222929936,3187,3925,,,531,,,0.0,0.0,0.0,1.0,0.8119745222929936,False,140.025,0.0,own_task_head,2,2048,,,,,,,,,,
90ac1132cebcc425547695452c80088f42a0e579fd6633e6c49ea3de9acf8060,2026-10-02T03:20:44+00:00,2421fd9957a6fb0f3a7ab8bd0d5980e5a7631097,False,,8558f71890a6458e7c33510aabfc2c6a87317f1ad8abec8cab459bfaeab5f3db,er9_digital,imagenette160,test,3925,12800,r_1_6,awgn,7,-1,1,1,,,,,1/3,bpsk,0.8119745222929936,3187,3925,,,531,,,0.0,0.0,0.0,1.0,0.8119745222929936,False,129.651,2.066,own_task_head,2,2048,,,,,,,,,,
ecc54982ff5d98d13959a955b9cea186ca42ceb349e54d8cb84447f7113027eb,2026-10-02T03:29:38+00:00,2421fd9957a6fb0f3a7ab8bd0d5980e5a7631097,False,,8558f71890a6458e7c33510aabfc2c6a87317f1ad8abec8cab459bfaeab5f3db,er9_digital,imagenette160,test,3925,12800,r_1_6,awgn,7,0,1,1,,,,,1/3,bpsk,0.8119745222929936,3187,3925,,,531,,,0.0,0.0,0.0,1.0,0.8119745222929936,False,143.449,0.0,own_task_head,2,2048,,,,,,,,,,
791994c23114292605ea5a3daa37d81a2858dbdcfec233f65c805abefdc11ae3,2026-10-02T03:23:58+00:00,2421fd9957a6fb0f3a7ab8bd0d5980e5a7631097,False,,8558f71890a6458e7c33510aabfc2c6a87317f1ad8abec8cab459bfaeab5f3db,er9_digital,imagenette160,test,3925,12800,r_1_6,awgn,7,1,1,1,,,,,1/3,bpsk,0.8119745222929936,3187,3925,,,531,,,0.0,0.0,0.0,1.0,0.8119745222929936,False,131.818,2.066,own_task_head,2,2048,,,,,,,,,,
cf2bb2d609442cb2d0632927894d6275510cb7c24b8d438e3860a82547e0199b,2026-10-02T03:28:34+00:00,2421fd9957a6fb0f3a7ab8bd0d5980e5a7631097,False,,8558f71890a6458e7c33510aabfc2c6a87317f1ad8abec8cab459bfaeab5f3db,er9_digital,imagenette160,test,3925,12800,r_1_6,awgn,7,2,1,1,,,,,1/3,bpsk,0.8119745222929936,3187,3925,,,531,,,0.0,0.0,0.0,1.0,0.8119745222929936,False,141.755,0.0,own_task_head,2,2048,,,,,,,,,,
a9204460747b61f6919ca74ab8c18761909774861eb9c41ab2fdab211a47e5c0,2026-10-02T03:22:56+00:00,2421fd9957a6fb0f3a7ab8bd0d5980e5a7631097,False,,8558f71890a6458e7c33510aabfc2c6a87317f1ad8abec8cab459bfaeab5f3db,er9_digital,imagenette160,test,3925,12800,r_1_6,awgn,7,3,1,1,,,,,1/3,bpsk,0.8119745222929936,3187,3925,,,531,,,0.0,0.0,0.0,1.0,0.8119745222929936,False,132.235,2.066,own_task_head,2,2048,,,,,,,,,,
96e56c83f981ce59492351812424be8f1cca8f2a921504fb75e201c569b23e39,2026-10-02T03:31:58+00:00,2421fd9957a6fb0f3a7ab8bd0d5980e5a7631097,False,,8558f71890a6458e7c33510aabfc2c6a87317f1ad8abec8cab459bfaeab5f3db,er9_digital,imagenette160,test,3925,12800,r_1_6,awgn,7,4,1,1,,,,,1/3,bpsk,0.8119745222929936,3187,3925,,,531,,,0.0,0.0,0.0,1.0,0.8119745222929936,False,140.172,0.0,own_task_head,2,2048,,,,,,,,,,
7b86620b79f5f2ca052a1e7382430ba70c6ee1b56bc838d44aa23c3eb1a70fda,2026-10-02T03:26:07+00:00,2421fd9957a6fb0f3a7ab8bd0d5980e5a7631097,False,,8558f71890a6458e7c33510aabfc2c6a87317f1ad8abec8cab459bfaeab5f3db,er9_digital,imagenette160,test,3925,12800,r_1_6,awgn,7,5,1,1,,,,,1/3,bpsk,0.8119745222929936,3187,3925,,,531,,,0.0,0.0,0.0,1.0,0.8119745222929936,False,128.148,2.066,own_task_head,2,2048,,,,,,,,,,
96cdd1bb59b8514abf140d17962b30bb15b6b12846a02bb67ad9ebeb16889a42,2026-10-02T03:30:55+00:00,2421fd9957a6fb0f3a7ab8bd0d5980e5a7631097,False,,8558f71890a6458e7c33510aabfc2c6a87317f1ad8abec8cab459bfaeab5f3db,er9_digital,imagenette160,test,3925,12800,r_1_6,awgn,7,6,1,1,,,,,1/3,bpsk,0.8119745222929936,3187,3925,,,531,,,0.0,0.0,0.0,1.0,0.8119745222929936,False,140.839,0.0,own_task_head,2,2048,,,,,,,,,,
d33404646c13f427b6dd2a1490eba0e3637057cb54a6394c2aa29eabb48dbc5b,2026-10-02T03:25:07+00:00,2421fd9957a6fb0f3a7ab8bd0d5980e5a7631097,False,,8558f71890a6458e7c33510aabfc2c6a87317f1ad8abec8cab459bfaeab5f3db,er9_digital,imagenette160,test,3925,12800,r_1_6,awgn,7,7,1,1,,,,,1/3,bpsk,0.8119745222929936,3187,3925,,,531,,,0.0,0.0,0.0,1.0,0.8119745222929936,False,130.05,2.066,own_task_head,2,2048,,,,,,,,,,
b9101ecea131c81bb41362a7e683544549a4fe6bcc9c85a2bc2cfdf72583f474,2026-10-02T03:34:14+00:00,2421fd9957a6fb0f3a7ab8bd0d5980e5a7631097,False,,8558f71890a6458e7c33510aabfc2c6a87317f1ad8abec8cab459bfaeab5f3db,er9_digital,imagenette160,test,3925,12800,r_1_6,awgn,7,9,1,1,,,,,1/3,bpsk,0.8119745222929936,3187,3925,,,531,,,0.0,0.0,0.0,1.0,0.8119745222929936,False,135.745,0.0,own_task_head,2,2048,,,,,,,,,,
ae4af09ada0f1fb85107a8c59d70348bf3e789d0e24f9640533a859c157518bb,2026-10-02T03:28:09+00:00,2421fd9957a6fb0f3a7ab8bd0d5980e5a7631097,False,,8558f71890a6458e7c33510aabfc2c6a87317f1ad8abec8cab459bfaeab5f3db,er9_digital,imagenette160,test,3925,12800,r_1_6,awgn,7,11,1,1,,,,,1/3,bpsk,0.8119745222929936,3187,3925,,,531,,,0.0,0.0,0.0,1.0,0.8119745222929936,False,122.642,2.066,own_task_head,2,2048,,,,,,,,,,
3abd1c3c30670117257c92ba6f4f340a472b6ca78b7aacb58408cabf666c77f9,2026-10-02T03:33:15+00:00,2421fd9957a6fb0f3a7ab8bd0d5980e5a7631097,False,,8558f71890a6458e7c33510aabfc2c6a87317f1ad8abec8cab459bfaeab5f3db,er9_digital,imagenette160,test,3925,12800,r_1_6,awgn,7,13,1,1,,,,,1/3,bpsk,0.8119745222929936,3187,3925,,,531,,,0.0,0.0,0.0,1.0,0.8119745222929936,False,140.009,0.0,own_task_head,2,2048,,,,,,,,,,
ce02f4ed4eef69fd7f2721fec93a93df94347fe60849d77fc5719fb814a65599,2026-10-02T03:27:14+00:00,2421fd9957a6fb0f3a7ab8bd0d5980e5a7631097,False,,8558f71890a6458e7c33510aabfc2c6a87317f1ad8abec8cab459bfaeab5f3db,er9_digital,imagenette160,test,3925,12800,r_1_6,awgn,7,15,1,1,,,,,1/3,bpsk,0.8119745222929936,3187,3925,,,531,,,0.0,0.0,0.0,1.0,0.8119745222929936,False,127.313,2.066,own_task_head,2,2048,,,,,,,,,,
2a9c876606cff8a23af139e2a02cb4d1a71f2fe3a0aa17bcd951e3e621b298a5,2026-10-02T03:36:34+00:00,2421fd9957a6fb0f3a7ab8bd0d5980e5a7631097,False,,8558f71890a6458e7c33510aabfc2c6a87317f1ad8abec8cab459bfaeab5f3db,er9_digital,imagenette160,test,3925,12800,r_1_6,awgn,7,18,1,1,,,,,1/3,bpsk,0.8119745222929936,3187,3925,,,531,,,0.0,0.0,0.0,1.0,0.8119745222929936,False,140.086,0.0,own_task_head,2,2048,,,,,,,,,,
b11c31df98a649592b83e13406d2f1321a763ace265cb181122c7ed7eeb47b16,2026-10-02T03:30:06+00:00,2421fd9957a6fb0f3a7ab8bd0d5980e5a7631097,False,,03cb2e76560880a903885470f020058fea266170347cffd4f57095971a1f7633,er9_digital,imagenette160,test,3925,12800,r_1_6,awgn,7,-8,2,2,,,,,1/3,bpsk,0.09859872611464968,387,3925,,,531,,,0.0,1.0,0.0,0.0,,False,116.182,2.066,own_task_head,2,2048,,,,,,,,,,
2f411a2c60b1ac5b3d238a3ca225e929bd2eb91847b125a6d8be414b71f4bee4,2026-10-02T03:35:21+00:00,2421fd9957a6fb0f3a7ab8bd0d5980e5a7631097,False,,03cb2e76560880a903885470f020058fea266170347cffd4f57095971a1f7633,er9_digital,imagenette160,test,3925,12800,r_1_6,awgn,7,-7,2,2,,,,,1/3,bpsk,0.09859872611464968,387,3925,,,531,,,0.0,1.0,0.0,0.0,,False,124.911,0.0,own_task_head,2,2048,,,,,,,,,,
83910d1373f21126450242c9716cd70e06bda8894dd70e4c0a7f30fe520466d2,2026-10-02T03:29:10+00:00,2421fd9957a6fb0f3a7ab8bd0d5980e5a7631097,False,,03cb2e76560880a903885470f020058fea266170347cffd4f57095971a1f7633,er9_digital,imagenette160,test,3925,12800,r_1_6,awgn,7,-6,2,2,,,,,1/3,bpsk,0.09859872611464968,387,3925,,,531,,,0.0,1.0,0.0,0.0,,False,115.5,2.066,own_task_head,2,2048,,,,,,,,,,
177469c1edd8d51760b385e0e04173fdc48dce55359ab153bd8879d009d95b6e,2026-10-02T03:38:40+00:00,2421fd9957a6fb0f3a7ab8bd0d5980e5a7631097,False,,03cb2e76560880a903885470f020058fea266170347cffd4f57095971a1f7633,er9_digital,imagenette160,test,3925,12800,r_1_6,awgn,7,-5,2,2,,,,,1/3,bpsk,0.09859872611464968,387,3925,,,531,,,0.0,1.0,0.0,0.0,,False,125.669,0.0,own_task_head,2,2048,,,,,,,,,,
856da34024d55fb0d9884ebccc437ee14174c0136c443966fe984f74710067fa,2026-10-02T03:32:14+00:00,2421fd9957a6fb0f3a7ab8bd0d5980e5a7631097,False,,03cb2e76560880a903885470f020058fea266170347cffd4f57095971a1f7633,er9_digital,imagenette160,test,3925,12800,r_1_6,awgn,7,-4,2,2,,,,,1/3,bpsk,0.8112101910828026,3184,3925,,,531,,,0.0,0.0,0.0,1.0,0.8112101910828026,False,128.4,2.066,own_task_head,2,2048,,,,,,,,,,
f38bb2c54f888440b95021fd7793db789eba661de3cf72dbcae8eff6ff480f6a,2026-10-02T03:37:36+00:00,2421fd9957a6fb0f3a7ab8bd0d5980e5a7631097,False,,03cb2e76560880a903885470f020058fea266170347cffd4f57095971a1f7633,er9_digital,imagenette160,test,3925,12800,r_1_6,awgn,7,-3,2,2,,,,,1/3,bpsk,0.8112101910828026,3184,3925,,,531,,,0.0,0.0,0.0,1.0,0.8112101910828026,False,134.908,0.0,own_task_head,2,2048,,,,,,,,,,
75cab7331cf499402ce37d5bbbcd4cd7e7bb5c7e55556e669d3f032c143bae50,2026-10-02T03:31:21+00:00,2421fd9957a6fb0f3a7ab8bd0d5980e5a7631097,False,,03cb2e76560880a903885470f020058fea266170347cffd4f57095971a1f7633,er9_digital,imagenette160,test,3925,12800,r_1_6,awgn,7,-2,2,2,,,,,1/3,bpsk,0.8112101910828026,3184,3925,,,531,,,0.0,0.0,0.0,1.0,0.8112101910828026,False,130.604,2.066,own_task_head,2,2048,,,,,,,,,,
6819fa319aba3f1ac801050333cb702ede29a3a3bb54b27323c468b463975555,2026-10-02T03:41:00+00:00,2421fd9957a6fb0f3a7ab8bd0d5980e5a7631097,False,,03cb2e76560880a903885470f020058fea266170347cffd4f57095971a1f7633,er9_digital,imagenette160,test,3925,12800,r_1_6,awgn,7,-1,2,2,,,,,1/3,bpsk,0.8112101910828026,3184,3925,,,531,,,0.0,0.0,0.0,1.0,0.8112101910828026,False,140.098,0.0,own_task_head,2,2048,,,,,,,,,,
5b8ee8c1d05a3622cc39daeec4d0093c720e96529a322ba7cf47bef45c7dd1e8,2026-10-02T03:34:24+00:00,2421fd9957a6fb0f3a7ab8bd0d5980e5a7631097,False,,03cb2e76560880a903885470f020058fea266170347cffd4f57095971a1f7633,er9_digital,imagenette160,test,3925,12800,r_1_6,awgn,7,0,2,2,,,,,1/3,bpsk,0.8112101910828026,3184,3925,,,531,,,0.0,0.0,0.0,1.0,0.8112101910828026,False,129.29,2.066,own_task_head,2,2048,,,,,,,,,,
4198726b8a0e0be7ba2e6a08195b6ab93c5e61d73fdde5cd44b84b9c76aa48f9,2026-10-02T03:39:55+00:00,2421fd9957a6fb0f3a7ab8bd0d5980e5a7631097,False,,03cb2e76560880a903885470f020058fea266170347cffd4f57095971a1f7633,er9_digital,imagenette160,test,3925,12800,r_1_6,awgn,7,1,2,2,,,,,1/3,bpsk,0.8112101910828026,3184,3925,,,531,,,0.0,0.0,0.0,1.0,0.8112101910828026,False,138.983,0.0,own_task_head,2,2048,,,,,,,,,,
bed69a74d570d52f4d0e50ea5c7c4d719156c5108f3371078b518baf150ccc64,2026-10-02T03:33:29+00:00,2421fd9957a6fb0f3a7ab8bd0d5980e5a7631097,False,,03cb2e76560880a903885470f020058fea266170347cffd4f57095971a1f7633,er9_digital,imagenette160,test,3925,12800,r_1_6,awgn,7,2,2,2,,,,,1/3,bpsk,0.8112101910828026,3184,3925,,,531,,,0.0,0.0,0.0,1.0,0.8112101910828026,False,128.157,2.066,own_task_head,2,2048,,,,,,,,,,
f4922e43f446c49e43a6210dadf2ab633c69b52211c26985bfc4387defe3707a,2026-10-02T03:43:18+00:00,2421fd9957a6fb0f3a7ab8bd0d5980e5a7631097,False,,03cb2e76560880a903885470f020058fea266170347cffd4f57095971a1f7633,er9_digital,imagenette160,test,3925,12800,r_1_6,awgn,7,3,2,2,,,,,1/3,bpsk,0.8112101910828026,3184,3925,,,531,,,0.0,0.0,0.0,1.0,0.8112101910828026,False,137.8,0.0,own_task_head,2,2048,,,,,,,,,,
a273ed938d4a6e626b3f708e825611d60ab558bcb9073a4ddc4df2f417f0f804,2026-10-02T03:36:32+00:00,2421fd9957a6fb0f3a7ab8bd0d5980e5a7631097,False,,03cb2e76560880a903885470f020058fea266170347cffd4f57095971a1f7633,er9_digital,imagenette160,test,3925,12800,r_1_6,awgn,7,4,2,2,,,,,1/3,bpsk,0.8112101910828026,3184,3925,,,531,,,0.0,0.0,0.0,1.0,0.8112101910828026,False,128.113,2.066,own_task_head,2,2048,,,,,,,,,,
bbe5982a33db48a59447d7cf088021b7972e79bb033c448114cf49303e4adfd3,2026-10-02T03:42:12+00:00,2421fd9957a6fb0f3a7ab8bd0d5980e5a7631097,False,,03cb2e76560880a903885470f020058fea266170347cffd4f57095971a1f7633,er9_digital,imagenette160,test,3925,12800,r_1_6,awgn,7,5,2,2,,,,,1/3,bpsk,0.8112101910828026,3184,3925,,,531,,,0.0,0.0,0.0,1.0,0.8112101910828026,False,137.189,0.0,own_task_head,2,2048,,,,,,,,,,
6edf465a665afd00702e1f0320906e01a6b843b85b625d4b70870179e73e60ae,2026-10-02T03:35:37+00:00,2421fd9957a6fb0f3a7ab8bd0d5980e5a7631097,False,,03cb2e76560880a903885470f020058fea266170347cffd4f57095971a1f7633,er9_digital,imagenette160,test,3925,12800,r_1_6,awgn,7,6,2,2,,,,,1/3,bpsk,0.8112101910828026,3184,3925,,,531,,,0.0,0.0,0.0,1.0,0.8112101910828026,False,128.334,2.066,own_task_head,2,2048,,,,,,,,,,
6cefe109ffa49bf72cb2e298016b883f1dc8705001a19e0643d854752c92149d,2026-10-02T03:45:25+00:00,2421fd9957a6fb0f3a7ab8bd0d5980e5a7631097,False,,03cb2e76560880a903885470f020058fea266170347cffd4f57095971a1f7633,er9_digital,imagenette160,test,3925,12800,r_1_6,awgn,7,7,2,2,,,,,1/3,bpsk,0.8112101910828026,3184,3925,,,531,,,0.0,0.0,0.0,1.0,0.8112101910828026,False,127.076,0.0,own_task_head,2,2048,,,,,,,,,,
1fab05dc98564d02cdee014bf23d3a4306ddd285ed4cc874a9c948b26e410c45,2026-10-02T03:38:35+00:00,2421fd9957a6fb0f3a7ab8bd0d5980e5a7631097,False,,03cb2e76560880a903885470f020058fea266170347cffd4f57095971a1f7633,er9_digital,imagenette160,test,3925,12800,r_1_6,awgn,7,9,2,2,,,,,1/3,bpsk,0.8112101910828026,3184,3925,,,531,,,0.0,0.0,0.0,1.0,0.8112101910828026,False,122.868,2.066,own_task_head,2,2048,,,,,,,,,,
9d59d2b6be237877ce6caee7ecfc32dc35591ce9c79abe6528c791e74a683bbb,2026-10-02T03:44:32+00:00,2421fd9957a6fb0f3a7ab8bd0d5980e5a7631097,False,,03cb2e76560880a903885470f020058fea266170347cffd4f57095971a1f7633,er9_digital,imagenette160,test,3925,12800,r_1_6,awgn,7,11,2,2,,,,,1/3,bpsk,0.8112101910828026,3184,3925,,,531,,,0.0,0.0,0.0,1.0,0.8112101910828026,False,139.592,0.0,own_task_head,2,2048,,,,,,,,,,
eb08cbe026be4a4ff5d0782f841107fd445859f3ed66d070c8caf37352a69c21,2026-10-02T03:37:47+00:00,2421fd9957a6fb0f3a7ab8bd0d5980e5a7631097,False,,03cb2e76560880a903885470f020058fea266170347cffd4f57095971a1f7633,er9_digital,imagenette160,test,3925,12800,r_1_6,awgn,7,13,2,2,,,,,1/3,bpsk,0.8112101910828026,3184,3925,,,531,,,0.0,0.0,0.0,1.0,0.8112101910828026,False,129.087,2.066,own_task_head,2,2048,,,,,,,,,,
59b7d7c1a32025c4082d0f78fe63bfb778c966c153a1f972b976bcc10d95d9f6,2026-10-02T03:47:41+00:00,2421fd9957a6fb0f3a7ab8bd0d5980e5a7631097,False,,03cb2e76560880a903885470f020058fea266170347cffd4f57095971a1f7633,er9_digital,imagenette160,test,3925,12800,r_1_6,awgn,7,15,2,2,,,,,1/3,bpsk,0.8112101910828026,3184,3925,,,531,,,0.0,0.0,0.0,1.0,0.8112101910828026,False,135.762,0.0,own_task_head,2,2048,,,,,,,,,,
072aa6589b4f101fb886d9354cf605d3c4b2fa5303a05c0907a8b006d9fbf43d,2026-10-02T03:40:44+00:00,2421fd9957a6fb0f3a7ab8bd0d5980e5a7631097,False,,03cb2e76560880a903885470f020058fea266170347cffd4f57095971a1f7633,er9_digital,imagenette160,test,3925,12800,r_1_6,awgn,7,18,2,2,,,,,1/3,bpsk,0.8112101910828026,3184,3925,,,531,,,0.0,0.0,0.0,1.0,0.8112101910828026,False,128.517,2.066,own_task_head,2,2048,,,,,,,,,,
ea7c6da561d8e2edec4b6df62c2bcb1d41546cd5d4024ef64b5074af7a5b535d,2026-10-02T03:50:26+00:00,2421fd9957a6fb0f3a7ab8bd0d5980e5a7631097,False,0051f66832f041bff853e6aba29e5db5c8b690cb30481b73cfe42b6d47d42fcf,not_applicable_untrained_codec,classical_fixed_mcs,imagenette160,test,3925,12800,r_1_6,awgn,7,-8,0,0,,jpeg2000,,,1/2,qam16,0.09859872611464968,387,3925,,,3197,157.0,3002.898853503185,2.568328837133517,1.0,0.0,0.0,,False,354.052,0.0,artifact_finetuned,,,,,,crc24a,1,320,4,2464,0.49953125,
9fa39c130275920793799d429169a3c807e30d6e3d6bbf89778c46ff017e88dc,2026-10-02T03:50:26+00:00,2421fd9957a6fb0f3a7ab8bd0d5980e5a7631097,False,0051f66832f041bff853e6aba29e5db5c8b690cb30481b73cfe42b6d47d42fcf,not_applicable_untrained_codec,classical_fixed_mcs,imagenette160,test,3925,12800,r_1_6,awgn,7,-8,0,0,,jpeg2000,,,1/2,qam16,0.09859872611464968,387,3925,,,3197,157.0,3002.898853503185,2.568328837133517,1.0,0.0,0.0,,False,354.052,0.0,clean,,,,,,crc24a,1,320,4,2464,0.49953125,
aa83f86f70ea3b475324c61f7c485a118efb9685d90ee4d4956e6554082fe501,2026-10-02T03:42:54+00:00,2421fd9957a6fb0f3a7ab8bd0d5980e5a7631097,False,0051f66832f041bff853e6aba29e5db5c8b690cb30481b73cfe42b6d47d42fcf,not_applicable_untrained_codec,classical_fixed_mcs,imagenette160,test,3925,12800,r_1_6,awgn,7,-7,0,0,,jpeg2000,,,1/2,qam16,0.09859872611464968,387,3925,,,3197,157.0,3002.898853503185,2.568328837133517,1.0,0.0,0.0,,False,307.523,2.066,artifact_finetuned,,,,,,crc24a,1,320,4,2464,0.49953125,
5e5db52c517ad3f220a748835df980d58aeb2490e2c0dd1bf5e8943b31a2344d,2026-10-02T03:42:54+00:00,2421fd9957a6fb0f3a7ab8bd0d5980e5a7631097,False,0051f66832f041bff853e6aba29e5db5c8b690cb30481b73cfe42b6d47d42fcf,not_applicable_untrained_codec,classical_fixed_mcs,imagenette160,test,3925,12800,r_1_6,awgn,7,-7,0,0,,jpeg2000,,,1/2,qam16,0.09859872611464968,387,3925,,,3197,157.0,3002.898853503185,2.568328837133517,1.0,0.0,0.0,,False,307.523,2.066,clean,,,,,,crc24a,1,320,4,2464,0.49953125,
11861def9dcb6773a9118d898539eaf1ad178315309a49404e1fb73a63b394cd,2026-10-02T03:53:42+00:00,2421fd9957a6fb0f3a7ab8bd0d5980e5a7631097,False,0051f66832f041bff853e6aba29e5db5c8b690cb30481b73cfe42b6d47d42fcf,not_applicable_untrained_codec,classical_fixed_mcs,imagenette160,test,3925,12800,r_1_6,awgn,7,-6,0,0,,jpeg2000,,,1/2,qam16,0.09859872611464968,387,3925,,,3197,157.0,3002.898853503185,2.568328837133517,1.0,0.0,0.0,,False,360.178,0.0,artifact_finetuned,,,,,,crc24a,1,320,4,2464,0.49953125,
feaa05de5020d31fa21b4330fb5325c6599bf8bc22d0c9e6cca0143d92fb893b,2026-10-02T03:53:42+00:00,2421fd9957a6fb0f3a7ab8bd0d5980e5a7631097,False,0051f66832f041bff853e6aba29e5db5c8b690cb30481b73cfe42b6d47d42fcf,not_applicable_untrained_codec,classical_fixed_mcs,imagenette160,test,3925,12800,r_1_6,awgn,7,-6,0,0,,jpeg2000,,,1/2,qam16,0.09859872611464968,387,3925,,,3197,157.0,3002.898853503185,2.568328837133517,1.0,0.0,0.0,,False,360.178,0.0,clean,,,,,,crc24a,1,320,4,2464,0.49953125,
a12dd248df7f61fe429157b4d9a6f115e8e89eb3d609e20b15f536e7b8bdb453,2026-10-02T03:45:55+00:00,2421fd9957a6fb0f3a7ab8bd0d5980e5a7631097,False,0051f66832f041bff853e6aba29e5db5c8b690cb30481b73cfe42b6d47d42fcf,not_applicable_untrained_codec,classical_fixed_mcs,imagenette160,test,3925,12800,r_1_6,awgn,7,-5,0,0,,jpeg2000,,,1/2,qam16,0.09859872611464968,387,3925,,,3197,157.0,3002.898853503185,2.568328837133517,1.0,0.0,0.0,,False,311.281,2.066,artifact_finetuned,,,,,,crc24a,1,320,4,2464,0.49953125,
01d10fda9de99047a215aa0a59a16acde5ee00318e31040383d4954ac241740b,2026-10-02T03:45:55+00:00,2421fd9957a6fb0f3a7ab8bd0d5980e5a7631097,False,0051f66832f041bff853e6aba29e5db5c8b690cb30481b73cfe42b6d47d42fcf,not_applicable_untrained_codec,classical_fixed_mcs,imagenette160,test,3925,12800,r_1_6,awgn,7,-5,0,0,,jpeg2000,,,1/2,qam16,0.09859872611464968,387,3925,,,3197,157.0,3002.898853503185,2.568328837133517,1.0,0.0,0.0,,False,311.281,2.066,clean,,,,,,crc24a,1,320,4,2464,0.49953125,
e1df8c759f04b2b48b2033b1fa5659b122d54eef896cb2c2ab1704dcb2397c16,2026-10-02T03:56:22+00:00,2421fd9957a6fb0f3a7ab8bd0d5980e5a7631097,False,0051f66832f041bff853e6aba29e5db5c8b690cb30481b73cfe42b6d47d42fcf,not_applicable_untrained_codec,classical_fixed_mcs,imagenette160,test,3925,12800,r_1_6,awgn,7,-4,0,0,,jpeg2000,,,1/2,qam16,0.09859872611464968,387,3925,,,3197,157.0,3002.898853503185,2.568328837133517,1.0,0.0,0.0,,False,355.412,0.0,artifact_finetuned,,,,,,crc24a,1,320,4,2464,0.49953125,
2859e9985c5d1c8eb44ef69bda8560e8447a18573366422a60970f94a478d82d,2026-10-02T03:56:22+00:00,2421fd9957a6fb0f3a7ab8bd0d5980e5a7631097,False,0051f66832f041bff853e6aba29e5db5c8b690cb30481b73cfe42b6d47d42fcf,not_applicable_untrained_codec,classical_fixed_mcs,imagenette160,test,3925,12800,r_1_6,awgn,7,-4,0,0,,jpeg2000,,,1/2,qam16,0.09859872611464968,387,3925,,,3197,157.0,3002.898853503185,2.568328837133517,1.0,0.0,0.0,,False,355.412,0.0,clean,,,,,,crc24a,1,320,4,2464,0.49953125,
77fba16d9c3d8270a134a313de8f253e2263066fb253d945b0d993c2f58bb71d,2026-10-02T03:48:10+00:00,2421fd9957a6fb0f3a7ab8bd0d5980e5a7631097,False,0051f66832f041bff853e6aba29e5db5c8b690cb30481b73cfe42b6d47d42fcf,not_applicable_untrained_codec,classical_fixed_mcs,imagenette160,test,3925,12800,r_1_6,awgn,7,-3,0,0,,jpeg2000,,,1/2,qam16,0.09859872611464968,387,3925,,,3197,157.0,3002.898853503185,2.568328837133517,1.0,0.0,0.0,,False,315.483,2.066,artifact_finetuned,,,,,,crc24a,1,320,4,2464,0.49953125,
54e48b448501f8441cb85e9a6d8a7e238308b1fce5ff0f572621a1e3c8f14923,2026-10-02T03:48:10+00:00,2421fd9957a6fb0f3a7ab8bd0d5980e5a7631097,False,0051f66832f041bff853e6aba29e5db5c8b690cb30481b73cfe42b6d47d42fcf,not_applicable_untrained_codec,classical_fixed_mcs,imagenette160,test,3925,12800,r_1_6,awgn,7,-3,0,0,,jpeg2000,,,1/2,qam16,0.09859872611464968,387,3925,,,3197,157.0,3002.898853503185,2.568328837133517,1.0,0.0,0.0,,False,315.483,2.066,clean,,,,,,crc24a,1,320,4,2464,0.49953125,
11bc28ca3e10b182342326b882330836f9688af254a8ddd08ace3c1b11b5d5ca,2026-10-02T03:59:26+00:00,2421fd9957a6fb0f3a7ab8bd0d5980e5a7631097,False,0051f66832f041bff853e6aba29e5db5c8b690cb30481b73cfe42b6d47d42fcf,not_applicable_untrained_codec,classical_fixed_mcs,imagenette160,test,3925,12800,r_1_6,awgn,7,-2,0,0,,jpeg2000,,,1/2,qam16,0.09859872611464968,387,3925,,,3197,157.0,3002.898853503185,2.568328837133517,1.0,0.0,0.0,,False,343.884,0.0,artifact_finetuned,,,,,,crc24a,1,320,4,2464,0.49953125,
495c5d36f22200b005d92afdb3766c91601855cb08e81485716d89d837df3ffa,2026-10-02T03:59:26+00:00,2421fd9957a6fb0f3a7ab8bd0d5980e5a7631097,False,0051f66832f041bff853e6aba29e5db5c8b690cb30481b73cfe42b6d47d42fcf,not_applicable_untrained_codec,classical_fixed_mcs,imagenette160,test,3925,12800,r_1_6,awgn,7,-2,0,0,,jpeg2000,,,1/2,qam16,0.09859872611464968,387,3925,,,3197,157.0,3002.898853503185,2.568328837133517,1.0,0.0,0.0,,False,343.884,0.0,clean,,,,,,crc24a,1,320,4,2464,0.49953125,
b4d4efcc1d0591850c2cfe54b2726ef51feb303cf6e6beb93be8d7d4e6d52d66,2026-10-02T03:51:29+00:00,2421fd9957a6fb0f3a7ab8bd0d5980e5a7631097,False,0051f66832f041bff853e6aba29e5db5c8b690cb30481b73cfe42b6d47d42fcf,not_applicable_untrained_codec,classical_fixed_mcs,imagenette160,test,3925,12800,r_1_6,awgn,7,-1,0,0,,jpeg2000,,,1/2,qam16,0.09859872611464968,387,3925,,,3197,157.0,3002.898853503185,2.568328837133517,1.0,0.0,0.0,,False,333.113,2.066,artifact_finetuned,,,,,,crc24a,1,320,4,2464,0.49953125,
2a6825b86e38823ffce809452cb9fc39220ba66b12d72366d67ad766add32da5,2026-10-02T03:51:29+00:00,2421fd9957a6fb0f3a7ab8bd0d5980e5a7631097,False,0051f66832f041bff853e6aba29e5db5c8b690cb30481b73cfe42b6d47d42fcf,not_applicable_untrained_codec,classical_fixed_mcs,imagenette160,test,3925,12800,r_1_6,awgn,7,-1,0,0,,jpeg2000,,,1/2,qam16,0.09859872611464968,387,3925,,,3197,157.0,3002.898853503185,2.568328837133517,1.0,0.0,0.0,,False,333.113,2.066,clean,,,,,,crc24a,1,320,4,2464,0.49953125,
e7715bc91723b4512f79bf14825ba843f53bdb8f5d4d0c530954c44ed039b119,2026-10-02T04:02:08+00:00,2421fd9957a6fb0f3a7ab8bd0d5980e5a7631097,False,0051f66832f041bff853e6aba29e5db5c8b690cb30481b73cfe42b6d47d42fcf,not_applicable_untrained_codec,classical_fixed_mcs,imagenette160,test,3925,12800,r_1_6,awgn,7,0,0,0,,jpeg2000,,,1/2,qam16,0.09859872611464968,387,3925,,,3197,157.0,3002.898853503185,2.568328837133517,1.0,0.0,0.0,,False,345.727,0.0,artifact_finetuned,,,,,,crc24a,1,320,4,2464,0.49953125,
0804203b083b45124a2f2b7034c5d33083062bb8847fdbc3b446dd7e82e3d8ff,2026-10-02T04:02:08+00:00,2421fd9957a6fb0f3a7ab8bd0d5980e5a7631097,False,0051f66832f041bff853e6aba29e5db5c8b690cb30481b73cfe42b6d47d42fcf,not_applicable_untrained_codec,classical_fixed_mcs,imagenette160,test,3925,12800,r_1_6,awgn,7,0,0,0,,jpeg2000,,,1/2,qam16,0.09859872611464968,387,3925,,,3197,157.0,3002.898853503185,2.568328837133517,1.0,0.0,0.0,,False,345.727,0.0,clean,,,,,,crc24a,1,320,4,2464,0.49953125,
24b986339eee1bf5bac5b8b8b7f01f698af8691e429c94b6a4000bbfca72bc18,2026-10-02T03:53:43+00:00,2421fd9957a6fb0f3a7ab8bd0d5980e5a7631097,False,0051f66832f041bff853e6aba29e5db5c8b690cb30481b73cfe42b6d47d42fcf,not_applicable_untrained_codec,classical_fixed_mcs,imagenette160,test,3925,12800,r_1_6,awgn,7,1,0,0,,jpeg2000,,,1/2,qam16,0.09859872611464968,387,3925,,,3197,157.0,3002.898853503185,2.568328837133517,1.0,0.0,0.0,,False,332.983,2.066,artifact_finetuned,,,,,,crc24a,1,320,4,2464,0.49953125,
fd17b0d1a90386ba59afafc0faf5946c26f71e965cdc74225f0b06428d1b0355,2026-10-02T03:53:43+00:00,2421fd9957a6fb0f3a7ab8bd0d5980e5a7631097,False,0051f66832f041bff853e6aba29e5db5c8b690cb30481b73cfe42b6d47d42fcf,not_applicable_untrained_codec,classical_fixed_mcs,imagenette160,test,3925,12800,r_1_6,awgn,7,1,0,0,,jpeg2000,,,1/2,qam16,0.09859872611464968,387,3925,,,3197,157.0,3002.898853503185,2.568328837133517,1.0,0.0,0.0,,False,332.983,2.066,clean,,,,,,crc24a,1,320,4,2464,0.49953125,
ac48f1870f1316d0a2e6e5e1ccf054bc2ca9e77b8f9f7cc786b67b78d41ad1a0,2026-10-02T04:05:38+00:00,2421fd9957a6fb0f3a7ab8bd0d5980e5a7631097,False,0051f66832f041bff853e6aba29e5db5c8b690cb30481b73cfe42b6d47d42fcf,not_applicable_untrained_codec,classical_fixed_mcs,imagenette160,test,3925,12800,r_1_6,awgn,7,2,0,0,,jpeg2000,,,1/2,qam16,0.09859872611464968,387,3925,,,3197,157.0,3002.898853503185,2.568328837133517,1.0,0.0,0.0,,False,371.812,0.0,artifact_finetuned,,,,,,crc24a,1,320,4,2464,0.49953125,
7180bd96cfadfabb4082b8f48a4c097ed1f0cb2a4ac3d7a752ff3f0ddb07870e,2026-10-02T04:05:38+00:00,2421fd9957a6fb0f3a7ab8bd0d5980e5a7631097,False,0051f66832f041bff853e6aba29e5db5c8b690cb30481b73cfe42b6d47d42fcf,not_applicable_untrained_codec,classical_fixed_mcs,imagenette160,test,3925,12800,r_1_6,awgn,7,2,0,0,,jpeg2000,,,1/2,qam16,0.09859872611464968,387,3925,,,3197,157.0,3002.898853503185,2.568328837133517,1.0,0.0,0.0,,False,371.812,0.0,clean,,,,,,crc24a,1,320,4,2464,0.49953125,
ab03657579bdc492094e9ec18735d07e5d7a37b83fa98c5af7b95dd44e4bdc98,2026-10-02T03:56:45+00:00,2421fd9957a6fb0f3a7ab8bd0d5980e5a7631097,False,0051f66832f041bff853e6aba29e5db5c8b690cb30481b73cfe42b6d47d42fcf,not_applicable_untrained_codec,classical_fixed_mcs,imagenette160,test,3925,12800,r_1_6,awgn,7,3,0,0,,jpeg2000,,,1/2,qam16,0.09859872611464968,387,3925,,,3197,157.0,3002.898853503185,2.568328837133517,1.0,0.0,0.0,,False,315.947,2.066,artifact_finetuned,,,,,,crc24a,1,320,4,2464,0.49953125,
014fd983ddaa94de245a81097231312105c3e81bccd7fecca52ed342e095b948,2026-10-02T03:56:45+00:00,2421fd9957a6fb0f3a7ab8bd0d5980e5a7631097,False,0051f66832f041bff853e6aba29e5db5c8b690cb30481b73cfe42b6d47d42fcf,not_applicable_untrained_codec,classical_fixed_mcs,imagenette160,test,3925,12800,r_1_6,awgn,7,3,0,0,,jpeg2000,,,1/2,qam16,0.09859872611464968,387,3925,,,3197,157.0,3002.898853503185,2.568328837133517,1.0,0.0,0.0,,False,315.947,2.066,clean,,,,,,crc24a,1,320,4,2464,0.49953125,
085fef2263578d624ff9041bfc69ffc6ff6d7b3728c8002f9218ec1068f70b2c,2026-10-02T04:08:22+00:00,2421fd9957a6fb0f3a7ab8bd0d5980e5a7631097,False,0051f66832f041bff853e6aba29e5db5c8b690cb30481b73cfe42b6d47d42fcf,not_applicable_untrained_codec,classical_fixed_mcs,imagenette160,test,3925,12800,r_1_6,awgn,7,4,0,0,,jpeg2000,,,1/2,qam16,0.09859872611464968,387,3925,,,3197,157.0,3002.898853503185,2.568328837133517,1.0,0.0,0.0,,False,374.141,0.0,artifact_finetuned,,,,,,crc24a,1,320,4,2464,0.49953125,
7b9cbf8e0e46f6c33e6a45324f96c860663da6874e24ece1956bd688ff671637,2026-10-02T04:08:22+00:00,2421fd9957a6fb0f3a7ab8bd0d5980e5a7631097,False,0051f66832f041bff853e6aba29e5db5c8b690cb30481b73cfe42b6d47d42fcf,not_applicable_untrained_codec,classical_fixed_mcs,imagenette160,test,3925,12800,r_1_6,awgn,7,4,0,0,,jpeg2000,,,1/2,qam16,0.09859872611464968,387,3925,,,3197,157.0,3002.898853503185,2.568328837133517,1.0,0.0,0.0,,False,374.141,0.0,clean,,,,,,crc24a,1,320,4,2464,0.49953125,
303e1739157c1b4c1b4f83be0189a07301ee9fec2800028d7ca9642bf136bfc5,2026-10-02T03:59:11+00:00,2421fd9957a6fb0f3a7ab8bd0d5980e5a7631097,False,0051f66832f041bff853e6aba29e5db5c8b690cb30481b73cfe42b6d47d42fcf,not_applicable_untrained_codec,classical_fixed_mcs,imagenette160,test,3925,12800,r_1_6,awgn,7,5,0,0,,jpeg2000,,,1/2,qam16,0.09859872611464968,387,3925,,,3197,157.0,3002.898853503185,2.568328837133517,1.0,0.0,0.0,,False,326.907,2.066,artifact_finetuned,,,,,,crc24a,1,320,4,2464,0.49953125,
cf08c1208526ce75343b7f443a92becfb535cf4d4c7d601dcb1468af18f0d998,2026-10-02T03:59:11+00:00,2421fd9957a6fb0f3a7ab8bd0d5980e5a7631097,False,0051f66832f041bff853e6aba29e5db5c8b690cb30481b73cfe42b6d47d42fcf,not_applicable_untrained_codec,classical_fixed_mcs,imagenette160,test,3925,12800,r_1_6,awgn,7,5,0,0,,jpeg2000,,,1/2,qam16,0.09859872611464968,387,3925,,,3197,157.0,3002.898853503185,2.568328837133517,1.0,0.0,0.0,,False,326.907,2.066,clean,,,,,,crc24a,1,320,4,2464,0.49953125,
f51fe8f9faf7fc9b3aaea8426fa49cebea5dac3bfbf43610d0e16d0182411467,2026-10-02T04:11:35+00:00,2421fd9957a6fb0f3a7ab8bd0d5980e5a7631097,False,0051f66832f041bff853e6aba29e5db5c8b690cb30481b73cfe42b6d47d42fcf,not_applicable_untrained_codec,classical_fixed_mcs,imagenette160,test,3925,12800,r_1_6,awgn,7,6,0,0,,jpeg2000,,,1/2,qam16,0.09885350318471338,388,3925,37.36239919068262,0.9669068737007017,3197,157.0,3002.898853503185,2.568328837133517,0.9997452229299363,0.0,0.00025477707006369424,1.0,False,356.359,0.0,artifact_finetuned,,,,,,crc24a,1,320,4,2464,0.49953125,
10dc8fc69afc9812e62c874440fee7f69587434669a86e25e3c6243fd6cfabf9,2026-10-02T04:11:35+00:00,2421fd9957a6fb0f3a7ab8bd0d5980e5a7631097,False,0051f66832f041bff853e6aba29e5db5c8b690cb30481b73cfe42b6d47d42fcf,not_applicable_untrained_codec,classical_fixed_mcs,imagenette160,test,3925,12800,r_1_6,awgn,7,6,0,0,,jpeg2000,,,1/2,qam16,0.09885350318471338,388,3925,37.36239919068262,0.9669068737007017,3197,157.0,3002.898853503185,2.568328837133517,0.9997452229299363,0.0,0.00025477707006369424,1.0,False,356.359,0.0,clean,,,,,,crc24a,1,320,4,2464,0.49953125,
b6e065cba974dbc249a88cfb5f4f651de27be035f07a3e57cc23d45d40b0c6f1,2026-10-02T04:05:34+00:00,2421fd9957a6fb0f3a7ab8bd0d5980e5a7631097,False,0051f66832f041bff853e6aba29e5db5c8b690cb30481b73cfe42b6d47d42fcf,not_applicable_untrained_codec,classical_fixed_mcs,imagenette160,test,3925,12800,r_1_6,awgn,7,7,0,0,,jpeg2000,,,1/2,qam16,0.8654777070063694,3397,3925,32.54031931187388,0.9064080946799966,3197,157.0,3002.898853503185,2.568328837133517,0.0,0.0,1.0,0.8654777070063694,False,529.026,2.066,artifact_finetuned,,,,,,crc24a,1,320,4,2464,0.49953125,
235bc7c460a0c8953f0a8f8b8d019388767fec05ae28f2725b1d69a18b85bdcf,2026-10-02T04:05:34+00:00,2421fd9957a6fb0f3a7ab8bd0d5980e5a7631097,False,0051f66832f041bff853e6aba29e5db5c8b690cb30481b73cfe42b6d47d42fcf,not_applicable_untrained_codec,classical_fixed_mcs,imagenette160,test,3925,12800,r_1_6,awgn,7,7,0,0,,jpeg2000,,,1/2,qam16,0.8754140127388536,3436,3925,32.54031931187388,0.9064080946799966,3197,157.0,3002.898853503185,2.568328837133517,0.0,0.0,1.0,0.8754140127388536,False,529.026,2.066,clean,,,,,,crc24a,1,320,4,2464,0.49953125,
86c83e35db273861506f8712fab5cca0e048622037f7c88930ec574465dfc52f,2026-10-02T04:16:59+00:00,2421fd9957a6fb0f3a7ab8bd0d5980e5a7631097,False,0051f66832f041bff853e6aba29e5db5c8b690cb30481b73cfe42b6d47d42fcf,not_applicable_untrained_codec,classical_fixed_mcs,imagenette160,test,3925,12800,r_1_6,awgn,7,9,0,0,,jpeg2000,,,1/2,qam16,0.8654777070063694,3397,3925,32.54031931187388,0.9064080946799966,3197,157.0,3002.898853503185,2.568328837133517,0.0,0.0,1.0,0.8654777070063694,False,516.715,0.0,artifact_finetuned,,,,,,crc24a,1,320,4,2464,0.49953125,
0f8647e5d20dc6bd9db32353613ece6245a2d3933bb9eb7f3a3ee546214f821c,2026-10-02T04:16:59+00:00,2421fd9957a6fb0f3a7ab8bd0d5980e5a7631097,False,0051f66832f041bff853e6aba29e5db5c8b690cb30481b73cfe42b6d47d42fcf,not_applicable_untrained_codec,classical_fixed_mcs,imagenette160,test,3925,12800,r_1_6,awgn,7,9,0,0,,jpeg2000,,,1/2,qam16,0.8754140127388536,3436,3925,32.54031931187388,0.9064080946799966,3197,157.0,3002.898853503185,2.568328837133517,0.0,0.0,1.0,0.8754140127388536,False,516.715,0.0,clean,,,,,,crc24a,1,320,4,2464,0.49953125,
535429c41ac802ab8539c5a250206fa81b9cc4efe7b80fd6d111cd9d7c94f438,2026-10-02T04:07:46+00:00,2421fd9957a6fb0f3a7ab8bd0d5980e5a7631097,False,0051f66832f041bff853e6aba29e5db5c8b690cb30481b73cfe42b6d47d42fcf,not_applicable_untrained_codec,classical_fixed_mcs,imagenette160,test,3925,12800,r_1_6,awgn,7,11,0,0,,jpeg2000,,,1/2,qam16,0.8654777070063694,3397,3925,32.54031931187388,0.9064080946799966,3197,157.0,3002.898853503185,2.568328837133517,0.0,0.0,1.0,0.8654777070063694,False,515.218,2.066,artifact_finetuned,,,,,,crc24a,1,320,4,2464,0.49953125,
911500bc688577ce6adaefa422374f9ea3a7e2dea929a7c0e32e9e61fb8b0dac,2026-10-02T04:07:46+00:00,2421fd9957a6fb0f3a7ab8bd0d5980e5a7631097,False,0051f66832f041bff853e6aba29e5db5c8b690cb30481b73cfe42b6d47d42fcf,not_applicable_untrained_codec,classical_fixed_mcs,imagenette160,test,3925,12800,r_1_6,awgn,7,11,0,0,,jpeg2000,,,1/2,qam16,0.8754140127388536,3436,3925,32.54031931187388,0.9064080946799966,3197,157.0,3002.898853503185,2.568328837133517,0.0,0.0,1.0,0.8754140127388536,False,515.218,2.066,clean,,,,,,crc24a,1,320,4,2464,0.49953125,
852c9919d4c16b05619e8cbf01a31fa0fd47c6db462c9b196d28af10631cc8aa,2026-10-02T04:20:06+00:00,2421fd9957a6fb0f3a7ab8bd0d5980e5a7631097,False,0051f66832f041bff853e6aba29e5db5c8b690cb30481b73cfe42b6d47d42fcf,not_applicable_untrained_codec,classical_fixed_mcs,imagenette160,test,3925,12800,r_1_6,awgn,7,13,0,0,,jpeg2000,,,1/2,qam16,0.8654777070063694,3397,3925,32.54031931187388,0.9064080946799966,3197,157.0,3002.898853503185,2.568328837133517,0.0,0.0,1.0,0.8654777070063694,False,511.225,0.0,artifact_finetuned,,,,,,crc24a,1,320,4,2464,0.49953125,
b289e783217d189fb8eeb63309da56d978954d765f3604a34c275f0a0d7fc826,2026-10-02T04:20:06+00:00,2421fd9957a6fb0f3a7ab8bd0d5980e5a7631097,False,0051f66832f041bff853e6aba29e5db5c8b690cb30481b73cfe42b6d47d42fcf,not_applicable_untrained_codec,classical_fixed_mcs,imagenette160,test,3925,12800,r_1_6,awgn,7,13,0,0,,jpeg2000,,,1/2,qam16,0.8754140127388536,3436,3925,32.54031931187388,0.9064080946799966,3197,157.0,3002.898853503185,2.568328837133517,0.0,0.0,1.0,0.8754140127388536,False,511.225,0.0,clean,,,,,,crc24a,1,320,4,2464,0.49953125,
6bd6d061ef2c38ebd75163f682134757250bfaeb7053f3d566071605eb3157a0,2026-10-02T04:13:30+00:00,2421fd9957a6fb0f3a7ab8bd0d5980e5a7631097,False,0051f66832f041bff853e6aba29e5db5c8b690cb30481b73cfe42b6d47d42fcf,not_applicable_untrained_codec,classical_fixed_mcs,imagenette160,test,3925,12800,r_1_6,awgn,7,15,0,0,,jpeg2000,,,1/2,qam16,0.8654777070063694,3397,3925,32.54031931187388,0.9064080946799966,3197,157.0,3002.898853503185,2.568328837133517,0.0,0.0,1.0,0.8654777070063694,False,475.527,2.066,artifact_finetuned,,,,,,crc24a,1,320,4,2464,0.49953125,
08710e81305a5bc241a496e3be0e7061b1621d6fd35fedcf00becbc4c48f5fab,2026-10-02T04:13:30+00:00,2421fd9957a6fb0f3a7ab8bd0d5980e5a7631097,False,0051f66832f041bff853e6aba29e5db5c8b690cb30481b73cfe42b6d47d42fcf,not_applicable_untrained_codec,classical_fixed_mcs,imagenette160,test,3925,12800,r_1_6,awgn,7,15,0,0,,jpeg2000,,,1/2,qam16,0.8754140127388536,3436,3925,32.54031931187388,0.9064080946799966,3197,157.0,3002.898853503185,2.568328837133517,0.0,0.0,1.0,0.8754140127388536,False,475.527,2.066,clean,,,,,,crc24a,1,320,4,2464,0.49953125,
7fb91c9dab5a20929705c7826db8b53d20f86bce64ed6ef61c0a42b216f556da,2026-10-02T04:25:34+00:00,2421fd9957a6fb0f3a7ab8bd0d5980e5a7631097,False,0051f66832f041bff853e6aba29e5db5c8b690cb30481b73cfe42b6d47d42fcf,not_applicable_untrained_codec,classical_fixed_mcs,imagenette160,test,3925,12800,r_1_6,awgn,7,18,0,0,,jpeg2000,,,1/2,qam16,0.8654777070063694,3397,3925,32.54031931187388,0.9064080946799966,3197,157.0,3002.898853503185,2.568328837133517,0.0,0.0,1.0,0.8654777070063694,False,514.655,0.0,artifact_finetuned,,,,,,crc24a,1,320,4,2464,0.49953125,
f87878f0dcdfaf1111f67ab4c5e37be964c2ef7709d24400c9e455a13f2292fb,2026-10-02T04:25:34+00:00,2421fd9957a6fb0f3a7ab8bd0d5980e5a7631097,False,0051f66832f041bff853e6aba29e5db5c8b690cb30481b73cfe42b6d47d42fcf,not_applicable_untrained_codec,classical_fixed_mcs,imagenette160,test,3925,12800,r_1_6,awgn,7,18,0,0,,jpeg2000,,,1/2,qam16,0.8754140127388536,3436,3925,32.54031931187388,0.9064080946799966,3197,157.0,3002.898853503185,2.568328837133517,0.0,0.0,1.0,0.8754140127388536,False,514.655,0.0,clean,,,,,,crc24a,1,320,4,2464,0.49953125,
f1977b748b72414b10fe6d621f7c6d1feb645f6a967c59d908ea9c44f9fcadb1,2026-10-02T04:12:55+00:00,2421fd9957a6fb0f3a7ab8bd0d5980e5a7631097,False,0051f66832f041bff853e6aba29e5db5c8b690cb30481b73cfe42b6d47d42fcf,not_applicable_untrained_codec,classical_fixed_mcs,imagenette160,test,3925,12800,r_1_6,awgn,7,-8,1,1,,jpeg2000,,,1/2,qam16,0.09859872611464968,387,3925,,,3197,157.0,3002.898853503185,2.568328837133517,1.0,0.0,0.0,,False,308.034,2.066,artifact_finetuned,,,,,,crc24a,1,320,4,2464,0.49953125,
198d41044105906669703793cda3c2762ecc1497b91fb4cba2c3ad14821b6e6c,2026-10-02T04:12:55+00:00,2421fd9957a6fb0f3a7ab8bd0d5980e5a7631097,False,0051f66832f041bff853e6aba29e5db5c8b690cb30481b73cfe42b6d47d42fcf,not_applicable_untrained_codec,classical_fixed_mcs,imagenette160,test,3925,12800,r_1_6,awgn,7,-8,1,1,,jpeg2000,,,1/2,qam16,0.09859872611464968,387,3925,,,3197,157.0,3002.898853503185,2.568328837133517,1.0,0.0,0.0,,False,308.034,2.066,clean,,,,,,crc24a,1,320,4,2464,0.49953125,
84f15bf326c13b5eb13058063d58d2eaf6b475077d1c71a6dfb806f85e5e3970,2026-10-02T04:25:51+00:00,2421fd9957a6fb0f3a7ab8bd0d5980e5a7631097,False,0051f66832f041bff853e6aba29e5db5c8b690cb30481b73cfe42b6d47d42fcf,not_applicable_untrained_codec,classical_fixed_mcs,imagenette160,test,3925,12800,r_1_6,awgn,7,-7,1,1,,jpeg2000,,,1/2,qam16,0.09859872611464968,387,3925,,,3197,157.0,3002.898853503185,2.568328837133517,1.0,0.0,0.0,,False,344.767,0.0,artifact_finetuned,,,,,,crc24a,1,320,4,2464,0.49953125,
661bd60d00d06f17ea1a897966878209a56352228553147749f1bda2f6fc2961,2026-10-02T04:25:51+00:00,2421fd9957a6fb0f3a7ab8bd0d5980e5a7631097,False,0051f66832f041bff853e6aba29e5db5c8b690cb30481b73cfe42b6d47d42fcf,not_applicable_untrained_codec,classical_fixed_mcs,imagenette160,test,3925,12800,r_1_6,awgn,7,-7,1,1,,jpeg2000,,,1/2,qam16,0.09859872611464968,387,3925,,,3197,157.0,3002.898853503185,2.568328837133517,1.0,0.0,0.0,,False,344.767,0.0,clean,,,,,,crc24a,1,320,4,2464,0.49953125,
e4afdfc9f56f3363e134dd1eb44edde27ecf6ddb7bb7f0ba810880128c0432bd,2026-10-02T04:19:41+00:00,2421fd9957a6fb0f3a7ab8bd0d5980e5a7631097,False,0051f66832f041bff853e6aba29e5db5c8b690cb30481b73cfe42b6d47d42fcf,not_applicable_untrained_codec,classical_fixed_mcs,imagenette160,test,3925,12800,r_1_6,awgn,7,-6,1,1,,jpeg2000,,,1/2,qam16,0.09859872611464968,387,3925,,,3197,157.0,3002.898853503185,2.568328837133517,1.0,0.0,0.0,,False,370.366,2.066,artifact_finetuned,,,,,,crc24a,1,320,4,2464,0.49953125,
ae21bffa3928f26f809b137e60ae4fac11a1c5ec12bd29360ea8df0d7f2084d4,2026-10-02T04:19:41+00:00,2421fd9957a6fb0f3a7ab8bd0d5980e5a7631097,False,0051f66832f041bff853e6aba29e5db5c8b690cb30481b73cfe42b6d47d42fcf,not_applicable_untrained_codec,classical_fixed_mcs,imagenette160,test,3925,12800,r_1_6,awgn,7,-6,1,1,,jpeg2000,,,1/2,qam16,0.09859872611464968,387,3925,,,3197,157.0,3002.898853503185,2.568328837133517,1.0,0.0,0.0,,False,370.366,2.066,clean,,,,,,crc24a,1,320,4,2464,0.49953125,
b5cca2cd49c84f4636ce7903db9db8abe4eb70f9fb1f9197f6cce7dad759c368,2026-10-02T04:32:03+00:00,2421fd9957a6fb0f3a7ab8bd0d5980e5a7631097,False,0051f66832f041bff853e6aba29e5db5c8b690cb30481b73cfe42b6d47d42fcf,not_applicable_untrained_codec,classical_fixed_mcs,imagenette160,test,3925,12800,r_1_6,awgn,7,-5,1,1,,jpeg2000,,,1/2,qam16,0.09859872611464968,387,3925,,,3197,157.0,3002.898853503185,2.568328837133517,1.0,0.0,0.0,,False,388.871,0.0,artifact_finetuned,,,,,,crc24a,1,320,4,2464,0.49953125,
b500e2994f3c05354b14ed912f43054d93cd3ec14277bf0af7a5427eb8d90edc,2026-10-02T04:32:03+00:00,2421fd9957a6fb0f3a7ab8bd0d5980e5a7631097,False,0051f66832f041bff853e6aba29e5db5c8b690cb30481b73cfe42b6d47d42fcf,not_applicable_untrained_codec,classical_fixed_mcs,imagenette160,test,3925,12800,r_1_6,awgn,7,-5,1,1,,jpeg2000,,,1/2,qam16,0.09859872611464968,387,3925,,,3197,157.0,3002.898853503185,2.568328837133517,1.0,0.0,0.0,,False,388.871,0.0,clean,,,,,,crc24a,1,320,4,2464,0.49953125,
9d3fc57dccbe813a66918808c215a1b1741a4a32dcd9ec8311c818fa45331cf1,2026-10-02T04:19:08+00:00,2421fd9957a6fb0f3a7ab8bd0d5980e5a7631097,False,0051f66832f041bff853e6aba29e5db5c8b690cb30481b73cfe42b6d47d42fcf,not_applicable_untrained_codec,classical_fixed_mcs,imagenette160,test,3925,12800,r_1_6,awgn,7,-4,1,1,,jpeg2000,,,1/2,qam16,0.09859872611464968,387,3925,,,3197,157.0,3002.898853503185,2.568328837133517,1.0,0.0,0.0,,False,373.474,2.066,artifact_finetuned,,,,,,crc24a,1,320,4,2464,0.49953125,
ec105193830d24e09a8b67437f7d6663e10d20bcfe040426935b27d4cd276c72,2026-10-02T04:19:08+00:00,2421fd9957a6fb0f3a7ab8bd0d5980e5a7631097,False,0051f66832f041bff853e6aba29e5db5c8b690cb30481b73cfe42b6d47d42fcf,not_applicable_untrained_codec,classical_fixed_mcs,imagenette160,test,3925,12800,r_1_6,awgn,7,-4,1,1,,jpeg2000,,,1/2,qam16,0.09859872611464968,387,3925,,,3197,157.0,3002.898853503185,2.568328837133517,1.0,0.0,0.0,,False,373.474,2.066,clean,,,,,,crc24a,1,320,4,2464,0.49953125,
dfaad29016c3ba359c4473ae66268ea523cd4aeeaf3cea168f84610d9e8ec839,2026-10-02T04:32:23+00:00,2421fd9957a6fb0f3a7ab8bd0d5980e5a7631097,False,0051f66832f041bff853e6aba29e5db5c8b690cb30481b73cfe42b6d47d42fcf,not_applicable_untrained_codec,classical_fixed_mcs,imagenette160,test,3925,12800,r_1_6,awgn,7,-3,1,1,,jpeg2000,,,1/2,qam16,0.09859872611464968,387,3925,,,3197,157.0,3002.898853503185,2.568328837133517,1.0,0.0,0.0,,False,391.291,0.0,artifact_finetuned,,,,,,crc24a,1,320,4,2464,0.49953125,
4c958e3e1b820db77dfc854483f5db5be248d8d81460d6b38a26e8a9b9d01f06,2026-10-02T04:32:23+00:00,2421fd9957a6fb0f3a7ab8bd0d5980e5a7631097,False,0051f66832f041bff853e6aba29e5db5c8b690cb30481b73cfe42b6d47d42fcf,not_applicable_untrained_codec,classical_fixed_mcs,imagenette160,test,3925,12800,r_1_6,awgn,7,-3,1,1,,jpeg2000,,,1/2,qam16,0.09859872611464968,387,3925,,,3197,157.0,3002.898853503185,2.568328837133517,1.0,0.0,0.0,,False,391.291,0.0,clean,,,,,,crc24a,1,320,4,2464,0.49953125,
b391307d046c3ffc9b34790def968a30c7ea47d33cbf576c8c2ae25afbec0733,2026-10-02T04:25:43+00:00,2421fd9957a6fb0f3a7ab8bd0d5980e5a7631097,False,0051f66832f041bff853e6aba29e5db5c8b690cb30481b73cfe42b6d47d42fcf,not_applicable_untrained_codec,classical_fixed_mcs,imagenette160,test,3925,12800,r_1_6,awgn,7,-2,1,1,,jpeg2000,,,1/2,qam16,0.09859872611464968,387,3925,,,3197,157.0,3002.898853503185,2.568328837133517,1.0,0.0,0.0,,False,361.484,2.066,artifact_finetuned,,,,,,crc24a,1,320,4,2464,0.49953125,
4e9c00e01a60590515d618ac0a449c77e2dd532ef025b4cd6167665016b841d3,2026-10-02T04:25:43+00:00,2421fd9957a6fb0f3a7ab8bd0d5980e5a7631097,False,0051f66832f041bff853e6aba29e5db5c8b690cb30481b73cfe42b6d47d42fcf,not_applicable_untrained_codec,classical_fixed_mcs,imagenette160,test,3925,12800,r_1_6,awgn,7,-2,1,1,,jpeg2000,,,1/2,qam16,0.09859872611464968,387,3925,,,3197,157.0,3002.898853503185,2.568328837133517,1.0,0.0,0.0,,False,361.484,2.066,clean,,,,,,crc24a,1,320,4,2464,0.49953125,
67d0c8a84659fb3e2ad6c380a07966f27aab395f920d1ca93d1384584afcc3e2,2026-10-02T04:38:24+00:00,2421fd9957a6fb0f3a7ab8bd0d5980e5a7631097,False,0051f66832f041bff853e6aba29e5db5c8b690cb30481b73cfe42b6d47d42fcf,not_applicable_untrained_codec,classical_fixed_mcs,imagenette160,test,3925,12800,r_1_6,awgn,7,-1,1,1,,jpeg2000,,,1/2,qam16,0.09859872611464968,387,3925,,,3197,157.0,3002.898853503185,2.568328837133517,1.0,0.0,0.0,,False,379.925,0.0,artifact_finetuned,,,,,,crc24a,1,320,4,2464,0.49953125,
98341f699c76658590c98468a829a64bbfce959e862be747f2139e9b33e769b5,2026-10-02T04:38:24+00:00,2421fd9957a6fb0f3a7ab8bd0d5980e5a7631097,False,0051f66832f041bff853e6aba29e5db5c8b690cb30481b73cfe42b6d47d42fcf,not_applicable_untrained_codec,classical_fixed_mcs,imagenette160,test,3925,12800,r_1_6,awgn,7,-1,1,1,,jpeg2000,,,1/2,qam16,0.09859872611464968,387,3925,,,3197,157.0,3002.898853503185,2.568328837133517,1.0,0.0,0.0,,False,379.925,0.0,clean,,,,,,crc24a,1,320,4,2464,0.49953125,
56017ff40d1088d796eb4c91c888e115e56a12431b30c8272ed0be4d3b595537,2026-10-02T04:25:09+00:00,2421fd9957a6fb0f3a7ab8bd0d5980e5a7631097,False,0051f66832f041bff853e6aba29e5db5c8b690cb30481b73cfe42b6d47d42fcf,not_applicable_untrained_codec,classical_fixed_mcs,imagenette160,test,3925,12800,r_1_6,awgn,7,0,1,1,,jpeg2000,,,1/2,qam16,0.09859872611464968,387,3925,,,3197,157.0,3002.898853503185,2.568328837133517,1.0,0.0,0.0,,False,360.335,2.066,artifact_finetuned,,,,,,crc24a,1,320,4,2464,0.49953125,
2315a9e951ed7a415404e96b45316f21e6ab0d994c45c6de440650a02b8a758a,2026-10-02T04:25:09+00:00,2421fd9957a6fb0f3a7ab8bd0d5980e5a7631097,False,0051f66832f041bff853e6aba29e5db5c8b690cb30481b73cfe42b6d47d42fcf,not_applicable_untrained_codec,classical_fixed_mcs,imagenette160,test,3925,12800,r_1_6,awgn,7,0,1,1,,jpeg2000,,,1/2,qam16,0.09859872611464968,387,3925,,,3197,157.0,3002.898853503185,2.568328837133517,1.0,0.0,0.0,,False,360.335,2.066,clean,,,,,,crc24a,1,320,4,2464,0.49953125,
ba42be7d5ed97b1ea1db30b9b5b471cf5e3ac6fba32626d1a0f6389f371845d4,2026-10-02T04:38:43+00:00,2421fd9957a6fb0f3a7ab8bd0d5980e5a7631097,False,0051f66832f041bff853e6aba29e5db5c8b690cb30481b73cfe42b6d47d42fcf,not_applicable_untrained_codec,classical_fixed_mcs,imagenette160,test,3925,12800,r_1_6,awgn,7,1,1,1,,jpeg2000,,,1/2,qam16,0.09859872611464968,387,3925,,,3197,157.0,3002.898853503185,2.568328837133517,1.0,0.0,0.0,,False,379.522,0.0,artifact_finetuned,,,,,,crc24a,1,320,4,2464,0.49953125,
99c12167064f4e524163bdc56e2233430b98a597b583dda0ce3962404642d206,2026-10-02T04:38:43+00:00,2421fd9957a6fb0f3a7ab8bd0d5980e5a7631097,False,0051f66832f041bff853e6aba29e5db5c8b690cb30481b73cfe42b6d47d42fcf,not_applicable_untrained_codec,classical_fixed_mcs,imagenette160,test,3925,12800,r_1_6,awgn,7,1,1,1,,jpeg2000,,,1/2,qam16,0.09859872611464968,387,3925,,,3197,157.0,3002.898853503185,2.568328837133517,1.0,0.0,0.0,,False,379.522,0.0,clean,,,,,,crc24a,1,320,4,2464,0.49953125,
928ef1b21a302b53115fd3d1a74471b4f66564f2720ba8c83552dad54b94edf5,2026-10-02T04:31:10+00:00,2421fd9957a6fb0f3a7ab8bd0d5980e5a7631097,False,0051f66832f041bff853e6aba29e5db5c8b690cb30481b73cfe42b6d47d42fcf,not_applicable_untrained_codec,classical_fixed_mcs,imagenette160,test,3925,12800,r_1_6,awgn,7,2,1,1,,jpeg2000,,,1/2,qam16,0.09859872611464968,387,3925,,,3197,157.0,3002.898853503185,2.568328837133517,1.0,0.0,0.0,,False,326.998,2.066,artifact_finetuned,,,,,,crc24a,1,320,4,2464,0.49953125,
547a0071552f9a597e60b2d3cbb0936a436a05af01aff7e7f1238ae4851ffd7b,2026-10-02T04:31:10+00:00,2421fd9957a6fb0f3a7ab8bd0d5980e5a7631097,False,0051f66832f041bff853e6aba29e5db5c8b690cb30481b73cfe42b6d47d42fcf,not_applicable_untrained_codec,classical_fixed_mcs,imagenette160,test,3925,12800,r_1_6,awgn,7,2,1,1,,jpeg2000,,,1/2,qam16,0.09859872611464968,387,3925,,,3197,157.0,3002.898853503185,2.568328837133517,1.0,0.0,0.0,,False,326.998,2.066,clean,,,,,,crc24a,1,320,4,2464,0.49953125,
b45f9f460a166e5318368cfbc8750cd53dada2357cd9c64443ec47c1bd165ce9,2026-10-02T04:44:20+00:00,2421fd9957a6fb0f3a7ab8bd0d5980e5a7631097,False,0051f66832f041bff853e6aba29e5db5c8b690cb30481b73cfe42b6d47d42fcf,not_applicable_untrained_codec,classical_fixed_mcs,imagenette160,test,3925,12800,r_1_6,awgn,7,3,1,1,,jpeg2000,,,1/2,qam16,0.09859872611464968,387,3925,,,3197,157.0,3002.898853503185,2.568328837133517,1.0,0.0,0.0,,False,356.352,0.0,artifact_finetuned,,,,,,crc24a,1,320,4,2464,0.49953125,
baed59f1114a4b3421d9b705ce0dda9478e809a506c3ce04779d517536f0fc5b,2026-10-02T04:44:20+00:00,2421fd9957a6fb0f3a7ab8bd0d5980e5a7631097,False,0051f66832f041bff853e6aba29e5db5c8b690cb30481b73cfe42b6d47d42fcf,not_applicable_untrained_codec,classical_fixed_mcs,imagenette160,test,3925,12800,r_1_6,awgn,7,3,1,1,,jpeg2000,,,1/2,qam16,0.09859872611464968,387,3925,,,3197,157.0,3002.898853503185,2.568328837133517,1.0,0.0,0.0,,False,356.352,0.0,clean,,,,,,crc24a,1,320,4,2464,0.49953125,
3aa2d5fa22df6279a2bcbb53f0caac9345362f9fae7007e2ddcd58b1c1988dda,2026-10-02T04:30:31+00:00,2421fd9957a6fb0f3a7ab8bd0d5980e5a7631097,False,0051f66832f041bff853e6aba29e5db5c8b690cb30481b73cfe42b6d47d42fcf,not_applicable_untrained_codec,classical_fixed_mcs,imagenette160,test,3925,12800,r_1_6,awgn,7,4,1,1,,jpeg2000,,,1/2,qam16,0.09859872611464968,387,3925,,,3197,157.0,3002.898853503185,2.568328837133517,1.0,0.0,0.0,,False,321.67,2.066,artifact_finetuned,,,,,,crc24a,1,320,4,2464,0.49953125,
6bbd16a35ac20e2aef01b30d7d4cf9a9bf3d2ec729b50f71787c3928f393c081,2026-10-02T04:30:31+00:00,2421fd9957a6fb0f3a7ab8bd0d5980e5a7631097,False,0051f66832f041bff853e6aba29e5db5c8b690cb30481b73cfe42b6d47d42fcf,not_applicable_untrained_codec,classical_fixed_mcs,imagenette160,test,3925,12800,r_1_6,awgn,7,4,1,1,,jpeg2000,,,1/2,qam16,0.09859872611464968,387,3925,,,3197,157.0,3002.898853503185,2.568328837133517,1.0,0.0,0.0,,False,321.67,2.066,clean,,,,,,crc24a,1,320,4,2464,0.49953125,
292319248a80b47c7976b0dae6e78675150847c90531601b9e79355c0b271836,2026-10-02T04:44:44+00:00,2421fd9957a6fb0f3a7ab8bd0d5980e5a7631097,False,0051f66832f041bff853e6aba29e5db5c8b690cb30481b73cfe42b6d47d42fcf,not_applicable_untrained_codec,classical_fixed_mcs,imagenette160,test,3925,12800,r_1_6,awgn,7,5,1,1,,jpeg2000,,,1/2,qam16,0.09859872611464968,387,3925,,,3197,157.0,3002.898853503185,2.568328837133517,1.0,0.0,0.0,,False,360.609,0.0,artifact_finetuned,,,,,,crc24a,1,320,4,2464,0.49953125,
5c8ccf92b91f8bdd589052fa145921a2ff6d9ea740fcc5380148fa9e4d95d35b,2026-10-02T04:44:44+00:00,2421fd9957a6fb0f3a7ab8bd0d5980e5a7631097,False,0051f66832f041bff853e6aba29e5db5c8b690cb30481b73cfe42b6d47d42fcf,not_applicable_untrained_codec,classical_fixed_mcs,imagenette160,test,3925,12800,r_1_6,awgn,7,5,1,1,,jpeg2000,,,1/2,qam16,0.09859872611464968,387,3925,,,3197,157.0,3002.898853503185,2.568328837133517,1.0,0.0,0.0,,False,360.609,0.0,clean,,,,,,crc24a,1,320,4,2464,0.49953125,
f8fd76a97e4c15f302b3d5210b0dd6ed24d289d0264178980af60f8b7998b1e5,2026-10-02T04:36:50+00:00,2421fd9957a6fb0f3a7ab8bd0d5980e5a7631097,False,0051f66832f041bff853e6aba29e5db5c8b690cb30481b73cfe42b6d47d42fcf,not_applicable_untrained_codec,classical_fixed_mcs,imagenette160,test,3925,12800,r_1_6,awgn,7,6,1,1,,jpeg2000,,,1/2,qam16,0.09859872611464968,387,3925,,,3197,157.0,3002.898853503185,2.568328837133517,1.0,0.0,0.0,,False,339.975,2.066,artifact_finetuned,,,,,,crc24a,1,320,4,2464,0.49953125,
69ea6e6b8eba35c7be970de4bb5d90daa18fcb468412202b031c8b30554d0f7a,2026-10-02T04:36:50+00:00,2421fd9957a6fb0f3a7ab8bd0d5980e5a7631097,False,0051f66832f041bff853e6aba29e5db5c8b690cb30481b73cfe42b6d47d42fcf,not_applicable_untrained_codec,classical_fixed_mcs,imagenette160,test,3925,12800,r_1_6,awgn,7,6,1,1,,jpeg2000,,,1/2,qam16,0.09859872611464968,387,3925,,,3197,157.0,3002.898853503185,2.568328837133517,1.0,0.0,0.0,,False,339.975,2.066,clean,,,,,,crc24a,1,320,4,2464,0.49953125,
8b6c9ba557ff774aa3e822841d9a284c8c3b3eaf2159f490ca08da9f86875d52,2026-10-02T04:53:38+00:00,2421fd9957a6fb0f3a7ab8bd0d5980e5a7631097,False,0051f66832f041bff853e6aba29e5db5c8b690cb30481b73cfe42b6d47d42fcf,not_applicable_untrained_codec,classical_fixed_mcs,imagenette160,test,3925,12800,r_1_6,awgn,7,7,1,1,,jpeg2000,,,1/2,qam16,0.8654777070063694,3397,3925,32.54031931187388,0.9064080946799966,3197,157.0,3002.898853503185,2.568328837133517,0.0,0.0,1.0,0.8654777070063694,False,557.855,0.0,artifact_finetuned,,,,,,crc24a,1,320,4,2464,0.49953125,
4e98293a934e922ed66f4c0b68abd9111c8bea005a8ba54de99cd046e242519d,2026-10-02T04:53:38+00:00,2421fd9957a6fb0f3a7ab8bd0d5980e5a7631097,False,0051f66832f041bff853e6aba29e5db5c8b690cb30481b73cfe42b6d47d42fcf,not_applicable_untrained_codec,classical_fixed_mcs,imagenette160,test,3925,12800,r_1_6,awgn,7,7,1,1,,jpeg2000,,,1/2,qam16,0.8754140127388536,3436,3925,32.54031931187388,0.9064080946799966,3197,157.0,3002.898853503185,2.568328837133517,0.0,0.0,1.0,0.8754140127388536,False,557.855,0.0,clean,,,,,,crc24a,1,320,4,2464,0.49953125,
576fbabe96cfa74c041f329e3707335586c2a212ac9712cd261aed126e87e160,2026-10-02T04:39:08+00:00,2421fd9957a6fb0f3a7ab8bd0d5980e5a7631097,False,0051f66832f041bff853e6aba29e5db5c8b690cb30481b73cfe42b6d47d42fcf,not_applicable_untrained_codec,classical_fixed_mcs,imagenette160,test,3925,12800,r_1_6,awgn,7,9,1,1,,jpeg2000,,,1/2,qam16,0.8654777070063694,3397,3925,32.54031931187388,0.9064080946799966,3197,157.0,3002.898853503185,2.568328837133517,0.0,0.0,1.0,0.8654777070063694,False,516.702,2.066,artifact_finetuned,,,,,,crc24a,1,320,4,2464,0.49953125,
3311c6fe43937f4b3ffd6f45436b19c969075857adfdd342b81fe34bae2dfe85,2026-10-02T04:39:08+00:00,2421fd9957a6fb0f3a7ab8bd0d5980e5a7631097,False,0051f66832f041bff853e6aba29e5db5c8b690cb30481b73cfe42b6d47d42fcf,not_applicable_untrained_codec,classical_fixed_mcs,imagenette160,test,3925,12800,r_1_6,awgn,7,9,1,1,,jpeg2000,,,1/2,qam16,0.8754140127388536,3436,3925,32.54031931187388,0.9064080946799966,3197,157.0,3002.898853503185,2.568328837133517,0.0,0.0,1.0,0.8754140127388536,False,516.702,2.066,clean,,,,,,crc24a,1,320,4,2464,0.49953125,
12592156864fa215119f08aae617f2b41276907bd386c7e5bfd7b875839eb493,2026-10-02T04:54:12+00:00,2421fd9957a6fb0f3a7ab8bd0d5980e5a7631097,False,0051f66832f041bff853e6aba29e5db5c8b690cb30481b73cfe42b6d47d42fcf,not_applicable_untrained_codec,classical_fixed_mcs,imagenette160,test,3925,12800,r_1_6,awgn,7,11,1,1,,jpeg2000,,,1/2,qam16,0.8654777070063694,3397,3925,32.54031931187388,0.9064080946799966,3197,157.0,3002.898853503185,2.568328837133517,0.0,0.0,1.0,0.8654777070063694,False,567.828,0.0,artifact_finetuned,,,,,,crc24a,1,320,4,2464,0.49953125,
a951033641157a74709dd4e70495934bc17733335cf8b178032c4899f181b4f3,2026-10-02T04:54:12+00:00,2421fd9957a6fb0f3a7ab8bd0d5980e5a7631097,False,0051f66832f041bff853e6aba29e5db5c8b690cb30481b73cfe42b6d47d42fcf,not_applicable_untrained_codec,classical_fixed_mcs,imagenette160,test,3925,12800,r_1_6,awgn,7,11,1,1,,jpeg2000,,,1/2,qam16,0.8754140127388536,3436,3925,32.54031931187388,0.9064080946799966,3197,157.0,3002.898853503185,2.568328837133517,0.0,0.0,1.0,0.8754140127388536,False,567.828,0.0,clean,,,,,,crc24a,1,320,4,2464,0.49953125,
461311c9c4304881d02c5d8380a34937c31f4fdb2a2bbb288355fb8901448839,2026-10-02T04:45:02+00:00,2421fd9957a6fb0f3a7ab8bd0d5980e5a7631097,False,0051f66832f041bff853e6aba29e5db5c8b690cb30481b73cfe42b6d47d42fcf,not_applicable_untrained_codec,classical_fixed_mcs,imagenette160,test,3925,12800,r_1_6,awgn,7,13,1,1,,jpeg2000,,,1/2,qam16,0.8654777070063694,3397,3925,32.54031931187388,0.9064080946799966,3197,157.0,3002.898853503185,2.568328837133517,0.0,0.0,1.0,0.8654777070063694,False,491.643,2.066,artifact_finetuned,,,,,,crc24a,1,320,4,2464,0.49953125,
c57fa77f515999cecab54714bfcf3fbefb9b2bd6a90b423623e7e0968a712176,2026-10-02T04:45:02+00:00,2421fd9957a6fb0f3a7ab8bd0d5980e5a7631097,False,0051f66832f041bff853e6aba29e5db5c8b690cb30481b73cfe42b6d47d42fcf,not_applicable_untrained_codec,classical_fixed_mcs,imagenette160,test,3925,12800,r_1_6,awgn,7,13,1,1,,jpeg2000,,,1/2,qam16,0.8754140127388536,3436,3925,32.54031931187388,0.9064080946799966,3197,157.0,3002.898853503185,2.568328837133517,0.0,0.0,1.0,0.8754140127388536,False,491.643,2.066,clean,,,,,,crc24a,1,320,4,2464,0.49953125,
a2677ee44636362e6d2ba1263e8587822b8cf9f904ef4aefd85e9c67b63b04b1,2026-10-02T05:02:08+00:00,2421fd9957a6fb0f3a7ab8bd0d5980e5a7631097,False,0051f66832f041bff853e6aba29e5db5c8b690cb30481b73cfe42b6d47d42fcf,not_applicable_untrained_codec,classical_fixed_mcs,imagenette160,test,3925,12800,r_1_6,awgn,7,15,1,1,,jpeg2000,,,1/2,qam16,0.8654777070063694,3397,3925,32.54031931187388,0.9064080946799966,3197,157.0,3002.898853503185,2.568328837133517,0.0,0.0,1.0,0.8654777070063694,False,509.036,0.0,artifact_finetuned,,,,,,crc24a,1,320,4,2464,0.49953125,
9f67fa3547da5245daddb2abe54484d847fce2756ead4b7d518af01ff3a1aa92,2026-10-02T05:02:08+00:00,2421fd9957a6fb0f3a7ab8bd0d5980e5a7631097,False,0051f66832f041bff853e6aba29e5db5c8b690cb30481b73cfe42b6d47d42fcf,not_applicable_untrained_codec,classical_fixed_mcs,imagenette160,test,3925,12800,r_1_6,awgn,7,15,1,1,,jpeg2000,,,1/2,qam16,0.8754140127388536,3436,3925,32.54031931187388,0.9064080946799966,3197,157.0,3002.898853503185,2.568328837133517,0.0,0.0,1.0,0.8754140127388536,False,509.036,0.0,clean,,,,,,crc24a,1,320,4,2464,0.49953125,
308a93e7daa9a374c8715d5c2e0aa6b1a63d43191193d8f048bc32711121766e,2026-10-02T04:47:27+00:00,2421fd9957a6fb0f3a7ab8bd0d5980e5a7631097,False,0051f66832f041bff853e6aba29e5db5c8b690cb30481b73cfe42b6d47d42fcf,not_applicable_untrained_codec,classical_fixed_mcs,imagenette160,test,3925,12800,r_1_6,awgn,7,18,1,1,,jpeg2000,,,1/2,qam16,0.8654777070063694,3397,3925,32.54031931187388,0.9064080946799966,3197,157.0,3002.898853503185,2.568328837133517,0.0,0.0,1.0,0.8654777070063694,False,498.665,2.066,artifact_finetuned,,,,,,crc24a,1,320,4,2464,0.49953125,
da3c4386a5e4f68ffbd4d0d310b755e54b6d79f66db41c194c3454dba699f268,2026-10-02T04:47:27+00:00,2421fd9957a6fb0f3a7ab8bd0d5980e5a7631097,False,0051f66832f041bff853e6aba29e5db5c8b690cb30481b73cfe42b6d47d42fcf,not_applicable_untrained_codec,classical_fixed_mcs,imagenette160,test,3925,12800,r_1_6,awgn,7,18,1,1,,jpeg2000,,,1/2,qam16,0.8754140127388536,3436,3925,32.54031931187388,0.9064080946799966,3197,157.0,3002.898853503185,2.568328837133517,0.0,0.0,1.0,0.8754140127388536,False,498.665,2.066,clean,,,,,,crc24a,1,320,4,2464,0.49953125,
da56843d67f4d1e03ca19a76cd22c1f64576c94070cad0818a641729842f4c0b,2026-10-02T04:59:52+00:00,2421fd9957a6fb0f3a7ab8bd0d5980e5a7631097,False,0051f66832f041bff853e6aba29e5db5c8b690cb30481b73cfe42b6d47d42fcf,not_applicable_untrained_codec,classical_fixed_mcs,imagenette160,test,3925,12800,r_1_6,awgn,7,-8,2,2,,jpeg2000,,,1/2,qam16,0.09859872611464968,387,3925,,,3197,157.0,3002.898853503185,2.568328837133517,1.0,0.0,0.0,,False,339.396,0.0,artifact_finetuned,,,,,,crc24a,1,320,4,2464,0.49953125,
81051861033c0e1b7a8ebb2d87424e3f335cc6066a7d4d31faa7249d28b8120d,2026-10-02T04:59:52+00:00,2421fd9957a6fb0f3a7ab8bd0d5980e5a7631097,False,0051f66832f041bff853e6aba29e5db5c8b690cb30481b73cfe42b6d47d42fcf,not_applicable_untrained_codec,classical_fixed_mcs,imagenette160,test,3925,12800,r_1_6,awgn,7,-8,2,2,,jpeg2000,,,1/2,qam16,0.09859872611464968,387,3925,,,3197,157.0,3002.898853503185,2.568328837133517,1.0,0.0,0.0,,False,339.396,0.0,clean,,,,,,crc24a,1,320,4,2464,0.49953125,
3e10eee6c549bec8b9588e7c8776715aebd45739f41cfd38a53912297e54053f,2026-10-02T04:50:05+00:00,2421fd9957a6fb0f3a7ab8bd0d5980e5a7631097,False,0051f66832f041bff853e6aba29e5db5c8b690cb30481b73cfe42b6d47d42fcf,not_applicable_untrained_codec,classical_fixed_mcs,imagenette160,test,3925,12800,r_1_6,awgn,7,-7,2,2,,jpeg2000,,,1/2,qam16,0.09859872611464968,387,3925,,,3197,157.0,3002.898853503185,2.568328837133517,1.0,0.0,0.0,,False,302.004,2.066,artifact_finetuned,,,,,,crc24a,1,320,4,2464,0.49953125,
2e47a8aa5dcc1cdb23b65d5dd7f2c5317c9f99aff5f2052d52cb7e731803a8c7,2026-10-02T04:50:05+00:00,2421fd9957a6fb0f3a7ab8bd0d5980e5a7631097,False,0051f66832f041bff853e6aba29e5db5c8b690cb30481b73cfe42b6d47d42fcf,not_applicable_untrained_codec,classical_fixed_mcs,imagenette160,test,3925,12800,r_1_6,awgn,7,-7,2,2,,jpeg2000,,,1/2,qam16,0.09859872611464968,387,3925,,,3197,157.0,3002.898853503185,2.568328837133517,1.0,0.0,0.0,,False,302.004,2.066,clean,,,,,,crc24a,1,320,4,2464,0.49953125,
57234ac800ef33e40abcd69135c8f8ae07b02c0f2677c402ea274fa5d3e2a07a,2026-10-02T05:07:43+00:00,2421fd9957a6fb0f3a7ab8bd0d5980e5a7631097,False,0051f66832f041bff853e6aba29e5db5c8b690cb30481b73cfe42b6d47d42fcf,not_applicable_untrained_codec,classical_fixed_mcs,imagenette160,test,3925,12800,r_1_6,awgn,7,-6,2,2,,jpeg2000,,,1/2,qam16,0.09859872611464968,387,3925,,,3197,157.0,3002.898853503185,2.568328837133517,1.0,0.0,0.0,,False,334.419,0.0,artifact_finetuned,,,,,,crc24a,1,320,4,2464,0.49953125,
77f1eb19e94330c16bd849b24b5ed2a0c4d190801237378b4e043234dba22772,2026-10-02T05:07:43+00:00,2421fd9957a6fb0f3a7ab8bd0d5980e5a7631097,False,0051f66832f041bff853e6aba29e5db5c8b690cb30481b73cfe42b6d47d42fcf,not_applicable_untrained_codec,classical_fixed_mcs,imagenette160,test,3925,12800,r_1_6,awgn,7,-6,2,2,,jpeg2000,,,1/2,qam16,0.09859872611464968,387,3925,,,3197,157.0,3002.898853503185,2.568328837133517,1.0,0.0,0.0,,False,334.419,0.0,clean,,,,,,crc24a,1,320,4,2464,0.49953125,
120663bfb31cf7d8e46f76ffb3a80c772df3da842f22a0e08e6401ad0c0881ab,2026-10-02T04:53:08+00:00,2421fd9957a6fb0f3a7ab8bd0d5980e5a7631097,False,0051f66832f041bff853e6aba29e5db5c8b690cb30481b73cfe42b6d47d42fcf,not_applicable_untrained_codec,classical_fixed_mcs,imagenette160,test,3925,12800,r_1_6,awgn,7,-5,2,2,,jpeg2000,,,1/2,qam16,0.09859872611464968,387,3925,,,3197,157.0,3002.898853503185,2.568328837133517,1.0,0.0,0.0,,False,340.786,2.066,artifact_finetuned,,,,,,crc24a,1,320,4,2464,0.49953125,
e78241e50900d7ae3e69387f97a86a4d0795cdc6fffe7a83cbc64668b1b6b588,2026-10-02T04:53:08+00:00,2421fd9957a6fb0f3a7ab8bd0d5980e5a7631097,False,0051f66832f041bff853e6aba29e5db5c8b690cb30481b73cfe42b6d47d42fcf,not_applicable_untrained_codec,classical_fixed_mcs,imagenette160,test,3925,12800,r_1_6,awgn,7,-5,2,2,,jpeg2000,,,1/2,qam16,0.09859872611464968,387,3925,,,3197,157.0,3002.898853503185,2.568328837133517,1.0,0.0,0.0,,False,340.786,2.066,clean,,,,,,crc24a,1,320,4,2464,0.49953125,
ddee00ffc7787ee3e7f1976575012a3d2ff156f16f531da558e98f0566e84456,2026-10-02T05:05:10+00:00,2421fd9957a6fb0f3a7ab8bd0d5980e5a7631097,False,0051f66832f041bff853e6aba29e5db5c8b690cb30481b73cfe42b6d47d42fcf,not_applicable_untrained_codec,classical_fixed_mcs,imagenette160,test,3925,12800,r_1_6,awgn,7,-4,2,2,,jpeg2000,,,1/2,qam16,0.09859872611464968,387,3925,,,3197,157.0,3002.898853503185,2.568328837133517,1.0,0.0,0.0,,False,317.353,0.0,artifact_finetuned,,,,,,crc24a,1,320,4,2464,0.49953125,
00fd061f33a61b5c13db4b1de268053dc4dbf10dfb0c952e0b7bfca94e62063b,2026-10-02T05:05:10+00:00,2421fd9957a6fb0f3a7ab8bd0d5980e5a7631097,False,0051f66832f041bff853e6aba29e5db5c8b690cb30481b73cfe42b6d47d42fcf,not_applicable_untrained_codec,classical_fixed_mcs,imagenette160,test,3925,12800,r_1_6,awgn,7,-4,2,2,,jpeg2000,,,1/2,qam16,0.09859872611464968,387,3925,,,3197,157.0,3002.898853503185,2.568328837133517,1.0,0.0,0.0,,False,317.353,0.0,clean,,,,,,crc24a,1,320,4,2464,0.49953125,
1598bfa64b1e36703a07f8f11246c5bcecec394a53ade9315398659f3227e042,2026-10-02T04:56:18+00:00,2421fd9957a6fb0f3a7ab8bd0d5980e5a7631097,False,0051f66832f041bff853e6aba29e5db5c8b690cb30481b73cfe42b6d47d42fcf,not_applicable_untrained_codec,classical_fixed_mcs,imagenette160,test,3925,12800,r_1_6,awgn,7,-3,2,2,,jpeg2000,,,1/2,qam16,0.09859872611464968,387,3925,,,3197,157.0,3002.898853503185,2.568328837133517,1.0,0.0,0.0,,False,373.38,2.066,artifact_finetuned,,,,,,crc24a,1,320,4,2464,0.49953125,
5df18842ad7abd7339c5b0c452ee7b9759cc909e8fe910068cf2b45dd8a92ff1,2026-10-02T04:56:18+00:00,2421fd9957a6fb0f3a7ab8bd0d5980e5a7631097,False,0051f66832f041bff853e6aba29e5db5c8b690cb30481b73cfe42b6d47d42fcf,not_applicable_untrained_codec,classical_fixed_mcs,imagenette160,test,3925,12800,r_1_6,awgn,7,-3,2,2,,jpeg2000,,,1/2,qam16,0.09859872611464968,387,3925,,,3197,157.0,3002.898853503185,2.568328837133517,1.0,0.0,0.0,,False,373.38,2.066,clean,,,,,,crc24a,1,320,4,2464,0.49953125,
6918977dcdf295cebca506f16bd32655305f98394f27cde6bc66b343bab922cc,2026-10-02T05:13:05+00:00,2421fd9957a6fb0f3a7ab8bd0d5980e5a7631097,False,0051f66832f041bff853e6aba29e5db5c8b690cb30481b73cfe42b6d47d42fcf,not_applicable_untrained_codec,classical_fixed_mcs,imagenette160,test,3925,12800,r_1_6,awgn,7,-2,2,2,,jpeg2000,,,1/2,qam16,0.09859872611464968,387,3925,,,3197,157.0,3002.898853503185,2.568328837133517,1.0,0.0,0.0,,False,322.564,0.0,artifact_finetuned,,,,,,crc24a,1,320,4,2464,0.49953125,
eb282e15c72ea33d010d35be964d1ed8a9cc46d294acf41f94d02833fa1f14ad,2026-10-02T05:13:05+00:00,2421fd9957a6fb0f3a7ab8bd0d5980e5a7631097,False,0051f66832f041bff853e6aba29e5db5c8b690cb30481b73cfe42b6d47d42fcf,not_applicable_untrained_codec,classical_fixed_mcs,imagenette160,test,3925,12800,r_1_6,awgn,7,-2,2,2,,jpeg2000,,,1/2,qam16,0.09859872611464968,387,3925,,,3197,157.0,3002.898853503185,2.568328837133517,1.0,0.0,0.0,,False,322.564,0.0,clean,,,,,,crc24a,1,320,4,2464,0.49953125,
0b5d398eaa662d625c54de1bea4236bcc5e06c38a150e2dcc9b5dd1dd6e81a92,2026-10-02T04:58:31+00:00,2421fd9957a6fb0f3a7ab8bd0d5980e5a7631097,False,0051f66832f041bff853e6aba29e5db5c8b690cb30481b73cfe42b6d47d42fcf,not_applicable_untrained_codec,classical_fixed_mcs,imagenette160,test,3925,12800,r_1_6,awgn,7,-1,2,2,,jpeg2000,,,1/2,qam16,0.09859872611464968,387,3925,,,3197,157.0,3002.898853503185,2.568328837133517,1.0,0.0,0.0,,False,322.437,2.066,artifact_finetuned,,,,,,crc24a,1,320,4,2464,0.49953125,
9cf129b8273e4c6187141a31744ea35c0620dcd052a208cef593fdba80e0c8ad,2026-10-02T04:58:31+00:00,2421fd9957a6fb0f3a7ab8bd0d5980e5a7631097,False,0051f66832f041bff853e6aba29e5db5c8b690cb30481b73cfe42b6d47d42fcf,not_applicable_untrained_codec,classical_fixed_mcs,imagenette160,test,3925,12800,r_1_6,awgn,7,-1,2,2,,jpeg2000,,,1/2,qam16,0.09859872611464968,387,3925,,,3197,157.0,3002.898853503185,2.568328837133517,1.0,0.0,0.0,,False,322.437,2.066,clean,,,,,,crc24a,1,320,4,2464,0.49953125,
8dfde14c7c129b6ea6b3ef58db5183a0af196f687441d646d74cb01e124b4cf9,2026-10-02T05:10:32+00:00,2421fd9957a6fb0f3a7ab8bd0d5980e5a7631097,False,0051f66832f041bff853e6aba29e5db5c8b690cb30481b73cfe42b6d47d42fcf,not_applicable_untrained_codec,classical_fixed_mcs,imagenette160,test,3925,12800,r_1_6,awgn,7,0,2,2,,jpeg2000,,,1/2,qam16,0.09859872611464968,387,3925,,,3197,157.0,3002.898853503185,2.568328837133517,1.0,0.0,0.0,,False,322.253,0.0,artifact_finetuned,,,,,,crc24a,1,320,4,2464,0.49953125,
96921b9381424cc471ac33c7e731bfc334c81bbb8fa1377f73444e8d3fc417ec,2026-10-02T05:10:32+00:00,2421fd9957a6fb0f3a7ab8bd0d5980e5a7631097,False,0051f66832f041bff853e6aba29e5db5c8b690cb30481b73cfe42b6d47d42fcf,not_applicable_untrained_codec,classical_fixed_mcs,imagenette160,test,3925,12800,r_1_6,awgn,7,0,2,2,,jpeg2000,,,1/2,qam16,0.09859872611464968,387,3925,,,3197,157.0,3002.898853503185,2.568328837133517,1.0,0.0,0.0,,False,322.253,0.0,clean,,,,,,crc24a,1,320,4,2464,0.49953125,
97852010e99922c6670d7429c13a2607a6f070678e29197e899247e7fa911d10,2026-10-02T05:01:49+00:00,2421fd9957a6fb0f3a7ab8bd0d5980e5a7631097,False,0051f66832f041bff853e6aba29e5db5c8b690cb30481b73cfe42b6d47d42fcf,not_applicable_untrained_codec,classical_fixed_mcs,imagenette160,test,3925,12800,r_1_6,awgn,7,1,2,2,,jpeg2000,,,1/2,qam16,0.09859872611464968,387,3925,,,3197,157.0,3002.898853503185,2.568328837133517,1.0,0.0,0.0,,False,330.026,2.066,artifact_finetuned,,,,,,crc24a,1,320,4,2464,0.49953125,
19f363aabbf566faa1d0c6ab26e4b4630b6b2a114ec0021111fc5ea4489cdc47,2026-10-02T05:01:49+00:00,2421fd9957a6fb0f3a7ab8bd0d5980e5a7631097,False,0051f66832f041bff853e6aba29e5db5c8b690cb30481b73cfe42b6d47d42fcf,not_applicable_untrained_codec,classical_fixed_mcs,imagenette160,test,3925,12800,r_1_6,awgn,7,1,2,2,,jpeg2000,,,1/2,qam16,0.09859872611464968,387,3925,,,3197,157.0,3002.898853503185,2.568328837133517,1.0,0.0,0.0,,False,330.026,2.066,clean,,,,,,crc24a,1,320,4,2464,0.49953125,
58529d84a0e8d2b761d6749b7ded812902e235a472a46a094f87d9eee9e912e6,2026-10-02T05:18:39+00:00,2421fd9957a6fb0f3a7ab8bd0d5980e5a7631097,False,0051f66832f041bff853e6aba29e5db5c8b690cb30481b73cfe42b6d47d42fcf,not_applicable_untrained_codec,classical_fixed_mcs,imagenette160,test,3925,12800,r_1_6,awgn,7,2,2,2,,jpeg2000,,,1/2,qam16,0.09859872611464968,387,3925,,,3197,157.0,3002.898853503185,2.568328837133517,1.0,0.0,0.0,,False,333.24,0.0,artifact_finetuned,,,,,,crc24a,1,320,4,2464,0.49953125,
7df5a81a7aa6b18a9892fc17559e7a40575dbc3b45eedc69921b80be8c639ca1,2026-10-02T05:18:39+00:00,2421fd9957a6fb0f3a7ab8bd0d5980e5a7631097,False,0051f66832f041bff853e6aba29e5db5c8b690cb30481b73cfe42b6d47d42fcf,not_applicable_untrained_codec,classical_fixed_mcs,imagenette160,test,3925,12800,r_1_6,awgn,7,2,2,2,,jpeg2000,,,1/2,qam16,0.09859872611464968,387,3925,,,3197,157.0,3002.898853503185,2.568328837133517,1.0,0.0,0.0,,False,333.24,0.0,clean,,,,,,crc24a,1,320,4,2464,0.49953125,
7b1b1ed6d32aa97eb2c959f3fb94897125bd5e549651183e6adc3c42e7dabf97,2026-10-02T05:03:57+00:00,2421fd9957a6fb0f3a7ab8bd0d5980e5a7631097,False,0051f66832f041bff853e6aba29e5db5c8b690cb30481b73cfe42b6d47d42fcf,not_applicable_untrained_codec,classical_fixed_mcs,imagenette160,test,3925,12800,r_1_6,awgn,7,3,2,2,,jpeg2000,,,1/2,qam16,0.09859872611464968,387,3925,,,3197,157.0,3002.898853503185,2.568328837133517,1.0,0.0,0.0,,False,325.846,2.066,artifact_finetuned,,,,,,crc24a,1,320,4,2464,0.49953125,
b17eea61bace619324e33214ea55a2a03344946a5bb565cdc7c6f99762840967,2026-10-02T05:03:57+00:00,2421fd9957a6fb0f3a7ab8bd0d5980e5a7631097,False,0051f66832f041bff853e6aba29e5db5c8b690cb30481b73cfe42b6d47d42fcf,not_applicable_untrained_codec,classical_fixed_mcs,imagenette160,test,3925,12800,r_1_6,awgn,7,3,2,2,,jpeg2000,,,1/2,qam16,0.09859872611464968,387,3925,,,3197,157.0,3002.898853503185,2.568328837133517,1.0,0.0,0.0,,False,325.846,2.066,clean,,,,,,crc24a,1,320,4,2464,0.49953125,
688adab55c32cc907362b472c4162553c7ad560dba58fc048b42499a27473cbe,2026-10-02T05:16:00+00:00,2421fd9957a6fb0f3a7ab8bd0d5980e5a7631097,False,0051f66832f041bff853e6aba29e5db5c8b690cb30481b73cfe42b6d47d42fcf,not_applicable_untrained_codec,classical_fixed_mcs,imagenette160,test,3925,12800,r_1_6,awgn,7,4,2,2,,jpeg2000,,,1/2,qam16,0.09859872611464968,387,3925,,,3197,157.0,3002.898853503185,2.568328837133517,1.0,0.0,0.0,,False,327.057,0.0,artifact_finetuned,,,,,,crc24a,1,320,4,2464,0.49953125,
9a22ed77d5d67b8a8575f1b8d7fcb54d9400661318cb1aa56fba96d38c7d7a00,2026-10-02T05:16:00+00:00,2421fd9957a6fb0f3a7ab8bd0d5980e5a7631097,False,0051f66832f041bff853e6aba29e5db5c8b690cb30481b73cfe42b6d47d42fcf,not_applicable_untrained_codec,classical_fixed_mcs,imagenette160,test,3925,12800,r_1_6,awgn,7,4,2,2,,jpeg2000,,,1/2,qam16,0.09859872611464968,387,3925,,,3197,157.0,3002.898853503185,2.568328837133517,1.0,0.0,0.0,,False,327.057,0.0,clean,,,,,,crc24a,1,320,4,2464,0.49953125,
b542688bd85d96941246369b44e1c04b64d695d97ae19dec3d7d75d385a66ecb,2026-10-02T05:06:53+00:00,2421fd9957a6fb0f3a7ab8bd0d5980e5a7631097,False,0051f66832f041bff853e6aba29e5db5c8b690cb30481b73cfe42b6d47d42fcf,not_applicable_untrained_codec,classical_fixed_mcs,imagenette160,test,3925,12800,r_1_6,awgn,7,5,2,2,,jpeg2000,,,1/2,qam16,0.09859872611464968,387,3925,,,3197,157.0,3002.898853503185,2.568328837133517,1.0,0.0,0.0,,False,304.012,2.066,artifact_finetuned,,,,,,crc24a,1,320,4,2464,0.49953125,
74cd5212c7f69cc1c9cf7c2bb91dee8a48ee7f90b16ccd221b96b117bacd45fe,2026-10-02T05:06:53+00:00,2421fd9957a6fb0f3a7ab8bd0d5980e5a7631097,False,0051f66832f041bff853e6aba29e5db5c8b690cb30481b73cfe42b6d47d42fcf,not_applicable_untrained_codec,classical_fixed_mcs,imagenette160,test,3925,12800,r_1_6,awgn,7,5,2,2,,jpeg2000,,,1/2,qam16,0.09859872611464968,387,3925,,,3197,157.0,3002.898853503185,2.568328837133517,1.0,0.0,0.0,,False,304.012,2.066,clean,,,,,,crc24a,1,320,4,2464,0.49953125,
f5362f253f676ae0de5615f8083bb4e3e1bdb1e9779296f4605be39ec44d4c41,2026-10-02T05:24:15+00:00,2421fd9957a6fb0f3a7ab8bd0d5980e5a7631097,False,0051f66832f041bff853e6aba29e5db5c8b690cb30481b73cfe42b6d47d42fcf,not_applicable_untrained_codec,classical_fixed_mcs,imagenette160,test,3925,12800,r_1_6,awgn,7,6,2,2,,jpeg2000,,,1/2,qam16,0.09859872611464968,387,3925,,,3197,157.0,3002.898853503185,2.568328837133517,1.0,0.0,0.0,,False,335.895,0.0,artifact_finetuned,,,,,,crc24a,1,320,4,2464,0.49953125,
a65779d926eb2698b776a9a99c5bd15b3afc71dd23ce1aed32b8c7e72301c8bd,2026-10-02T05:24:15+00:00,2421fd9957a6fb0f3a7ab8bd0d5980e5a7631097,False,0051f66832f041bff853e6aba29e5db5c8b690cb30481b73cfe42b6d47d42fcf,not_applicable_untrained_codec,classical_fixed_mcs,imagenette160,test,3925,12800,r_1_6,awgn,7,6,2,2,,jpeg2000,,,1/2,qam16,0.09859872611464968,387,3925,,,3197,157.0,3002.898853503185,2.568328837133517,1.0,0.0,0.0,,False,335.895,0.0,clean,,,,,,crc24a,1,320,4,2464,0.49953125,
da2d263be27a8067cff02e898bd79e59107955fac2109a23ac56afd723e7f5ce,2026-10-02T05:11:59+00:00,2421fd9957a6fb0f3a7ab8bd0d5980e5a7631097,False,0051f66832f041bff853e6aba29e5db5c8b690cb30481b73cfe42b6d47d42fcf,not_applicable_untrained_codec,classical_fixed_mcs,imagenette160,test,3925,12800,r_1_6,awgn,7,7,2,2,,jpeg2000,,,1/2,qam16,0.8654777070063694,3397,3925,32.54031931187388,0.9064080946799966,3197,157.0,3002.898853503185,2.568328837133517,0.0,0.0,1.0,0.8654777070063694,False,481.384,2.066,artifact_finetuned,,,,,,crc24a,1,320,4,2464,0.49953125,
ef2b732be1ce8d94f287ab4bad11b095774dea64f36d635f9fe7c6e842197df4,2026-10-02T05:11:59+00:00,2421fd9957a6fb0f3a7ab8bd0d5980e5a7631097,False,0051f66832f041bff853e6aba29e5db5c8b690cb30481b73cfe42b6d47d42fcf,not_applicable_untrained_codec,classical_fixed_mcs,imagenette160,test,3925,12800,r_1_6,awgn,7,7,2,2,,jpeg2000,,,1/2,qam16,0.8754140127388536,3436,3925,32.54031931187388,0.9064080946799966,3197,157.0,3002.898853503185,2.568328837133517,0.0,0.0,1.0,0.8754140127388536,False,481.384,2.066,clean,,,,,,crc24a,1,320,4,2464,0.49953125,
9d4495b48dca887117670acc396c2cf0ab1cdabbbca76cd6082a2f9b9fd01389,2026-10-02T05:24:50+00:00,2421fd9957a6fb0f3a7ab8bd0d5980e5a7631097,False,0051f66832f041bff853e6aba29e5db5c8b690cb30481b73cfe42b6d47d42fcf,not_applicable_untrained_codec,classical_fixed_mcs,imagenette160,test,3925,12800,r_1_6,awgn,7,9,2,2,,jpeg2000,,,1/2,qam16,0.8654777070063694,3397,3925,32.54031931187388,0.9064080946799966,3197,157.0,3002.898853503185,2.568328837133517,0.0,0.0,1.0,0.8654777070063694,False,530.207,0.0,artifact_finetuned,,,,,,crc24a,1,320,4,2464,0.49953125,
9bff17337973af42d0db55768c0f004b8fdc4c3fcb9f074a17791bbaa4c99d1e,2026-10-02T05:24:50+00:00,2421fd9957a6fb0f3a7ab8bd0d5980e5a7631097,False,0051f66832f041bff853e6aba29e5db5c8b690cb30481b73cfe42b6d47d42fcf,not_applicable_untrained_codec,classical_fixed_mcs,imagenette160,test,3925,12800,r_1_6,awgn,7,9,2,2,,jpeg2000,,,1/2,qam16,0.8754140127388536,3436,3925,32.54031931187388,0.9064080946799966,3197,157.0,3002.898853503185,2.568328837133517,0.0,0.0,1.0,0.8754140127388536,False,530.207,0.0,clean,,,,,,crc24a,1,320,4,2464,0.49953125,
d342cf2c9e7f140d01fc41fee866d11583d9cedf2aeb9143202ed1b1f4fa66e8,2026-10-02T05:14:35+00:00,2421fd9957a6fb0f3a7ab8bd0d5980e5a7631097,False,0051f66832f041bff853e6aba29e5db5c8b690cb30481b73cfe42b6d47d42fcf,not_applicable_untrained_codec,classical_fixed_mcs,imagenette160,test,3925,12800,r_1_6,awgn,7,11,2,2,,jpeg2000,,,1/2,qam16,0.8654777070063694,3397,3925,32.54031931187388,0.9064080946799966,3197,157.0,3002.898853503185,2.568328837133517,0.0,0.0,1.0,0.8654777070063694,False,461.973,2.066,artifact_finetuned,,,,,,crc24a,1,320,4,2464,0.49953125,
7cb1af9cd90f4b96faa6954b72eebdd010fead8b84f655a84e468ceab97ac83d,2026-10-02T05:14:35+00:00,2421fd9957a6fb0f3a7ab8bd0d5980e5a7631097,False,0051f66832f041bff853e6aba29e5db5c8b690cb30481b73cfe42b6d47d42fcf,not_applicable_untrained_codec,classical_fixed_mcs,imagenette160,test,3925,12800,r_1_6,awgn,7,11,2,2,,jpeg2000,,,1/2,qam16,0.8754140127388536,3436,3925,32.54031931187388,0.9064080946799966,3197,157.0,3002.898853503185,2.568328837133517,0.0,0.0,1.0,0.8754140127388536,False,461.973,2.066,clean,,,,,,crc24a,1,320,4,2464,0.49953125,
8e5245a7c72b55c09b952bbbf4409a73066b54d0b778ddddc86f728ad56cc88a,2026-10-02T05:33:54+00:00,2421fd9957a6fb0f3a7ab8bd0d5980e5a7631097,False,0051f66832f041bff853e6aba29e5db5c8b690cb30481b73cfe42b6d47d42fcf,not_applicable_untrained_codec,classical_fixed_mcs,imagenette160,test,3925,12800,r_1_6,awgn,7,13,2,2,,jpeg2000,,,1/2,qam16,0.8654777070063694,3397,3925,32.54031931187388,0.9064080946799966,3197,157.0,3002.898853503185,2.568328837133517,0.0,0.0,1.0,0.8654777070063694,False,578.822,0.0,artifact_finetuned,,,,,,crc24a,1,320,4,2464,0.49953125,
1c94eeb536e43c4da31317006ed34ec4e46849c41cfbe494fef92037996653f3,2026-10-02T05:33:54+00:00,2421fd9957a6fb0f3a7ab8bd0d5980e5a7631097,False,0051f66832f041bff853e6aba29e5db5c8b690cb30481b73cfe42b6d47d42fcf,not_applicable_untrained_codec,classical_fixed_mcs,imagenette160,test,3925,12800,r_1_6,awgn,7,13,2,2,,jpeg2000,,,1/2,qam16,0.8754140127388536,3436,3925,32.54031931187388,0.9064080946799966,3197,157.0,3002.898853503185,2.568328837133517,0.0,0.0,1.0,0.8754140127388536,False,578.822,0.0,clean,,,,,,crc24a,1,320,4,2464,0.49953125,
e17d574be27a33158cdb64879b51826d1649a3c67179d88696d223b2a8eb80c0,2026-10-02T05:19:50+00:00,2421fd9957a6fb0f3a7ab8bd0d5980e5a7631097,False,0051f66832f041bff853e6aba29e5db5c8b690cb30481b73cfe42b6d47d42fcf,not_applicable_untrained_codec,classical_fixed_mcs,imagenette160,test,3925,12800,r_1_6,awgn,7,15,2,2,,jpeg2000,,,1/2,qam16,0.8654777070063694,3397,3925,32.54031931187388,0.9064080946799966,3197,157.0,3002.898853503185,2.568328837133517,0.0,0.0,1.0,0.8654777070063694,False,470.839,2.066,artifact_finetuned,,,,,,crc24a,1,320,4,2464,0.49953125,
241a48e7bc14a03ddff8bfaa29e2603cba41b4f6cf17b701ff231796c0efed73,2026-10-02T05:19:50+00:00,2421fd9957a6fb0f3a7ab8bd0d5980e5a7631097,False,0051f66832f041bff853e6aba29e5db5c8b690cb30481b73cfe42b6d47d42fcf,not_applicable_untrained_codec,classical_fixed_mcs,imagenette160,test,3925,12800,r_1_6,awgn,7,15,2,2,,jpeg2000,,,1/2,qam16,0.8754140127388536,3436,3925,32.54031931187388,0.9064080946799966,3197,157.0,3002.898853503185,2.568328837133517,0.0,0.0,1.0,0.8754140127388536,False,470.839,2.066,clean,,,,,,crc24a,1,320,4,2464,0.49953125,
5f7f3ac21011c6b4473e60c469a6773a4d01b2f5a835e871028a56548604af3b,2026-10-02T05:34:35+00:00,2421fd9957a6fb0f3a7ab8bd0d5980e5a7631097,False,0051f66832f041bff853e6aba29e5db5c8b690cb30481b73cfe42b6d47d42fcf,not_applicable_untrained_codec,classical_fixed_mcs,imagenette160,test,3925,12800,r_1_6,awgn,7,18,2,2,,jpeg2000,,,1/2,qam16,0.8654777070063694,3397,3925,32.54031931187388,0.9064080946799966,3197,157.0,3002.898853503185,2.568328837133517,0.0,0.0,1.0,0.8654777070063694,False,584.956,0.0,artifact_finetuned,,,,,,crc24a,1,320,4,2464,0.49953125,
89dae5d9f993778f7a60d23b2cfed3ebbf2e73ebd97c19174b4d108b9d0cf8e5,2026-10-02T05:34:35+00:00,2421fd9957a6fb0f3a7ab8bd0d5980e5a7631097,False,0051f66832f041bff853e6aba29e5db5c8b690cb30481b73cfe42b6d47d42fcf,not_applicable_untrained_codec,classical_fixed_mcs,imagenette160,test,3925,12800,r_1_6,awgn,7,18,2,2,,jpeg2000,,,1/2,qam16,0.8754140127388536,3436,3925,32.54031931187388,0.9064080946799966,3197,157.0,3002.898853503185,2.568328837133517,0.0,0.0,1.0,0.8754140127388536,False,584.956,0.0,clean,,,,,,crc24a,1,320,4,2464,0.49953125,
e51cae3dead8e4ef6714e779d6f25a45597c618c02bf6534c72b60552d93768b,2026-10-02T05:14:45+00:00,2421fd9957a6fb0f3a7ab8bd0d5980e5a7631097,False,,d315c82be5c15931642f4c01b100aae2532eed474455d4b65e3f0a5862841e12,learned,imagenette160,test,3925,3200,r_1_24,awgn,7,-8,0,0,,,,,,,0.47337579617834397,1858,3925,,,,,,12.314759653905394,0.0,0.0,1.0,0.47337579617834397,False,8.972,2.066,own_task_head,,,,,,,,,,,,
6379b4b9a08288b120ae492d4433e515fbd085955a4a8f4f025da97aa337a693,2026-10-02T05:34:01+00:00,2421fd9957a6fb0f3a7ab8bd0d5980e5a7631097,False,,d315c82be5c15931642f4c01b100aae2532eed474455d4b65e3f0a5862841e12,learned,imagenette160,test,3925,3200,r_1_24,awgn,7,-7,0,0,,,,,,,0.5393630573248408,2117,3925,,,,,,12.314759653905394,0.0,0.0,1.0,0.5393630573248408,False,6.328,0.0,own_task_head,,,,,,,,,,,,
7a0e9fb3159dec1d6df608f7681a89b491fe7256acd675ff294e7c7fdb5f0854,2026-10-02T05:19:56+00:00,2421fd9957a6fb0f3a7ab8bd0d5980e5a7631097,False,,d315c82be5c15931642f4c01b100aae2532eed474455d4b65e3f0a5862841e12,learned,imagenette160,test,3925,3200,r_1_24,awgn,7,-6,0,0,,,,,,,0.5913375796178344,2321,3925,,,,,,12.314759653905394,0.0,0.0,1.0,0.5913375796178344,False,5.583,2.066,own_task_head,,,,,,,,,,,,
c7fcc997cbaf20e9db67fbf19a05867ebdf2a8ceff4bcbf6d78291df9f8324d4,2026-10-02T05:34:42+00:00,2421fd9957a6fb0f3a7ab8bd0d5980e5a7631097,False,,d315c82be5c15931642f4c01b100aae2532eed474455d4b65e3f0a5862841e12,learned,imagenette160,test,3925,3200,r_1_24,awgn,7,-5,0,0,,,,,,,0.6448407643312102,2531,3925,,,,,,12.314759653905394,0.0,0.0,1.0,0.6448407643312102,False,6.256,0.0,own_task_head,,,,,,,,,,,,
dc697afaa9f69a39011067c58b4a57e26f39b227915866e0b90035e4556f1f67,2026-10-02T05:14:50+00:00,2421fd9957a6fb0f3a7ab8bd0d5980e5a7631097,False,,d315c82be5c15931642f4c01b100aae2532eed474455d4b65e3f0a5862841e12,learned,imagenette160,test,3925,3200,r_1_24,awgn,7,-4,0,0,,,,,,,0.6830573248407643,2681,3925,,,,,,12.314759653905394,0.0,0.0,1.0,0.6830573248407643,False,5.621,2.066,own_task_head,,,,,,,,,,,,
61c1ecea3a86c52ee26fbf714bf5724cf55e2cd49bf3b2b9952ca2faadf7509a,2026-10-02T05:34:08+00:00,2421fd9957a6fb0f3a7ab8bd0d5980e5a7631097,False,,d315c82be5c15931642f4c01b100aae2532eed474455d4b65e3f0a5862841e12,learned,imagenette160,test,3925,3200,r_1_24,awgn,7,-3,0,0,,,,,,,0.7136305732484076,2801,3925,,,,,,12.314759653905394,0.0,0.0,1.0,0.7136305732484076,False,6.257,0.0,own_task_head,,,,,,,,,,,,
2bcfd5672e7dc9b4d8eb4f30269895c10161d45fdb5dfc52c8f1cda12e842bb9,2026-10-02T05:20:01+00:00,2421fd9957a6fb0f3a7ab8bd0d5980e5a7631097,False,,d315c82be5c15931642f4c01b100aae2532eed474455d4b65e3f0a5862841e12,learned,imagenette160,test,3925,3200,r_1_24,awgn,7,-2,0,0,,,,,,,0.7388535031847133,2900,3925,,,,,,12.314759653905394,0.0,0.0,1.0,0.7388535031847133,False,5.423,2.066,own_task_head,,,,,,,,,,,,
3763aaccd20e247148bbbf063c95e879d064c962550107c8629206c6c71afb21,2026-10-02T05:34:48+00:00,2421fd9957a6fb0f3a7ab8bd0d5980e5a7631097,False,,d315c82be5c15931642f4c01b100aae2532eed474455d4b65e3f0a5862841e12,learned,imagenette160,test,3925,3200,r_1_24,awgn,7,-1,0,0,,,,,,,0.7571974522292994,2972,3925,,,,,,12.314759653905394,0.0,0.0,1.0,0.7571974522292994,False,5.936,0.0,own_task_head,,,,,,,,,,,,
b7f80c1cdabfe37f1fb1d50a2358ae43bf4a9ad783950c8dd7ba645af4f04e87,2026-10-02T05:15:01+00:00,2421fd9957a6fb0f3a7ab8bd0d5980e5a7631097,False,,d315c82be5c15931642f4c01b100aae2532eed474455d4b65e3f0a5862841e12,learned,imagenette160,test,3925,3200,r_1_24,awgn,7,0,0,0,,,,,,,0.763312101910828,2996,3925,,,,,,12.314759653905394,0.0,0.0,1.0,0.763312101910828,False,10.317,2.066,own_task_head,,,,,,,,,,,,
169fb09f3641024fac48ef7d3b84d85de8dc20c1b0c525882a61781bf8dbd158,2026-10-02T05:34:14+00:00,2421fd9957a6fb0f3a7ab8bd0d5980e5a7631097,False,,d315c82be5c15931642f4c01b100aae2532eed474455d4b65e3f0a5862841e12,learned,imagenette160,test,3925,3200,r_1_24,awgn,7,1,0,0,,,,,,,0.7752866242038217,3043,3925,,,,,,12.314759653905394,0.0,0.0,1.0,0.7752866242038217,False,6.673,0.0,own_task_head,,,,,,,,,,,,
63cbdc56285fb3c88f6960ab1477a9a02fdff0959af66d4ed1987f3b247c901f,2026-10-02T05:20:07+00:00,2421fd9957a6fb0f3a7ab8bd0d5980e5a7631097,False,,d315c82be5c15931642f4c01b100aae2532eed474455d4b65e3f0a5862841e12,learned,imagenette160,test,3925,3200,r_1_24,awgn,7,2,0,0,,,,,,,0.7801273885350318,3062,3925,,,,,,12.314759653905394,0.0,0.0,1.0,0.7801273885350318,False,5.428,2.066,own_task_head,,,,,,,,,,,,
7df2695f0628c647826e795d1e09a3401bd8e5398faf5954444ad6db603c4e64,2026-10-02T05:34:54+00:00,2421fd9957a6fb0f3a7ab8bd0d5980e5a7631097,False,,d315c82be5c15931642f4c01b100aae2532eed474455d4b65e3f0a5862841e12,learned,imagenette160,test,3925,3200,r_1_24,awgn,7,3,0,0,,,,,,,0.7844585987261147,3079,3925,,,,,,12.314759653905394,0.0,0.0,1.0,0.7844585987261147,False,6.0,0.0,own_task_head,,,,,,,,,,,,
07f84818d05ba2f3133ec75b66eb45571e60d6fa8a2dca0a0159d40885018860,2026-10-02T05:15:07+00:00,2421fd9957a6fb0f3a7ab8bd0d5980e5a7631097,False,,d315c82be5c15931642f4c01b100aae2532eed474455d4b65e3f0a5862841e12,learned,imagenette160,test,3925,3200,r_1_24,awgn,7,4,0,0,,,,,,,0.7882802547770701,3094,3925,,,,,,12.314759653905394,0.0,0.0,1.0,0.7882802547770701,False,6.217,2.066,own_task_head,,,,,,,,,,,,
9acddaf4b86ad3575d6031dbc3f3cdd979e0d07e00523c296440cf37db52ba17,2026-10-02T05:34:23+00:00,2421fd9957a6fb0f3a7ab8bd0d5980e5a7631097,False,,d315c82be5c15931642f4c01b100aae2532eed474455d4b65e3f0a5862841e12,learned,imagenette160,test,3925,3200,r_1_24,awgn,7,5,0,0,,,,,,,0.7977070063694267,3131,3925,,,,,,12.314759653905394,0.0,0.0,1.0,0.7977070063694267,False,8.036,0.0,own_task_head,,,,,,,,,,,,
0cae9b3b20d43006092460588ef26f6fe57f506e1221fd0325fec0721b88db8d,2026-10-02T05:20:13+00:00,2421fd9957a6fb0f3a7ab8bd0d5980e5a7631097,False,,d315c82be5c15931642f4c01b100aae2532eed474455d4b65e3f0a5862841e12,learned,imagenette160,test,3925,3200,r_1_24,awgn,7,6,0,0,,,,,,,0.7974522292993631,3130,3925,,,,,,12.314759653905394,0.0,0.0,1.0,0.7974522292993631,False,5.49,2.066,own_task_head,,,,,,,,,,,,
85ca97268d3ccb3f0cf267f5562bb65341a125ccf72cdf7633f112ee97117512,2026-10-02T05:35:02+00:00,2421fd9957a6fb0f3a7ab8bd0d5980e5a7631097,False,,d315c82be5c15931642f4c01b100aae2532eed474455d4b65e3f0a5862841e12,learned,imagenette160,test,3925,3200,r_1_24,awgn,7,7,0,0,,,,,,,0.7977070063694267,3131,3925,,,,,,12.314759653905394,0.0,0.0,1.0,0.7977070063694267,False,7.216,0.0,own_task_head,,,,,,,,,,,,
96c3043dc1223fb03b3237976da74095abd137f276e694e3c4dba970cc578ee6,2026-10-02T05:15:13+00:00,2421fd9957a6fb0f3a7ab8bd0d5980e5a7631097,False,,d315c82be5c15931642f4c01b100aae2532eed474455d4b65e3f0a5862841e12,learned,imagenette160,test,3925,3200,r_1_24,awgn,7,9,0,0,,,,,,,0.8,3140,3925,,,,,,12.314759653905394,0.0,0.0,1.0,0.8,False,5.664,2.066,own_task_head,,,,,,,,,,,,
e970571dcbaa7b4d3915f1565d56e64a32b6f46e766a0f732315f84fcf2b2c08,2026-10-02T05:34:31+00:00,2421fd9957a6fb0f3a7ab8bd0d5980e5a7631097,False,,d315c82be5c15931642f4c01b100aae2532eed474455d4b65e3f0a5862841e12,learned,imagenette160,test,3925,3200,r_1_24,awgn,7,11,0,0,,,,,,,0.8002547770700636,3141,3925,,,,,,12.314759653905394,0.0,0.0,1.0,0.8002547770700636,False,8.513,0.0,own_task_head,,,,,,,,,,,,
7cb79f084617cb4e378e9c15b33bbb6e2bb2858a55ec8253382891b78782bb13,2026-10-02T05:20:18+00:00,2421fd9957a6fb0f3a7ab8bd0d5980e5a7631097,False,,d315c82be5c15931642f4c01b100aae2532eed474455d4b65e3f0a5862841e12,learned,imagenette160,test,3925,3200,r_1_24,awgn,7,13,0,0,,,,,,,0.8017834394904458,3147,3925,,,,,,12.314759653905394,0.0,0.0,1.0,0.8017834394904458,False,5.487,2.066,own_task_head,,,,,,,,,,,,
bf81535113d5613502a332402127b7147e478e5b24c5dda6d32b2a9a0a8f617e,2026-10-02T05:35:10+00:00,2421fd9957a6fb0f3a7ab8bd0d5980e5a7631097,False,,d315c82be5c15931642f4c01b100aae2532eed474455d4b65e3f0a5862841e12,learned,imagenette160,test,3925,3200,r_1_24,awgn,7,15,0,0,,,,,,,0.8015286624203821,3146,3925,,,,,,12.314759653905394,0.0,0.0,1.0,0.8015286624203821,False,7.886,0.0,own_task_head,,,,,,,,,,,,
c2511a99d2d57aa632a702c28e4bc846b2ec89825faadf4318b45228bdede07f,2026-10-02T05:15:25+00:00,2421fd9957a6fb0f3a7ab8bd0d5980e5a7631097,False,,d315c82be5c15931642f4c01b100aae2532eed474455d4b65e3f0a5862841e12,learned,imagenette160,test,3925,3200,r_1_24,awgn,7,18,0,0,,,,,,,0.8,3140,3925,,,,,,12.314759653905394,0.0,0.0,1.0,0.8,False,11.367,2.066,own_task_head,,,,,,,,,,,,
04f361b4214900635e8d8cdc232abb2cd4ded02e48050ffd68e7ca2dd664ee7f,2026-10-02T05:34:36+00:00,2421fd9957a6fb0f3a7ab8bd0d5980e5a7631097,False,083fb17a25b7e28001d7c3657733a93b220a9ed00d4f43a62edc734e5e1add2f,not_applicable_untrained_codec,classical_adaptive,imagenette160,test,3925,3200,r_1_24,awgn,7,-8,0,0,,jpeg2000,,,1/3,bpsk,0.09859872611464968,387,3925,,,131,,,,0.0,1.0,0.0,,False,4.294,0.0,artifact_finetuned,,,,,,crc16,2,112,1,56,0.3275,
5fc345eb3e535b95124a1bf9b8a266178992e1ee35e894e27913fc3033a38c52,2026-10-02T05:34:36+00:00,2421fd9957a6fb0f3a7ab8bd0d5980e5a7631097,False,083fb17a25b7e28001d7c3657733a93b220a9ed00d4f43a62edc734e5e1add2f,not_applicable_untrained_codec,classical_adaptive,imagenette160,test,3925,3200,r_1_24,awgn,7,-8,0,0,,jpeg2000,,,1/3,bpsk,0.09859872611464968,387,3925,,,131,,,,0.0,1.0,0.0,,False,4.294,0.0,clean,,,,,,crc16,2,112,1,56,0.3275,
b70ee80b3b0d022d6e65878d94e18fc7d5cc66f960c36bc1b804a585e73c53ad,2026-10-02T05:20:23+00:00,2421fd9957a6fb0f3a7ab8bd0d5980e5a7631097,False,e5a7be7de8f1c3d2b4f7cee43ef7db302beac7d524e130d866fca44e3a2a8e13,not_applicable_untrained_codec,classical_adaptive,imagenette160,test,3925,3200,r_1_24,awgn,7,-7,0,0,,jpeg2000,,,1/3,bpsk,0.09859872611464968,387,3925,,,131,,,,0.0,1.0,0.0,,False,4.089,2.066,artifact_finetuned,,,,,,crc16,2,112,1,56,0.3275,
858decbe80364d2f6141821fa2249a6ff1ed9037d98c3d8026a3cf66c403983a,2026-10-02T05:20:23+00:00,2421fd9957a6fb0f3a7ab8bd0d5980e5a7631097,False,e5a7be7de8f1c3d2b4f7cee43ef7db302beac7d524e130d866fca44e3a2a8e13,not_applicable_untrained_codec,classical_adaptive,imagenette160,test,3925,3200,r_1_24,awgn,7,-7,0,0,,jpeg2000,,,1/3,bpsk,0.09859872611464968,387,3925,,,131,,,,0.0,1.0,0.0,,False,4.089,2.066,clean,,,,,,crc16,2,112,1,56,0.3275,
8048e1339de3d9c13dde9dcc991135ff468c15f742bfdc680c9c79209763bde4,2026-10-02T05:35:14+00:00,2421fd9957a6fb0f3a7ab8bd0d5980e5a7631097,False,41f61e471df625ad3b24c14f18876e06c9e7dae9a8105fa1adfe23e4fc199c92,not_applicable_untrained_codec,classical_adaptive,imagenette160,test,3925,3200,r_1_24,awgn,7,-6,0,0,,jpeg2000,,,1/3,bpsk,0.09859872611464968,387,3925,,,131,,,,0.0,1.0,0.0,,False,4.495,0.0,artifact_finetuned,,,,,,crc16,2,112,1,56,0.3275,
8ffb7b71bd837b4530a4d10ae8d7d249d9436c7aa1bbb5bef546172dd1631ed0,2026-10-02T05:35:14+00:00,2421fd9957a6fb0f3a7ab8bd0d5980e5a7631097,False,41f61e471df625ad3b24c14f18876e06c9e7dae9a8105fa1adfe23e4fc199c92,not_applicable_untrained_codec,classical_adaptive,imagenette160,test,3925,3200,r_1_24,awgn,7,-6,0,0,,jpeg2000,,,1/3,bpsk,0.09859872611464968,387,3925,,,131,,,,0.0,1.0,0.0,,False,4.495,0.0,clean,,,,,,crc16,2,112,1,56,0.3275,
6a61b9ed7784f7e00ce01fa63647f9b92779219260339042c97b293e6aee8bd5,2026-10-02T05:18:01+00:00,2421fd9957a6fb0f3a7ab8bd0d5980e5a7631097,False,32a2e758b4089ecf3a0b93947bd59915fbe728b96b1cea70fe4acd0d3968999a,not_applicable_untrained_codec,classical_adaptive,imagenette160,test,3925,3200,r_1_24,awgn,7,-5,0,0,,jpeg2000,,,1/3,bpsk,0.09859872611464968,387,3925,,,131,,,,0.0,1.0,0.0,,False,156.075,2.066,artifact_finetuned,,,,,,crc16,2,112,1,56,0.3275,
b87016f6a951c27810d3dfdc859008fd1c8f1900e2d9433a6eb85c1caaa12939,2026-10-02T05:18:01+00:00,2421fd9957a6fb0f3a7ab8bd0d5980e5a7631097,False,32a2e758b4089ecf3a0b93947bd59915fbe728b96b1cea70fe4acd0d3968999a,not_applicable_untrained_codec,classical_adaptive,imagenette160,test,3925,3200,r_1_24,awgn,7,-5,0,0,,jpeg2000,,,1/3,bpsk,0.09859872611464968,387,3925,,,131,,,,0.0,1.0,0.0,,False,156.075,2.066,clean,,,,,,crc16,2,112,1,56,0.3275,
3adce7ab8fa5e3a7e1fcc34d3e6da6a852763cbde6ea920fd6c168d26253e162,2026-10-02T05:34:40+00:00,2421fd9957a6fb0f3a7ab8bd0d5980e5a7631097,False,72b436b8f3c5861b1b6dda320dedb18114ce5e16223d1aae4433b6e7ff304bda,not_applicable_untrained_codec,classical_adaptive,imagenette160,test,3925,3200,r_1_24,awgn,7,-4,0,0,,jpeg2000,,,1/3,bpsk,0.09859872611464968,387,3925,,,131,,,,0.0,1.0,0.0,,False,4.16,0.0,artifact_finetuned,,,,,,crc16,2,112,1,56,0.3275,
6872509786cb72dbe12c3ae10ae0716877f6a4c1d7b20d6c33e19e4719dcea97,2026-10-02T05:34:40+00:00,2421fd9957a6fb0f3a7ab8bd0d5980e5a7631097,False,72b436b8f3c5861b1b6dda320dedb18114ce5e16223d1aae4433b6e7ff304bda,not_applicable_untrained_codec,classical_adaptive,imagenette160,test,3925,3200,r_1_24,awgn,7,-4,0,0,,jpeg2000,,,1/3,bpsk,0.09859872611464968,387,3925,,,131,,,,0.0,1.0,0.0,,False,4.16,0.0,clean,,,,,,crc16,2,112,1,56,0.3275,
80b7d085d5b6c2267d9be742343a2a902404dc42077978c9732dd8cbef54e559,2026-10-02T05:20:27+00:00,2421fd9957a6fb0f3a7ab8bd0d5980e5a7631097,False,fa28ce4132ad9fcce899d00dc73fdfb53daea301e441c903e675dea1eba6f97f,not_applicable_untrained_codec,classical_adaptive,imagenette160,test,3925,3200,r_1_24,awgn,7,-3,0,0,,jpeg2000,,,1/3,bpsk,0.09859872611464968,387,3925,,,131,,,,0.0,1.0,0.0,,False,3.852,2.066,artifact_finetuned,,,,,,crc16,2,112,1,56,0.3275,
d99a78e3b19a7180d9c7e00048f4b190eaa60b58bcff513a15c417ed7009a895,2026-10-02T05:20:27+00:00,2421fd9957a6fb0f3a7ab8bd0d5980e5a7631097,False,fa28ce4132ad9fcce899d00dc73fdfb53daea301e441c903e675dea1eba6f97f,not_applicable_untrained_codec,classical_adaptive,imagenette160,test,3925,3200,r_1_24,awgn,7,-3,0,0,,jpeg2000,,,1/3,bpsk,0.09859872611464968,387,3925,,,131,,,,0.0,1.0,0.0,,False,3.852,2.066,clean,,,,,,crc16,2,112,1,56,0.3275,
14160b317004c55e6036748bdfe951b43f0d67da47a1df610b30d03828b24d16,2026-10-02T05:39:05+00:00,2421fd9957a6fb0f3a7ab8bd0d5980e5a7631097,False,23d9b5ade68f8886e9e6d0a25a34301c5aa85664125fe06aee5430e2d3eee899,not_applicable_untrained_codec,classical_adaptive,imagenette160,test,3925,3200,r_1_24,awgn,7,-2,0,0,,jpeg2000,,,1/2,bpsk,0.2889171974522293,1134,3925,14.680894112399876,0.34078203287537473,198,157.0,28.56203821656051,0.0,0.17961783439490445,0.0,0.8203821656050956,0.3347826086956522,False,230.026,0.0,artifact_finetuned,,,,,,crc16,2,160,1,0,0.495,
07b4e97fc96182add718ee59d4be4441f77a13e78c9150e976725ecccf3c8fa5,2026-10-02T05:39:05+00:00,2421fd9957a6fb0f3a7ab8bd0d5980e5a7631097,False,23d9b5ade68f8886e9e6d0a25a34301c5aa85664125fe06aee5430e2d3eee899,not_applicable_untrained_codec,classical_adaptive,imagenette160,test,3925,3200,r_1_24,awgn,7,-2,0,0,,jpeg2000,,,1/2,bpsk,0.13528662420382165,531,3925,14.680894112399876,0.34078203287537473,198,157.0,28.56203821656051,0.0,0.17961783439490445,0.0,0.8203821656050956,0.14751552795031056,False,230.026,0.0,clean,,,,,,crc16,2,160,1,0,0.495,
a0e1f08cf3a67cdf0b51c185a5da3f632bccdb3fb1eff1099f631eaa868bc193,2026-10-02T05:32:13+00:00,2421fd9957a6fb0f3a7ab8bd0d5980e5a7631097,False,c2aa3d05d31014b66bac901c2acf4208373cbb3ee3e7b181c413bbbe962c609f,not_applicable_untrained_codec,classical_adaptive,imagenette160,test,3925,3200,r_1_24,awgn,7,-1,0,0,,jpeg2000,,,1/3,qpsk,0.6794904458598726,2667,3925,18.90966045702641,0.4357213461828888,264,157.0,101.93885350318472,0.0,0.0005095541401273885,0.0,0.9994904458598726,0.6798368595462656,False,851.86,2.066,artifact_finetuned,,,,,,crc16,2,224,1,112,0.33,
2dd11a1a7ff3b60fe611daa46364fb8229524e7326eee4dbebb984430bf85999,2026-10-02T05:32:13+00:00,2421fd9957a6fb0f3a7ab8bd0d5980e5a7631097,False,c2aa3d05d31014b66bac901c2acf4208373cbb3ee3e7b181c413bbbe962c609f,not_applicable_untrained_codec,classical_adaptive,imagenette160,test,3925,3200,r_1_24,awgn,7,-1,0,0,,jpeg2000,,,1/3,qpsk,0.25248407643312104,991,3925,18.90966045702641,0.4357213461828888,264,157.0,101.93885350318472,0.0,0.0005095541401273885,0.0,0.9994904458598726,0.2526127963293398,False,851.86,2.066,clean,,,,,,crc16,2,224,1,112,0.33,
49346fd6163bcba0c656defc57a5bb872f19a4d267593431d8dc39d5df5c2673,2026-10-02T05:38:03+00:00,2421fd9957a6fb0f3a7ab8bd0d5980e5a7631097,False,2870470a81931051d3bcb3016dd0b6aec873906ab7d4c2da1ad50fc9ed44c0cd,not_applicable_untrained_codec,classical_adaptive,imagenette160,test,3925,3200,r_1_24,awgn,7,0,0,0,,jpeg2000,,,1/3,qpsk,0.6797452229299363,2668,3925,18.908775760334986,0.43565104508236296,264,157.0,101.93885350318472,0.0,0.0,0.0,1.0,0.6797452229299363,False,202.645,0.0,artifact_finetuned,,,,,,crc16,2,224,1,112,0.33,
9f03ce5be8b2deeaf827bdf8c0a4df87f435959770dd21f05531f4a632698ff7,2026-10-02T05:38:03+00:00,2421fd9957a6fb0f3a7ab8bd0d5980e5a7631097,False,2870470a81931051d3bcb3016dd0b6aec873906ab7d4c2da1ad50fc9ed44c0cd,not_applicable_untrained_codec,classical_adaptive,imagenette160,test,3925,3200,r_1_24,awgn,7,0,0,0,,jpeg2000,,,1/3,qpsk,0.25248407643312104,991,3925,18.908775760334986,0.43565104508236296,264,157.0,101.93885350318472,0.0,0.0,0.0,1.0,0.25248407643312104,False,202.645,0.0,clean,,,,,,crc16,2,224,1,112,0.33,
4ed47c94a619a7cc8f2aeb8dc39cdb956f05d56ec404a47ee4ebc1bf1b31f8bf,2026-10-02T05:32:52+00:00,2421fd9957a6fb0f3a7ab8bd0d5980e5a7631097,False,fa8b87451557b9739ba80e2810c4a783f9e230da76f37bfcd58263cbedeccd18,not_applicable_untrained_codec,classical_adaptive,imagenette160,test,3925,3200,r_1_24,awgn,7,1,0,0,,jpeg2000,,,1/2,qpsk,0.7263694267515923,2851,3925,21.01510647389099,0.5243865146274157,398,157.0,231.97834394904459,0.0,0.08764331210191083,0.0,0.9123566878980892,0.7883272828818766,False,744.881,2.066,artifact_finetuned,,,,,,crc16,2,320,1,0,0.4975,
2075ec384cb2e69e15ec07aa167854ceb62c7118b6d3c8e17c4a82b53bdfedf9,2026-10-02T05:32:52+00:00,2421fd9957a6fb0f3a7ab8bd0d5980e5a7631097,False,fa8b87451557b9739ba80e2810c4a783f9e230da76f37bfcd58263cbedeccd18,not_applicable_untrained_codec,classical_adaptive,imagenette160,test,3925,3200,r_1_24,awgn,7,1,0,0,,jpeg2000,,,1/2,qpsk,0.4473885350318471,1756,3925,21.01510647389099,0.5243865146274157,398,157.0,231.97834394904459,0.0,0.08764331210191083,0.0,0.9123566878980892,0.4825467746439542,False,744.881,2.066,clean,,,,,,crc16,2,320,1,0,0.4975,
5d55593594aa8c5aa319cff7969da758efa30ecd47e5dd5c5613e1e6c66c3358,2026-10-02T05:42:36+00:00,2421fd9957a6fb0f3a7ab8bd0d5980e5a7631097,False,4ee2cdeda6858bcec12f2b6886181243e2c34a50e1341c04e41b0557738a7615,not_applicable_untrained_codec,classical_adaptive,imagenette160,test,3925,3200,r_1_24,awgn,7,2,0,0,,jpeg2000,,,1/2,qpsk,0.790828025477707,3104,3925,21.0185433843033,0.5246201744863244,398,157.0,231.97834394904459,0.0,0.0,0.0,1.0,0.790828025477707,False,211.168,0.0,artifact_finetuned,,,,,,crc16,2,320,1,0,0.4975,
c0e1719ce280bfd440c7adb480823a30cd09d77737f574e4c2c0ce605531e7b8,2026-10-02T05:42:36+00:00,2421fd9957a6fb0f3a7ab8bd0d5980e5a7631097,False,4ee2cdeda6858bcec12f2b6886181243e2c34a50e1341c04e41b0557738a7615,not_applicable_untrained_codec,classical_adaptive,imagenette160,test,3925,3200,r_1_24,awgn,7,2,0,0,,jpeg2000,,,1/2,qpsk,0.4861146496815287,1908,3925,21.0185433843033,0.5246201744863244,398,157.0,231.97834394904459,0.0,0.0,0.0,1.0,0.4861146496815287,False,211.168,0.0,clean,,,,,,crc16,2,320,1,0,0.4975,
d3f555648dcb4f18cd9e77540f2293711b9c11b8a825c15bc2d2736abf6adb17,2026-10-02T05:35:43+00:00,2421fd9957a6fb0f3a7ab8bd0d5980e5a7631097,False,edd3cc923701ed4ab74e052cf712c6e6c8dd63adf6b91ee6d30526e27b186d1d,not_applicable_untrained_codec,classical_adaptive,imagenette160,test,3925,3200,r_1_24,awgn,7,3,0,0,,jpeg2000,,,1/2,qpsk,0.790828025477707,3104,3925,21.0185433843033,0.5246201744863244,398,157.0,231.97834394904459,0.0,0.0,0.0,1.0,0.790828025477707,False,210.016,2.066,artifact_finetuned,,,,,,crc16,2,320,1,0,0.4975,
490d484da5a486679879818dbab7a9be0fd1b6fe7e2e43edb20d044a9ab13246,2026-10-02T05:35:43+00:00,2421fd9957a6fb0f3a7ab8bd0d5980e5a7631097,False,edd3cc923701ed4ab74e052cf712c6e6c8dd63adf6b91ee6d30526e27b186d1d,not_applicable_untrained_codec,classical_adaptive,imagenette160,test,3925,3200,r_1_24,awgn,7,3,0,0,,jpeg2000,,,1/2,qpsk,0.4861146496815287,1908,3925,21.0185433843033,0.5246201744863244,398,157.0,231.97834394904459,0.0,0.0,0.0,1.0,0.4861146496815287,False,210.016,2.066,clean,,,,,,crc16,2,320,1,0,0.4975,
92e8fddbd303c9d984e8c2a6835f092e47651f76d4063dfc4294e3067064c388,2026-10-02T05:42:07+00:00,2421fd9957a6fb0f3a7ab8bd0d5980e5a7631097,False,9aba2fcd715a01ed2f83681c2a402a8dc6278951cb29c9a781e0b1235419eecd,not_applicable_untrained_codec,classical_adaptive,imagenette160,test,3925,3200,r_1_24,awgn,7,4,0,0,,jpeg2000,,,1/3,qam16,0.8163057324840765,3204,3925,22.039682661702333,0.571467192504781,531,157.0,362.6616560509554,2.565202616248161,0.0,0.0,1.0,0.8163057324840765,False,243.028,0.0,artifact_finetuned,,,,,,crc24a,1,208,1,304,0.331875,
433da161e873bfe574a307e915a59c22393669975343ee3364fa5aca774255f8,2026-10-02T05:42:07+00:00,2421fd9957a6fb0f3a7ab8bd0d5980e5a7631097,False,9aba2fcd715a01ed2f83681c2a402a8dc6278951cb29c9a781e0b1235419eecd,not_applicable_untrained_codec,classical_adaptive,imagenette160,test,3925,3200,r_1_24,awgn,7,4,0,0,,jpeg2000,,,1/3,qam16,0.5921019108280254,2324,3925,22.039682661702333,0.571467192504781,531,157.0,362.6616560509554,2.565202616248161,0.0,0.0,1.0,0.5921019108280254,False,243.028,0.0,clean,,,,,,crc24a,1,208,1,304,0.331875,
569995296494b7469e29f1400836da98bf254fffc43e4adaf9157ce1cb9cce57,2026-10-02T05:36:53+00:00,2421fd9957a6fb0f3a7ab8bd0d5980e5a7631097,False,109223516c1250c20498a4eec23ff5f107157b0ba5e897ce8aea30377d3b9010,not_applicable_untrained_codec,classical_adaptive,imagenette160,test,3925,3200,r_1_24,awgn,7,5,0,0,,jpeg2000,,,1/3,qam16,0.8163057324840765,3204,3925,22.039682661702333,0.571467192504781,531,157.0,362.6616560509554,2.565202616248161,0.0,0.0,1.0,0.8163057324840765,False,240.506,2.073,artifact_finetuned,,,,,,crc24a,1,208,1,304,0.331875,
dc7125885b8a2e0434f29f0582b146acfdf89c5e1da4a5913782d41221c61c4a,2026-10-02T05:36:53+00:00,2421fd9957a6fb0f3a7ab8bd0d5980e5a7631097,False,109223516c1250c20498a4eec23ff5f107157b0ba5e897ce8aea30377d3b9010,not_applicable_untrained_codec,classical_adaptive,imagenette160,test,3925,3200,r_1_24,awgn,7,5,0,0,,jpeg2000,,,1/3,qam16,0.5921019108280254,2324,3925,22.039682661702333,0.571467192504781,531,157.0,362.6616560509554,2.565202616248161,0.0,0.0,1.0,0.5921019108280254,False,240.506,2.073,clean,,,,,,crc24a,1,208,1,304,0.331875,
0032f5033beebfe63397aaf073ee52cef085516a7bc4ff752be45ed0ade8196a,2026-10-02T05:57:55+00:00,2421fd9957a6fb0f3a7ab8bd0d5980e5a7631097,False,66370e51631fc88653d9ea02fa03c548a4c9887e68800d70c07adacf873177c4,not_applicable_untrained_codec,classical_adaptive,imagenette160,test,3925,3200,r_1_24,awgn,7,6,0,0,,jpeg2000,,,5/6,qpsk,0.8392356687898089,3294,3925,23.312427167773603,0.6332767632298442,663,157.0,495.6028025477707,0.0,0.0,0.0,1.0,0.8392356687898089,False,918.67,0.0,artifact_finetuned,,,,,,crc24a,1,256,1,304,0.82875,
8b19207f43f7adccfc7e9307dc1d75c03899d76c32255f3adf401f2fe334d96d,2026-10-02T05:57:55+00:00,2421fd9957a6fb0f3a7ab8bd0d5980e5a7631097,False,66370e51631fc88653d9ea02fa03c548a4c9887e68800d70c07adacf873177c4,not_applicable_untrained_codec,classical_adaptive,imagenette160,test,3925,3200,r_1_24,awgn,7,6,0,0,,jpeg2000,,,5/6,qpsk,0.7510828025477707,2948,3925,23.312427167773603,0.6332767632298442,663,157.0,495.6028025477707,0.0,0.0,0.0,1.0,0.7510828025477707,False,918.67,0.0,clean,,,,,,crc24a,1,256,1,304,0.82875,
2786bfc4eda130d04894f787fc28950e43d80fbcfb3d7cc4765b3ce2296071be,2026-10-02T05:39:41+00:00,2421fd9957a6fb0f3a7ab8bd0d5980e5a7631097,False,aff7001c220dd060f71446926ec7d364b26a76915e5a56704f7c154b39560575,not_applicable_untrained_codec,classical_adaptive,imagenette160,test,3925,3200,r_1_24,awgn,7,7,0,0,,jpeg2000,,,1/2,qam16,0.8489171974522293,3332,3925,24.05006936717054,0.6676432106873547,797,157.0,626.4045859872612,2.615580319264892,0.0,0.0,1.0,0.8489171974522293,False,237.698,2.066,artifact_finetuned,,,,,,crc24a,1,320,1,640,0.498125,
554fcf4ff58fe8af1852e25ebf37d917fcd17f5adb3e5085ceeb2bd6160e662b,2026-10-02T05:39:41+00:00,2421fd9957a6fb0f3a7ab8bd0d5980e5a7631097,False,aff7001c220dd060f71446926ec7d364b26a76915e5a56704f7c154b39560575,not_applicable_untrained_codec,classical_adaptive,imagenette160,test,3925,3200,r_1_24,awgn,7,7,0,0,,jpeg2000,,,1/2,qam16,0.7984713375796179,3134,3925,24.05006936717054,0.6676432106873547,797,157.0,626.4045859872612,2.615580319264892,0.0,0.0,1.0,0.7984713375796179,False,237.698,2.066,clean,,,,,,crc24a,1,320,1,640,0.498125,
d3d58be05a89c6a1164944939d3cb639a3e8e6bc4d723956b4042d897deb1f88,2026-10-02T05:46:02+00:00,2421fd9957a6fb0f3a7ab8bd0d5980e5a7631097,False,f710b4b134aecfce947ca450b6ec95aa774d15b77a57e39a259aaa7b22aa4555,not_applicable_untrained_codec,classical_adaptive,imagenette160,test,3925,3200,r_1_24,awgn,7,9,0,0,,jpeg2000,,,2/3,qam16,0.8147770700636943,3198,3925,25.49526878523071,0.7298346171736544,1063,157.0,889.3179617834395,2.71384973459183,0.055031847133757965,0.0,0.944968152866242,0.8568347263413318,False,234.369,0.0,artifact_finetuned,,,,,,crc24a,1,208,2,576,0.664375,
ca2aee7ea9a3729dd77d063ef4721a30267fb2b33e7057886a2115749986786e,2026-10-02T05:46:02+00:00,2421fd9957a6fb0f3a7ab8bd0d5980e5a7631097,False,f710b4b134aecfce947ca450b6ec95aa774d15b77a57e39a259aaa7b22aa4555,not_applicable_untrained_codec,classical_adaptive,imagenette160,test,3925,3200,r_1_24,awgn,7,9,0,0,,jpeg2000,,,2/3,qam16,0.8,3140,3925,25.49526878523071,0.7298346171736544,1063,157.0,889.3179617834395,2.71384973459183,0.055031847133757965,0.0,0.944968152866242,0.8411970881639256,False,234.369,0.0,clean,,,,,,crc24a,1,208,2,576,0.664375,
a258a773eca992416a157137251f033384a619c60aaf1ecc24e8f5c838d46158,2026-10-02T05:41:19+00:00,2421fd9957a6fb0f3a7ab8bd0d5980e5a7631097,False,1d25b5f66b98ef6b3da3444254209544d8be041e54db8da01076ea32b0b81cfc,not_applicable_untrained_codec,classical_adaptive,imagenette160,test,3925,3200,r_1_24,awgn,7,11,0,0,,jpeg2000,,,2/3,qam16,0.859108280254777,3372,3925,25.4804999795894,0.7292062080315205,1063,157.0,889.3179617834395,2.71384973459183,0.0,0.0,1.0,0.859108280254777,False,265.597,2.073,artifact_finetuned,,,,,,crc24a,1,208,2,576,0.664375,
409cf5da02b31f27b68391ed91b5dd4fcbf873cd172eba02cd948b67f204fb56,2026-10-02T05:41:19+00:00,2421fd9957a6fb0f3a7ab8bd0d5980e5a7631097,False,1d25b5f66b98ef6b3da3444254209544d8be041e54db8da01076ea32b0b81cfc,not_applicable_untrained_codec,classical_adaptive,imagenette160,test,3925,3200,r_1_24,awgn,7,11,0,0,,jpeg2000,,,2/3,qam16,0.8440764331210191,3313,3925,25.4804999795894,0.7292062080315205,1063,157.0,889.3179617834395,2.71384973459183,0.0,0.0,1.0,0.8440764331210191,False,265.597,2.073,clean,,,,,,crc24a,1,208,2,576,0.664375,
e1321935c35c566e1d944f0e1ad1de59e32754d20c64b3705d7255171814537a,2026-10-02T06:02:22+00:00,2421fd9957a6fb0f3a7ab8bd0d5980e5a7631097,False,8ccd07b54d639aa3514d037015eee2e5876c3f0f94411991af3225ff15e58f00,not_applicable_untrained_codec,classical_adaptive,imagenette160,test,3925,3200,r_1_24,awgn,7,13,0,0,,jpeg2000,,,5/6,qam16,0.8629299363057324,3387,3925,26.423251883894018,0.7658311891396512,1330,157.0,1151.4896815286625,2.7415410436642396,0.0,0.0,1.0,0.8629299363057324,False,266.249,0.0,artifact_finetuned,,,,,,crc24a,1,256,2,552,0.83125,
de7505998a0b6847b4df06970f3fb0c9e12aaab3f2f7df096f731f22670537ac,2026-10-02T06:02:22+00:00,2421fd9957a6fb0f3a7ab8bd0d5980e5a7631097,False,8ccd07b54d639aa3514d037015eee2e5876c3f0f94411991af3225ff15e58f00,not_applicable_untrained_codec,classical_adaptive,imagenette160,test,3925,3200,r_1_24,awgn,7,13,0,0,,jpeg2000,,,5/6,qam16,0.8593630573248408,3373,3925,26.423251883894018,0.7658311891396512,1330,157.0,1151.4896815286625,2.7415410436642396,0.0,0.0,1.0,0.8593630573248408,False,266.249,0.0,clean,,,,,,crc24a,1,256,2,552,0.83125,
b2468881c4969b3c1ec9bc13b5a2fb6980e34886eaa888d3f4506469b93c4eef,2026-10-02T05:59:12+00:00,2421fd9957a6fb0f3a7ab8bd0d5980e5a7631097,False,becd638c755031463f538633482999705652ce3d06b26687411717c42ef130c1,not_applicable_untrained_codec,classical_adaptive,imagenette160,test,3925,3200,r_1_24,awgn,7,15,0,0,,jpeg2000,,,5/6,qam16,0.8629299363057324,3387,3925,26.423251883894018,0.7658311891396512,1330,157.0,1151.4896815286625,2.7415410436642396,0.0,0.0,1.0,0.8629299363057324,False,1170.631,2.066,artifact_finetuned,,,,,,crc24a,1,256,2,552,0.83125,
544c4f238512b82585fdc99820752835e05dde233b1587a0ca78d5ea46c345c7,2026-10-02T05:59:12+00:00,2421fd9957a6fb0f3a7ab8bd0d5980e5a7631097,False,becd638c755031463f538633482999705652ce3d06b26687411717c42ef130c1,not_applicable_untrained_codec,classical_adaptive,imagenette160,test,3925,3200,r_1_24,awgn,7,15,0,0,,jpeg2000,,,5/6,qam16,0.8593630573248408,3373,3925,26.423251883894018,0.7658311891396512,1330,157.0,1151.4896815286625,2.7415410436642396,0.0,0.0,1.0,0.8593630573248408,False,1170.631,2.066,clean,,,,,,crc24a,1,256,2,552,0.83125,
bccea2168ca9604fda4574366a7a93703f50d7cc80ee42f042454e52028425cb,2026-10-02T05:59:06+00:00,2421fd9957a6fb0f3a7ab8bd0d5980e5a7631097,False,d62a657a607a4b1ea556e4a687147583f56e5c90325e4366c7fc9eec6f4fa452,not_applicable_untrained_codec,classical_adaptive,imagenette160,test,3925,3200,r_1_24,awgn,7,18,0,0,,jpeg2000,,,5/6,qam16,0.8629299363057324,3387,3925,26.423251883894018,0.7658311891396512,1330,157.0,1151.4896815286625,2.7415410436642396,0.0,0.0,1.0,0.8629299363057324,False,784.012,0.0,artifact_finetuned,,,,,,crc24a,1,256,2,552,0.83125,
aa4d8e35bdbed7c83f3f68ab20ef358d9475254dc3e5df3508a056e1e5f2e223,2026-10-02T05:59:06+00:00,2421fd9957a6fb0f3a7ab8bd0d5980e5a7631097,False,d62a657a607a4b1ea556e4a687147583f56e5c90325e4366c7fc9eec6f4fa452,not_applicable_untrained_codec,classical_adaptive,imagenette160,test,3925,3200,r_1_24,awgn,7,18,0,0,,jpeg2000,,,5/6,qam16,0.8593630573248408,3373,3925,26.423251883894018,0.7658311891396512,1330,157.0,1151.4896815286625,2.7415410436642396,0.0,0.0,1.0,0.8593630573248408,False,784.012,0.0,clean,,,,,,crc24a,1,256,2,552,0.83125,
094fb5806543034d36409d34823db758d2c5d36e70fca606e9c92f373ef642fe,2026-10-02T05:41:28+00:00,2421fd9957a6fb0f3a7ab8bd0d5980e5a7631097,False,,67263dd1a4280850a045e6167a09f99fafda22913eca30872bda6c0fab251874,learned_snr_randomised,imagenette160,test,3925,12800,r_1_6,awgn,7,-8,0,0,,,,,,,0.7757961783439491,3045,3925,,,,,,13.247280772020863,0.0,0.0,1.0,0.7757961783439491,False,8.395,2.073,own_task_head,,,,,,,,,,,,
2f61f7203a365e4cc723cb97556b3f4f6e08b62eb3b09b82db6bbd4e776b0deb,2026-10-02T06:02:31+00:00,2421fd9957a6fb0f3a7ab8bd0d5980e5a7631097,False,,67263dd1a4280850a045e6167a09f99fafda22913eca30872bda6c0fab251874,learned_snr_randomised,imagenette160,test,3925,12800,r_1_6,awgn,7,-7,0,0,,,,,,,0.7875159235668789,3091,3925,,,,,,13.247280772020863,0.0,0.0,1.0,0.7875159235668789,False,8.763,0.0,own_task_head,,,,,,,,,,,,
86b25e3eb169be2938f53fe25d11f4f77185ba15b5a7f656e802a0cd44249b12,2026-10-02T05:59:22+00:00,2421fd9957a6fb0f3a7ab8bd0d5980e5a7631097,False,,67263dd1a4280850a045e6167a09f99fafda22913eca30872bda6c0fab251874,learned_snr_randomised,imagenette160,test,3925,12800,r_1_6,awgn,7,-6,0,0,,,,,,,0.8,3140,3925,,,,,,13.247280772020863,0.0,0.0,1.0,0.8,False,8.776,2.066,own_task_head,,,,,,,,,,,,
1ef45cb4a93c0244b1768340ab95e6bdbed78c38e3c46a9001cccca793bcecaf,2026-10-02T05:59:15+00:00,2421fd9957a6fb0f3a7ab8bd0d5980e5a7631097,False,,67263dd1a4280850a045e6167a09f99fafda22913eca30872bda6c0fab251874,learned_snr_randomised,imagenette160,test,3925,12800,r_1_6,awgn,7,-5,0,0,,,,,,,0.8050955414012739,3160,3925,,,,,,13.247280772020863,0.0,0.0,1.0,0.8050955414012739,False,8.829,0.0,own_task_head,,,,,,,,,,,,
19ba4abc117e2c57df83c480cf7f0c72762d042b817d7f748aedc574ddef2416,2026-10-02T05:41:36+00:00,2421fd9957a6fb0f3a7ab8bd0d5980e5a7631097,False,,67263dd1a4280850a045e6167a09f99fafda22913eca30872bda6c0fab251874,learned_snr_randomised,imagenette160,test,3925,12800,r_1_6,awgn,7,-4,0,0,,,,,,,0.8114649681528663,3185,3925,,,,,,13.247280772020863,0.0,0.0,1.0,0.8114649681528663,False,8.016,2.073,own_task_head,,,,,,,,,,,,
a233de20e5ffe99aa7ad3f52a54f7eab500689ac1f8d04790c4c49663f6339dd,2026-10-02T06:02:43+00:00,2421fd9957a6fb0f3a7ab8bd0d5980e5a7631097,False,,67263dd1a4280850a045e6167a09f99fafda22913eca30872bda6c0fab251874,learned_snr_randomised,imagenette160,test,3925,12800,r_1_6,awgn,7,-3,0,0,,,,,,,0.8185987261146497,3213,3925,,,,,,13.247280772020863,0.0,0.0,1.0,0.8185987261146497,False,11.885,0.0,own_task_head,,,,,,,,,,,,
ea7bbec206d04345019b1feb70a5bba13f238ebf785163f4882d9c7983bb73ec,2026-10-02T05:59:30+00:00,2421fd9957a6fb0f3a7ab8bd0d5980e5a7631097,False,,67263dd1a4280850a045e6167a09f99fafda22913eca30872bda6c0fab251874,learned_snr_randomised,imagenette160,test,3925,12800,r_1_6,awgn,7,-2,0,0,,,,,,,0.8206369426751592,3221,3925,,,,,,13.247280772020863,0.0,0.0,1.0,0.8206369426751592,False,8.37,2.066,own_task_head,,,,,,,,,,,,
e641de358459b5f8edffc025e158e52c40a77c2669c3d944ea4aeaa7645e7308,2026-10-02T05:59:24+00:00,2421fd9957a6fb0f3a7ab8bd0d5980e5a7631097,False,,67263dd1a4280850a045e6167a09f99fafda22913eca30872bda6c0fab251874,learned_snr_randomised,imagenette160,test,3925,12800,r_1_6,awgn,7,-1,0,0,,,,,,,0.8211464968152866,3223,3925,,,,,,13.247280772020863,0.0,0.0,1.0,0.8211464968152866,False,9.259,0.0,own_task_head,,,,,,,,,,,,
4cda94961cf7f9c8c248986b6b389a38752f0fe3a596cf837a3b011abca486d0,2026-10-02T05:41:44+00:00,2421fd9957a6fb0f3a7ab8bd0d5980e5a7631097,False,,67263dd1a4280850a045e6167a09f99fafda22913eca30872bda6c0fab251874,learned_snr_randomised,imagenette160,test,3925,12800,r_1_6,awgn,7,0,0,0,,,,,,,0.8259872611464968,3242,3925,,,,,,13.247280772020863,0.0,0.0,1.0,0.8259872611464968,False,7.983,2.073,own_task_head,,,,,,,,,,,,
319a923acdbf29ea344f9d51e3b26aac6ac25283a9bc678d3a5a00e1b4fac671,2026-10-02T06:02:55+00:00,2421fd9957a6fb0f3a7ab8bd0d5980e5a7631097,False,,67263dd1a4280850a045e6167a09f99fafda22913eca30872bda6c0fab251874,learned_snr_randomised,imagenette160,test,3925,12800,r_1_6,awgn,7,1,0,0,,,,,,,0.8257324840764331,3241,3925,,,,,,13.247280772020863,0.0,0.0,1.0,0.8257324840764331,False,12.147,0.0,own_task_head,,,,,,,,,,,,
0b2ef9eeee10a593e70d1d17a92bf594952c318fef48def4d0ab92c53a710499,2026-10-02T05:59:39+00:00,2421fd9957a6fb0f3a7ab8bd0d5980e5a7631097,False,,67263dd1a4280850a045e6167a09f99fafda22913eca30872bda6c0fab251874,learned_snr_randomised,imagenette160,test,3925,12800,r_1_6,awgn,7,2,0,0,,,,,,,0.8259872611464968,3242,3925,,,,,,13.247280772020863,0.0,0.0,1.0,0.8259872611464968,False,8.368,2.066,own_task_head,,,,,,,,,,,,
d4a2e8ec1d4fbc50940b23f33b8c25fce0153362f5171e26bacc325c4ebf70f3,2026-10-02T05:59:33+00:00,2421fd9957a6fb0f3a7ab8bd0d5980e5a7631097,False,,67263dd1a4280850a045e6167a09f99fafda22913eca30872bda6c0fab251874,learned_snr_randomised,imagenette160,test,3925,12800,r_1_6,awgn,7,3,0,0,,,,,,,0.8303184713375796,3259,3925,,,,,,13.247280772020863,0.0,0.0,1.0,0.8303184713375796,False,8.818,0.0,own_task_head,,,,,,,,,,,,
ca889b47460bbddca3f8c000d08f84b82ef2ba368e4e73480a1e06c8a7e92b66,2026-10-02T05:41:52+00:00,2421fd9957a6fb0f3a7ab8bd0d5980e5a7631097,False,,67263dd1a4280850a045e6167a09f99fafda22913eca30872bda6c0fab251874,learned_snr_randomised,imagenette160,test,3925,12800,r_1_6,awgn,7,4,0,0,,,,,,,0.8287898089171974,3253,3925,,,,,,13.247280772020863,0.0,0.0,1.0,0.8287898089171974,False,8.215,2.073,own_task_head,,,,,,,,,,,,
b64a7f35caa5b205378a65914f764737f704c8d225afd9102ea40c2782e55d5a,2026-10-02T06:03:09+00:00,2421fd9957a6fb0f3a7ab8bd0d5980e5a7631097,False,,67263dd1a4280850a045e6167a09f99fafda22913eca30872bda6c0fab251874,learned_snr_randomised,imagenette160,test,3925,12800,r_1_6,awgn,7,5,0,0,,,,,,,0.8285350318471337,3252,3925,,,,,,13.247280772020863,0.0,0.0,1.0,0.8285350318471337,False,13.531,0.0,own_task_head,,,,,,,,,,,,
c8ca10da3b6b0f68248c9e071e7480189ce429005dea4f5a57eb0178366b72d9,2026-10-02T05:59:47+00:00,2421fd9957a6fb0f3a7ab8bd0d5980e5a7631097,False,,67263dd1a4280850a045e6167a09f99fafda22913eca30872bda6c0fab251874,learned_snr_randomised,imagenette160,test,3925,12800,r_1_6,awgn,7,6,0,0,,,,,,,0.8290445859872612,3254,3925,,,,,,13.247280772020863,0.0,0.0,1.0,0.8290445859872612,False,8.407,2.066,own_task_head,,,,,,,,,,,,
a1ded8854f1cf9608ccc47a1fa1f83dd510c879b998e3db1772197105721f035,2026-10-02T05:59:43+00:00,2421fd9957a6fb0f3a7ab8bd0d5980e5a7631097,False,,67263dd1a4280850a045e6167a09f99fafda22913eca30872bda6c0fab251874,learned_snr_randomised,imagenette160,test,3925,12800,r_1_6,awgn,7,7,0,0,,,,,,,0.8262420382165605,3243,3925,,,,,,13.247280772020863,0.0,0.0,1.0,0.8262420382165605,False,9.371,0.0,own_task_head,,,,,,,,,,,,
dc8af63993f89d976d2cb9d83cb512e5b15b9f86fe3cd997a6b5967d2c702da7,2026-10-02T05:42:01+00:00,2421fd9957a6fb0f3a7ab8bd0d5980e5a7631097,False,,67263dd1a4280850a045e6167a09f99fafda22913eca30872bda6c0fab251874,learned_snr_randomised,imagenette160,test,3925,12800,r_1_6,awgn,7,9,0,0,,,,,,,0.8280254777070064,3250,3925,,,,,,13.247280772020863,0.0,0.0,1.0,0.8280254777070064,False,8.14,2.073,own_task_head,,,,,,,,,,,,
97ada7b44fb2dddcf790c401f22f7e817f340758aa489f3c76477dff41fb6319,2026-10-02T06:03:22+00:00,2421fd9957a6fb0f3a7ab8bd0d5980e5a7631097,False,,67263dd1a4280850a045e6167a09f99fafda22913eca30872bda6c0fab251874,learned_snr_randomised,imagenette160,test,3925,12800,r_1_6,awgn,7,11,0,0,,,,,,,0.8292993630573249,3255,3925,,,,,,13.247280772020863,0.0,0.0,1.0,0.8292993630573249,False,12.821,0.0,own_task_head,,,,,,,,,,,,
e94bb7a91c973b6d025fe744abfc66245fd3cd54c7ec5df9a73fd41cca202245,2026-10-02T05:59:56+00:00,2421fd9957a6fb0f3a7ab8bd0d5980e5a7631097,False,,67263dd1a4280850a045e6167a09f99fafda22913eca30872bda6c0fab251874,learned_snr_randomised,imagenette160,test,3925,12800,r_1_6,awgn,7,13,0,0,,,,,,,0.8295541401273885,3256,3925,,,,,,13.247280772020863,0.0,0.0,1.0,0.8295541401273885,False,8.352,2.066,own_task_head,,,,,,,,,,,,
3aabb2c5b19c5d0c54b32ac110be3ffe03ed75dc89136b3b6a4685361ecd9fcf,2026-10-02T05:59:52+00:00,2421fd9957a6fb0f3a7ab8bd0d5980e5a7631097,False,,67263dd1a4280850a045e6167a09f99fafda22913eca30872bda6c0fab251874,learned_snr_randomised,imagenette160,test,3925,12800,r_1_6,awgn,7,15,0,0,,,,,,,0.8298089171974522,3257,3925,,,,,,13.247280772020863,0.0,0.0,1.0,0.8298089171974522,False,8.73,0.0,own_task_head,,,,,,,,,,,,
b49a82e5e7b308f2719885b4293a2ab61c4a81175fa8e6c0b91095c80b584d03,2026-10-02T05:42:09+00:00,2421fd9957a6fb0f3a7ab8bd0d5980e5a7631097,False,,67263dd1a4280850a045e6167a09f99fafda22913eca30872bda6c0fab251874,learned_snr_randomised,imagenette160,test,3925,12800,r_1_6,awgn,7,18,0,0,,,,,,,0.8298089171974522,3257,3925,,,,,,13.247280772020863,0.0,0.0,1.0,0.8298089171974522,False,8.05,2.073,own_task_head,,,,,,,,,,,,
f92f51b38eda097efe12f0e60ad4a8680f2dda7faeadd050874e4c49b0c06ea7,2026-10-02T06:03:38+00:00,2421fd9957a6fb0f3a7ab8bd0d5980e5a7631097,False,e179d59c5eaf90b38f6bb6ed760e993537795f609c7e62ef692b4ed490156367,145ec9233185f476a855fb1a922340df84cd88d0ea8b08bb7c8afd9801061410,learned_papr_constrained,imagenette160,test,3925,12800,r_1_6,awgn,7,-8,0,0,,,,,,,0.7673885350318471,3012,3925,,,,,,3.000001097454387,0.0,0.0,1.0,0.7673885350318471,False,15.373,0.0,own_task_head,,,,,,,,,,,,
e050e45c8fa1a3becf9244eed731e322b43d749b4f054e3a74dab0051a1a263b,2026-10-02T06:00:06+00:00,2421fd9957a6fb0f3a7ab8bd0d5980e5a7631097,False,e179d59c5eaf90b38f6bb6ed760e993537795f609c7e62ef692b4ed490156367,145ec9233185f476a855fb1a922340df84cd88d0ea8b08bb7c8afd9801061410,learned_papr_constrained,imagenette160,test,3925,12800,r_1_6,awgn,7,-7,0,0,,,,,,,0.7826751592356688,3072,3925,,,,,,3.000001097454387,0.0,0.0,1.0,0.7826751592356688,False,10.55,2.066,own_task_head,,,,,,,,,,,,
94e339b75752fcd9b4a74fe75d02420be79c66f96e485fe60af50b843c3caa7e,2026-10-02T06:00:02+00:00,2421fd9957a6fb0f3a7ab8bd0d5980e5a7631097,False,e179d59c5eaf90b38f6bb6ed760e993537795f609c7e62ef692b4ed490156367,145ec9233185f476a855fb1a922340df84cd88d0ea8b08bb7c8afd9801061410,learned_papr_constrained,imagenette160,test,3925,12800,r_1_6,awgn,7,-6,0,0,,,,,,,0.7928662420382165,3112,3925,,,,,,3.000001097454387,0.0,0.0,1.0,0.7928662420382165,False,10.509,0.0,own_task_head,,,,,,,,,,,,
94786dd5b8fdc91ae4a565f818e4f4b7f894850c1ac415dbd2c65b5146267f24,2026-10-02T05:42:19+00:00,2421fd9957a6fb0f3a7ab8bd0d5980e5a7631097,False,e179d59c5eaf90b38f6bb6ed760e993537795f609c7e62ef692b4ed490156367,145ec9233185f476a855fb1a922340df84cd88d0ea8b08bb7c8afd9801061410,learned_papr_constrained,imagenette160,test,3925,12800,r_1_6,awgn,7,-5,0,0,,,,,,,0.8015286624203821,3146,3925,,,,,,3.000001097454387,0.0,0.0,1.0,0.8015286624203821,False,10.396,2.073,own_task_head,,,,,,,,,,,,
1398176f918c17277de915dcc36331de35ab215369edf588245d2994fe0f928f,2026-10-02T06:03:54+00:00,2421fd9957a6fb0f3a7ab8bd0d5980e5a7631097,False,e179d59c5eaf90b38f6bb6ed760e993537795f609c7e62ef692b4ed490156367,145ec9233185f476a855fb1a922340df84cd88d0ea8b08bb7c8afd9801061410,learned_papr_constrained,imagenette160,test,3925,12800,r_1_6,awgn,7,-4,0,0,,,,,,,0.8101910828025478,3180,3925,,,,,,3.000001097454387,0.0,0.0,1.0,0.8101910828025478,False,15.847,0.0,own_task_head,,,,,,,,,,,,
215e4302bd3b1281a50a776258690720a1aa601e498d2fc7620be0ba972c5247,2026-10-02T06:00:17+00:00,2421fd9957a6fb0f3a7ab8bd0d5980e5a7631097,False,e179d59c5eaf90b38f6bb6ed760e993537795f609c7e62ef692b4ed490156367,145ec9233185f476a855fb1a922340df84cd88d0ea8b08bb7c8afd9801061410,learned_papr_constrained,imagenette160,test,3925,12800,r_1_6,awgn,7,-3,0,0,,,,,,,0.8129936305732484,3191,3925,,,,,,3.000001097454387,0.0,0.0,1.0,0.8129936305732484,False,10.303,2.066,own_task_head,,,,,,,,,,,,
9b26db19145c99dc0efda84c0b9b46912bd5d32f91423e1c182777e1e7c1f8c4,2026-10-02T06:00:13+00:00,2421fd9957a6fb0f3a7ab8bd0d5980e5a7631097,False,e179d59c5eaf90b38f6bb6ed760e993537795f609c7e62ef692b4ed490156367,145ec9233185f476a855fb1a922340df84cd88d0ea8b08bb7c8afd9801061410,learned_papr_constrained,imagenette160,test,3925,12800,r_1_6,awgn,7,-2,0,0,,,,,,,0.8135031847133758,3193,3925,,,,,,3.000001097454387,0.0,0.0,1.0,0.8135031847133758,False,10.643,0.0,own_task_head,,,,,,,,,,,,
2c32bfb5df620cc6c4278aa43ecfe282930fa628cbc8ed0684068257199d1d4b,2026-10-02T05:42:30+00:00,2421fd9957a6fb0f3a7ab8bd0d5980e5a7631097,False,e179d59c5eaf90b38f6bb6ed760e993537795f609c7e62ef692b4ed490156367,145ec9233185f476a855fb1a922340df84cd88d0ea8b08bb7c8afd9801061410,learned_papr_constrained,imagenette160,test,3925,12800,r_1_6,awgn,7,-1,0,0,,,,,,,0.8114649681528663,3185,3925,,,,,,3.000001097454387,0.0,0.0,1.0,0.8114649681528663,False,9.898,2.073,own_task_head,,,,,,,,,,,,
db4207d9cac29bf1cf638596b5a5c16215a60369f8ed2e603e716362757f9445,2026-10-02T06:04:12+00:00,2421fd9957a6fb0f3a7ab8bd0d5980e5a7631097,False,e179d59c5eaf90b38f6bb6ed760e993537795f609c7e62ef692b4ed490156367,145ec9233185f476a855fb1a922340df84cd88d0ea8b08bb7c8afd9801061410,learned_papr_constrained,imagenette160,test,3925,12800,r_1_6,awgn,7,0,0,0,,,,,,,0.8175796178343949,3209,3925,,,,,,3.000001097454387,0.0,0.0,1.0,0.8175796178343949,False,17.9,0.0,own_task_head,,,,,,,,,,,,
8b2354f965b304922307ff124a57332136efbd1d14f8d7c4058bbd09b93ad0f0,2026-10-02T06:00:27+00:00,2421fd9957a6fb0f3a7ab8bd0d5980e5a7631097,False,e179d59c5eaf90b38f6bb6ed760e993537795f609c7e62ef692b4ed490156367,145ec9233185f476a855fb1a922340df84cd88d0ea8b08bb7c8afd9801061410,learned_papr_constrained,imagenette160,test,3925,12800,r_1_6,awgn,7,1,0,0,,,,,,,0.8236942675159236,3233,3925,,,,,,3.000001097454387,0.0,0.0,1.0,0.8236942675159236,False,10.137,2.066,own_task_head,,,,,,,,,,,,
c5f9e6883f3e0ee0bd43fc620d58e7b137c71bc216a2040fc376b8e35822e388,2026-10-02T06:00:24+00:00,2421fd9957a6fb0f3a7ab8bd0d5980e5a7631097,False,e179d59c5eaf90b38f6bb6ed760e993537795f609c7e62ef692b4ed490156367,145ec9233185f476a855fb1a922340df84cd88d0ea8b08bb7c8afd9801061410,learned_papr_constrained,imagenette160,test,3925,12800,r_1_6,awgn,7,2,0,0,,,,,,,0.8147770700636943,3198,3925,,,,,,3.000001097454387,0.0,0.0,1.0,0.8147770700636943,False,10.557,0.0,own_task_head,,,,,,,,,,,,
b6e9494743910dc94c6452ecfd603a2e114cb587d7b380bf8045e4078c64ef24,2026-10-02T05:42:40+00:00,2421fd9957a6fb0f3a7ab8bd0d5980e5a7631097,False,e179d59c5eaf90b38f6bb6ed760e993537795f609c7e62ef692b4ed490156367,145ec9233185f476a855fb1a922340df84cd88d0ea8b08bb7c8afd9801061410,learned_papr_constrained,imagenette160,test,3925,12800,r_1_6,awgn,7,3,0,0,,,,,,,0.8221656050955414,3227,3925,,,,,,3.000001097454387,0.0,0.0,1.0,0.8221656050955414,False,9.944,2.073,own_task_head,,,,,,,,,,,,
2619623f31a0b91252da7d4485450c0b467019d4f26276e2a17e731199f94b09,2026-10-02T06:04:27+00:00,2421fd9957a6fb0f3a7ab8bd0d5980e5a7631097,False,e179d59c5eaf90b38f6bb6ed760e993537795f609c7e62ef692b4ed490156367,145ec9233185f476a855fb1a922340df84cd88d0ea8b08bb7c8afd9801061410,learned_papr_constrained,imagenette160,test,3925,12800,r_1_6,awgn,7,4,0,0,,,,,,,0.8236942675159236,3233,3925,,,,,,3.000001097454387,0.0,0.0,1.0,0.8236942675159236,False,14.818,0.0,own_task_head,,,,,,,,,,,,
e284a1360dfe5cc9052e439c221cae05b592227f0f68ae32ac0083ac392fafc1,2026-10-02T06:00:38+00:00,2421fd9957a6fb0f3a7ab8bd0d5980e5a7631097,False,e179d59c5eaf90b38f6bb6ed760e993537795f609c7e62ef692b4ed490156367,145ec9233185f476a855fb1a922340df84cd88d0ea8b08bb7c8afd9801061410,learned_papr_constrained,imagenette160,test,3925,12800,r_1_6,awgn,7,5,0,0,,,,,,,0.8214012738853503,3224,3925,,,,,,3.000001097454387,0.0,0.0,1.0,0.8214012738853503,False,10.122,2.066,own_task_head,,,,,,,,,,,,
e1bd0d50de2a0ed41337d95841c71dc3131613fb9d31b767ef9c1935486789f7,2026-10-02T06:00:35+00:00,2421fd9957a6fb0f3a7ab8bd0d5980e5a7631097,False,e179d59c5eaf90b38f6bb6ed760e993537795f609c7e62ef692b4ed490156367,145ec9233185f476a855fb1a922340df84cd88d0ea8b08bb7c8afd9801061410,learned_papr_constrained,imagenette160,test,3925,12800,r_1_6,awgn,7,6,0,0,,,,,,,0.8219108280254777,3226,3925,,,,,,3.000001097454387,0.0,0.0,1.0,0.8219108280254777,False,10.492,0.0,own_task_head,,,,,,,,,,,,
2f823c3f87984e8fc5e571a2e3a743040a0897b436a0288d15f5ee7bb2d73738,2026-10-02T05:42:50+00:00,2421fd9957a6fb0f3a7ab8bd0d5980e5a7631097,False,e179d59c5eaf90b38f6bb6ed760e993537795f609c7e62ef692b4ed490156367,145ec9233185f476a855fb1a922340df84cd88d0ea8b08bb7c8afd9801061410,learned_papr_constrained,imagenette160,test,3925,12800,r_1_6,awgn,7,7,0,0,,,,,,,0.8226751592356688,3229,3925,,,,,,3.000001097454387,0.0,0.0,1.0,0.8226751592356688,False,9.793,2.073,own_task_head,,,,,,,,,,,,
0910ed934da268f40b91e8b0dde0c6b7939ba5cf38fa271cbe0a6037145c8c2d,2026-10-02T06:04:43+00:00,2421fd9957a6fb0f3a7ab8bd0d5980e5a7631097,False,e179d59c5eaf90b38f6bb6ed760e993537795f609c7e62ef692b4ed490156367,145ec9233185f476a855fb1a922340df84cd88d0ea8b08bb7c8afd9801061410,learned_papr_constrained,imagenette160,test,3925,12800,r_1_6,awgn,7,9,0,0,,,,,,,0.8201273885350319,3219,3925,,,,,,3.000001097454387,0.0,0.0,1.0,0.8201273885350319,False,16.456,0.0,own_task_head,,,,,,,,,,,,
3b61b877071f3277f521b4ec953f89af190457e786b0dbd012c0ce76becf0fad,2026-10-02T06:00:48+00:00,2421fd9957a6fb0f3a7ab8bd0d5980e5a7631097,False,e179d59c5eaf90b38f6bb6ed760e993537795f609c7e62ef692b4ed490156367,145ec9233185f476a855fb1a922340df84cd88d0ea8b08bb7c8afd9801061410,learned_papr_constrained,imagenette160,test,3925,12800,r_1_6,awgn,7,11,0,0,,,,,,,0.8219108280254777,3226,3925,,,,,,3.000001097454387,0.0,0.0,1.0,0.8219108280254777,False,10.205,2.066,own_task_head,,,,,,,,,,,,
946c5484eb26c7f5cc8f763956dcc02d9e47b6a50312c2279405a008db1918b8,2026-10-02T06:00:45+00:00,2421fd9957a6fb0f3a7ab8bd0d5980e5a7631097,False,e179d59c5eaf90b38f6bb6ed760e993537795f609c7e62ef692b4ed490156367,145ec9233185f476a855fb1a922340df84cd88d0ea8b08bb7c8afd9801061410,learned_papr_constrained,imagenette160,test,3925,12800,r_1_6,awgn,7,13,0,0,,,,,,,0.8211464968152866,3223,3925,,,,,,3.000001097454387,0.0,0.0,1.0,0.8211464968152866,False,10.589,0.0,own_task_head,,,,,,,,,,,,
f41fc5c6f92e8786d8c90a048370dce1fce1fcaa8d1a2d4c88e2d55c07c2c71d,2026-10-02T05:42:59+00:00,2421fd9957a6fb0f3a7ab8bd0d5980e5a7631097,False,e179d59c5eaf90b38f6bb6ed760e993537795f609c7e62ef692b4ed490156367,145ec9233185f476a855fb1a922340df84cd88d0ea8b08bb7c8afd9801061410,learned_papr_constrained,imagenette160,test,3925,12800,r_1_6,awgn,7,15,0,0,,,,,,,0.8214012738853503,3224,3925,,,,,,3.000001097454387,0.0,0.0,1.0,0.8214012738853503,False,9.607,2.073,own_task_head,,,,,,,,,,,,
59dcc72e9ea555979af32a093830b031714f624d0f03bf8eda09a3b8a5af442b,2026-10-02T06:05:01+00:00,2421fd9957a6fb0f3a7ab8bd0d5980e5a7631097,False,e179d59c5eaf90b38f6bb6ed760e993537795f609c7e62ef692b4ed490156367,145ec9233185f476a855fb1a922340df84cd88d0ea8b08bb7c8afd9801061410,learned_papr_constrained,imagenette160,test,3925,12800,r_1_6,awgn,7,18,0,0,,,,,,,0.8234394904458598,3232,3925,,,,,,3.000001097454387,0.0,0.0,1.0,0.8234394904458598,False,17.352,0.0,own_task_head,,,,,,,,,,,,
16f219a7c61c9182a166c5ed12132e047d4498196a097f7f6bff206a6a5c2f4c,2026-10-02T06:05:42+00:00,2421fd9957a6fb0f3a7ab8bd0d5980e5a7631097,False,12d3678bf884b421057c43797a17611b41e32f1c26b03c2d65564afca8703e67,not_applicable_untrained_codec,classical_fixed_mod,imagenette160,test,3925,12800,r_1_6,awgn,7,-8,0,0,,jpeg2000,,,1/3,qpsk,0.09859872611464968,387,3925,,,1063,157.0,888.2234394904459,0.0,1.0,0.0,0.0,,False,293.416,2.093,artifact_finetuned,,,,,,crc24a,1,208,2,576,0.3321875,
a67a3a0d11e184c89f41606a9bc4d78789af3b615d1a47f0c765117b13916fab,2026-10-02T06:05:42+00:00,2421fd9957a6fb0f3a7ab8bd0d5980e5a7631097,False,12d3678bf884b421057c43797a17611b41e32f1c26b03c2d65564afca8703e67,not_applicable_untrained_codec,classical_fixed_mod,imagenette160,test,3925,12800,r_1_6,awgn,7,-8,0,0,,jpeg2000,,,1/3,qpsk,0.09859872611464968,387,3925,,,1063,157.0,888.2234394904459,0.0,1.0,0.0,0.0,,False,293.416,2.093,clean,,,,,,crc24a,1,208,2,576,0.3321875,
c7cebacf9f28344f7e5ec80e54e9fb8cc49693be5eccabc6fc0c7b722d42d271,2026-10-02T06:05:07+00:00,2421fd9957a6fb0f3a7ab8bd0d5980e5a7631097,False,35e75c9171a51a49ca0a1ac6f398b5472a80c20efa98a18a0d57ac5e9895f3e3,not_applicable_untrained_codec,classical_fixed_mod,imagenette160,test,3925,12800,r_1_6,awgn,7,-7,0,0,,jpeg2000,,,1/3,qpsk,0.09859872611464968,387,3925,,,1063,157.0,888.2234394904459,0.0,1.0,0.0,0.0,,False,261.369,0.0,artifact_finetuned,,,,,,crc24a,1,208,2,576,0.3321875,
accff769f6a98464612eab51c32c667dbfdca334063be1a7429f09aba6d0f6a4,2026-10-02T06:05:07+00:00,2421fd9957a6fb0f3a7ab8bd0d5980e5a7631097,False,35e75c9171a51a49ca0a1ac6f398b5472a80c20efa98a18a0d57ac5e9895f3e3,not_applicable_untrained_codec,classical_fixed_mod,imagenette160,test,3925,12800,r_1_6,awgn,7,-7,0,0,,jpeg2000,,,1/3,qpsk,0.09859872611464968,387,3925,,,1063,157.0,888.2234394904459,0.0,1.0,0.0,0.0,,False,261.369,0.0,clean,,,,,,crc24a,1,208,2,576,0.3321875,
533522b10d36d1febaa98751290cb5db6aedff65008553d40414b95c2b43aea4,2026-10-02T06:05:43+00:00,2421fd9957a6fb0f3a7ab8bd0d5980e5a7631097,False,2dfac4c9a3b9643df1f30f28d180e57332f96df3e528aec32db0cdec3bbff0b9,not_applicable_untrained_codec,classical_fixed_mod,imagenette160,test,3925,12800,r_1_6,awgn,7,-6,0,0,,jpeg2000,,,1/3,qpsk,0.09859872611464968,387,3925,,,1063,157.0,888.2234394904459,0.0,1.0,0.0,0.0,,False,1363.061,2.093,artifact_finetuned,,,,,,crc24a,1,208,2,576,0.3321875,
9b90b48ae3da095683c6f26369beef7c2bb9a08779826d6552b7a65683736fbf,2026-10-02T06:05:43+00:00,2421fd9957a6fb0f3a7ab8bd0d5980e5a7631097,False,2dfac4c9a3b9643df1f30f28d180e57332f96df3e528aec32db0cdec3bbff0b9,not_applicable_untrained_codec,classical_fixed_mod,imagenette160,test,3925,12800,r_1_6,awgn,7,-6,0,0,,jpeg2000,,,1/3,qpsk,0.09859872611464968,387,3925,,,1063,157.0,888.2234394904459,0.0,1.0,0.0,0.0,,False,1363.061,2.093,clean,,,,,,crc24a,1,208,2,576,0.3321875,
bb97a65942f30521ad55c98232051f5ff04ff6f86077c9278f3446a64c9a096e,2026-10-02T06:08:23+00:00,2421fd9957a6fb0f3a7ab8bd0d5980e5a7631097,False,47665e7f43ecc717c5b66b0b493eecb8697cedf5ddf64c9a934f1fa37ade3bfe,not_applicable_untrained_codec,classical_fixed_mod,imagenette160,test,3925,12800,r_1_6,awgn,7,-5,0,0,,jpeg2000,,,1/3,qpsk,0.09859872611464968,387,3925,,,1063,157.0,888.2234394904459,0.0,1.0,0.0,0.0,,False,202.333,0.0,artifact_finetuned,,,,,,crc24a,1,208,2,576,0.3321875,
dca6f1a28dc61ca861ec8fc8da673b3e26297bc950d68f7349b4379770899f99,2026-10-02T06:08:23+00:00,2421fd9957a6fb0f3a7ab8bd0d5980e5a7631097,False,47665e7f43ecc717c5b66b0b493eecb8697cedf5ddf64c9a934f1fa37ade3bfe,not_applicable_untrained_codec,classical_fixed_mod,imagenette160,test,3925,12800,r_1_6,awgn,7,-5,0,0,,jpeg2000,,,1/3,qpsk,0.09859872611464968,387,3925,,,1063,157.0,888.2234394904459,0.0,1.0,0.0,0.0,,False,202.333,0.0,clean,,,,,,crc24a,1,208,2,576,0.3321875,
b9b822ec5702c7645c62b7e1c5eb2a0c6143da3f994b96b61e68f079b9df1072,2026-10-02T06:08:51+00:00,2421fd9957a6fb0f3a7ab8bd0d5980e5a7631097,False,c9b1c4f3a9d2430bb7a5804288b65eb4df4d05a1f200e8aba89e0cb639d9883b,not_applicable_untrained_codec,classical_fixed_mod,imagenette160,test,3925,12800,r_1_6,awgn,7,-4,0,0,,jpeg2000,,,1/3,qpsk,0.09859872611464968,387,3925,,,1063,157.0,888.2234394904459,0.0,1.0,0.0,0.0,,False,189.013,2.093,artifact_finetuned,,,,,,crc24a,1,208,2,576,0.3321875,
4b068572dd7a635b4fbf553bc347e07a1f2e8ede30e595b7df5fa43272aca175,2026-10-02T06:08:51+00:00,2421fd9957a6fb0f3a7ab8bd0d5980e5a7631097,False,c9b1c4f3a9d2430bb7a5804288b65eb4df4d05a1f200e8aba89e0cb639d9883b,not_applicable_untrained_codec,classical_fixed_mod,imagenette160,test,3925,12800,r_1_6,awgn,7,-4,0,0,,jpeg2000,,,1/3,qpsk,0.09859872611464968,387,3925,,,1063,157.0,888.2234394904459,0.0,1.0,0.0,0.0,,False,189.013,2.093,clean,,,,,,crc24a,1,208,2,576,0.3321875,
f5d0bb8ede35f2748cdd9f6fdf79480d16394e0bcd6117b2c7b22a9435660c66,2026-10-02T06:08:30+00:00,2421fd9957a6fb0f3a7ab8bd0d5980e5a7631097,False,d3308e972fb6d08ed086cb7f196cbe15bb222cbe7b2aa686ff3031d5ddf910cf,not_applicable_untrained_codec,classical_fixed_mod,imagenette160,test,3925,12800,r_1_6,awgn,7,-3,0,0,,jpeg2000,,,1/3,qpsk,0.09859872611464968,387,3925,,,1063,157.0,888.2234394904459,0.0,1.0,0.0,0.0,,False,202.989,0.0,artifact_finetuned,,,,,,crc24a,1,208,2,576,0.3321875,
8da536676497ceba202ddf4d7f4d21d5e537352f3fe74fbf710ee47243792baa,2026-10-02T06:08:30+00:00,2421fd9957a6fb0f3a7ab8bd0d5980e5a7631097,False,d3308e972fb6d08ed086cb7f196cbe15bb222cbe7b2aa686ff3031d5ddf910cf,not_applicable_untrained_codec,classical_fixed_mod,imagenette160,test,3925,12800,r_1_6,awgn,7,-3,0,0,,jpeg2000,,,1/3,qpsk,0.09859872611464968,387,3925,,,1063,157.0,888.2234394904459,0.0,1.0,0.0,0.0,,False,202.989,0.0,clean,,,,,,crc24a,1,208,2,576,0.3321875,
cea60e6b477b6d0e5dc2643c8a3c7d87d803d2954ad6479643b4e611287c1cd2,2026-10-02T06:08:54+00:00,2421fd9957a6fb0f3a7ab8bd0d5980e5a7631097,False,8df35255323a3cf83eba022ed7573aacd1fe20b4af9dd7e36eb833e42713592c,not_applicable_untrained_codec,classical_fixed_mod,imagenette160,test,3925,12800,r_1_6,awgn,7,-2,0,0,,jpeg2000,,,1/3,qpsk,0.09859872611464968,387,3925,,,1063,157.0,888.2234394904459,0.0,1.0,0.0,0.0,,False,190.745,2.093,artifact_finetuned,,,,,,crc24a,1,208,2,576,0.3321875,
c60ed5e47f5af3e03e1c6accf90abb925840ff80c87b21a42ff5860faa8e010d,2026-10-02T06:08:54+00:00,2421fd9957a6fb0f3a7ab8bd0d5980e5a7631097,False,8df35255323a3cf83eba022ed7573aacd1fe20b4af9dd7e36eb833e42713592c,not_applicable_untrained_codec,classical_fixed_mod,imagenette160,test,3925,12800,r_1_6,awgn,7,-2,0,0,,jpeg2000,,,1/3,qpsk,0.09859872611464968,387,3925,,,1063,157.0,888.2234394904459,0.0,1.0,0.0,0.0,,False,190.745,2.093,clean,,,,,,crc24a,1,208,2,576,0.3321875,
0d1cf76ec9951e5592bad9ff9ffad78f8040704d53eacafb941cc9558466e4f8,2026-10-02T06:14:51+00:00,2421fd9957a6fb0f3a7ab8bd0d5980e5a7631097,False,59d9bc5ee4c7651cb2402608216980c9f157f73fc454cb114ef651a6c38ed88a,not_applicable_untrained_codec,classical_fixed_mod,imagenette160,test,3925,12800,r_1_6,awgn,7,-1,0,0,,jpeg2000,,,1/3,qpsk,0.8588535031847134,3371,3925,25.481166705130157,0.7292409294884079,1063,157.0,889.3179617834395,0.0,0.00025477707006369424,0.0,0.9997452229299363,0.859072375127421,False,387.372,0.0,artifact_finetuned,,,,,,crc24a,1,208,2,576,0.3321875,
bac243039a776e9db435d896ac30c96b3f8ce8b38096838b7b75481b9cef5df1,2026-10-02T06:14:51+00:00,2421fd9957a6fb0f3a7ab8bd0d5980e5a7631097,False,59d9bc5ee4c7651cb2402608216980c9f157f73fc454cb114ef651a6c38ed88a,not_applicable_untrained_codec,classical_fixed_mod,imagenette160,test,3925,12800,r_1_6,awgn,7,-1,0,0,,jpeg2000,,,1/3,qpsk,0.8438216560509554,3312,3925,25.481166705130157,0.7292409294884079,1063,157.0,889.3179617834395,0.0,0.00025477707006369424,0.0,0.9997452229299363,0.8440366972477065,False,387.372,0.0,clean,,,,,,crc24a,1,208,2,576,0.3321875,
4ad4b47ba0759283a814904abbbd2d5b686f25af33ec57c07b6601b3f402eff6,2026-10-02T06:14:24+00:00,2421fd9957a6fb0f3a7ab8bd0d5980e5a7631097,False,b54cb3b8590e72861a19c05ad6817d355ebc8c08aaf3ac5e174269f828dd897a,not_applicable_untrained_codec,classical_fixed_mod,imagenette160,test,3925,12800,r_1_6,awgn,7,0,0,0,,jpeg2000,,,1/3,qpsk,0.859108280254777,3372,3925,25.4804999795894,0.7292062080315205,1063,157.0,889.3179617834395,0.0,0.0,0.0,1.0,0.859108280254777,False,332.739,2.093,artifact_finetuned,,,,,,crc24a,1,208,2,576,0.3321875,
fb638c1511259d18fe67ca311071e201b82917f1d50fda36e9da051e5a3dcf82,2026-10-02T06:14:24+00:00,2421fd9957a6fb0f3a7ab8bd0d5980e5a7631097,False,b54cb3b8590e72861a19c05ad6817d355ebc8c08aaf3ac5e174269f828dd897a,not_applicable_untrained_codec,classical_fixed_mod,imagenette160,test,3925,12800,r_1_6,awgn,7,0,0,0,,jpeg2000,,,1/3,qpsk,0.8440764331210191,3313,3925,25.4804999795894,0.7292062080315205,1063,157.0,889.3179617834395,0.0,0.0,0.0,1.0,0.8440764331210191,False,332.739,2.093,clean,,,,,,crc24a,1,208,2,576,0.3321875,
6859d3d21d1e3710f1f389009fe89a64d3269862904841b6cd6a9c924a965254,2026-10-02T06:14:53+00:00,2421fd9957a6fb0f3a7ab8bd0d5980e5a7631097,False,6279b32b6c191bfc7b699e0a69a77de6da99c5536f6f8612411d6391afd51aac,not_applicable_untrained_codec,classical_fixed_mod,imagenette160,test,3925,12800,r_1_6,awgn,7,1,0,0,,jpeg2000,,,1/3,qpsk,0.859108280254777,3372,3925,25.4804999795894,0.7292062080315205,1063,157.0,889.3179617834395,0.0,0.0,0.0,1.0,0.859108280254777,False,382.139,0.0,artifact_finetuned,,,,,,crc24a,1,208,2,576,0.3321875,
917d3c7012014167bc348cde0a29b98bb78d987b0fa9760fe6fb4858ef5cc707,2026-10-02T06:14:53+00:00,2421fd9957a6fb0f3a7ab8bd0d5980e5a7631097,False,6279b32b6c191bfc7b699e0a69a77de6da99c5536f6f8612411d6391afd51aac,not_applicable_untrained_codec,classical_fixed_mod,imagenette160,test,3925,12800,r_1_6,awgn,7,1,0,0,,jpeg2000,,,1/3,qpsk,0.8440764331210191,3313,3925,25.4804999795894,0.7292062080315205,1063,157.0,889.3179617834395,0.0,0.0,0.0,1.0,0.8440764331210191,False,382.139,0.0,clean,,,,,,crc24a,1,208,2,576,0.3321875,
11ac435f38ac4bf5e3184847378a3ab5c91de5f5cd419172ab63dc4cc0f2664a,2026-10-02T06:14:38+00:00,2421fd9957a6fb0f3a7ab8bd0d5980e5a7631097,False,2d80bd53111110064cacf9d664b3deb535bc4e64b2c7c2dd6488d90454df6d27,not_applicable_untrained_codec,classical_fixed_mod,imagenette160,test,3925,12800,r_1_6,awgn,7,2,0,0,,jpeg2000,,,1/2,qpsk,0.861656050955414,3382,3925,27.17280514946164,0.794078536168535,1597,157.0,1413.7933757961785,0.0,0.0,0.0,1.0,0.861656050955414,False,344.063,2.093,artifact_finetuned,,,,,,crc24a,1,320,2,1232,0.4990625,
bcb295877d44e0801b9a96e5e33f5d372766d2a25362885403960e642da83b5b,2026-10-02T06:14:38+00:00,2421fd9957a6fb0f3a7ab8bd0d5980e5a7631097,False,2d80bd53111110064cacf9d664b3deb535bc4e64b2c7c2dd6488d90454df6d27,not_applicable_untrained_codec,classical_fixed_mod,imagenette160,test,3925,12800,r_1_6,awgn,7,2,0,0,,jpeg2000,,,1/2,qpsk,0.8644585987261146,3393,3925,27.17280514946164,0.794078536168535,1597,157.0,1413.7933757961785,0.0,0.0,0.0,1.0,0.8644585987261146,False,344.063,2.093,clean,,,,,,crc24a,1,320,2,1232,0.4990625,
afe137ecbd45b5916330f4fabe4f7158b99f7b38512fbd189e710d22707fbd53,2026-10-02T06:20:45+00:00,2421fd9957a6fb0f3a7ab8bd0d5980e5a7631097,False,ab166a5abe4aab2fa8663642a8fa324b5d152d5bb13c8b60ed4759f58dd1f419,not_applicable_untrained_codec,classical_fixed_mod,imagenette160,test,3925,12800,r_1_6,awgn,7,3,0,0,,jpeg2000,,,1/2,qpsk,0.861656050955414,3382,3925,27.17280514946164,0.794078536168535,1597,157.0,1413.7933757961785,0.0,0.0,0.0,1.0,0.861656050955414,False,353.848,0.0,artifact_finetuned,,,,,,crc24a,1,320,2,1232,0.4990625,
300d3575e2b9545d6cc43106f1918e058d75f45b29924c747149206a34d581d8,2026-10-02T06:20:45+00:00,2421fd9957a6fb0f3a7ab8bd0d5980e5a7631097,False,ab166a5abe4aab2fa8663642a8fa324b5d152d5bb13c8b60ed4759f58dd1f419,not_applicable_untrained_codec,classical_fixed_mod,imagenette160,test,3925,12800,r_1_6,awgn,7,3,0,0,,jpeg2000,,,1/2,qpsk,0.8644585987261146,3393,3925,27.17280514946164,0.794078536168535,1597,157.0,1413.7933757961785,0.0,0.0,0.0,1.0,0.8644585987261146,False,353.848,0.0,clean,,,,,,crc24a,1,320,2,1232,0.4990625,
b17df23ae4a02222729c2767557d25519f2d86851a1a18fbd8933f15ba9fcc91,2026-10-02T06:19:52+00:00,2421fd9957a6fb0f3a7ab8bd0d5980e5a7631097,False,5cfbb7e433e4f599f57e925dce7fc7802daee887183f9ce4024d538a0058e24e,not_applicable_untrained_codec,classical_fixed_mod,imagenette160,test,3925,12800,r_1_6,awgn,7,4,0,0,,jpeg2000,,,1/2,qpsk,0.861656050955414,3382,3925,27.17280514946164,0.794078536168535,1597,157.0,1413.7933757961785,0.0,0.0,0.0,1.0,0.861656050955414,False,327.472,2.093,artifact_finetuned,,,,,,crc24a,1,320,2,1232,0.4990625,
14fd881614b7149b555623ce18b74756ccd35073f1a17035b10165f20bbf1a1f,2026-10-02T06:19:52+00:00,2421fd9957a6fb0f3a7ab8bd0d5980e5a7631097,False,5cfbb7e433e4f599f57e925dce7fc7802daee887183f9ce4024d538a0058e24e,not_applicable_untrained_codec,classical_fixed_mod,imagenette160,test,3925,12800,r_1_6,awgn,7,4,0,0,,jpeg2000,,,1/2,qpsk,0.8644585987261146,3393,3925,27.17280514946164,0.794078536168535,1597,157.0,1413.7933757961785,0.0,0.0,0.0,1.0,0.8644585987261146,False,327.472,2.093,clean,,,,,,crc24a,1,320,2,1232,0.4990625,
16983ac9a25d6b2ddbf5f568ab59f16a5cce53c212833946789219e0b6cc5927,2026-10-02T06:20:40+00:00,2421fd9957a6fb0f3a7ab8bd0d5980e5a7631097,False,a242029a4937a4c827c03c5d9918b74352fc69a0fc2d4b0f89c1eb248a47ccc1,not_applicable_untrained_codec,classical_fixed_mod,imagenette160,test,3925,12800,r_1_6,awgn,7,5,0,0,,jpeg2000,,,1/2,qpsk,0.861656050955414,3382,3925,27.17280514946164,0.794078536168535,1597,157.0,1413.7933757961785,0.0,0.0,0.0,1.0,0.861656050955414,False,346.918,0.0,artifact_finetuned,,,,,,crc24a,1,320,2,1232,0.4990625,
2ed5ead5bfcac2135fcdb8a1af6631b5804b1a97f0d3810045ac5e7e83a79d30,2026-10-02T06:20:40+00:00,2421fd9957a6fb0f3a7ab8bd0d5980e5a7631097,False,a242029a4937a4c827c03c5d9918b74352fc69a0fc2d4b0f89c1eb248a47ccc1,not_applicable_untrained_codec,classical_fixed_mod,imagenette160,test,3925,12800,r_1_6,awgn,7,5,0,0,,jpeg2000,,,1/2,qpsk,0.8644585987261146,3393,3925,27.17280514946164,0.794078536168535,1597,157.0,1413.7933757961785,0.0,0.0,0.0,1.0,0.8644585987261146,False,346.918,0.0,clean,,,,,,crc24a,1,320,2,1232,0.4990625,
0d7c4efc1c06690f1b1a7488608bdc3700d3d28488957262f01168aa72059c3d,2026-10-02T06:20:43+00:00,2421fd9957a6fb0f3a7ab8bd0d5980e5a7631097,False,de0d4eda2028cbbc85d48f5631f4f16a0a145f1e1f7ecc9f32be87dc0e2a6480,not_applicable_untrained_codec,classical_fixed_mod,imagenette160,test,3925,12800,r_1_6,awgn,7,6,0,0,,jpeg2000,,,5/6,qpsk,0.8652229299363058,3396,3925,31.198800816746218,0.8834762693537747,2661,157.0,2471.627770700637,0.0,0.0,0.0,1.0,0.8652229299363058,False,365.011,2.093,artifact_finetuned,,,,,,crc24a,1,352,3,1848,0.8315625,
452f8c02f3b2b7e9019fecab4bea3f2d8add00097510ab69b38e93b6e1d0c7bd,2026-10-02T06:20:43+00:00,2421fd9957a6fb0f3a7ab8bd0d5980e5a7631097,False,de0d4eda2028cbbc85d48f5631f4f16a0a145f1e1f7ecc9f32be87dc0e2a6480,not_applicable_untrained_codec,classical_fixed_mod,imagenette160,test,3925,12800,r_1_6,awgn,7,6,0,0,,jpeg2000,,,5/6,qpsk,0.8703184713375797,3416,3925,31.198800816746218,0.8834762693537747,2661,157.0,2471.627770700637,0.0,0.0,0.0,1.0,0.8703184713375797,False,365.011,2.093,clean,,,,,,crc24a,1,352,3,1848,0.8315625,
7423b2bc1fd804a81cf87e53f1d6dd8369dc1dd17c4739a91548012aceca11d1,2026-10-02T06:26:43+00:00,2421fd9957a6fb0f3a7ab8bd0d5980e5a7631097,False,459055701279bce70542f8bb926a2ff5eaaf14f604c60ae8ac7416dfd85b1228,not_applicable_untrained_codec,classical_fixed_mod,imagenette160,test,3925,12800,r_1_6,awgn,7,7,0,0,,jpeg2000,,,5/6,qpsk,0.8652229299363058,3396,3925,31.198800816746218,0.8834762693537747,2661,157.0,2471.627770700637,0.0,0.0,0.0,1.0,0.8652229299363058,False,357.48,0.0,artifact_finetuned,,,,,,crc24a,1,352,3,1848,0.8315625,
2245274ba8d7f0355a0b705d44097eb03a0649f4365e966302612e7879ff30b4,2026-10-02T06:26:43+00:00,2421fd9957a6fb0f3a7ab8bd0d5980e5a7631097,False,459055701279bce70542f8bb926a2ff5eaaf14f604c60ae8ac7416dfd85b1228,not_applicable_untrained_codec,classical_fixed_mod,imagenette160,test,3925,12800,r_1_6,awgn,7,7,0,0,,jpeg2000,,,5/6,qpsk,0.8703184713375797,3416,3925,31.198800816746218,0.8834762693537747,2661,157.0,2471.627770700637,0.0,0.0,0.0,1.0,0.8703184713375797,False,357.48,0.0,clean,,,,,,crc24a,1,352,3,1848,0.8315625,
158a546504262982a13ed65c26a86d0ab26edc1e46df6e1501f6648cfc963d96,2026-10-02T06:25:49+00:00,2421fd9957a6fb0f3a7ab8bd0d5980e5a7631097,False,ff48be6f9f988183c7ef78815aaa5cd71e861e9562acd32be0ea67bffb501ea0,not_applicable_untrained_codec,classical_fixed_mod,imagenette160,test,3925,12800,r_1_6,awgn,7,9,0,0,,jpeg2000,,,5/6,qpsk,0.8652229299363058,3396,3925,31.198800816746218,0.8834762693537747,2661,157.0,2471.627770700637,0.0,0.0,0.0,1.0,0.8652229299363058,False,357.185,2.093,artifact_finetuned,,,,,,crc24a,1,352,3,1848,0.8315625,
28ca21beb4601ad8d6f0e10989b4e5ecbfcf41095c5bd73c50260db33857cd21,2026-10-02T06:25:49+00:00,2421fd9957a6fb0f3a7ab8bd0d5980e5a7631097,False,ff48be6f9f988183c7ef78815aaa5cd71e861e9562acd32be0ea67bffb501ea0,not_applicable_untrained_codec,classical_fixed_mod,imagenette160,test,3925,12800,r_1_6,awgn,7,9,0,0,,jpeg2000,,,5/6,qpsk,0.8703184713375797,3416,3925,31.198800816746218,0.8834762693537747,2661,157.0,2471.627770700637,0.0,0.0,0.0,1.0,0.8703184713375797,False,357.185,2.093,clean,,,,,,crc24a,1,352,3,1848,0.8315625,
b36699e65d8b9820dc6dfca05af5e9defc1301374444ccd2be99f3af9362c875,2026-10-02T06:26:31+00:00,2421fd9957a6fb0f3a7ab8bd0d5980e5a7631097,False,2328b59124edf39fddd423d6d507cfe05dd08d4d745ce6cba315bcb3d4399827,not_applicable_untrained_codec,classical_fixed_mod,imagenette160,test,3925,12800,r_1_6,awgn,7,11,0,0,,jpeg2000,,,5/6,qpsk,0.8652229299363058,3396,3925,31.198800816746218,0.8834762693537747,2661,157.0,2471.627770700637,0.0,0.0,0.0,1.0,0.8652229299363058,False,350.712,0.0,artifact_finetuned,,,,,,crc24a,1,352,3,1848,0.8315625,
49c350ace061e38d792e584c98ab15626b13f16399ab60a65b6fca87a86b9e9c,2026-10-02T06:26:31+00:00,2421fd9957a6fb0f3a7ab8bd0d5980e5a7631097,False,2328b59124edf39fddd423d6d507cfe05dd08d4d745ce6cba315bcb3d4399827,not_applicable_untrained_codec,classical_fixed_mod,imagenette160,test,3925,12800,r_1_6,awgn,7,11,0,0,,jpeg2000,,,5/6,qpsk,0.8703184713375797,3416,3925,31.198800816746218,0.8834762693537747,2661,157.0,2471.627770700637,0.0,0.0,0.0,1.0,0.8703184713375797,False,350.712,0.0,clean,,,,,,crc24a,1,352,3,1848,0.8315625,
abb319da6b1bb09610034d52087a59269a812504b890cbb8d48fc2c910bf4052,2026-10-02T06:26:50+00:00,2421fd9957a6fb0f3a7ab8bd0d5980e5a7631097,False,6ed00597e5dba1add0b46d4ae8ea910ef5308f1cdb011819530355b84bf5b36b,not_applicable_untrained_codec,classical_fixed_mod,imagenette160,test,3925,12800,r_1_6,awgn,7,13,0,0,,jpeg2000,,,5/6,qpsk,0.8652229299363058,3396,3925,31.198800816746218,0.8834762693537747,2661,157.0,2471.627770700637,0.0,0.0,0.0,1.0,0.8652229299363058,False,365.813,2.093,artifact_finetuned,,,,,,crc24a,1,352,3,1848,0.8315625,
d1d5648615385935088e55a2bfd8de9af90ba4b6ff47363f5eead30087fcec54,2026-10-02T06:26:50+00:00,2421fd9957a6fb0f3a7ab8bd0d5980e5a7631097,False,6ed00597e5dba1add0b46d4ae8ea910ef5308f1cdb011819530355b84bf5b36b,not_applicable_untrained_codec,classical_fixed_mod,imagenette160,test,3925,12800,r_1_6,awgn,7,13,0,0,,jpeg2000,,,5/6,qpsk,0.8703184713375797,3416,3925,31.198800816746218,0.8834762693537747,2661,157.0,2471.627770700637,0.0,0.0,0.0,1.0,0.8703184713375797,False,365.813,2.093,clean,,,,,,crc24a,1,352,3,1848,0.8315625,
a278cc6eb4356bd3cac4d90e51c4e0b940b8b02b7bd725fdf8d26d3904280389,2026-10-02T06:32:42+00:00,2421fd9957a6fb0f3a7ab8bd0d5980e5a7631097,False,0db66b9f32d915f4c82ff738ab053f453afdd70def348e2626425448aa931b2b,not_applicable_untrained_codec,classical_fixed_mod,imagenette160,test,3925,12800,r_1_6,awgn,7,15,0,0,,jpeg2000,,,5/6,qpsk,0.8652229299363058,3396,3925,31.198800816746218,0.8834762693537747,2661,157.0,2471.627770700637,0.0,0.0,0.0,1.0,0.8652229299363058,False,358.862,0.0,artifact_finetuned,,,,,,crc24a,1,352,3,1848,0.8315625,
3075f93e4367bc67843370910d143ca5cf296ad2e4aeee2a6662d8dfff1ace6e,2026-10-02T06:32:42+00:00,2421fd9957a6fb0f3a7ab8bd0d5980e5a7631097,False,0db66b9f32d915f4c82ff738ab053f453afdd70def348e2626425448aa931b2b,not_applicable_untrained_codec,classical_fixed_mod,imagenette160,test,3925,12800,r_1_6,awgn,7,15,0,0,,jpeg2000,,,5/6,qpsk,0.8703184713375797,3416,3925,31.198800816746218,0.8834762693537747,2661,157.0,2471.627770700637,0.0,0.0,0.0,1.0,0.8703184713375797,False,358.862,0.0,clean,,,,,,crc24a,1,352,3,1848,0.8315625,
2886afd01b97638bac565f507a41c86509747e82cbcc4b6394ae5479538e6d2a,2026-10-02T06:31:49+00:00,2421fd9957a6fb0f3a7ab8bd0d5980e5a7631097,False,456b14f939072f0e8807d07c296595545c6c2008828539af2f9632950608145c,not_applicable_untrained_codec,classical_fixed_mod,imagenette160,test,3925,12800,r_1_6,awgn,7,18,0,0,,jpeg2000,,,5/6,qpsk,0.8652229299363058,3396,3925,31.198800816746218,0.8834762693537747,2661,157.0,2471.627770700637,0.0,0.0,0.0,1.0,0.8652229299363058,False,359.405,2.093,artifact_finetuned,,,,,,crc24a,1,352,3,1848,0.8315625,
f218e61c67692479856b91e00e07f847be1b939b4703352e48cc3b0f8e765ff9,2026-10-02T06:31:49+00:00,2421fd9957a6fb0f3a7ab8bd0d5980e5a7631097,False,456b14f939072f0e8807d07c296595545c6c2008828539af2f9632950608145c,not_applicable_untrained_codec,classical_fixed_mod,imagenette160,test,3925,12800,r_1_6,awgn,7,18,0,0,,jpeg2000,,,5/6,qpsk,0.8703184713375797,3416,3925,31.198800816746218,0.8834762693537747,2661,157.0,2471.627770700637,0.0,0.0,0.0,1.0,0.8703184713375797,False,359.405,2.093,clean,,,,,,crc24a,1,352,3,1848,0.8315625,
97046ca2e6850a2ebc7bbfb8f18e62810e8fae62b360205212e9fff33fa7038b,2026-10-02T06:27:36+00:00,2421fd9957a6fb0f3a7ab8bd0d5980e5a7631097,False,7cb30cd5477582a371aea169184b9fe4782b26e43deb0be0f0b0027e533d5b1c,not_applicable_untrained_codec,classical_jpeg_secondary,imagenette160,test,3925,12800,r_1_6,awgn,7,-8,0,0,,jpeg,5,,1/3,bpsk,0.09859872611464968,387,3925,,,531,,,0.0,0.9974522292993631,0.0025477707006369425,0.0,,False,64.633,0.0,artifact_finetuned,,,,,,crc24a,1,208,1,304,0.331875,
613f766ecbd65b9095bca4e70bb72430f867d7f2a8e215612bd5dced80c53feb,2026-10-02T06:27:36+00:00,2421fd9957a6fb0f3a7ab8bd0d5980e5a7631097,False,7cb30cd5477582a371aea169184b9fe4782b26e43deb0be0f0b0027e533d5b1c,not_applicable_untrained_codec,classical_jpeg_secondary,imagenette160,test,3925,12800,r_1_6,awgn,7,-8,0,0,,jpeg,5,,1/3,bpsk,0.09859872611464968,387,3925,,,531,,,0.0,0.9974522292993631,0.0025477707006369425,0.0,,False,64.633,0.0,clean,,,,,,crc24a,1,208,1,304,0.331875,
b7b5110275f085e98e4ac478d4685f2def7ab667c9789a4475996bd59ca8d2c9,2026-10-02T06:27:49+00:00,2421fd9957a6fb0f3a7ab8bd0d5980e5a7631097,False,64ba521effd3bfea60f0548bca8e9b05c10e43956f5bd14d0b7c2682acfd9483,not_applicable_untrained_codec,classical_jpeg_secondary,imagenette160,test,3925,12800,r_1_6,awgn,7,-7,0,0,,jpeg,5,,1/3,bpsk,0.09859872611464968,387,3925,,,531,,,0.0,0.9974522292993631,0.0025477707006369425,0.0,,False,59.566,2.093,artifact_finetuned,,,,,,crc24a,1,208,1,304,0.331875,
af879b19265bd5679e842e0fc931e70678b2c98d8f23d6467f28a6782eac12b4,2026-10-02T06:27:49+00:00,2421fd9957a6fb0f3a7ab8bd0d5980e5a7631097,False,64ba521effd3bfea60f0548bca8e9b05c10e43956f5bd14d0b7c2682acfd9483,not_applicable_untrained_codec,classical_jpeg_secondary,imagenette160,test,3925,12800,r_1_6,awgn,7,-7,0,0,,jpeg,5,,1/3,bpsk,0.09859872611464968,387,3925,,,531,,,0.0,0.9974522292993631,0.0025477707006369425,0.0,,False,59.566,2.093,clean,,,,,,crc24a,1,208,1,304,0.331875,
18e7f62a7be1281f19117233fbfde3b95618149598a2fa59b1a641672985111d,2026-10-02T06:34:11+00:00,2421fd9957a6fb0f3a7ab8bd0d5980e5a7631097,False,3ab5ccb385af0f176b8b38033627db76d4afbec86e4270544a4faf5e01e96174,not_applicable_untrained_codec,classical_jpeg_secondary,imagenette160,test,3925,12800,r_1_6,awgn,7,-6,0,0,,jpeg,5,,1/3,bpsk,0.09859872611464968,387,3925,,,531,,,0.0,0.9974522292993631,0.0025477707006369425,0.0,,False,88.318,0.0,artifact_finetuned,,,,,,crc24a,1,208,1,304,0.331875,
f6ccdcd5905c6e055a6bb865d217527e604eb5b0ce5579ed156ebfb7d2e4f751,2026-10-02T06:34:11+00:00,2421fd9957a6fb0f3a7ab8bd0d5980e5a7631097,False,3ab5ccb385af0f176b8b38033627db76d4afbec86e4270544a4faf5e01e96174,not_applicable_untrained_codec,classical_jpeg_secondary,imagenette160,test,3925,12800,r_1_6,awgn,7,-6,0,0,,jpeg,5,,1/3,bpsk,0.09859872611464968,387,3925,,,531,,,0.0,0.9974522292993631,0.0025477707006369425,0.0,,False,88.318,0.0,clean,,,,,,crc24a,1,208,1,304,0.331875,
e90dfa950ad24258592a39492a81050b1abe8d1620186d154588f46c2454e6c9,2026-10-02T06:32:58+00:00,2421fd9957a6fb0f3a7ab8bd0d5980e5a7631097,False,f84e8079e9d405c82e20dca78c071686c91efd53ae7d3cdf0f0b7500a5fb9a76,not_applicable_untrained_codec,classical_jpeg_secondary,imagenette160,test,3925,12800,r_1_6,awgn,7,-5,0,0,,jpeg,5,,1/3,bpsk,0.09859872611464968,387,3925,,,531,,,0.0,0.9974522292993631,0.0025477707006369425,0.0,,False,68.282,2.093,artifact_finetuned,,,,,,crc24a,1,208,1,304,0.331875,
9d3001614b406d1c33204554c7b4abbe47986f911691108da572aea9a0155e32,2026-10-02T06:32:58+00:00,2421fd9957a6fb0f3a7ab8bd0d5980e5a7631097,False,f84e8079e9d405c82e20dca78c071686c91efd53ae7d3cdf0f0b7500a5fb9a76,not_applicable_untrained_codec,classical_jpeg_secondary,imagenette160,test,3925,12800,r_1_6,awgn,7,-5,0,0,,jpeg,5,,1/3,bpsk,0.09859872611464968,387,3925,,,531,,,0.0,0.9974522292993631,0.0025477707006369425,0.0,,False,68.282,2.093,clean,,,,,,crc24a,1,208,1,304,0.331875,
1d9e7e9f487cceec7f5e005a10d2820195bef06882da2f583fb2b1887d00b884,2026-10-02T06:31:30+00:00,2421fd9957a6fb0f3a7ab8bd0d5980e5a7631097,False,d6ffb5f957376e78e1bb390c935102bea5b5f3a12fb561e0becf14717234c101,not_applicable_untrained_codec,classical_jpeg_secondary,imagenette160,test,3925,12800,r_1_6,awgn,7,-4,0,0,,jpeg,5,,1/3,bpsk,0.664203821656051,2607,3925,19.66458076733996,0.4774205686278858,531,,,0.0,0.0,0.0025477707006369425,0.9974522292993631,0.6659003831417625,False,233.263,0.0,artifact_finetuned,,,,,,crc24a,1,208,1,304,0.331875,
8ba5e6eb9d8a8f972998db7eb5baf399a56f6b8d39e7c3ea661818532d591baa,2026-10-02T06:31:30+00:00,2421fd9957a6fb0f3a7ab8bd0d5980e5a7631097,False,d6ffb5f957376e78e1bb390c935102bea5b5f3a12fb561e0becf14717234c101,not_applicable_untrained_codec,classical_jpeg_secondary,imagenette160,test,3925,12800,r_1_6,awgn,7,-4,0,0,,jpeg,5,,1/3,bpsk,0.4496815286624204,1765,3925,19.66458076733996,0.4774205686278858,531,,,0.0,0.0,0.0025477707006369425,0.9974522292993631,0.4508301404853129,False,233.263,0.0,clean,,,,,,crc24a,1,208,1,304,0.331875,
87f9cdaa23e2e4dfc2a2575507cffaff9a4ef8ba92bfc627a89cbaf687649720,2026-10-02T06:31:41+00:00,2421fd9957a6fb0f3a7ab8bd0d5980e5a7631097,False,9c15967c5452c70a86cd3390a5775d20a90f794bba0cf7cba8f124e4b24bf160,not_applicable_untrained_codec,classical_jpeg_secondary,imagenette160,test,3925,12800,r_1_6,awgn,7,-3,0,0,,jpeg,5,,1/3,bpsk,0.664203821656051,2607,3925,19.66458076733996,0.4774205686278858,531,,,0.0,0.0,0.0025477707006369425,0.9974522292993631,0.6659003831417625,False,231.471,2.093,artifact_finetuned,,,,,,crc24a,1,208,1,304,0.331875,
b765fe31dc3832782cde04fa17acbf9249eda344cc0bd80e0ae857ca657dbb2c,2026-10-02T06:31:41+00:00,2421fd9957a6fb0f3a7ab8bd0d5980e5a7631097,False,9c15967c5452c70a86cd3390a5775d20a90f794bba0cf7cba8f124e4b24bf160,not_applicable_untrained_codec,classical_jpeg_secondary,imagenette160,test,3925,12800,r_1_6,awgn,7,-3,0,0,,jpeg,5,,1/3,bpsk,0.4496815286624204,1765,3925,19.66458076733996,0.4774205686278858,531,,,0.0,0.0,0.0025477707006369425,0.9974522292993631,0.4508301404853129,False,231.471,2.093,clean,,,,,,crc24a,1,208,1,304,0.331875,
4cbf80e76bbbc82089aa576807cd5a56523357023a5cd3c41fbef5716d3c771f,2026-10-02T06:37:50+00:00,2421fd9957a6fb0f3a7ab8bd0d5980e5a7631097,False,a50b3f43a871cfe04651307d6431fdfc0bc071adb185b314d641e389c0017890,not_applicable_untrained_codec,classical_jpeg_secondary,imagenette160,test,3925,12800,r_1_6,awgn,7,-2,0,0,,jpeg,10,,1/2,bpsk,0.7449681528662421,2924,3925,21.16389160585419,0.5435013779467217,797,,,0.0,0.022165605095541403,0.0,0.9778343949044586,0.7597707139134966,False,219.34,0.0,artifact_finetuned,,,,,,crc24a,1,320,1,640,0.498125,
f5b0ac891644360a6b994471ff7f33407830b6214312593b7b778cde457a8702,2026-10-02T06:37:50+00:00,2421fd9957a6fb0f3a7ab8bd0d5980e5a7631097,False,a50b3f43a871cfe04651307d6431fdfc0bc071adb185b314d641e389c0017890,not_applicable_untrained_codec,classical_jpeg_secondary,imagenette160,test,3925,12800,r_1_6,awgn,7,-2,0,0,,jpeg,10,,1/2,bpsk,0.6045859872611465,2373,3925,21.16389160585419,0.5435013779467217,797,,,0.0,0.022165605095541403,0.0,0.9778343949044586,0.616206357477853,False,219.34,0.0,clean,,,,,,crc24a,1,320,1,640,0.498125,
d68212695e4b02fdd261a311baf274d9a05677e639011b33a27b5e13ff02450f,2026-10-02T06:37:54+00:00,2421fd9957a6fb0f3a7ab8bd0d5980e5a7631097,False,db101429f2a1465f5658ed21a96aaa8855b774d160b22462525cb76c267a42e3,not_applicable_untrained_codec,classical_jpeg_secondary,imagenette160,test,3925,12800,r_1_6,awgn,7,-1,0,0,,jpeg,20,,1/3,qpsk,0.8117197452229299,3186,3925,22.29496531946445,0.5998665744780277,1063,,,0.0,0.00025477707006369424,0.0,0.9997452229299363,0.8119266055045872,False,296.051,2.093,artifact_finetuned,,,,,,crc24a,1,208,2,576,0.3321875,
91367aa33f5acb3cab26eb542b54c7ca698591e410847fdad8c9bc14ff2d4b9f,2026-10-02T06:37:54+00:00,2421fd9957a6fb0f3a7ab8bd0d5980e5a7631097,False,db101429f2a1465f5658ed21a96aaa8855b774d160b22462525cb76c267a42e3,not_applicable_untrained_codec,classical_jpeg_secondary,imagenette160,test,3925,12800,r_1_6,awgn,7,-1,0,0,,jpeg,20,,1/3,qpsk,0.7064968152866242,2773,3925,22.29496531946445,0.5998665744780277,1063,,,0.0,0.00025477707006369424,0.0,0.9997452229299363,0.7066768603465852,False,296.051,2.093,clean,,,,,,crc24a,1,208,2,576,0.3321875,
891182dfa783cccb7d5145c53d90d15d81ec2c2b62a21b3df76a6a3ad600a4bc,2026-10-02T06:36:58+00:00,2421fd9957a6fb0f3a7ab8bd0d5980e5a7631097,False,79864d6570058c4ce37b1ac7a681765be6b6d3d802a256507af86782dbd8db17,not_applicable_untrained_codec,classical_jpeg_secondary,imagenette160,test,3925,12800,r_1_6,awgn,7,0,0,0,,jpeg,20,,1/3,qpsk,0.8119745222929936,3187,3925,22.294355826377625,0.5998193495593902,1063,,,0.0,0.0,0.0,1.0,0.8119745222929936,False,328.095,0.0,artifact_finetuned,,,,,,crc24a,1,208,2,576,0.3321875,
94875d7f7bfd7af8d4844f79849be0154a2e8d0dc793ee979ede193bdb43346f,2026-10-02T06:36:58+00:00,2421fd9957a6fb0f3a7ab8bd0d5980e5a7631097,False,79864d6570058c4ce37b1ac7a681765be6b6d3d802a256507af86782dbd8db17,not_applicable_untrained_codec,classical_jpeg_secondary,imagenette160,test,3925,12800,r_1_6,awgn,7,0,0,0,,jpeg,20,,1/3,qpsk,0.7067515923566879,2774,3925,22.294355826377625,0.5998193495593902,1063,,,0.0,0.0,0.0,1.0,0.7067515923566879,False,328.095,0.0,clean,,,,,,crc24a,1,208,2,576,0.3321875,
1ac5bd1b1b566601d180fdfe0ab4cef10d111078570fad5e0aacac55784b9639,2026-10-02T06:35:38+00:00,2421fd9957a6fb0f3a7ab8bd0d5980e5a7631097,False,8387edc13696dd4859647f89f3a3f65416e208ae2f177f66bb08ad50ee1c93aa,not_applicable_untrained_codec,classical_jpeg_secondary,imagenette160,test,3925,12800,r_1_6,awgn,7,1,0,0,,jpeg,20,,2/3,bpsk,0.8119745222929936,3187,3925,22.294355826377625,0.5998193495593902,1063,,,0.0,0.0,0.0,1.0,0.8119745222929936,False,236.365,2.093,artifact_finetuned,,,,,,crc24a,1,208,2,576,0.664375,
5c85dc29f1941612d80aa603f92e6c98f3545ae950e5534f0173be4be8d3a684,2026-10-02T06:35:38+00:00,2421fd9957a6fb0f3a7ab8bd0d5980e5a7631097,False,8387edc13696dd4859647f89f3a3f65416e208ae2f177f66bb08ad50ee1c93aa,not_applicable_untrained_codec,classical_jpeg_secondary,imagenette160,test,3925,12800,r_1_6,awgn,7,1,0,0,,jpeg,20,,2/3,bpsk,0.7067515923566879,2774,3925,22.294355826377625,0.5998193495593902,1063,,,0.0,0.0,0.0,1.0,0.7067515923566879,False,236.365,2.093,clean,,,,,,crc24a,1,208,2,576,0.664375,
d1fa9bc715448a9ee611f38dcf206e94b8f2ca84d1f93b0e25cb7ef40ebed4ac,2026-10-02T06:42:57+00:00,2421fd9957a6fb0f3a7ab8bd0d5980e5a7631097,False,6257f7e20ddf4938964c4d8cb876297d98a26c34ca51b8008bf14c00845a21d9,not_applicable_untrained_codec,classical_jpeg_secondary,imagenette160,test,3925,12800,r_1_6,awgn,7,2,0,0,,jpeg,15,,1/2,qpsk,0.8428025477707006,3308,3925,23.682281808451158,0.6775607300602607,1597,,,0.0,0.0,0.00025477707006369424,0.9997452229299363,0.8430173292558614,False,306.486,0.0,artifact_finetuned,,,,,,crc24a,1,320,2,1232,0.4990625,
9aab7ac00826c3a29d9578ade3ff6992a7c07d710b82904e04667d29dcac7498,2026-10-02T06:42:57+00:00,2421fd9957a6fb0f3a7ab8bd0d5980e5a7631097,False,6257f7e20ddf4938964c4d8cb876297d98a26c34ca51b8008bf14c00845a21d9,not_applicable_untrained_codec,classical_jpeg_secondary,imagenette160,test,3925,12800,r_1_6,awgn,7,2,0,0,,jpeg,15,,1/2,qpsk,0.8346496815286624,3276,3925,23.682281808451158,0.6775607300602607,1597,,,0.0,0.0,0.00025477707006369424,0.9997452229299363,0.8348623853211009,False,306.486,0.0,clean,,,,,,crc24a,1,320,2,1232,0.4990625,
44b0fe8e051c0314156765798f507db342ce172a0299a566c45d44905984f2f2,2026-10-02T06:42:50+00:00,2421fd9957a6fb0f3a7ab8bd0d5980e5a7631097,False,a25b4c7e0e2edef912e4ada5996673f4652409c5c535bae32204f24f0270c621,not_applicable_untrained_codec,classical_jpeg_secondary,imagenette160,test,3925,12800,r_1_6,awgn,7,3,0,0,,jpeg,15,,1/2,qpsk,0.8428025477707006,3308,3925,23.682281808451158,0.6775607300602607,1597,,,0.0,0.0,0.00025477707006369424,0.9997452229299363,0.8430173292558614,False,295.885,2.093,artifact_finetuned,,,,,,crc24a,1,320,2,1232,0.4990625,
dabbe9b5881b7d2a815304b2c3303d171435055156ef0b8d77a3b45b42fa196a,2026-10-02T06:42:50+00:00,2421fd9957a6fb0f3a7ab8bd0d5980e5a7631097,False,a25b4c7e0e2edef912e4ada5996673f4652409c5c535bae32204f24f0270c621,not_applicable_untrained_codec,classical_jpeg_secondary,imagenette160,test,3925,12800,r_1_6,awgn,7,3,0,0,,jpeg,15,,1/2,qpsk,0.8346496815286624,3276,3925,23.682281808451158,0.6775607300602607,1597,,,0.0,0.0,0.00025477707006369424,0.9997452229299363,0.8348623853211009,False,295.885,2.093,clean,,,,,,crc24a,1,320,2,1232,0.4990625,
1ba0fb2d7cd6e4415f2fe52d40ad87e0437e6fe69829f2fa40ca1e591565b4de,2026-10-02T06:42:00+00:00,2421fd9957a6fb0f3a7ab8bd0d5980e5a7631097,False,2a54b87ad4cbbfabc2d5c766b9551b682fbc9b2b461a67119b7c39ffd56ef357,not_applicable_untrained_codec,classical_jpeg_secondary,imagenette160,test,3925,12800,r_1_6,awgn,7,4,0,0,,jpeg,30,,2/3,qpsk,0.8514649681528662,3342,3925,24.94764458919327,0.7382140296432715,2130,,,0.0,0.0,0.00025477707006369424,0.9997452229299363,0.8516819571865444,False,302.094,0.0,artifact_finetuned,,,,,,crc24a,1,288,3,1872,0.665625,
17a02ebb4f60bcc40b60c4ebf479e45010080ae542d7a10a92edc9ceb03852c7,2026-10-02T06:42:00+00:00,2421fd9957a6fb0f3a7ab8bd0d5980e5a7631097,False,2a54b87ad4cbbfabc2d5c766b9551b682fbc9b2b461a67119b7c39ffd56ef357,not_applicable_untrained_codec,classical_jpeg_secondary,imagenette160,test,3925,12800,r_1_6,awgn,7,4,0,0,,jpeg,30,,2/3,qpsk,0.855796178343949,3359,3925,24.94764458919327,0.7382140296432715,2130,,,0.0,0.0,0.00025477707006369424,0.9997452229299363,0.8560142711518859,False,302.094,0.0,clean,,,,,,crc24a,1,288,3,1872,0.665625,
a43055034d2470a7314068ef0842f61811f51acdee75c44ea6f7d883ab49700c,2026-10-02T06:40:43+00:00,2421fd9957a6fb0f3a7ab8bd0d5980e5a7631097,False,b6dc3131781806359be35e91d02a4d989ee16332becca0a3dee9ee703b640bee,not_applicable_untrained_codec,classical_jpeg_secondary,imagenette160,test,3925,12800,r_1_6,awgn,7,5,0,0,,jpeg,30,,2/3,qpsk,0.8514649681528662,3342,3925,24.94764458919327,0.7382140296432715,2130,,,0.0,0.0,0.00025477707006369424,0.9997452229299363,0.8516819571865444,False,304.729,2.093,artifact_finetuned,,,,,,crc24a,1,288,3,1872,0.665625,
00561ed32bcddb1a91b75f5fcdff2ddd9460d596c3583f000fe5625a1f8c8d86,2026-10-02T06:40:43+00:00,2421fd9957a6fb0f3a7ab8bd0d5980e5a7631097,False,b6dc3131781806359be35e91d02a4d989ee16332becca0a3dee9ee703b640bee,not_applicable_untrained_codec,classical_jpeg_secondary,imagenette160,test,3925,12800,r_1_6,awgn,7,5,0,0,,jpeg,30,,2/3,qpsk,0.855796178343949,3359,3925,24.94764458919327,0.7382140296432715,2130,,,0.0,0.0,0.00025477707006369424,0.9997452229299363,0.8560142711518859,False,304.729,2.093,clean,,,,,,crc24a,1,288,3,1872,0.665625,
f9ff4f703725d9031717404162d50afc2a57d606dfdfab5457e0a05c53f02ca5,2026-10-02T06:48:03+00:00,2421fd9957a6fb0f3a7ab8bd0d5980e5a7631097,False,4bfe5c471a1635be1c3475b96d7f79432ca09b8324c5eef15c07498d1b073022,not_applicable_untrained_codec,classical_jpeg_secondary,imagenette160,test,3925,12800,r_1_6,awgn,7,6,0,0,,jpeg,20,,5/6,qpsk,0.855031847133758,3356,3925,25.817822974909852,0.7754214622603723,2661,,,0.0,0.0,0.00025477707006369424,0.9997452229299363,0.855249745158002,False,306.061,0.0,artifact_finetuned,,,,,,crc24a,1,352,3,1848,0.8315625,
da7e3ced940ddd840bc85560990fbfa5bb1c280cbe62bcf4dc6e9513664e9106,2026-10-02T06:48:03+00:00,2421fd9957a6fb0f3a7ab8bd0d5980e5a7631097,False,4bfe5c471a1635be1c3475b96d7f79432ca09b8324c5eef15c07498d1b073022,not_applicable_untrained_codec,classical_jpeg_secondary,imagenette160,test,3925,12800,r_1_6,awgn,7,6,0,0,,jpeg,20,,5/6,qpsk,0.8659872611464968,3399,3925,25.817822974909852,0.7754214622603723,2661,,,0.0,0.0,0.00025477707006369424,0.9997452229299363,0.8662079510703364,False,306.061,0.0,clean,,,,,,crc24a,1,352,3,1848,0.8315625,
8cfe7a289b1aec1c23da3b595d0b688d98012a8801bd8fcf3ffffe489c77d619,2026-10-02T06:47:52+00:00,2421fd9957a6fb0f3a7ab8bd0d5980e5a7631097,False,af375b12e543440534db9a120815fff48ebdbbdaa3d914600eb237275bc00488,not_applicable_untrained_codec,classical_jpeg_secondary,imagenette160,test,3925,12800,r_1_6,awgn,7,7,0,0,,jpeg,20,,5/6,qpsk,0.855031847133758,3356,3925,25.817822974909852,0.7754214622603723,2661,,,0.0,0.0,0.00025477707006369424,0.9997452229299363,0.855249745158002,False,301.838,2.093,artifact_finetuned,,,,,,crc24a,1,352,3,1848,0.8315625,
21d504cef265fdd6508543b22d406218afea28a16dc67e8603e323676f6b8c99,2026-10-02T06:47:52+00:00,2421fd9957a6fb0f3a7ab8bd0d5980e5a7631097,False,af375b12e543440534db9a120815fff48ebdbbdaa3d914600eb237275bc00488,not_applicable_untrained_codec,classical_jpeg_secondary,imagenette160,test,3925,12800,r_1_6,awgn,7,7,0,0,,jpeg,20,,5/6,qpsk,0.8659872611464968,3399,3925,25.817822974909852,0.7754214622603723,2661,,,0.0,0.0,0.00025477707006369424,0.9997452229299363,0.8662079510703364,False,301.838,2.093,clean,,,,,,crc24a,1,352,3,1848,0.8315625,
6b9762c687e8db1b491f315dfcbd68650388e5ab68f1b80238e20234861ec029,2026-10-02T06:46:42+00:00,2421fd9957a6fb0f3a7ab8bd0d5980e5a7631097,False,d4b9d0e621e007bba8dca355277ccff9dfe085b6649e64fc5d9b9729f8a56fa1,not_applicable_untrained_codec,classical_jpeg_secondary,imagenette160,test,3925,12800,r_1_6,awgn,7,9,0,0,,jpeg,15,,2/3,qam16,0.09885350318471338,388,3925,20.87402845585259,0.887380137207033,4262,,,4.581733852556557,0.9997452229299363,0.0,0.00025477707006369424,1.0,False,280.878,0.0,artifact_finetuned,,,,,,crc24a,1,320,5,960,0.6659375,
91ba265e59d1b3f37a17e204b91b00cbf03714399be4dfed76b5146de8d0e705,2026-10-02T06:46:42+00:00,2421fd9957a6fb0f3a7ab8bd0d5980e5a7631097,False,d4b9d0e621e007bba8dca355277ccff9dfe085b6649e64fc5d9b9729f8a56fa1,not_applicable_untrained_codec,classical_jpeg_secondary,imagenette160,test,3925,12800,r_1_6,awgn,7,9,0,0,,jpeg,15,,2/3,qam16,0.09885350318471338,388,3925,20.87402845585259,0.887380137207033,4262,,,4.581733852556557,0.9997452229299363,0.0,0.00025477707006369424,1.0,False,280.878,0.0,clean,,,,,,crc24a,1,320,5,960,0.6659375,
ed6abb0c463a960d683268ab5927c3f222e0e64832d9e6366312695ab63fc9b5,2026-10-02T06:48:01+00:00,2421fd9957a6fb0f3a7ab8bd0d5980e5a7631097,False,ad8d3e097a1711e934d4c2ccb91ca43f0be246676978ed125020be06fe3a41fe,not_applicable_untrained_codec,classical_jpeg_secondary,imagenette160,test,3925,12800,r_1_6,awgn,7,11,0,0,,jpeg,15,,2/3,qam16,0.8614012738853504,3381,3925,26.728663036467154,0.810685557460171,4262,,,4.581733852556557,0.0,0.0,1.0,0.8614012738853504,False,437.234,2.093,artifact_finetuned,,,,,,crc24a,1,320,5,960,0.6659375,
59cfcf7ea1be01f0677167755d4a55761989e5585b8e134dc5febcd98e3d1435,2026-10-02T06:48:01+00:00,2421fd9957a6fb0f3a7ab8bd0d5980e5a7631097,False,ad8d3e097a1711e934d4c2ccb91ca43f0be246676978ed125020be06fe3a41fe,not_applicable_untrained_codec,classical_jpeg_secondary,imagenette160,test,3925,12800,r_1_6,awgn,7,11,0,0,,jpeg,15,,2/3,qam16,0.8698089171974522,3414,3925,26.728663036467154,0.810685557460171,4262,,,4.581733852556557,0.0,0.0,1.0,0.8698089171974522,False,437.234,2.093,clean,,,,,,crc24a,1,320,5,960,0.6659375,
f84c68569024d37e7834200ca2b618fb64e684daea3d80c05c3a8ea8f3976501,2026-10-02T06:55:19+00:00,2421fd9957a6fb0f3a7ab8bd0d5980e5a7631097,False,7fab1cb2d5716c0bb354827ca23fadc9e3ebd4f3712399a7d46bc13b3b76cf46,not_applicable_untrained_codec,classical_jpeg_secondary,imagenette160,test,3925,12800,r_1_6,awgn,7,13,0,0,,jpeg,15,,2/3,qam16,0.8614012738853504,3381,3925,26.728663036467154,0.810685557460171,4262,,,4.581733852556557,0.0,0.0,1.0,0.8614012738853504,False,435.0,0.0,artifact_finetuned,,,,,,crc24a,1,320,5,960,0.6659375,
e6e8f461648cd49669953dfd4a30511087494c1619a1982dd1d8aa20bf4646c8,2026-10-02T06:55:19+00:00,2421fd9957a6fb0f3a7ab8bd0d5980e5a7631097,False,7fab1cb2d5716c0bb354827ca23fadc9e3ebd4f3712399a7d46bc13b3b76cf46,not_applicable_untrained_codec,classical_jpeg_secondary,imagenette160,test,3925,12800,r_1_6,awgn,7,13,0,0,,jpeg,15,,2/3,qam16,0.8698089171974522,3414,3925,26.728663036467154,0.810685557460171,4262,,,4.581733852556557,0.0,0.0,1.0,0.8698089171974522,False,435.0,0.0,clean,,,,,,crc24a,1,320,5,960,0.6659375,
c1173f9ad451c19648fc638a2e98b3d76e5083f4d367a5b454b73ed68e7cc25c,2026-10-02T06:54:45+00:00,2421fd9957a6fb0f3a7ab8bd0d5980e5a7631097,False,42a11c51fd97affb1b1148db983e79ffaf6e288470df19c913b01748369edd06,not_applicable_untrained_codec,classical_jpeg_secondary,imagenette160,test,3925,12800,r_1_6,awgn,7,15,0,0,,jpeg,15,,2/3,qam16,0.8614012738853504,3381,3925,26.728663036467154,0.810685557460171,4262,,,4.581733852556557,0.0,0.0,1.0,0.8614012738853504,False,411.779,2.093,artifact_finetuned,,,,,,crc24a,1,320,5,960,0.6659375,
6a21559026a8967d14fe4ecf0a542408ecbfe44fd2f5b2ae4c317780953ad39c,2026-10-02T06:54:45+00:00,2421fd9957a6fb0f3a7ab8bd0d5980e5a7631097,False,42a11c51fd97affb1b1148db983e79ffaf6e288470df19c913b01748369edd06,not_applicable_untrained_codec,classical_jpeg_secondary,imagenette160,test,3925,12800,r_1_6,awgn,7,15,0,0,,jpeg,15,,2/3,qam16,0.8698089171974522,3414,3925,26.728663036467154,0.810685557460171,4262,,,4.581733852556557,0.0,0.0,1.0,0.8698089171974522,False,411.779,2.093,clean,,,,,,crc24a,1,320,5,960,0.6659375,
c723972804e43f31552d8ccae09a6c017604c43f77d2291072a3046a98e45486,2026-10-02T06:53:45+00:00,2421fd9957a6fb0f3a7ab8bd0d5980e5a7631097,False,c60ea7fae7fa3a6de09973eec8b440f5ee814514e19d9ffbc9b58739cd2d7b66,not_applicable_untrained_codec,classical_jpeg_secondary,imagenette160,test,3925,12800,r_1_6,awgn,7,18,0,0,,jpeg,15,,2/3,qam16,0.8614012738853504,3381,3925,26.728663036467154,0.810685557460171,4262,,,4.581733852556557,0.0,0.0,1.0,0.8614012738853504,False,422.972,0.0,artifact_finetuned,,,,,,crc24a,1,320,5,960,0.6659375,
9ab0637a3cb2a82f9acfb967cb77e9f23d3888cc4bb632c318ddaf54984f791a,2026-10-02T06:53:45+00:00,2421fd9957a6fb0f3a7ab8bd0d5980e5a7631097,False,c60ea7fae7fa3a6de09973eec8b440f5ee814514e19d9ffbc9b58739cd2d7b66,not_applicable_untrained_codec,classical_jpeg_secondary,imagenette160,test,3925,12800,r_1_6,awgn,7,18,0,0,,jpeg,15,,2/3,qam16,0.8698089171974522,3414,3925,26.728663036467154,0.810685557460171,4262,,,4.581733852556557,0.0,0.0,1.0,0.8698089171974522,False,422.972,0.0,clean,,,,,,crc24a,1,320,5,960,0.6659375,
97b301670a78b637ceb55ae003d5c449203d0a91b8ee0e83a4c9e1703a71c7bb,2026-10-02T14:48:25+00:00,2421fd9957a6fb0f3a7ab8bd0d5980e5a7631097,False,,a6bf87cce06e45b7e61271f2cb13b1775431a72f9a71224af179e1df68f8952f,label_transmission_bound,imagenette160,test,3925,12800,r_1_6,awgn,7,-8,0,0,,,,,1/3,bpsk,0.09859872611464968,387,3925,,,531,,,0.0,1.0,0.0,0.0,,False,155.695,0.284,predicted_label,,,,,,,,,,,,
3616afd68463bb6371c31147b32fc5529f7611562836fa1c40c9cefd8bb3a626,2026-10-02T14:48:46+00:00,2421fd9957a6fb0f3a7ab8bd0d5980e5a7631097,False,,a6bf87cce06e45b7e61271f2cb13b1775431a72f9a71224af179e1df68f8952f,label_transmission_bound,imagenette160,test,3925,12800,r_1_6,awgn,7,-7,0,0,,,,,1/3,bpsk,0.09859872611464968,387,3925,,,531,,,0.0,1.0,0.0,0.0,,False,175.129,0.0,predicted_label,,,,,,,,,,,,
05fd07543a574f494a90878a39fefbc3915fc1fbd9374b49a31a627cfaff7cd7,2026-10-02T14:48:28+00:00,2421fd9957a6fb0f3a7ab8bd0d5980e5a7631097,False,,a6bf87cce06e45b7e61271f2cb13b1775431a72f9a71224af179e1df68f8952f,label_transmission_bound,imagenette160,test,3925,12800,r_1_6,awgn,7,-6,0,0,,,,,1/3,bpsk,0.09859872611464968,387,3925,,,531,,,0.0,1.0,0.0,0.0,,False,156.985,0.284,predicted_label,,,,,,,,,,,,
9ce1d3c945b1e77e964e23f397ff463004631fa24653cb7d4cc071b28ed206c8,2026-10-02T14:48:43+00:00,2421fd9957a6fb0f3a7ab8bd0d5980e5a7631097,False,,a6bf87cce06e45b7e61271f2cb13b1775431a72f9a71224af179e1df68f8952f,label_transmission_bound,imagenette160,test,3925,12800,r_1_6,awgn,7,-5,0,0,,,,,1/3,bpsk,0.09859872611464968,387,3925,,,531,,,0.0,1.0,0.0,0.0,,False,173.185,0.0,predicted_label,,,,,,,,,,,,
b2471f94c11ce01b6544ca4837911eaf5996793de187066683e8d3b7f579573b,2026-10-02T14:50:35+00:00,2421fd9957a6fb0f3a7ab8bd0d5980e5a7631097,False,,a6bf87cce06e45b7e61271f2cb13b1775431a72f9a71224af179e1df68f8952f,label_transmission_bound,imagenette160,test,3925,12800,r_1_6,awgn,7,-4,0,0,,,,,1/3,bpsk,0.8099363057324841,3179,3925,,,531,,,0.0,0.0,0.0,1.0,0.8099363057324841,False,129.559,0.284,predicted_label,,,,,,,,,,,,
19a916220cea96e4d7740ac238d9261bef9c34a1e4d26fc425b801519b7d9100,2026-10-02T14:51:16+00:00,2421fd9957a6fb0f3a7ab8bd0d5980e5a7631097,False,,a6bf87cce06e45b7e61271f2cb13b1775431a72f9a71224af179e1df68f8952f,label_transmission_bound,imagenette160,test,3925,12800,r_1_6,awgn,7,-3,0,0,,,,,1/3,bpsk,0.8099363057324841,3179,3925,,,531,,,0.0,0.0,0.0,1.0,0.8099363057324841,False,150.754,0.0,predicted_label,,,,,,,,,,,,
5cd5ef26108b7e48fc14c63ba7d9cc69464ad37c8ddeb070317a58585db064b3,2026-10-02T14:50:38+00:00,2421fd9957a6fb0f3a7ab8bd0d5980e5a7631097,False,,a6bf87cce06e45b7e61271f2cb13b1775431a72f9a71224af179e1df68f8952f,label_transmission_bound,imagenette160,test,3925,12800,r_1_6,awgn,7,-2,0,0,,,,,1/3,bpsk,0.8099363057324841,3179,3925,,,531,,,0.0,0.0,0.0,1.0,0.8099363057324841,False,130.001,0.284,predicted_label,,,,,,,,,,,,
f074a646312fbb628e7a0b7d39e169d74c81b2169937c7a538bf1fed8acc6e8a,2026-10-02T14:51:13+00:00,2421fd9957a6fb0f3a7ab8bd0d5980e5a7631097,False,,a6bf87cce06e45b7e61271f2cb13b1775431a72f9a71224af179e1df68f8952f,label_transmission_bound,imagenette160,test,3925,12800,r_1_6,awgn,7,-1,0,0,,,,,1/3,bpsk,0.8099363057324841,3179,3925,,,531,,,0.0,0.0,0.0,1.0,0.8099363057324841,False,149.31,0.0,predicted_label,,,,,,,,,,,,
53616704d8e6971e37b9156f3e986affd4157417953449679928f2b6fb3277f7,2026-10-02T14:52:45+00:00,2421fd9957a6fb0f3a7ab8bd0d5980e5a7631097,False,,a6bf87cce06e45b7e61271f2cb13b1775431a72f9a71224af179e1df68f8952f,label_transmission_bound,imagenette160,test,3925,12800,r_1_6,awgn,7,0,0,0,,,,,1/3,bpsk,0.8099363057324841,3179,3925,,,531,,,0.0,0.0,0.0,1.0,0.8099363057324841,False,129.607,0.284,predicted_label,,,,,,,,,,,,
ca6265a83a1d1773f9ad2db2729c7b57e2b8d6eca9f4c1a721f28ce8e4bef243,2026-10-02T14:53:50+00:00,2421fd9957a6fb0f3a7ab8bd0d5980e5a7631097,False,,a6bf87cce06e45b7e61271f2cb13b1775431a72f9a71224af179e1df68f8952f,label_transmission_bound,imagenette160,test,3925,12800,r_1_6,awgn,7,1,0,0,,,,,1/3,bpsk,0.8099363057324841,3179,3925,,,531,,,0.0,0.0,0.0,1.0,0.8099363057324841,False,153.254,0.0,predicted_label,,,,,,,,,,,,
e90b52ac72a7f7cedfb723c43c0d9ab665f94f4dc6453b8eb779c26b9f41515e,2026-10-02T14:52:47+00:00,2421fd9957a6fb0f3a7ab8bd0d5980e5a7631097,False,,a6bf87cce06e45b7e61271f2cb13b1775431a72f9a71224af179e1df68f8952f,label_transmission_bound,imagenette160,test,3925,12800,r_1_6,awgn,7,2,0,0,,,,,1/3,bpsk,0.8099363057324841,3179,3925,,,531,,,0.0,0.0,0.0,1.0,0.8099363057324841,False,129.41,0.284,predicted_label,,,,,,,,,,,,
24b43362936a0ab891f8f7ce4a2d9d54e23de78103022630e819645d335462dd,2026-10-02T14:53:47+00:00,2421fd9957a6fb0f3a7ab8bd0d5980e5a7631097,False,,a6bf87cce06e45b7e61271f2cb13b1775431a72f9a71224af179e1df68f8952f,label_transmission_bound,imagenette160,test,3925,12800,r_1_6,awgn,7,3,0,0,,,,,1/3,bpsk,0.8099363057324841,3179,3925,,,531,,,0.0,0.0,0.0,1.0,0.8099363057324841,False,153.88,0.0,predicted_label,,,,,,,,,,,,
b01907012a975d6142329a82e84a7d6448446b7f1f84af2c395720b2df545733,2026-10-02T14:54:59+00:00,2421fd9957a6fb0f3a7ab8bd0d5980e5a7631097,False,,a6bf87cce06e45b7e61271f2cb13b1775431a72f9a71224af179e1df68f8952f,label_transmission_bound,imagenette160,test,3925,12800,r_1_6,awgn,7,4,0,0,,,,,1/3,bpsk,0.8099363057324841,3179,3925,,,531,,,0.0,0.0,0.0,1.0,0.8099363057324841,False,133.549,0.284,predicted_label,,,,,,,,,,,,
ec20c7b32896554b51685b72753c1c6ee81894335f7e983f772fe566a9c412a1,2026-10-02T14:56:26+00:00,2421fd9957a6fb0f3a7ab8bd0d5980e5a7631097,False,,a6bf87cce06e45b7e61271f2cb13b1775431a72f9a71224af179e1df68f8952f,label_transmission_bound,imagenette160,test,3925,12800,r_1_6,awgn,7,5,0,0,,,,,1/3,bpsk,0.8099363057324841,3179,3925,,,531,,,0.0,0.0,0.0,1.0,0.8099363057324841,False,155.416,0.0,predicted_label,,,,,,,,,,,,
9b84977dfc78a3de3ec6d72da035491f498f85befca155b2bc8b81641dca6d8f,2026-10-02T14:55:01+00:00,2421fd9957a6fb0f3a7ab8bd0d5980e5a7631097,False,,a6bf87cce06e45b7e61271f2cb13b1775431a72f9a71224af179e1df68f8952f,label_transmission_bound,imagenette160,test,3925,12800,r_1_6,awgn,7,6,0,0,,,,,1/3,bpsk,0.8099363057324841,3179,3925,,,531,,,0.0,0.0,0.0,1.0,0.8099363057324841,False,133.217,0.284,predicted_label,,,,,,,,,,,,
b3a4e37b8d4b53b6be4ec2e6c10d00f024ea6aa8854152a4980c54578082ccb4,2026-10-02T14:56:22+00:00,2421fd9957a6fb0f3a7ab8bd0d5980e5a7631097,False,,a6bf87cce06e45b7e61271f2cb13b1775431a72f9a71224af179e1df68f8952f,label_transmission_bound,imagenette160,test,3925,12800,r_1_6,awgn,7,7,0,0,,,,,1/3,bpsk,0.8099363057324841,3179,3925,,,531,,,0.0,0.0,0.0,1.0,0.8099363057324841,False,154.773,0.0,predicted_label,,,,,,,,,,,,
68544791e0a9d64e1a84d66721deea6d30f76647a18566bc80339f145a916de6,2026-10-02T14:57:03+00:00,2421fd9957a6fb0f3a7ab8bd0d5980e5a7631097,False,,a6bf87cce06e45b7e61271f2cb13b1775431a72f9a71224af179e1df68f8952f,label_transmission_bound,imagenette160,test,3925,12800,r_1_6,awgn,7,9,0,0,,,,,1/3,bpsk,0.8099363057324841,3179,3925,,,531,,,0.0,0.0,0.0,1.0,0.8099363057324841,False,124.373,0.284,predicted_label,,,,,,,,,,,,
2a7fb683f0ebf3c6978b4592eb76aef544cc96fc5baa4cf91f059e4c10aef9b0,2026-10-02T14:58:58+00:00,2421fd9957a6fb0f3a7ab8bd0d5980e5a7631097,False,,a6bf87cce06e45b7e61271f2cb13b1775431a72f9a71224af179e1df68f8952f,label_transmission_bound,imagenette160,test,3925,12800,r_1_6,awgn,7,11,0,0,,,,,1/3,bpsk,0.8099363057324841,3179,3925,,,531,,,0.0,0.0,0.0,1.0,0.8099363057324841,False,151.913,0.0,predicted_label,,,,,,,,,,,,
2fd7a33a91d11de0b1c01ac7b5442990b561e45d34283bf1a66598cfcea78f99,2026-10-02T14:57:06+00:00,2421fd9957a6fb0f3a7ab8bd0d5980e5a7631097,False,,a6bf87cce06e45b7e61271f2cb13b1775431a72f9a71224af179e1df68f8952f,label_transmission_bound,imagenette160,test,3925,12800,r_1_6,awgn,7,13,0,0,,,,,1/3,bpsk,0.8099363057324841,3179,3925,,,531,,,0.0,0.0,0.0,1.0,0.8099363057324841,False,125.5,0.284,predicted_label,,,,,,,,,,,,
5bdbe30a91eb0cb0f08b940009cdf337342535874e21c4f3ae86bba63aa153d7,2026-10-02T14:58:55+00:00,2421fd9957a6fb0f3a7ab8bd0d5980e5a7631097,False,,a6bf87cce06e45b7e61271f2cb13b1775431a72f9a71224af179e1df68f8952f,label_transmission_bound,imagenette160,test,3925,12800,r_1_6,awgn,7,15,0,0,,,,,1/3,bpsk,0.8099363057324841,3179,3925,,,531,,,0.0,0.0,0.0,1.0,0.8099363057324841,False,153.089,0.0,predicted_label,,,,,,,,,,,,
dae3a473de0546ff7cab641e67c83ddb1832bbcb6b505e335e5e6fcc076f22a9,2026-10-02T14:59:02+00:00,2421fd9957a6fb0f3a7ab8bd0d5980e5a7631097,False,,a6bf87cce06e45b7e61271f2cb13b1775431a72f9a71224af179e1df68f8952f,label_transmission_bound,imagenette160,test,3925,12800,r_1_6,awgn,7,18,0,0,,,,,1/3,bpsk,0.8099363057324841,3179,3925,,,531,,,0.0,0.0,0.0,1.0,0.8099363057324841,False,118.5,0.284,predicted_label,,,,,,,,,,,,
fb273e7ac7a0318e8ef1d1724f88c64aaa702078b965dc0550e9ca623cc10be8,2026-10-02T14:59:10+00:00,2421fd9957a6fb0f3a7ab8bd0d5980e5a7631097,False,,b0f72a3e16c537984b6afd3dc93bdf3ea87a0cae8a5b49f3565c803750a8826a,semantic_recon_ablation,imagenette160,test,3925,12800,r_1_6,awgn,7,-8,0,0,,,,,,,0.4407643312101911,1730,3925,,,,,,13.258856364450637,0.0,0.0,1.0,0.4407643312101911,False,11.951,0.0,clean,,,,,,,,,,,,
a040156e588a9bf7165286f03dcf5312bda09dcf51466e9bf01025904a5a3c27,2026-10-02T14:57:21+00:00,2421fd9957a6fb0f3a7ab8bd0d5980e5a7631097,False,,b0f72a3e16c537984b6afd3dc93bdf3ea87a0cae8a5b49f3565c803750a8826a,semantic_recon_ablation,imagenette160,test,3925,12800,r_1_6,awgn,7,-7,0,0,,,,,,,0.4845859872611465,1902,3925,,,,,,13.258856364450637,0.0,0.0,1.0,0.4845859872611465,False,14.208,0.306,clean,,,,,,,,,,,,
3c4ebff2aa628a4521f6630c7b59befa574fa8bad45e548186eb538f8a843774,2026-10-02T14:59:07+00:00,2421fd9957a6fb0f3a7ab8bd0d5980e5a7631097,False,,b0f72a3e16c537984b6afd3dc93bdf3ea87a0cae8a5b49f3565c803750a8826a,semantic_recon_ablation,imagenette160,test,3925,12800,r_1_6,awgn,7,-6,0,0,,,,,,,0.5248407643312102,2060,3925,,,,,,13.258856364450637,0.0,0.0,1.0,0.5248407643312102,False,12.148,0.0,clean,,,,,,,,,,,,
8ab5e8cbc93ed7e5e67611a92a423772ac8a45eb7c85d7074b9bd2ab2fc2f9f3,2026-10-02T14:59:17+00:00,2421fd9957a6fb0f3a7ab8bd0d5980e5a7631097,False,,b0f72a3e16c537984b6afd3dc93bdf3ea87a0cae8a5b49f3565c803750a8826a,semantic_recon_ablation,imagenette160,test,3925,12800,r_1_6,awgn,7,-5,0,0,,,,,,,0.5684076433121019,2231,3925,,,,,,13.258856364450637,0.0,0.0,1.0,0.5684076433121019,False,15.007,0.306,clean,,,,,,,,,,,,
75357aaf820ef048f9ada50969ac971df76b9b05706d333b2d4fceeec69a4f5a,2026-10-02T14:59:21+00:00,2421fd9957a6fb0f3a7ab8bd0d5980e5a7631097,False,,b0f72a3e16c537984b6afd3dc93bdf3ea87a0cae8a5b49f3565c803750a8826a,semantic_recon_ablation,imagenette160,test,3925,12800,r_1_6,awgn,7,-4,0,0,,,,,,,0.6030573248407644,2367,3925,,,,,,13.258856364450637,0.0,0.0,1.0,0.6030573248407644,False,11.095,0.0,clean,,,,,,,,,,,,
1fe9ce8de2f290803b9ea8c8efc784ead39899d9b93ef6669483a5c71ffb37dd,2026-10-02T14:57:34+00:00,2421fd9957a6fb0f3a7ab8bd0d5980e5a7631097,False,,b0f72a3e16c537984b6afd3dc93bdf3ea87a0cae8a5b49f3565c803750a8826a,semantic_recon_ablation,imagenette160,test,3925,12800,r_1_6,awgn,7,-3,0,0,,,,,,,0.6280254777070063,2465,3925,,,,,,13.258856364450637,0.0,0.0,1.0,0.6280254777070063,False,12.523,0.306,clean,,,,,,,,,,,,
04cbe1d4a1de04970747fe822bc21a3967ea935e3d5e5eee67a3676bdb857d7b,2026-10-02T14:59:18+00:00,2421fd9957a6fb0f3a7ab8bd0d5980e5a7631097,False,,b0f72a3e16c537984b6afd3dc93bdf3ea87a0cae8a5b49f3565c803750a8826a,semantic_recon_ablation,imagenette160,test,3925,12800,r_1_6,awgn,7,-2,0,0,,,,,,,0.6527388535031847,2562,3925,,,,,,13.258856364450637,0.0,0.0,1.0,0.6527388535031847,False,11.178,0.0,clean,,,,,,,,,,,,
ff8c3936aa06bdf51afeffcb6cba880535ba620dcdd815552c0064054ec3b242,2026-10-02T14:59:30+00:00,2421fd9957a6fb0f3a7ab8bd0d5980e5a7631097,False,,b0f72a3e16c537984b6afd3dc93bdf3ea87a0cae8a5b49f3565c803750a8826a,semantic_recon_ablation,imagenette160,test,3925,12800,r_1_6,awgn,7,-1,0,0,,,,,,,0.6884076433121019,2702,3925,,,,,,13.258856364450637,0.0,0.0,1.0,0.6884076433121019,False,13.198,0.306,clean,,,,,,,,,,,,
01a93c2b4b61b7e08140453b13b31033d34cbeef688619535111b28df4ab4ceb,2026-10-02T14:59:32+00:00,2421fd9957a6fb0f3a7ab8bd0d5980e5a7631097,False,,b0f72a3e16c537984b6afd3dc93bdf3ea87a0cae8a5b49f3565c803750a8826a,semantic_recon_ablation,imagenette160,test,3925,12800,r_1_6,awgn,7,0,0,0,,,,,,,0.7085350318471337,2781,3925,,,,,,13.258856364450637,0.0,0.0,1.0,0.7085350318471337,False,10.461,0.0,clean,,,,,,,,,,,,
6fa4af0d7ebe71aa88626a9c4b441388c20e704b6932140010524a158a694041,2026-10-02T14:57:46+00:00,2421fd9957a6fb0f3a7ab8bd0d5980e5a7631097,False,,b0f72a3e16c537984b6afd3dc93bdf3ea87a0cae8a5b49f3565c803750a8826a,semantic_recon_ablation,imagenette160,test,3925,12800,r_1_6,awgn,7,1,0,0,,,,,,,0.7256050955414013,2848,3925,,,,,,13.258856364450637,0.0,0.0,1.0,0.7256050955414013,False,12.542,0.306,clean,,,,,,,,,,,,
92ab7bc88cf9ab1289598ac39c81bb33ee45537fd4905d1615900e220836cdbd,2026-10-02T14:59:29+00:00,2421fd9957a6fb0f3a7ab8bd0d5980e5a7631097,False,,b0f72a3e16c537984b6afd3dc93bdf3ea87a0cae8a5b49f3565c803750a8826a,semantic_recon_ablation,imagenette160,test,3925,12800,r_1_6,awgn,7,2,0,0,,,,,,,0.7414012738853503,2910,3925,,,,,,13.258856364450637,0.0,0.0,1.0,0.7414012738853503,False,10.236,0.0,clean,,,,,,,,,,,,
25208e5584863fca64f49b5085972a18236a6811594eda8f0ee76db924bdd412,2026-10-02T14:59:44+00:00,2421fd9957a6fb0f3a7ab8bd0d5980e5a7631097,False,,b0f72a3e16c537984b6afd3dc93bdf3ea87a0cae8a5b49f3565c803750a8826a,semantic_recon_ablation,imagenette160,test,3925,12800,r_1_6,awgn,7,3,0,0,,,,,,,0.7459872611464968,2928,3925,,,,,,13.258856364450637,0.0,0.0,1.0,0.7459872611464968,False,13.06,0.306,clean,,,,,,,,,,,,
2e4ff8fc093856e52a628fd3a7e5c517c19ee9e9b25d8f62439861950c013680,2026-10-02T14:59:43+00:00,2421fd9957a6fb0f3a7ab8bd0d5980e5a7631097,False,,b0f72a3e16c537984b6afd3dc93bdf3ea87a0cae8a5b49f3565c803750a8826a,semantic_recon_ablation,imagenette160,test,3925,12800,r_1_6,awgn,7,4,0,0,,,,,,,0.7584713375796178,2977,3925,,,,,,13.258856364450637,0.0,0.0,1.0,0.7584713375796178,False,10.731,0.0,clean,,,,,,,,,,,,
8f5af107f2831e1ebced873335cc69cf27b9894fc44b3f9dea23a9d64e65b259,2026-10-02T14:57:59+00:00,2421fd9957a6fb0f3a7ab8bd0d5980e5a7631097,False,,b0f72a3e16c537984b6afd3dc93bdf3ea87a0cae8a5b49f3565c803750a8826a,semantic_recon_ablation,imagenette160,test,3925,12800,r_1_6,awgn,7,5,0,0,,,,,,,0.7630573248407644,2995,3925,,,,,,13.258856364450637,0.0,0.0,1.0,0.7630573248407644,False,12.763,0.306,clean,,,,,,,,,,,,
287561495555abd8c56e156579caf7851b9dd9255247c573e3364fbe27c9a499,2026-10-02T14:59:40+00:00,2421fd9957a6fb0f3a7ab8bd0d5980e5a7631097,False,,b0f72a3e16c537984b6afd3dc93bdf3ea87a0cae8a5b49f3565c803750a8826a,semantic_recon_ablation,imagenette160,test,3925,12800,r_1_6,awgn,7,6,0,0,,,,,,,0.7673885350318471,3012,3925,,,,,,13.258856364450637,0.0,0.0,1.0,0.7673885350318471,False,10.484,0.0,clean,,,,,,,,,,,,
6d9c98f6ce640abc4e21fad7a2178809b95630b1152ecdb949b0f8de758ebe98,2026-10-02T14:59:56+00:00,2421fd9957a6fb0f3a7ab8bd0d5980e5a7631097,False,,b0f72a3e16c537984b6afd3dc93bdf3ea87a0cae8a5b49f3565c803750a8826a,semantic_recon_ablation,imagenette160,test,3925,12800,r_1_6,awgn,7,7,0,0,,,,,,,0.7729936305732484,3034,3925,,,,,,13.258856364450637,0.0,0.0,1.0,0.7729936305732484,False,12.207,0.306,clean,,,,,,,,,,,,
6549442dd2251b7406585481ce10fb2ce83b45e769d2ef007e61a7d9f64a2d1f,2026-10-02T14:59:53+00:00,2421fd9957a6fb0f3a7ab8bd0d5980e5a7631097,False,,b0f72a3e16c537984b6afd3dc93bdf3ea87a0cae8a5b49f3565c803750a8826a,semantic_recon_ablation,imagenette160,test,3925,12800,r_1_6,awgn,7,9,0,0,,,,,,,0.7740127388535032,3038,3925,,,,,,13.258856364450637,0.0,0.0,1.0,0.7740127388535032,False,9.898,0.0,clean,,,,,,,,,,,,
0a5253e9987b36582a3489302d5babb82980b993aef493bcee98aab2964d3a74,2026-10-02T14:58:12+00:00,2421fd9957a6fb0f3a7ab8bd0d5980e5a7631097,False,,b0f72a3e16c537984b6afd3dc93bdf3ea87a0cae8a5b49f3565c803750a8826a,semantic_recon_ablation,imagenette160,test,3925,12800,r_1_6,awgn,7,11,0,0,,,,,,,0.7806369426751593,3064,3925,,,,,,13.258856364450637,0.0,0.0,1.0,0.7806369426751593,False,12.512,0.306,clean,,,,,,,,,,,,
d48e738c1a2e738d37f908b51b7c5b0805b0c209666fa27dbad5f5450978df80,2026-10-02T14:59:50+00:00,2421fd9957a6fb0f3a7ab8bd0d5980e5a7631097,False,,b0f72a3e16c537984b6afd3dc93bdf3ea87a0cae8a5b49f3565c803750a8826a,semantic_recon_ablation,imagenette160,test,3925,12800,r_1_6,awgn,7,13,0,0,,,,,,,0.7773248407643312,3051,3925,,,,,,13.258856364450637,0.0,0.0,1.0,0.7773248407643312,False,10.245,0.0,clean,,,,,,,,,,,,
ca1aa9746840407bd3c0ec5baca7c7acf38419137d02223afc89df9ea2e7eb77,2026-10-02T15:00:08+00:00,2421fd9957a6fb0f3a7ab8bd0d5980e5a7631097,False,,b0f72a3e16c537984b6afd3dc93bdf3ea87a0cae8a5b49f3565c803750a8826a,semantic_recon_ablation,imagenette160,test,3925,12800,r_1_6,awgn,7,15,0,0,,,,,,,0.7803821656050955,3063,3925,,,,,,13.258856364450637,0.0,0.0,1.0,0.7803821656050955,False,12.106,0.306,clean,,,,,,,,,,,,
047f561441e80a5b2e3f5a2c0627e3ea2a0144184e6df006ffafebd625c4df84,2026-10-02T15:00:03+00:00,2421fd9957a6fb0f3a7ab8bd0d5980e5a7631097,False,,b0f72a3e16c537984b6afd3dc93bdf3ea87a0cae8a5b49f3565c803750a8826a,semantic_recon_ablation,imagenette160,test,3925,12800,r_1_6,awgn,7,18,0,0,,,,,,,0.7801273885350318,3062,3925,,,,,,13.258856364450637,0.0,0.0,1.0,0.7801273885350318,False,10.172,0.0,clean,,,,,,,,,,,,
5e6ad0d171773241ff858f22b1fa5e67ae8a66020dfc521d349710072f6ca06a,2026-10-02T14:59:42+00:00,2421fd9957a6fb0f3a7ab8bd0d5980e5a7631097,False,,25ef6b1e9addae046bee75bccb0d95a866276097eb094fcb19fa41523daddbda,er9_digital_low_rate,imagenette160,test,3925,12800,r_1_6,awgn,7,-8,0,0,,,,,1/5,bpsk,0.09859872611464968,387,3925,,,318,,,0.0,1.0,0.0,0.0,,False,90.408,0.306,own_task_head,2,1024,,,,,,,,,,
91c16322005d2367adf2c279d0364154783c7794a12c785faa748432dd18b18c,2026-10-02T15:01:41+00:00,2421fd9957a6fb0f3a7ab8bd0d5980e5a7631097,False,,25ef6b1e9addae046bee75bccb0d95a866276097eb094fcb19fa41523daddbda,er9_digital_low_rate,imagenette160,test,3925,12800,r_1_6,awgn,7,-7,0,0,,,,,1/5,bpsk,0.5686624203821656,2232,3925,,,318,,,0.0,0.3363057324840764,0.0,0.6636942675159235,0.8076775431861805,False,111.151,0.0,own_task_head,2,1024,,,,,,,,,,
f10f43521b382491401cb3a8932242ae9b4f258314d28dba2e966b832e4bd808,2026-10-02T15:01:56+00:00,2421fd9957a6fb0f3a7ab8bd0d5980e5a7631097,False,,25ef6b1e9addae046bee75bccb0d95a866276097eb094fcb19fa41523daddbda,er9_digital_low_rate,imagenette160,test,3925,12800,r_1_6,awgn,7,-6,0,0,,,,,1/5,bpsk,0.809171974522293,3176,3925,,,318,,,0.0,0.0,0.0,1.0,0.809171974522293,False,107.666,0.306,own_task_head,2,1024,,,,,,,,,,
560818de6494cb89eb34744727ae1167bc92a4601218609378701855e07ca871,2026-10-02T15:02:00+00:00,2421fd9957a6fb0f3a7ab8bd0d5980e5a7631097,False,,25ef6b1e9addae046bee75bccb0d95a866276097eb094fcb19fa41523daddbda,er9_digital_low_rate,imagenette160,test,3925,12800,r_1_6,awgn,7,-5,0,0,,,,,1/5,bpsk,0.809171974522293,3176,3925,,,318,,,0.0,0.0,0.0,1.0,0.809171974522293,False,116.553,0.0,own_task_head,2,1024,,,,,,,,,,
484ab2c3d4f89a35d5c6014aa5fbfbf2ed5a9dd745ca90d9d59276fac6909b99,2026-10-02T15:01:06+00:00,2421fd9957a6fb0f3a7ab8bd0d5980e5a7631097,False,,25ef6b1e9addae046bee75bccb0d95a866276097eb094fcb19fa41523daddbda,er9_digital_low_rate,imagenette160,test,3925,12800,r_1_6,awgn,7,-4,0,0,,,,,1/5,bpsk,0.809171974522293,3176,3925,,,318,,,0.0,0.0,0.0,1.0,0.809171974522293,False,83.356,0.306,own_task_head,2,1024,,,,,,,,,,
3acede777d6355cab1b6348163ef4c4f724f4598447236d37ca9c2492397664f,2026-10-02T15:03:19+00:00,2421fd9957a6fb0f3a7ab8bd0d5980e5a7631097,False,,25ef6b1e9addae046bee75bccb0d95a866276097eb094fcb19fa41523daddbda,er9_digital_low_rate,imagenette160,test,3925,12800,r_1_6,awgn,7,-3,0,0,,,,,1/5,bpsk,0.809171974522293,3176,3925,,,318,,,0.0,0.0,0.0,1.0,0.809171974522293,False,97.736,0.0,own_task_head,2,1024,,,,,,,,,,
da79ccb3313a136944f39e88c33c1d038399fe7a7a9838b83a2a6f9e37d8c05b,2026-10-02T15:03:22+00:00,2421fd9957a6fb0f3a7ab8bd0d5980e5a7631097,False,,25ef6b1e9addae046bee75bccb0d95a866276097eb094fcb19fa41523daddbda,er9_digital_low_rate,imagenette160,test,3925,12800,r_1_6,awgn,7,-2,0,0,,,,,1/5,bpsk,0.809171974522293,3176,3925,,,318,,,0.0,0.0,0.0,1.0,0.809171974522293,False,85.919,0.306,own_task_head,2,1024,,,,,,,,,,
c79c9bcc26ffcc6d1b301018556e3f22382bd2fb55648568107e9138e6441332,2026-10-02T15:03:38+00:00,2421fd9957a6fb0f3a7ab8bd0d5980e5a7631097,False,,25ef6b1e9addae046bee75bccb0d95a866276097eb094fcb19fa41523daddbda,er9_digital_low_rate,imagenette160,test,3925,12800,r_1_6,awgn,7,-1,0,0,,,,,1/5,bpsk,0.809171974522293,3176,3925,,,318,,,0.0,0.0,0.0,1.0,0.809171974522293,False,97.88,0.0,own_task_head,2,1024,,,,,,,,,,
f318782bd9dcad4369f8036fa059bc45b40bea584d2d2900ceb67fa6fa94f6c8,2026-10-02T15:02:31+00:00,2421fd9957a6fb0f3a7ab8bd0d5980e5a7631097,False,,25ef6b1e9addae046bee75bccb0d95a866276097eb094fcb19fa41523daddbda,er9_digital_low_rate,imagenette160,test,3925,12800,r_1_6,awgn,7,0,0,0,,,,,1/5,bpsk,0.809171974522293,3176,3925,,,318,,,0.0,0.0,0.0,1.0,0.809171974522293,False,85.183,0.306,own_task_head,2,1024,,,,,,,,,,
7e754e51628be9f262ac81f713ca34f417b24fd63b83276a085c5af7b128acc3,2026-10-02T15:04:56+00:00,2421fd9957a6fb0f3a7ab8bd0d5980e5a7631097,False,,25ef6b1e9addae046bee75bccb0d95a866276097eb094fcb19fa41523daddbda,er9_digital_low_rate,imagenette160,test,3925,12800,r_1_6,awgn,7,1,0,0,,,,,1/5,bpsk,0.809171974522293,3176,3925,,,318,,,0.0,0.0,0.0,1.0,0.809171974522293,False,96.661,0.0,own_task_head,2,1024,,,,,,,,,,
523cc3ae8bbe0e4840634105135bfb6a605de928e0cb8ee69af74036489884e9,2026-10-02T15:04:48+00:00,2421fd9957a6fb0f3a7ab8bd0d5980e5a7631097,False,,25ef6b1e9addae046bee75bccb0d95a866276097eb094fcb19fa41523daddbda,er9_digital_low_rate,imagenette160,test,3925,12800,r_1_6,awgn,7,2,0,0,,,,,1/5,bpsk,0.809171974522293,3176,3925,,,318,,,0.0,0.0,0.0,1.0,0.809171974522293,False,86.099,0.306,own_task_head,2,1024,,,,,,,,,,
86a13434e928843a5dfbe1ebff6b6cd7cb99d27dd8869f34b329d7617e3f6724,2026-10-02T15:05:15+00:00,2421fd9957a6fb0f3a7ab8bd0d5980e5a7631097,False,,25ef6b1e9addae046bee75bccb0d95a866276097eb094fcb19fa41523daddbda,er9_digital_low_rate,imagenette160,test,3925,12800,r_1_6,awgn,7,3,0,0,,,,,1/5,bpsk,0.809171974522293,3176,3925,,,318,,,0.0,0.0,0.0,1.0,0.809171974522293,False,96.736,0.0,own_task_head,2,1024,,,,,,,,,,
259fd765af88cd4617e97adb37e65b9ddaeb3ab3865574fd43d1ab8bf0a0c339,2026-10-02T15:03:57+00:00,2421fd9957a6fb0f3a7ab8bd0d5980e5a7631097,False,,25ef6b1e9addae046bee75bccb0d95a866276097eb094fcb19fa41523daddbda,er9_digital_low_rate,imagenette160,test,3925,12800,r_1_6,awgn,7,4,0,0,,,,,1/5,bpsk,0.809171974522293,3176,3925,,,318,,,0.0,0.0,0.0,1.0,0.809171974522293,False,85.864,0.306,own_task_head,2,1024,,,,,,,,,,
544c3c9562697819f5e42d7c473e8e96f0efa134b7f93c9041fed8dc35b7b926,2026-10-02T15:06:33+00:00,2421fd9957a6fb0f3a7ab8bd0d5980e5a7631097,False,,25ef6b1e9addae046bee75bccb0d95a866276097eb094fcb19fa41523daddbda,er9_digital_low_rate,imagenette160,test,3925,12800,r_1_6,awgn,7,5,0,0,,,,,1/5,bpsk,0.809171974522293,3176,3925,,,318,,,0.0,0.0,0.0,1.0,0.809171974522293,False,97.208,0.0,own_task_head,2,1024,,,,,,,,,,
f062901ecee9a8459a4717d67ff1c9503c76d52427bfe1bcca26f3fb5c078afa,2026-10-02T15:06:14+00:00,2421fd9957a6fb0f3a7ab8bd0d5980e5a7631097,False,,25ef6b1e9addae046bee75bccb0d95a866276097eb094fcb19fa41523daddbda,er9_digital_low_rate,imagenette160,test,3925,12800,r_1_6,awgn,7,6,0,0,,,,,1/5,bpsk,0.809171974522293,3176,3925,,,318,,,0.0,0.0,0.0,1.0,0.809171974522293,False,85.518,0.306,own_task_head,2,1024,,,,,,,,,,
6517cb2e42cd4dd4f9bf137c42ffe5bf1d35a2008178ef3afd71213e6a2bc6c1,2026-10-02T15:06:52+00:00,2421fd9957a6fb0f3a7ab8bd0d5980e5a7631097,False,,25ef6b1e9addae046bee75bccb0d95a866276097eb094fcb19fa41523daddbda,er9_digital_low_rate,imagenette160,test,3925,12800,r_1_6,awgn,7,7,0,0,,,,,1/5,bpsk,0.809171974522293,3176,3925,,,318,,,0.0,0.0,0.0,1.0,0.809171974522293,False,97.002,0.0,own_task_head,2,1024,,,,,,,,,,
d35385255593fc6af24e964a27877ac8fb4c9a5501fd1a17cb6ca1568e91a87f,2026-10-02T15:05:24+00:00,2421fd9957a6fb0f3a7ab8bd0d5980e5a7631097,False,,25ef6b1e9addae046bee75bccb0d95a866276097eb094fcb19fa41523daddbda,er9_digital_low_rate,imagenette160,test,3925,12800,r_1_6,awgn,7,9,0,0,,,,,1/5,bpsk,0.809171974522293,3176,3925,,,318,,,0.0,0.0,0.0,1.0,0.809171974522293,False,86.3,0.306,own_task_head,2,1024,,,,,,,,,,
25fd638e66ee95a0d17ce491c905f641a8651e1060484c2560e3f5c793de035c,2026-10-02T15:08:10+00:00,2421fd9957a6fb0f3a7ab8bd0d5980e5a7631097,False,,25ef6b1e9addae046bee75bccb0d95a866276097eb094fcb19fa41523daddbda,er9_digital_low_rate,imagenette160,test,3925,12800,r_1_6,awgn,7,11,0,0,,,,,1/5,bpsk,0.809171974522293,3176,3925,,,318,,,0.0,0.0,0.0,1.0,0.809171974522293,False,96.565,0.0,own_task_head,2,1024,,,,,,,,,,
9f50651c539c9f9cb5dcc5df48b2c6595399b65cb996be453fe0ae8f30fd2f3c,2026-10-02T15:07:25+00:00,2421fd9957a6fb0f3a7ab8bd0d5980e5a7631097,False,,25ef6b1e9addae046bee75bccb0d95a866276097eb094fcb19fa41523daddbda,er9_digital_low_rate,imagenette160,test,3925,12800,r_1_6,awgn,7,13,0,0,,,,,1/5,bpsk,0.809171974522293,3176,3925,,,318,,,0.0,0.0,0.0,1.0,0.809171974522293,False,70.975,0.306,own_task_head,2,1024,,,,,,,,,,
c2a1a27fb8d1ed91307f593b99061bdde866c12511b02736aed4568a0eba04ed,2026-10-02T15:08:23+00:00,2421fd9957a6fb0f3a7ab8bd0d5980e5a7631097,False,,25ef6b1e9addae046bee75bccb0d95a866276097eb094fcb19fa41523daddbda,er9_digital_low_rate,imagenette160,test,3925,12800,r_1_6,awgn,7,15,0,0,,,,,1/5,bpsk,0.809171974522293,3176,3925,,,318,,,0.0,0.0,0.0,1.0,0.809171974522293,False,90.877,0.0,own_task_head,2,1024,,,,,,,,,,
03d9bd694b553550ef02c9a61993a2b8b3819c1f29606ecd265d743bc77f0c78,2026-10-02T15:06:49+00:00,2421fd9957a6fb0f3a7ab8bd0d5980e5a7631097,False,,25ef6b1e9addae046bee75bccb0d95a866276097eb094fcb19fa41523daddbda,er9_digital_low_rate,imagenette160,test,3925,12800,r_1_6,awgn,7,18,0,0,,,,,1/5,bpsk,0.809171974522293,3176,3925,,,318,,,0.0,0.0,0.0,1.0,0.809171974522293,False,84.825,0.306,own_task_head,2,1024,,,,,,,,,,
