stable_sample_id,label,split
0001fba77fc505f5,2,train
00021929e2e26747,5,train
0003a357ada71b39,0,test
000e77f2fb4fca16,2,train
000fb66d23c8fd10,3,train
0011caef65328221,6,train
00122dfc9299e231,0,train
001990e29fc0e3ac,3,test
001c1a824d327bd3,5,train
0020e126190f240a,2,test
002fda88fa9ac02e,9,train
00372fef07935acd,9,test
00375c79dd5a7c53,8,test
0038ea7745d3ca92,1,test
003f766ee37f82ba,8,train
00400400923fb99c,5,train
0043ab6e8f0160c0,3,test
00452bbcfe5f9d9c,3,train
00457d4d9920c701,1,test
004951e0e792abdf,4,train
004bb6c7ef7ef2b9,5,val
0052630e9fba0f6a,4,train
0055b9c9bb601a4f,6,test
0056b6941337fc79,1,train
005b5ddd0f29f418,6,train
00603a15ccc3b12b,7,train
006075cb6369e3db,7,train
0062594c96244e6e,8,train
0065fd0d6b8f2c0c,9,val
006cc2327f184c57,3,train
007366b660b42ea7,5,test
00742f239ca6e39a,8,test
00769961227d9ebf,0,test
0077c2f9b20ca133,9,train
00799971acce49c1,2,train
008939f1386bd087,5,val
0091a4cdbae439eb,8,test
0091c91b22b5df36,7,train
00a4ceb42750dc85,3,test
00a4ef1b0486d050,4,train
00a65ffc6c1e1c17,9,train
00a82df8bf3a71cb,7,train
00b0dfc9f344cf5d,1,train
00b38ce67afce164,6,train
00b8d522f69a962d,9,test
00b928234a97365b,7,test
00bdd45b7122d281,4,train
00c2b99dc2bacd30,5,train
00c4a9ca9f5695ac,5,train
00cea0b729dcf3de,8,train
00cedcbb25daa039,4,test
00d873243ac857f3,4,train
00dff5bd1a857f1c,3,train
00e28e21124c8e3c,1,train
00e7318934e507c3,1,train
00e8c81edd9a194c,7,train
00f2aa40e6a36cb0,3,train
00f9712c8a984786,0,val
00ff04edefbf96ca,7,train
0105a8f0da1150f8,5,train
010d20976550bfa0,7,test
01104d18d1a85f99,5,train
0110a6d206a94a3d,7,test
011a07c24a1c3b1d,5,train
011a7bf50b6797e5,6,train
0124371c7a188b38,2,train
01277be5f18c8734,5,val
01298d7efa7c8511,6,train
0132983285ed3a5f,5,train
01387a42ff05a322,1,train
0144a8ff344c17e0,3,test
01450437d7f31467,0,train
014ad74c6a73d355,1,train
014ec0f4d8bf147e,4,train
01509867cb828c43,1,test
015ed356aef40a04,2,test
01603f8da58564d0,0,train
01625100cadc6074,3,train
0168ff00b5fd84f1,5,train
0172559f2ac7a2c7,5,train
017e2d20c4ad3ffe,6,train
017ee7ce228cd683,9,test
0182c92c4a26a0e9,5,test
0185121b6158615d,3,test
0185286f14fa4230,2,test
018f421230d7631a,5,train
01a17a3af9bab6fb,6,train
01a239bcc25a41ad,9,train
01a5f7a356889ba2,0,train
01a6cb55bd501b0d,5,test
01aa03cb39d12dbc,1,train
01b986d65823ef84,3,train
01ba617fcaf60367,1,test
01bfaf374c85fc4c,3,test
01c745df6f721df8,8,test
01cc3b352eb7b55b,3,test
01cdcea61b01f6a6,0,val
01ce4ea364529b34,0,train
01d94a213e3709f1,1,train
01dbbfc07579b9d7,0,train
01dfd9526df163d1,6,train
01e36f5723fecd23,0,test
01e822770d241ebf,1,test
01efb325866d732f,0,test
01f1e697dd528c4d,4,val
01f4be4e45c667a8,2,train
01fb9cc0704fc9f3,5,train
020b1c3e15d21b65,5,train
021cd7ffd44a8f82,3,train
02234e1321d40bdd,6,test
022d9b166a999793,9,train
022e24d1c210c4c3,1,train
023deb1248211468,0,test
024adb61344d350e,6,test
024bb2205dcccdbb,5,train
024c6c3930901336,2,test
02535f31736517c1,0,test
0258c13f4e019da5,4,test
0264e5897fe92602,3,train
0268a3a9b233ed1e,7,test
0272f79b0f15319a,5,train
02767d3ca8b564b6,6,test
0277c5f16e028bd5,0,train
027db9538db18c4f,3,train
027e2619476de9ce,0,train
028002a17a738ad2,7,train
0280f780e7839a80,7,train
02872c2fb97e01ce,9,test
02897dbfb3bc2d75,3,train
02910c93b0d12ef3,2,train
02928fa41bb024ec,0,train
02991b15c1ee2dd5,1,train
029fcd62545b4870,7,test
02a045ddc2ad3792,9,test
02a3fa8ce886a137,0,test
02a9d024e98bf943,9,val
02adf0aedc8f1cee,1,train
02adfc1f6e7f7e17,8,train
02aeba6d95f99497,6,train
02b1d679e4f50fc4,2,val
02b4c2e2f3608a34,3,test
02b51d44834114bc,8,train
02c5d5626e66c7b7,9,train
02dd112a69521e86,5,train
02e5157eefc7b13c,2,test
02eda9eb2a839ab9,3,train
02f0e930f0c6547d,7,test
02fd4109f49ab40f,5,test
0300cb85ecf71032,5,train
030829272995d889,4,val
031323989e79cdbd,0,train
0313881c5021a3d8,2,train
0313a9d784e781be,9,test
031427de82a67cea,5,test
03183612ca539eb0,8,train
03197209905ed6e1,8,train
031b1fa74c3b1518,3,val
031e6acb3fdac355,2,test
0327da3943b5d5a6,8,train
032db52cc4e11c28,9,test
032e823f190fbc50,7,train
03393b8bbb73c0a4,0,train
033b77e151b1990d,2,train
033f018051e2e61f,6,test
034091e53e1eb287,8,test
0341ec9a13ef8a19,9,test
0342d0a512d5fff1,7,test
03432cb357bd7414,3,val
0343f9ec881556bf,8,train
0346c39f3fe9a9e0,6,test
034cc21c439d41a6,1,test
034dd61cdd6083ac,6,val
0355dff4df227b93,6,train
0360d90bfd65a49f,6,train
03658f58aa812c78,1,train
0369297a30d51dcf,1,train
036d8c14061621ce,2,train
036ed4b63a578616,2,train
0373fe1c1f4e1246,0,train
03786314ea5a73b9,7,train
0379e9e4eec5b943,6,train
038079b6e72187c5,6,train
0385524e725e06f1,3,test
0393b1125a260af0,9,test
03941bd0f8bc3b91,6,train
0395a147efcb27bf,5,train
0397156f0aacaf00,6,train
0398fb09f1b750db,2,train
0399b33066dc4352,0,train
039adaf6f8018503,9,val
039c4bda1e129e47,6,train
03a0b5c044cc22b3,4,train
03a443122b3c1cbe,8,test
03a5a4a480defea9,1,val
03a973551e87e8d8,9,train
03afea9678676f79,0,train
03b4b32c5bcb4771,4,train
03b9320d9c31fd1a,9,train
03c106d0dd38458c,4,train
03c2def5c4a2f760,8,train
03c53ac17d4e3350,8,train
03c807de2e28d617,2,test
03cb7c55448b9b4b,5,train
03cbe62c7cf3b658,4,train
03cd81ce5709b89b,6,train
03cdf19e6ca744d3,6,test
03ce2ba0005af175,2,train
03d08129643be764,4,val
03d285c224a1f4fb,5,test
03d318a47cddcc77,9,test
03d61ee7b80fe599,0,test
03d62827c677b979,8,train
03e24c55910d6f65,0,test
03e302de3e1f8879,9,test
03e988b3b41b687b,7,test
03ef131b138fb06b,6,train
03f20ddf8866a248,1,train
03f472f3ec698b12,7,train
03f81124866ecedd,4,train
03fa568ccf7b6070,7,train
03fa75e79e60d28c,4,test
03fc288f6e8449d8,6,train
03fd542b77b0e55e,8,train
03fe2c40be8c2580,5,test
040237f470133800,3,train
0403120a6323e86d,0,train
040401c4d8d6f84c,7,val
040559a96b12e56b,6,train
040f4cba204f8044,9,val
0412e05713e2ee0f,8,test
04202ee244576f01,1,test
0421ed61be5c2aec,4,train
04258c285443f353,2,test
04264c12d1e5d6db,1,test
042bb4a17932f2e9,8,train
04306503ce3b838a,7,train
043a71901ab52b9f,2,train
043cb5f55a8d5512,7,train
04401084c82f4c12,7,train
04466be5bf6be85a,3,test
04495ae2192efb0e,9,train
044b475687258a8d,3,train
045181957b1e1fed,9,train
045898f5cd6596cd,0,train
045976d3f50c53c2,4,test
0465c672e6053168,9,train
0465cc7d2d258e02,0,train
0477eb2f5c72a759,1,test
0487734c26729caa,8,train
0487df260733061a,3,train
048b6f5ce5ca2ad1,4,test
048b7299792e9a77,4,train
048df93742ca752d,8,train
0492c82264f408ea,1,train
0496c33342508696,3,train
049e7f3b8061683e,6,train
04a4cfa3f97eebda,0,train
04a97e03c7159468,4,train
04b5b8406227f274,9,val
04b7f685e066a79d,7,train
04b893280976511e,9,train
04bca618a18be8d8,4,train
04bd46e2bb9cce95,4,test
04bd87fbafe32c15,2,train
04c542ee129c3dc4,1,train
04c7eadf532db2af,5,train
04c8c7712441785d,2,train
04d0d814a0a2c94b,3,train
04d54b3064fea0c8,8,train
04e1e74c7c483b66,6,train
04e440f7a45a1ec0,1,val
04e88e79492a4e37,5,test
04e981bc08b73e17,9,train
04ec204223eda1e3,9,train
04f4cf3cb436aa5c,0,test
04fad80ca3dc783e,1,test
04fc6b8be9430e3b,6,test
04fcefc0397881cb,8,train
050139e5ecfa1bc6,3,train
05065ca84c844933,4,train
050786c3c2279db3,2,train
0509da948c03deb2,5,val
05113ac5efa85cab,6,train
0513c36d31d2c1b7,4,train
051543ae6bd12960,7,test
05172e3358d4875e,8,val
051caad41c4b003d,2,test
052f7b8f74440ce8,5,test
05415c18cf4bf166,4,test
05445525767fe1b4,8,train
054d2eb151fbd419,8,train
0550536ce675a6ab,2,train
05520b01b41a00b0,0,val
05576f62f636b6b3,4,test
05579c6acb15a801,9,train
0558573cf12fedf8,2,train
0565a2a8b9505f9a,2,train
056faadb23017627,8,test
057157d003df5246,4,train
0575f8c0de4a189a,1,test
0578071890a7f15c,3,val
05789813066095ae,1,train
058588c9d790cdff,9,train
05874d8c2930e151,2,train
058d6191c82da438,6,test
0593c3c2db264122,5,test
05945344f1e60a8f,2,val
0596ec0ab68d4c57,8,test
059722716886c854,7,test
0599b57f75d1d7de,6,test
059a191bb574f0ed,8,train
059b4e72044b460f,9,train
059bb5a2cfdb2d33,4,test
05a2b39225302677,5,train
05a2f2ee7c8e5304,2,train
05a7c548e42642b4,3,train
05b7fa9539f5f564,2,test
05bfef4f907e9812,8,test
05c8a58279639a92,1,test
05c9a4a2a9cf5332,6,train
05ce7fc951698111,0,val
05d0bd1f5453f2e2,8,test
05d0f1eb492952df,0,train
05e039b67568a2e3,6,test
05e07d208cbace55,4,train
05e3758e7e65edff,2,train
05e649e8598f0be8,9,val
05e8982931a3b2a3,4,test
05f0924948670a4d,6,train
05f8b7d781fea9ca,5,train
05fb743176227f09,8,train
05ff4a818821ab0b,4,train
05ff7c31478e1dd0,0,train
0606b60c43cbc0bf,7,train
0609d2a02834a1d7,5,train
060fa28eb74bd6fa,6,test
0618233935adc6a3,4,test
06191a9021c2569d,3,train
0619ab8be270eb63,7,train
061acb7878e67341,0,train
0620a00404511dab,1,test
063883bd1f24013b,4,test
064875a553978c18,8,test
0649673cf6311f76,3,train
064a5ce804fb53c8,5,val
065072f50302d41b,7,train
06549cc8f8fa9b05,2,train
0655ec2d74406e87,2,test
065bf36f12a5a5fb,9,train
065e7e0dc4d9f55a,1,train
06626a18977d3f1b,5,test
06677f65bc571066,5,test
066a160f436b91fd,8,train
066a6348a43d08e0,5,train
067387f2554f5e22,3,train
06780d8025cc229f,4,train
06799c16453666d8,4,train
067b9e8e250ca710,5,train
0680f0e034c02fef,3,train
06858eaba997f2de,0,train
0685fd4892167ac8,3,test
06908d3d7cc7243e,4,train
06919caa48ac29b9,4,test
069429c701e41515,0,train
069439212429af5d,9,train
0697d5f1759f046f,8,train
0697ed54ab84c6da,4,train
06993727116c5b3f,6,train
0699fc64163c3974,8,train
06b75af7f80d9f9b,9,train
06b9e885f5929dbf,9,test
06bea2761c212c0b,3,test
06c8356e5a07e2c8,7,train
06dad764bbb62b97,0,val
06dcd4b7441721dc,4,test
06e0beedb1fb4201,1,train
06e356218a20fb77,0,train
06f66031de735ff4,4,test
06fc1b7250b36738,6,train
070127a465a35239,2,train
07084777a341699c,2,train
070c777760ba5f7d,9,test
070c9c2f4ebebdb3,7,train
072009576407c37f,6,train
072594d245f9e8d8,7,train
072f1991d6cfddd2,7,train
07301b9f0b945d00,0,test
0730f7960082844e,9,train
073378d13bb20caf,5,test
073e245bcf9e2fe5,5,train
073eebb8fc9e18fd,9,train
07403f01ccfa2125,9,train
0743cdc9dcc21f49,6,test
0748e4a3454b76da,0,train
074f1c7e2a6f130f,4,train
074f23d3a7eb09b0,4,train
074f99fbe3943a04,3,train
07509f7efd370b3d,8,train
0755d98da1747107,7,train
0757d2e5c863f519,8,train
075e8e5bf7c590fb,2,test
0760abf90b5fd4c2,1,test
07621af67e394e40,1,val
07625dd887722258,9,train
0762e7bb6c4e719f,4,test
076fdab71511e55f,9,train
0770cec95d275304,2,test
077109dd83be1999,6,train
07735a96575d39ac,0,train
077a87d84c52ff2b,6,train
077cdcf679dc9714,9,train
077f0c7c9930462d,6,train
07805bc694e5d368,4,train
0784a6c86fc94cf0,5,test
078c84ea80cb97f3,6,train
078fe9cfdc6c0ab9,2,train
079e16f506ed70a6,6,train
07a050e13639cfce,1,train
07a061a62a94e0d0,5,train
07b0f971f65be8d5,0,train
07b0fdb2b3d5dcd6,8,val
07b14d53a4cdd78d,1,test
07b49516554d2172,6,test
07b4ee4375feae63,5,train
07b977cb8d957f57,7,test
07bf878c5a0113cc,1,train
07c14cda31beffe6,5,test
07c1b2e18f457309,2,test
07ca572c8c495d38,7,test
07ce209b2e876af0,6,train
07cfdb6f5ba4d2f8,7,test
07d2d9e511158c43,9,train
07db521108d90286,4,train
07e0b0567ee417bc,5,test
07e186d4cbcb53f2,0,train
07e26a15eb7336cd,4,test
07e365928737acfc,6,train
07e7e973e6654b59,8,train
07ecb75da69ba148,9,train
07f0cf964c855717,5,val
07f49498674ffcb3,8,train
07f9eef62ac781e9,7,train
07fd2ad1fbfd6a83,2,test
07ff764cf64841e6,5,train
081399ad46942905,9,train
0813b5b461010fde,2,train
08199d6df269f02b,3,train
081c15967e7c708c,6,train
081ced26b3afd451,9,train
08272e979fb0c841,2,train
082bb4eb6b55631c,1,test
082e3ece4fd825f9,3,train
082f17cfd92465a1,2,val
0838b7030a3900c6,7,test
084117764938211c,4,test
084138a112e60d63,3,val
08429c787e8d5100,2,train
0842ef4546458770,9,train
0845916763e01ee9,7,train
08512502ba979343,4,train
08589baabf5c24ab,6,train
085cd89cd56280e6,2,train
0865b5f68c3f2cd0,7,train
0868ed3fd08e811a,8,train
08699de2ee1a4d6a,3,val
0869cc578da28aaa,9,train
086cf0568e21ddf0,5,train
08770c790a19063c,0,train
087b572c38c901fa,7,train
0880813b70cea001,8,test
08846ae1184d6a0a,2,train
0887e76830b30b90,7,train
088887a172a4879b,9,train
0891ed6db0ff0595,8,test
0893569dbb584822,9,train
08938261166b595e,0,test
08967cdbee60b91a,9,train
0897c81adcb03713,3,val
08b85660e1161f5d,5,test
08c01f1d26541d9f,0,train
08c271a6d30b12a8,3,train
08ccac3baae829f6,8,test
08d2cfa5ec45d085,0,test
08d45b346aecdb80,0,train
08d99bf7bb24957b,3,train
08dd2f6a635f4d37,1,test
08e2dc1093be8a99,2,test
08e880093b1dd12c,3,train
08e8f666e8fbd88e,8,train
08e962cae3431a9f,4,train
08eb4cd3e4e79add,9,train
08f7b45872d2157e,8,train
08fbbd8c06cf26db,8,test
090987c45555784d,9,train
090c3d80447bb676,1,train
091513787c1a9bd7,3,train
091f72d49a39483f,0,val
092095659048b9b5,8,train
092156e0bd57bb5a,1,train
09299cfa26cd706a,4,test
092d167c82338917,2,train
093b590e779a1e6d,2,train
093bb464ec8f9edf,9,train
093e13404c19a121,8,train
09418ad8d4f248e5,9,train
09460e1a72680b56,5,val
0947419532b060bc,6,train
094a2f3fac9d229c,1,train
094ae2438b7ee113,0,train
094d930cee8d2447,7,test
09533e2c7c092b80,7,train
09535954fe5ac7e9,4,test
0954bd6da210a60d,0,train
095e9c5f2cbb8b12,5,train
09616d241df4c87e,6,train
0966c18620cfc1c5,4,train
0968320b8fe8bcc6,8,test
0969dfb6e9b68fef,4,train
097038669edecf38,6,train
09720681e9ddcdcd,2,val
09797d8a0e1b311c,2,train
097db670f4c3740c,6,train
097db6b7ddbacf18,7,test
09841e05675488e4,5,train
09891548491a26fc,6,train
098c21098034480b,6,test
0991393df93d4d72,4,test
09960ae9e0119c0d,7,val
099b25893c5a5080,4,train
09a1a935d61f2ad8,5,test
09ac7d74334fb902,3,val
09ad2b612248f70d,0,train
09b564291184a975,2,train
09b6597d63462450,9,train
09b65ad7a1e43767,1,test
09b9039662bca5c7,6,train
09bdb91845ff4497,3,train
09beaad72094899e,8,train
09c05ec4b3aa4c8b,5,train
09c4b167cb1a3c1b,4,train
09cebafd179d7d34,3,train
09cf6bcb278a135d,5,train
09d1239fc6daa960,9,train
09d9deea3330803c,6,test
09db106601fe389f,2,test
09dca23cfd2c748f,0,train
09dd94c38f7a27c7,2,test
09ded8bcf62d68f7,1,train
09e60873014bd95c,1,train
09eb2fc29328850f,7,test
09eb3eda6cd8e645,1,train
09ed79b235bccc13,0,test
09f16ab4389f9ce5,1,train
09f80446ab792f30,1,train
09f9e5d4e0e7dd49,3,test
09fb97e1ba2c8d2d,3,train
0a0499688efd9952,5,train
0a0a61fe73b8089e,7,train
0a0bcd4fb107cbda,3,val
0a0bddff069d5e75,7,train
0a0cd3c078db6eb4,5,train
0a0e850c8448689c,6,test
0a0f2e5c1f1f5996,2,train
0a1102febb228815,7,test
0a1196b36c8d3b90,3,train
0a16da534ec337b3,1,train
0a17de75cc015dde,3,train
0a1867e3a8c90f2e,8,test
0a1d351f42c806fd,2,test
0a1dda4f422de98a,6,train
0a29e55e9624d42f,6,train
0a2b43e6d24f90a3,0,train
0a2f913f90a99888,0,train
0a368ba5f9cee92f,5,train
0a3ccba1e8039c51,6,train
0a45826e2fdc07de,0,test
0a4738fb027d7921,6,val
0a4b06cdd749403d,2,test
0a4edebcb8d11c5d,9,train
0a50bb09d99feaaa,9,train
0a5538b842ffe551,2,train
0a5c04241b517390,6,val
0a735366ac621d3f,7,train
0a739019e878cbfe,4,val
0a76aae26bb0c635,7,test
0a797111f29da06f,4,train
0a7b67ccea8639c3,1,train
0a85286e67e3e595,3,train
0a89420c60d538d2,6,test
0a907163178a91e5,1,test
0a948e0fd60a7b18,4,train
0aa226f126be2b96,9,train
0ab0321a1a89a55b,8,train
0ab15b86e006e7ff,4,train
0ab1cc58efdcbd65,7,train
0ab25c04870bb875,0,train
0ab3e9210bc8981e,2,train
0ab7254477fe8d18,9,train
0abca79148ccabcb,5,train
0ac0c801e33583b3,1,test
0ac8f112bb2a3656,0,train
0acf0380796c559d,5,train
0ad30b5c1d4ee2c7,4,test
0ad827942ac99d8a,5,train
0ae1f44cd2974f31,9,test
0aea590b28e167eb,1,test
0af4fc74342b9ca0,9,train
0af5ec5926b32d96,7,train
0af915803c04f9ed,7,train
0afefcb169b019f6,5,train
0b04846eb6f1f74c,2,train
0b057d9f6a1e1109,0,test
0b063b3dd2237486,4,train
0b06a01c10db45e5,1,train
0b08dedbffb9b60a,8,test
0b0bee4bbd552316,0,train
0b0c338b964b0e20,1,test
0b0e8e65fb8355be,9,val
0b1297a87e4d8cfb,0,train
0b1d054c5e0f5c89,9,train
0b27e7ce7b6c8b07,5,train
0b2e7bcb2fbf5623,4,train
0b33775f6d93ae75,1,train
0b3606641f91c467,9,test
0b3b81d3496c5d0f,0,test
0b3d4526feee0805,4,test
0b4030c5e70a8695,9,test
0b438895eb1aa1b7,0,train
0b48cea9bc88e6b3,0,train
0b48edd5482266b3,3,train
0b4bb72dc535e427,0,test
0b4e082e4e0ab571,7,test
0b4f728ba8d8f942,2,train
0b50f65987c7b6e7,3,train
0b51f0b7451f93db,1,train
0b5618776949f1fd,7,test
0b5c6126214f2ad9,7,test
0b66807e733d143c,6,test
0b689a0d591bf034,4,train
0b80f47ed3aab2c0,1,train
0b8d023a492289cc,1,train
0b9312c6704cc2b3,5,train
0b9762d72e7cd1e6,2,train
0b9a9dabf60ad6fa,4,train
0ba43287ce06a3de,2,train
0ba7aa2682bbadc8,9,train
0ba7ca9d5b24421e,6,test
0ba9565e6ca4597c,1,train
0baa5d4ed7b3af66,8,train
0baa6ef3126ab943,5,train
0babadf90185667c,6,test
0baca51111de4a65,0,train
0bacc1e73bbf6522,0,train
0bb26d0b749e6dd7,3,test
0bb280f53ebef0a1,3,train
0bb6f6046b2d3b63,8,train
0bb7aba0c6f50c1f,2,test
0bc4272619031d87,3,train
0bc78e573da5521b,9,test
0bc7a84a1eb82e34,0,test
0bc930db993ca84b,3,train
0bd6ed2d48243dc2,3,val
0be8a4f2b54b4d68,6,train
0bea956f44ddbd18,7,train
0bee420993a5dd6e,1,test
0bf138c24aa488db,9,test
0bf239978d9055bb,1,train
0bf455c10dfdb35b,9,val
0bf7d21dec6ffb9c,6,train
0bfe209abbda8d0b,3,train
0bff371b28e22097,9,val
0c01467a143fd99b,9,train
0c0788ab15abcbd3,4,test
0c07b41963173fc0,2,train
0c0be5d1b40cb765,1,train
0c0d921a90990f5f,0,test
0c1947e425f32c48,0,test
0c1a2a9b0603a708,7,train
0c1c268e8a0977e9,9,train
0c20181576290fb6,9,train
0c217a647fec65f1,2,test
0c25d51f1a41d8ee,4,train
0c273df8281d9805,2,val
0c28942177f5bcc9,4,test
0c2cfc38ec1921e8,5,test
0c2d20f6c9d9ff72,4,train
0c33f55786b40d4c,2,train
0c37677f7b4118d4,0,test
0c3b4f3a6c98ad70,4,train
0c3b8f84648ea227,2,train
0c3bd4d2a53f6e40,8,train
0c3cae2d27b4989b,8,test
0c3fff4bf7ae8192,0,train
0c45994018ac77dc,7,train
0c46b4e3b525a33a,8,train
0c4b321cdf097f70,9,test
0c5a369aec7ec465,8,train
0c5ac8b65417712d,3,train
0c63839bf8260631,7,test
0c70ea4e634f4143,7,test
0c71e964c926a52a,1,train
0c780ff9bc561827,9,train
0c781b398552247a,2,test
0c7d1f9dc566058c,5,test
0c80a2ea25c74cb3,0,val
0c905b146d51e816,9,train
0c90e51c0018ecf0,0,train
0c9381cea3c23306,8,train
0c964fd8f8cad2ec,0,train
0c9abbfd043337b7,5,val
0c9d3472f0296a97,9,test
0c9fb059e930d43f,1,test
0ca37173b18cbca7,1,train
0ca40633cb67a68e,9,train
0ca4876173afbae5,4,train
0ca73bc568c4177c,0,train
0cb2379bbdf80818,0,train
0cb909e17cd798f2,2,train
0cc42c79f3866e61,8,test
0cc4c238098e09b7,4,test
0cc699db79694982,1,test
0cd2fc9c81a0ef4f,2,test
0cd31107f0db888f,2,test
0cd576dc8fe5acc5,1,train
0cda95e6943a7008,3,train
0cdfe2e0f1816153,1,test
0ce015cc01a70124,8,train
0ce93d85f84879d7,0,train
0cece7992639bf7a,9,train
0ceee4bd43ac7c2e,1,val
0cf97be6a65d1097,8,test
0cfc63d8d99ce65c,6,train
0cfdac665ee43ba3,7,train
0d06bd961e75e945,0,train
0d10ef88007e032a,6,train
0d1257de192c3e1c,1,train
0d1591d17869a169,4,train
0d19d3dca314f5a5,7,val
0d1e96d9d85e1438,3,train
0d1ecec5bfcf0edd,3,test
0d26bb53210b83a1,3,val
0d2ca1b3d1ae2241,4,train
0d3278882ed27d49,0,val
0d4a7580cabe791a,9,test
0d603727417a57c4,5,train
0d61003c1572c85a,8,test
0d653125b4c23792,2,train
0d6d757180846b9c,1,train
0d70349565d0ae9d,5,test
0d773bb1c3405401,1,test
0d78be77debd6fc5,4,test
0d79c67046a77eb1,0,train
0d7a92c3b4fbd275,3,test
0d82c22118999ce5,9,test
0d8c5c9d2d5c6873,1,train
0d922a3bc28f184f,5,train
0da6a19ba924826f,2,train
0db625fad9c98a2d,7,train
0db690592b400973,9,test
0dba04f2f76c6970,6,train
0dbf0703b2e81f44,4,test
0dc124501e3fe152,5,train
0dcc5964a4f676ec,9,train
0dd1fac88deda7de,4,test
0dd3648a263941ee,0,train
0dd70bc8a0e5628b,9,train
0de32aa8a149adfd,8,train
0deb23f8babacdc9,0,train
0ded7ea3550a19e9,1,test
0defd26449678f19,3,train
0df0c6d7386b7a24,5,train
0dfc480cf96bad23,8,train
0e0110ce71ae15c5,2,train
0e01d4e8d0107298,2,test
0e0216c2fb04d743,5,val
0e036e63b788add9,3,train
0e081479780473b0,0,test
0e10ea6020764a27,7,train
0e17512e151c3ab6,1,test
0e2a9d0fb19d9dd6,4,train
0e2c7199ce648e20,9,train
0e3084250514eb8a,0,test
0e3b6944386341fb,2,test
0e3e0c5af670373d,8,test
0e3f64b1c2825512,3,train
0e3f7c5f926eb478,3,train
0e4377dfe0f0600f,4,test
0e43ab15194f8858,9,train
0e4861f3e8803e88,5,test
0e4a03bdae9b1ef6,2,val
0e4edebc2286dd43,3,train
0e50c06df23f1748,4,test
0e5a1f826b387cfc,7,train
0e5b7d92d40aa1e2,2,train
0e6804ce77ff02db,2,test
0e69ad116107ec1d,6,train
0e6b62cfb02e7e61,1,train
0e6d2f44c97d3e7f,3,train
0e70a72d7527f72d,8,train
0e7743b4dad6c701,5,train
0e8ccc581bff61d6,1,train
0e8e6bf3d7e8445a,3,train
0e8f8612c041ddc9,7,val
0e92c9a883113754,0,train
0e9e355a2f51daf4,1,train
0e9f202cfd21d10a,2,train
0ea78a3f0950fb5b,7,train
0ead0cdd8a98ca3c,3,test
0eb155cf72f67c67,9,train
0eb377e86e58f1d7,3,test
0eb89560861909c6,8,test
0ebd46edb68b2c6d,9,train
0ebe09c1df0a8703,4,test
0ebeefb8d7932277,8,train
0ec01233130d5c49,8,train
0ec4b3cddab9ab97,8,val
0ec7eface4460936,8,test
0ecb687c291fa6b2,7,test
0ecdc77b3526fb08,5,val
0ecfdbbc1dbef263,7,test
0ed0aa1ab5fb62c1,9,train
0ed33f7da83053c3,0,train
0ee77ba988e62518,2,test
0ee88abd448e5566,9,train
0eeaebb917907260,4,test
0ef05b1a0a53910e,0,train
0ef4ebb060f4e8bf,8,train
0ef6daea2ac8816c,4,train
0ef7703258b2fa6e,8,train
0efac1022eda4296,4,val
0f0544ced6774bdc,3,train
0f0758f03ce31c0f,2,train
0f0caa2a163c2ba8,9,train
0f0f7df6ebedd34d,4,train
0f1020ac2a9a7625,2,train
0f139b49552177f0,6,test
0f15520733bd1de8,9,train
0f194689de98b2f4,5,train
0f1eb61cd8e5adad,5,test
0f22a897b9c80f5a,0,val
0f22ca585562d76c,6,train
0f3c9b8b05cb5384,2,test
0f3f26c2cef6429b,9,train
0f3f690bfa5bb0e8,8,train
0f48756f06ad7532,5,test
0f5373f48278be7d,1,train
0f5a1c8e94942ec3,7,train
0f5f08b8bc2cd6e2,7,test
0f65a47e242c9d41,2,val
0f6bf637d9cd4034,4,train
0f6df8d9e52851cc,6,test
0f7302ffc3ae4c6d,4,test
0f7c26e72039c155,9,train
0f8185b39508873d,6,train
0f82858b65d7d7eb,8,train
0f8299d8acb64d4b,2,val
0f849f13b0b09f90,8,test
0f87b262652e0565,3,test
0f97c028fd9635f1,6,train
0f991515861ee9f8,2,test
0f9b547096bdbeaa,8,train
0f9f1e9899a30f27,6,test
0fb18d0baffd1a42,1,train
0fb4d548adba96a0,7,test
0fb6067ff263bb02,9,test
0fb6fa5bb7e6ce5a,6,train
0fb9569ebf3eadc8,0,test
0fba85ba035a20a5,0,train
0fbce41bdf84f3c3,1,train
0fbcfeca1a1873bf,6,val
0fc5d4c45fcc52d6,2,train
0fc855a0b48d8dfd,6,train
0fcb5b42bb923d16,3,train
0fcd9ff53a977265,4,test
0fce41b9e50e4388,6,train
0fdbd94a0abceff5,0,train
0fdd1101c1ec83ba,0,train
0feaa4f6850f89ab,0,train
0feacd54741c074d,0,train
0febe2187e5d3c13,6,test
0fec2a48cc4cd7f1,4,train
0ff0288c951aa524,4,test
0ff14d2963784c07,5,train
0ff1a9d90e0ed9a6,7,train
0ff5b3157627570a,4,train
0ffab9050a46b9fb,0,train
100714ffc48cd059,4,train
1009c2ecef4d60b4,2,val
10122160265af421,5,train
101552a2f59f0f62,5,train
101e383b6e55c185,9,test
101f638a3a9e54d9,7,train
10303c066f6fa791,2,val
103ef1ec23e9af0a,3,train
103f63343a83c658,1,test
1042a3cefa496a8b,2,test
1044c6644b98616d,5,train
104a9b108dab69a1,0,train
1052471c3b0e03b1,6,train
10588314a1bea1ab,1,train
105b49fd98fae8df,0,val
1061cab445758c9e,7,train
10705442b0bba8c2,3,test
1073fcbba0bc3d97,9,test
1074e6a80e4b7293,5,train
10759cb96bdd2686,4,train
10781d29c7f8bd4d,0,train
1078b6fbd30d9f6b,9,train
10795142dfecff03,6,train
107cbe3ba40ac7fe,9,train
107eaeb4e4ab6275,7,test
1081b815ba89d1d0,8,test
1087c14412489fc5,0,test
108cecd36b07541a,1,test
108f145c39bb85e0,8,test
10967fc1392cb559,0,train
1097aa9becd43e0f,3,train
1098f9842b6b5dbd,7,test
109aeada94e10b74,4,train
109c6d8921647b30,1,test
10a66e9ceb4187d4,3,train
10ab0605e8bf4a0e,9,test
10b2a18b5f5f0205,9,train
10b3d7363d4a9f40,9,train
10c465d852ebc2d8,6,train
10c9b88143a30b1e,1,train
10c9c4078c82d5fe,1,train
10ca48919e032422,9,train
10cb6153f20e8a5a,4,train
10cecce92e881382,3,val
10cfd77fe1ef713f,0,train
10d12e00dba8fe2f,7,test
10d83a97e0b13d93,7,test
10e06a97e865b049,2,train
10e1343790d06aae,5,test
10e971c787938ea3,9,train
10f55de91921a015,1,train
10f5cd87c17bdf9e,6,train
10f66a87bef65d58,9,train
10f6bfc6f2c1990f,8,train
10fe9817efc41434,0,train
10ffab01f4c0642b,0,val
11022b0d2e1ed111,5,train
110c0cb2c00ee8a8,0,train
110cb52de0b88695,8,test
110de4bdc1b043d9,8,train
111a914346a56c56,5,train
1120b26bd8a8ef5b,5,test
11218c6819e39967,8,val
1130b40dc2c0eb6e,7,val
1132ec701b088262,4,test
113c9639336d1c7e,9,train
1145f09c8041d6c7,6,test
1147f22a903db4ef,2,train
1153c00443a95e3d,4,test
1163e1c71642a22c,5,train
116e251841f129d1,3,train
116e84fc9ae60758,7,train
117caa45ad0cd5f0,2,val
1181073f84225b46,4,train
1181fa6b43ee1ce1,8,val
118b32b404dd85b3,1,train
118b731979d63b4c,8,test
119ef21a156d0986,4,train
11a38b3a48700d46,4,test
11a7987e5b881a26,5,train
11a7b5a86bf42d0c,6,test
11b0b94f5fb9a7e3,5,train
11b20083b5bb715e,7,train
11b31553fb2eac09,9,train
11c329338b526b90,6,train
11d26e8fa05d4365,0,train
11ddd0eb6a57b721,7,test
11e078ed69961076,5,val
11e2c5f8f560bc43,0,train
11e6aa2cf46b3d59,5,train
11f37542fea92402,7,test
11f5402ae81780e3,0,train
120181424a136c76,8,train
1206bdf771d684e4,5,test
120a2c139e4175b9,8,test
120b66484288164d,6,test
120d21737d0fb7d5,3,test
120de54e09a0ca28,3,train
1211471191592c4d,9,test
12149192efcb54a1,7,train
1215d99ae1f2a843,5,train
121b1b96a5619f04,1,train
12234b50bca94d60,0,train
122d946b246f7f15,0,train
122f04dca49291e6,4,train
1237acfbbce00cb7,7,train
1241eb77e1013172,5,test
1245c5e05dcd15bd,6,train
1245eb103cfdcd80,2,val
124f956a558cac47,7,train
1251370493ae7e29,3,train
125c5f64c70a8418,1,train
12676d42580b32f7,3,train
126858b911d2c263,1,train
126a13afc4cb2112,1,train
126f60ec7e2f0092,3,test
127185a787baf36e,2,test
1271f9ad719dba97,4,train
128af1455de4fa23,7,train
128cb9bb92f6257b,7,train
128f62d4b8f9d0f0,6,test
1291167871949f33,2,test
1297b7dee61cee16,8,test
129b32c12544a911,4,test
12a122b8a32319ef,1,train
12a195d12fd0ba3e,6,test
12a436a6fe6981e6,9,train
12ae93d0280efb80,0,test
12be8872ef76e5c6,2,train
12c22205168f61fa,8,train
12c7e00c59881ef1,4,train
12cd77e9a4b73267,5,train
12cf9ebb23962726,3,train
12dc8daa722f0d97,9,train
12dd50b329c118be,5,train
12ea55b2704aedfb,6,train
12f5be2340739aac,0,train
12fb4ed4cac050cf,3,test
12fc6a2d9d6d71a5,0,val
130212604897c07b,2,train
13022fc328fe4c2e,0,train
1307d5507af59eb7,1,train
1307dd015e83a7ef,2,train
13086aa1acaa6de5,5,test
1313495060405259,8,train
13196192835da335,4,train
131b5e442377e3d0,0,train
131e478fc07e909a,6,train
1321a0c67f39ac76,5,train
132412e387504a6b,5,test
13244dadd1ba732b,4,train
1328e9398de279b5,3,test
132d163baacac94c,3,test
132e8fa3c570b73e,7,train
132fe4520ea4b153,6,train
133193b954618baf,2,train
1335d6f947ca1ca1,2,train
1337af55deaeaf87,4,test
133897b0c3fc5440,6,train
133ba6f0572a36d9,8,train
133cd4af46cc2f88,3,test
133ce56f154b2cb4,2,test
133ed57156e8e1cb,7,test
13404b0ae92bce59,7,train
134624d536015583,3,train
1356f0d9b41a32bf,8,train
1366a0229403a95c,7,val
1368a7cbb82447bc,9,train
136efb93b557fb59,9,train
13749ca33e815ded,6,test
137845820626a8eb,5,train
137bac1e1f9d17cb,4,train
137c9c5e2962fea9,9,train
137d5fc8eac44a0e,4,train
13883ecab06f077f,7,train
138ffcd180dfe5b6,8,train
139af2abebd2b2a1,0,train
13a48470cd93319b,6,test
13a66a89d0b94308,2,test
13acd180f34d8443,1,test
13ad213f21243c42,5,test
13b00ffb8c315b0a,6,train
13b3de9703b9c42e,8,test
13bcae6a954d84b0,2,val
13bd5774abae5d4b,9,train
13c27d5a26413df1,7,train
13c9b234fd8667cd,4,test
13c9bcd74b6733c5,8,train
13d0b771b0b3ba6d,9,train
13dece3962b03823,1,train
13e4d37c15f40888,6,train
13e5597701d7b895,8,train
13ed8ba3ebc93be4,8,train
13eeb05049480e8d,0,test
14060830b62cbd86,3,train
1409a20b16101eab,3,test
140af5c1ef83e9b5,2,train
140b8a9d8e0812d6,9,train
140e4732191305b6,9,test
14126c4b6f66d157,1,test
1419ce575fd6d6d6,0,train
142110a3749053c3,9,train
14215bca8cfd794d,5,train
1423db0cb1f2243e,0,train
14264ff4c4c8ff97,6,test
142ca2843cee50b5,0,train
142e76c17c015f31,0,train
142f6367a786b9f6,6,train
14339206587ffff1,0,train
143c570ff915838b,1,train
14420185e84c46e7,5,train
1449003fd36e8631,6,test
144b58bb64f67ef0,6,test
1450d23733475311,5,test
1453ccd35b0438d9,9,train
14543e2d91968f3c,7,train
145d256749a0c6e3,6,train
14655c9296bbc292,3,train
1467d58da458a608,0,test
146964c9c95e540e,2,test
146e10b9528591de,3,test
14729050563017fe,0,train
1474ccccca63d8e3,5,train
1476d8ee6b443535,8,train
1477a666aacbe5c4,5,train
14886366d4143cdf,9,test
148df6b1fc19ef0b,5,train
149024ca046a6d0a,4,train
1492569fd0af3deb,4,test
1494fc1663bbf30b,5,test
149919c02d631e16,7,train
149d6369a3278e76,8,train
14a2a62ade82656c,6,train
14a439d2617093d2,0,test
14a4468314cb6b54,3,train
14a67311b9c6db76,5,test
14a6b9d8393dc7ed,6,train
14aa7aabdf1cc621,5,train
14ace21140ba1a0c,7,train
14ad2185e80e2ced,0,train
14ae428cab42c2be,8,train
14b35307585eb945,1,train
14b72c243074b27c,2,val
14c1fc2598d915a6,3,train
14cd05c4dfbc0c5a,0,train
14d0d2f5f344defa,1,train
14d1713aec564137,7,test
14d789b283fd49bd,4,train
14d8f460078d3830,2,train
14f07f711591def6,2,train
14f32fba5cd1cee8,9,test
14f3f93804672461,2,train
14f6efb977dcba69,0,train
14f8c24383cd6afb,4,train
14f99518f1dedcbb,7,train
15011cbff3c5ee29,9,test
1505a5b343c61414,1,train
151144f7773a295f,8,val
1511b92b12ef9d40,9,train
15181d4c225fe2da,1,train
151ac07dfdff556f,8,test
152262b2f2ef96c8,9,test
152463c93ce1f569,1,val
1525f8b0a0a78e19,3,test
152df87fcedbd724,5,train
152f3cb3feb132de,7,test
153401eec5522448,3,val
153991db4d9b5341,9,train
1540a3da70290698,6,test
1546fa07ba62f8b7,5,train
155905d8dc9feaed,0,test
15631e96637da964,4,test
156377313dacc191,6,train
15644ee192d4d101,0,train
15649387927a5473,0,val
1568e8fbd76914aa,8,test
157a3c5625c8be00,2,train
157b8281bf4b2f41,7,train
1581db6cd5500db7,1,test
15827b254827c81f,2,train
1585d8ca6515ea4e,1,test
15879e5bb01846b4,2,test
158cda11de4b8b65,2,train
1595c1a56c648b61,2,train
1596aa1e20087d60,6,test
159965d16305d13d,9,train
159e7dbdfad3d8ed,4,train
159f0db7882eb7ba,0,train
159ff93c3f1256cf,5,train
15a749889c7fb538,9,train
15ac2f17f8b813f9,5,test
15ac63c06a7b7c96,2,test
15b4e8ceb643a124,0,train
15b96519bc7842ac,7,train
15bbccdf93152a1c,4,train
15bfcdbadc60c0ad,8,train
15c11802b0e27ac9,5,train
15cbd6e87a098a19,6,test
15e080e1a76353b5,4,test
15e332b1bc299c68,1,train
15e3db3481cfce24,2,train
15e6b7c7c305e55d,5,train
15e9bd880e0abe4f,3,train
15f01a6b23a85049,0,test
15f18c80442e805c,1,train
15fbbefcbeeac8e0,6,train
15fc4f8b26ba05e9,1,train
15fe037717d47410,3,train
1600f3983b7f96f3,2,train
16093d1f4912d269,8,train
160c52a18be07d66,8,test
162bc0f68b993453,0,train
162c2c1254df0b55,4,test
162e0c8739714e61,9,val
163139bf1f496057,1,train
1633676e87f3756f,0,train
1635c685e2c04d49,7,train
16375fc1d101a928,9,test
163817ff060b8737,4,train
163c657f80a061ee,1,test
1647586441c94856,8,train
165745a4ac94dc9c,8,train
16578774a1ba2942,8,train
1657895dc398261b,5,train
1658d6faebeed78b,2,test
165d5520f334ac65,6,train
1666fe7da0f0fb27,4,train
167139c4627a5976,3,test
167164a374b22fb4,6,test
167dae3260408e35,2,train
1683761a9f6a4bff,4,train
1688d4e3cc536375,5,train
168a87e549cf81c6,2,train
168b2154a0f68fb0,1,val
168b932b78d38cd1,1,train
168bc391aa677c99,2,val
168c770d2da771bb,0,train
1698f7dce5db1b1e,7,train
169c853a914ad134,7,train
16a0e31f4b8b6165,7,val
16a16bf88fdf0d38,2,train
16a3b54112146928,0,train
16b98c615a7808a9,0,train
16bcb4cd682273f8,2,test
16bf517196b71970,3,train
16c398804747861b,1,train
16c646485006fe79,1,train
16c72261f14ec24f,7,train
16d51c5694670d8b,4,train
16d56cfb36c454ad,7,train
16d7a791642f2f3d,4,test
16e137d10a7d85a2,5,train
16e1fb09916d2686,0,train
16e7a3a2394a1164,0,train
16f174afe6c1c0e1,3,test
16f2e937dd97b538,2,train
16fa14ef4844b02c,0,train
16fc4fc905c965f7,9,test
16fda6d4c02ee7bd,3,test
17009974dd6886e2,8,train
170731a4915e8fb8,6,test
170ebd1389da18da,8,test
171a41eec95a92d0,6,val
172246736c745968,8,test
17240f3b04d97efa,4,train
1729706b507b03db,6,test
173089763cd61db0,2,train
1731b9969932caf2,8,train
1732c1fdf9df32aa,2,train
17342c739a9d6b9b,8,test
1736dbdbfe2d1555,8,train
1737b468b2504089,0,val
173826c79c99139f,9,test
173e1ed998cf9384,8,train
173f222b03721f5e,7,test
17405ca236336cd4,6,train
17418a8029e086e1,2,train
17430bc8b7e3ab6e,8,train
17495575e3a25434,0,train
174bcc711fc2dfdf,8,train
174e0f561034ad29,6,test
174e7543ce7234a5,7,train
17518a77475d8f04,2,val
175b1f067c2174c5,0,train
175f2358ea6dde05,2,train
1765faf6a1cb0769,4,train
17662de9cff8d3bb,3,test
17691e2e78473108,9,train
176cb807dcad7ddc,1,train
176d1e4f45fbe9b1,5,test
176f5a99117942cc,6,train
1774d23e346ce968,1,train
1776c70219ce9e92,9,train
177947c2af20cf0f,2,train
1780e2aaaf374e90,1,val
17812afbb0d9250f,6,train
178d9901ca6beed3,4,test
1790851a87c004b1,4,val
17979bbe29250ec2,5,train
1797e97e225248b2,0,train
17acf2d44d6d6937,0,train
17b0cfc7c9daaaa3,1,test
17b52cdee76f3ec0,7,val
17b70b0829918366,1,train
17bdfbd6a624453c,3,train
17bf80a89a823371,7,train
17bfd0e38751917f,2,train
17c30c6be40cfca3,4,train
17ce84a00b4f1b97,7,train
17ced4a95e7c71ee,5,test
17cf4bade862c06a,9,train
17d184612cab39c9,5,test
17d20a453004b935,1,test
17dffbbf960f6b60,9,train
17e644e57477f51e,1,train
17e6729c34b67901,5,train
17edbe7bcfa8ca3a,9,train
17eeed5118f5259f,9,train
17efd886cd6bb763,0,train
17f24290b32aad7a,2,train
17f820d2073ec4ad,0,test
17f997fd211d460d,0,test
17fc4b47ff07c57f,5,test
17fc6f6859e74caa,0,train
17fcf7ce668569eb,0,test
17fd581795a83d7c,8,train
17fe034eff616400,5,train
17fee28ba4fff1bc,9,train
18004a40249eb217,6,test
18063c4ffa672dcf,3,train
18076a019949299f,5,train
180c34e53f258feb,3,val
180cf3eee2241c87,0,train
1810a3dd71f1ffbc,2,test
18124feff7f5cde5,3,test
181a2a1809465fe3,1,train
1822b52d6f59602c,0,train
182b7cbaa85b73a7,1,train
1830f4fd7e97179f,3,train
183698954673aaba,1,test
1837bbbbff5f4628,1,train
184eb8a9c190a5e7,5,train
1854de108fe4cdf4,3,train
185658d56cc5f259,8,train
1865a6353fb4f0c2,9,train
1868f19db26e96a6,4,train
186bb44fbc844f2f,4,test
186c1e32730e3e1b,3,test
18707719b1b81655,3,test
187100b33a1fad72,4,test
18733b331c740957,8,train
187a931fae93c69e,2,train
187ed9521abf65d1,2,train
187f6b9707a9bd39,9,train
188295a547b81622,3,test
18841a5eb8dc2210,1,test
188591d2b2853ece,7,train
1886004322385919,0,train
188a9a8dac309dee,8,train
188e377688c0eb15,9,train
188ee87f5ab8ef05,6,test
188f79361bdc98c6,7,train
189000317d97be40,1,test
18937b6e36b498d7,7,test
189569323a843e71,2,train
189c0f78c774eaf0,9,train
189cd1baef9407de,4,test
189d1b781b01f2fe,7,val
18a49e8616f3ae1c,0,train
18a550dbda284277,4,test
18a91cd2d922bf9c,9,train
18aa9848a7b7436e,6,test
18ae4ce88f59875b,5,train
18b66122567e9c95,2,test
18baca01346c510b,9,train
18bbed751b465c4b,1,train
18c905ce49b47a4e,9,train
18dbb1886d962d5a,0,train
18df706bbf462e21,8,train
18e0026d45d6d436,5,train
18e56a1e6abfbf29,4,train
18edfc842254cfe1,4,train
18ee1f849a8b78af,6,test
18efedc42c8f1e32,5,train
18fa9d8eb69cd172,2,train
18ff116e9b17377f,3,train
19002b3a6e3a60d1,1,val
1906bcbe2f5df2a1,1,test
1906d61b8bb083b5,9,train
190f435568d9396b,1,test
191a319e1bf8d1c8,9,train
192489d3dddc7e6a,8,train
1927e39c5a61e008,2,train
193440df43e1a22e,2,train
193b28c131221b20,1,train
193d24936b0807fe,8,train
194eb715045f8e4b,2,train
1954af7c5745e120,8,val
1959b0ebbc886002,0,test
1961bdef9c39c1c9,0,test
1961ee49b5ad0280,8,test
1961fef85da95e6d,1,train
19621474c3a2e98c,8,train
196c3b1c86d48e32,6,train
197787224868f518,9,train
197cdde36eb80467,8,test
19861d611e9e4a4a,0,train
1989f7a602cc6166,9,train
198c1029de5428c8,7,test
1991ffc4ad2add57,0,val
199753a879c6d830,1,train
199c0a17113607d6,0,train
199f24d8679b4042,3,val
19a02f58e197686d,7,train
19a387541d711d69,7,train
19a5819e8e237411,5,train
19a6a5fcdbcfe329,5,train
19acadda0c05aed9,6,train
19ae76d9020aef1d,9,test
19b495f84207506d,1,train
19b7c17745d87ac1,7,train
19bb15abf0624c25,9,train
19cc7ed163b1fc1f,6,train
19cecc4b9482f73f,2,train
19d3c50aec96b6ec,0,train
19d5fe2da3524016,8,train
19d780dcc0c390b7,8,val
19da01a1f15b3027,0,val
19dd555be07b73d3,2,test
19dfe3ef24fce99f,0,test
19e43be9a2943b8b,2,train
19eae38bede93e06,8,val
19edf60def26e6e6,7,test
19f07dda1c8e86d0,7,train
19f2dc1de9a0bbd6,3,test
19fe1296b7f1f405,4,test
1a000b4ca028c923,4,train
1a057af5d2d8b1af,7,train
1a074e977885d7dc,8,train
1a11cf5a695705c4,5,train
1a193cc820f67f0c,6,train
1a1b1f11e1555786,3,test
1a1d47967b2737d9,1,train
1a1fea11cdfcd2db,6,train
1a2523b49b582c1e,1,train
1a275ad1d7104344,0,train
1a27aa6b16991a83,3,train
1a29c1399c2a8796,9,train
1a2c82f094c15212,6,train
1a343c75c65d14fc,4,test
1a3b360bc66809fe,8,val
1a3e19ab0f4a3fa4,3,train
1a475e5c06512bca,6,train
1a52a0495a26b420,1,train
1a58d6dc2d56fe29,3,train
1a646fc1138593be,2,train
1a657306159e0625,9,train
1a6a79ece43bc308,8,test
1a6aec2f5d75b198,4,test
1a7287179d0d6408,7,train
1a80d5b655dd2238,2,test
1a8ab67ae84afc99,6,train
1a972ad9feed6bb2,6,test
1a99b208f03b6f4a,9,val
1a9c0a29fb7b3b30,4,train
1a9ca0e29de8b5a7,8,test
1aa346d3aef183ad,3,train
1aad0dfa04acf600,7,val
1ab3c5812e6d2a66,6,train
1ab7c08b401cb17a,2,train
1ac233fca6b15769,1,train
1ac8707f0c55b6fd,5,train
1ac95919cf4f98ea,0,test
1ac96e992fcaa712,0,train
1acc96d4e913d7d3,6,val
1ace66aa10755be3,1,test
1ad4457961d66889,4,train
1ad6753a0514a25e,6,test
1ad8faee426f9f1c,8,test
1ad9db265e63a1ee,5,train
1ae6f1e4c7d5a439,3,train
1ae8e9d48257e1fd,2,train
1af3762c56c60b06,7,train
1afd12f96f262cac,1,train
1b01fcc628025052,7,val
1b13f10efdb23dbe,8,train
1b1410768d2ac208,3,train
1b226dc050fa5b8f,8,train
1b281f693a16b8b1,9,train
1b2f125c77dae99a,1,val
1b3171a1cd842a54,8,train
1b327916adea61b2,1,train
1b4793db649f2edd,3,train
1b4babf9be9c18fc,5,test
1b4cd34924300ad6,3,test
1b5386a6fef1ef8c,5,test
1b57cb2e6570000e,7,train
1b61b1934cd7767f,9,train
1b6bae8187370f5c,9,test
1b7ec7eccadeda5c,7,test
1b827b858000725e,4,val
1b896843c10ae63f,2,train
1b8ace3da2c1d06f,4,train
1b8c5be8370fb168,4,val
1b9410578cb11922,7,train
1b9c6381d9788851,6,val
1ba6862630181bed,0,train
1ba8bcf4a403f79f,0,test
1baf18cdc4fdc60d,9,val
1bb3348978fe1e65,1,test
1bbc86067eb2b280,8,val
1bca50978e770155,5,train
1bd031bbe19751c9,9,train
1bd8ea685a8c8747,4,train
1bd92cd199f17796,4,val
1bdda2992da149e3,7,train
1bdf8d52498870d2,9,test
1be4693b375b5c23,5,train
1bebdac72b045cc9,0,train
1bed32face19ef55,5,train
1bf7115f03e54519,9,train
1bf9a1ef4bbc7eec,2,val
1bfdf1c4b4333bf6,1,train
1c0d72e8e91de28b,3,train
1c0f9803ff32dd49,7,train
1c2af4eeb3d947db,8,train
1c2ff9b3bbad55ae,2,train
1c3029b30d18fb47,3,train
1c3688641cebfffa,3,train
1c443a6437ea3ec3,0,train
1c45857ed5e5df2f,9,train
1c47dac8b94d7c06,3,train
1c52a79615fb8428,7,train
1c58c5580731a337,1,train
1c5a7308f6de4700,0,train
1c5a740c6444d98a,7,test
1c6ac62928fe5acb,1,train
1c6d1134c72c0bfa,8,train
1c7048bcdcc1c767,3,train
1c716fe1246a568f,0,train
1c71e956fa4172f9,7,train
1c72f4b9640935ea,4,train
1c792165fbd99c85,6,train
1c7c0018b6af9d48,7,test
1c7cb97a1b3b71d7,9,train
1c83fa6d1e8bee6d,2,test
1c84b56af662c896,0,test
1c85444c0432183b,8,train
1c865431bf03acb9,5,train
1c873b59f7f39d91,8,test
1c88b60a4a3c5e00,0,train
1c89003ad46d20e8,9,train
1c8a6c8f40f52d53,5,test
1c8cb8213f4e42f1,9,train
1c8dc82655852ae6,3,train
1c982c75aac693b3,5,train
1c988ccb26a5c336,4,val
1ca513d1f498d69d,4,train
1cac42c1cb430899,7,train
1caf49aac5951070,2,test
1cb3f3ce02ce478f,0,train
1cb829861ccf70a5,8,train
1cba158621c35bf1,5,test
1cc1aba448a9f6b3,8,val
1cc38bc1cfbf1106,3,test
1cccf74abc8a2f2c,6,train
1cceebf14ad31476,8,test
1ccf600275b22ff2,9,val
1cd3b62f7e35d281,2,train
1cd5ad7cded468da,3,val
1cd9690335b4c10e,7,test
1cdcabf6147e5b62,4,test
1cdd79580e5f6138,8,test
1ce19c60181f148d,5,val
1ce297b42f469d2f,7,test
1ce6c1bfcce1dd73,4,test
1ce88aea89503a5b,2,val
1ce8b730e0c17a6b,4,train
1cebfaa6c0b5b43d,3,test
1cef1661131a5936,1,test
1cf03665f286a30b,7,train
1cf9570f623bf528,6,train
1cfce413a9a5e9af,1,train
1cfd4313e097f640,9,val
1d0e7bb77f720226,5,test
1d0f02180b90fb93,4,train
1d1025ccda867916,9,train
1d15931ba6699310,8,train
1d1659aa9e44c94f,4,test
1d1d6033977e5229,4,train
1d1f6a92650333f5,2,train
1d333a6ddf9af9b5,3,test
1d35bfed90f3ba8f,3,test
1d3b087a7d251dda,6,train
1d408d886bd51e32,3,val
1d458294bd27e7d3,6,test
1d46396b27043867,5,train
1d466c1578090a2e,0,train
1d4901c4e501ba1f,5,test
1d4d5af8110c755b,2,val
1d572e1d569c5cae,8,train
1d5e9ea13d7893cf,8,val
1d6167b1b4f472a8,8,train
1d62f83763d31dca,4,train
1d6ea083af9b864a,3,train
1d6f4d1716f7bbf1,2,train
1d6ffb6db9832bb8,8,val
1d7dfd391c4d5e10,8,test
1d7e6100000d59ae,9,train
1d8616289e40567d,5,train
1d8e11172e141a50,4,test
1d8e4cfe8d03f99d,7,train
1d9a6e61f0b1c843,4,train
1db07959c180b55e,2,val
1db35f67e0cd6cd8,0,train
1dc0683b464002b7,2,train
1dc089a4564efe40,0,train
1dc45e2037df99ad,8,train
1dc8ac285a29010e,2,train
1dd2834e3ca914bf,4,val
1dd2d29a42907126,1,test
1dd81d4f1b272e3a,5,train
1dd9cc5153469cd9,6,train
1dda5526cda995eb,5,train
1de81c990f3e751b,7,train
1e0461fe3a691a95,4,train
1e0f6cc673b0bfe0,7,train
1e146b25a252671e,9,train
1e19a8881a60c1f4,9,test
1e1f348cb6993570,2,test
1e251fa0aae646d4,8,test
1e30f992b895f0ac,9,train
1e365cc7f26e0284,4,train
1e4684a469f8015d,6,test
1e580809676cd0f3,7,val
1e5b432d5e315676,7,train
1e5dab02fd988f47,9,train
1e5dafe640a5790c,9,train
1e5fab48eecf98c2,3,train
1e60bde0c9c6b86a,8,val
1e675ecb81b1cd5f,8,train
1e6975593f394e7c,8,train
1e6e95ff8a1f5932,1,test
1e73efadd0887582,2,train
1e7eaa2d0e7be2b9,5,train
1e7f22694d9a506c,6,test
1e865cbf3df4a008,4,test
1e89c67fc166a54f,9,train
1e954bf75adf1823,0,train
1e9df0ee4f054e3c,6,train
1e9f9bbf4cc838c1,9,train
1ea10ed403e95cfb,5,train
1eace8d99b7e3df2,3,train
1eb2cc5b35f0abc2,0,train
1eb341e27e4f1a94,4,train
1eb51f91640de662,6,train
1eb92917ce1f4f6c,1,train
1eb976277b122c34,2,test
1ebcb336b27b6d76,7,val
1ebda20b7455560e,8,train
1ed12c5ca389d489,1,train
1ed237fa907733d9,4,test
1ed80aca6f249b2f,7,test
1eda987530046f3a,5,train
1ee658bff145d580,5,train
1ee677310260bf95,3,test
1eec6e9390ea6dff,5,test
1ef3aa393f902637,6,train
1efa0601d6647adb,1,test
1efa78a3be1e944a,1,train
1efea4afb3a3f542,7,train
1eff7f62bcfa1f4d,1,train
1f0878327cb48798,7,train
1f0c14524a3cc1e8,3,test
1f0edbf05c11c42c,5,train
1f0fd05c21b9e0ad,6,train
1f131143ee122536,1,train
1f172d3f87209c57,8,train
1f1d6cf851957f5a,9,test
1f20fa2a2a04c0c9,8,test
1f226ffaf25ecb94,9,train
1f227923709592f0,3,val
1f256e8880232ad3,2,train
1f264f9a81348c7d,1,test
1f26edd517684af8,8,train
1f2c831e5cef6a39,6,train
1f2f507ef81bda4d,9,test
1f3000fac29f23d3,8,train
1f392acc753d32ad,7,test
1f39b2673091f06d,4,test
1f3df9204a1933f6,0,train
1f4152388bfa9656,0,val
1f421fe04ae00a33,9,train
1f559683a7972c04,9,train
1f57630734ede660,1,train
1f5b4b0ace1c5de2,9,train
1f5d5dbf9423eb32,7,train
1f5f60d458d1f905,9,train
1f6449148fc2bcc5,0,train
1f64ec31724ef51b,9,test
1f653dc2fc20adc1,9,train
1f69c8ee0ef2eaa4,8,train
1f6dfaa7d543e428,3,val
1f71f39ac8264b31,4,test
1f7ee988ab24d561,4,train
1f8627f97575c6ab,6,train
1f8bcf5542027f4e,8,val
1f91fd11c2b74da0,1,test
1f9a85a490adb10f,6,train
1f9bc470c2fb774e,3,test
1f9dafc413648d3b,9,test
1f9e1ca137c831b3,1,test
1fa00379ff032b6e,5,train
1fa4921284a0a702,6,test
1fa59b1c72276a50,8,val
1fb1a3dac9a5474b,6,test
1fb2f50a07887690,1,train
1fc7bb4fa8b4bef0,8,test
1fcb2d57ee0d9b01,6,train
1fccf84de06fc487,0,train
1fd50e4b5afaa850,5,train
1fd87817196ebeb7,6,train
1fdcc5621d7e426f,5,train
1fdf0c64e42fbb50,7,test
1fe3dfb66e8aa9d2,4,test
1fe4c1e2b250b744,9,train
1febb20581fb3a2b,4,test
1ffb4b9c8bff0cab,2,train
20140bf1200959be,7,train
2017e758f7071985,3,train
2018989d7c14b545,7,train
201dcfb04b94bfc0,6,train
20314d9b06a86aa9,0,train
2034b21d6ccf6fdd,6,test
20388949eb2796ae,4,train
203a8a47f916635e,9,train
203ae5e4c46ad627,9,train
203f195d936ec268,6,val
203f401e78fce40e,2,train
2041175e4b9ef3a0,8,train
2044a8f46504ed4c,6,val
204c28553dbc05fe,8,train
205089ebf0667616,5,train
20560855836deabc,6,train
205c72f213707b83,1,train
205ebec5656bcce3,0,train
205f4393dfebd238,8,train
2068e95bde54ceb6,2,train
206a59cdf5369c3e,7,train
206cc50d63da22e9,7,train
20717b7fa844c040,8,train
207a46e2eb0a459f,0,test
2081452095b24b9b,0,train
2084c60f4df2e596,4,val
208c42fbc2561a95,7,train
208fe9898c8cc8bd,8,test
20917f1ff4048e9a,4,train
2091885bb9ecc002,9,train
209403246032a5a6,4,test
20940a24db34b486,2,train
209a6ba50e22b662,4,train
209d7ec11c247189,3,test
20a5bf0f0fc5c7cd,5,test
20a70728e4176338,0,train
20abf51d3ce9355e,2,train
20b5598b4ceef276,0,train
20b68cffca758b6d,7,train
20c5251db8e972c1,9,train
20c70221ea5afe60,0,train
20c70aa6dd416cd0,1,train
20c9c5257c5b6490,2,train
20ca4436528c2c1e,8,train
20caa85e3adc9260,3,train
20ce5958e59f809d,6,train
20d3be8d40eb5be5,3,test
20e5e5c36296c0a6,5,train
20e678c88dd4544a,0,test
20f0e8938ad9dd85,2,test
20f1d7e504818b5f,0,test
20f25ae3ead2292f,0,test
20f322630e63f15d,3,train
20f8e52d2ee251db,0,train
20fb169027085be8,8,train
2109cdd728c00858,4,train
210fd7308f3c5f7e,4,train
21122bacb5de9fd0,7,test
21146a1f48d26f25,5,train
2115a6c5efe00670,3,train
2119f6b6b76ed5fb,8,val
2123570f7aee8040,7,train
21260c131716a9b7,2,test
213445bf164ebe96,4,train
213707462fbd0e4c,4,test
213d5dffbd8181ef,1,test
2143e866e3f4272e,4,test
2144f4555cc78cc0,4,test
2145bbdabbcbede1,0,test
21479c4078b8fae9,5,train
2148b4db949a8ce1,6,train
214c19821ade7f88,7,train
214f3299ede34b5c,8,val
214f4fadf7ed6326,0,test
214fed9e4dcc7cc2,7,train
2150056943d820b2,0,test
2150b6b59fdfecbc,1,train
21599d8844ea1201,4,train
21631ee5c8729144,0,train
216362f9531c796c,8,train
2164979a38a48be8,0,test
21683e1f5107f608,1,train
216a104730227bb7,8,test
216d05a294028c5c,0,train
216e0167f0f9ef21,4,test
2170280b336a3edc,5,train
2174918fb3b1c41b,9,train
217c5b19cf66f666,3,train
217f24131143d43b,5,train
2181df22e5d1b8a4,5,train
21924b1c5e8bc3e2,4,train
219bf21ff5ad1cf2,9,train
219e73c2ef12fe70,5,train
219efe0a0936d19a,0,train
21a520d3f8abe8a2,7,test
21abae057b79c315,7,train
21ae26c97a87b840,5,val
21b66503ada76443,7,train
21bcb87f7583f523,9,test
21c259b50bb0192a,6,test
21c770db5208bdca,6,train
21d036b145f95b92,4,train
21d887b48ec18883,3,train
21dea5ac41a49bd1,6,train
21def6680406f4cf,0,train
21e230ade052d4a7,2,train
21e36edf3da68bd3,6,train
21ebfa606aad26a3,1,train
21effa64990cd502,9,train
21f9515de8a96d6d,4,train
21fcfea6cf6a98dc,7,train
2202b14eacd296d3,6,train
2208edfdc25d862b,3,train
220a16ddecf59143,4,val
220ce6edc27d3306,1,val
220d8641a49aa1b1,4,train
22128fb5ddeb4517,5,val
2214f9a3b72d2915,3,test
2217f515c6aecbea,4,test
221e388aa1ee648c,0,test
221f60b999669702,1,train
2221474208a28572,2,train
2226b908be3db04c,7,train
2228f25e175e4491,1,train
222a9fe261f90aed,8,train
222ca6c92d9b5e93,4,train
222d900874259257,8,train
222fa82ef26f7d13,8,train
223609f775f9aa5b,4,train
2238be71731f91a3,1,train
223b511944813603,0,train
223f371e786596a5,7,test
2243f1c2a7ec0d6e,9,test
224c39ef3762fbe1,7,train
224d0acf1e73c225,6,test
2259f80a4637757d,8,test
225d52323ffa63fd,4,test
2265bc85ca5a41b3,6,train
2267a2f75d6d3581,9,train
2269aa94ae7f4454,6,train
226af93554e6714f,4,test
226ee50f6fb84265,5,test
2272cc730e094d30,8,train
227525c1ade8382c,0,train
227761a99d8624a1,9,train
22786864f33a8a88,4,test
2279ab22d5e14d14,2,test
227a3a8e65be23eb,7,test
227c17e7cd969045,5,train
227cfc7704089d62,2,train
227e04bf96bdd235,3,train
22890ae2c74ccf96,0,test
228f8924a3cc8314,6,train
229bb50b2fdd6bb5,7,train
22a4ae665a2ce64b,4,test
22a4c3e4b3081da7,0,val
22b6c0ff3e6e5159,6,test
22ce2c16034324f5,4,val
22d604ee2dca5061,3,test
22d61f4147d514ff,1,train
22dcb9761d221d3b,0,train
22ea1c3f1aab78ef,8,val
22ecec23c9e1b40f,6,train
22ed7fdd9d07bf92,0,train
22f2b0a877d80e36,0,test
22f3e0813d279ad2,8,test
22f4651d5c1fe68c,0,train
22f9093bbac090b8,0,test
23046c5995ee023a,1,test
23074bedad1b871b,9,train
2312c1d5f9dd3924,1,train
2316acef92cab5bd,5,train
23180717c6ce0cc4,7,test
231e2eb9cbf08105,0,train
2325a459776bdb77,9,train
232a094c57b41111,8,test
232b6a4b0e280e4e,4,train
232c47484f709d7f,7,train
232d4d44dc6f2706,2,train
2338b35a970e53d0,5,val
233d9cece5c84661,1,test
23406ae0ec3666b1,6,train
234f0ef330f018da,5,test
2351d257fb8ba7c3,7,train
235ea53c706bbdaa,2,train
236aa900b1549f95,0,train
236dc3a56edf7d05,4,val
2384122531d785f7,5,test
2386a39acfc47aa1,8,train
238b645e73db64bc,8,train
239139aa806e0d37,0,train
2393348f9d4f0266,4,train
239340dc885850cb,0,train
239608b653ab94c4,8,train
239763bfc18d3832,4,train
2397cdd12c036f7b,7,train
23984c61cb66b9ed,7,train
23a109d8aa62792c,1,test
23a29a0b1b2da04c,4,train
23a3f074a6b32310,6,test
23b6ae04eee3d78f,1,test
23bd99cea868d1f9,2,train
23c0e4f6b63b18e2,8,train
23ca3d91ba45ba63,4,test
23cdcb41b2067ea2,2,train
23d0373f3e5650d2,5,val
23d4b0a9be30807d,9,test
23e2adc65256de1c,4,train
23e5ebe0f452dbd2,6,train
23eb7ed5864a0d41,6,test
23ec74eefd6c7672,2,test
23f9491b595e4be5,5,train
23fc510a9516f06a,0,train
24087e476352cf5b,9,train
240c690765979bcb,3,test
24118a0f6086ad00,1,train
2423154ca806f986,9,train
242498a12cb65e10,3,train
2426a12f4df06e9d,2,train
242e8cdee185b138,4,train
2432875444c018a4,4,test
24390312a638325c,0,test
2439ae4a7c0f8b5c,7,train
2448f884ddbb2c06,8,test
244a50864c345963,8,train
244c602e0aafd018,0,test
244cc738f2529b63,4,test
2453abdc94f96572,8,val
245756a3cc2ebc78,7,train
246442529cfb0411,5,test
2476542099f7bd21,8,train
2476e287a9d46694,5,train
24799e9b18406689,1,test
247ad357c0e1efbc,9,train
247f72486c2858d4,4,test
2481d03eebce1d20,0,test
2482417f57362ee8,0,val
248504ca90db6e23,3,test
24861a2d37af5b30,8,train
2487aadcb46b74ba,4,test
249a36e844107b48,1,train
249b1e98eb71ef96,0,test
24a593ba39b76071,1,test
24aeb4993557e52c,1,train
24baed1567080671,2,val
24bc1234fe20ca79,8,train
24c1a8000f54ca04,1,test
24c1cf01edb9ba1a,6,test
24c671e6a47c11f6,2,train
24d788ab83bda85a,7,train
24dacdb669e2a131,9,test
24ea07e7f9e632d2,7,train
24ec7f53bca865fa,2,train
24ee3594a7f79138,8,test
24f0b6266bd5d2aa,3,train
24f3e8b0b12f913a,4,train
24fb171a0558eaba,6,train
24fe4f45d4123775,8,train
250349055e7b80af,8,train
2503b735122c4bd4,1,train
2505cee8a99db95e,0,train
250eb1ed83011111,9,test
25167577d2700fa5,0,train
2519a94653e0a70d,7,train
251d4ffd903fe320,3,train
2524fadc77ef3772,7,train
25255968600374ca,1,test
252e520f22c726b3,5,train
25356638bdf5ce51,7,test
253d648b31d2f72e,6,train
253e56fa487a29da,0,train
25424fe0764db3a6,6,test
2542d223380c8af0,3,test
254b221c8398f834,7,train
254cc4e3288f25a9,4,train
25518d52e2a606c7,9,test
2558bfffb9b2a461,9,test
2559aae93bdc2876,4,test
2563645a0d2c2429,8,train
256631e48e669fc9,6,train
256a9d0714870c0a,8,test
256db0b583dc54ff,6,val
25705c637c53adf3,3,train
257273023c2c46c6,6,train
2578c85aae3990ba,1,train
258470cdcb1257b4,9,test
258526f18275cea3,5,train
25870c0db30cdb29,2,train
258c03cbb55369c9,0,train
258c52482951a44e,0,train
258ea9a3db98326a,5,test
2593a006381e090a,2,val
259bc54d2813bd47,7,test
259e477ffcb71765,0,train
25a215fb0dad7893,5,test
25a75c368dd4a754,2,test
25a7cdd8ee89d41f,3,train
25a98a4fe8f77a89,9,train
25ae2c99371945c8,6,test
25b053ff555cd578,7,test
25becef406e29c72,5,test
25c1e74e82213655,4,train
25d12ed47ed00099,8,test
25d3dfe357cbc3f2,5,train
25dcc85f3b28e121,7,train
25e853ec1cdbe71f,9,train
25e903deebdeee3a,9,train
25eb45af20cef6fc,1,train
25f0ca9bf3da61a8,5,train
25f153445a9b25ba,3,test
25f7ac981b36ae13,3,train
260121d244246103,7,train
260223fc1b09ca1d,2,train
261b8c69be4b91e2,3,train
2621a03f82665f6e,3,train
26254a5bfd41e645,9,train
26276a08eae64a80,3,test
262a9bf28a362eb8,2,train
2639ffb8646fe288,5,train
263d653885c3a5cf,9,test
264187ac27ddb647,8,test
2642987b4dbe7f3d,1,train
2645d7dc359b7266,4,train
264acdea0b830e0f,4,train
264e42938f074a0a,4,train
264e585634eeebec,0,train
264f72590a1b72f6,8,train
265459351513d775,9,train
2657e988355c47b4,7,train
2659cfa703f7c0bf,7,train
2666dfc8a2396687,8,train
2673ddfe3d267461,6,test
26767521e8a263fb,2,train
267b3bb879d46d90,7,train
267d774443775886,1,train
268087edc28353e8,5,train
2684c5806e999294,7,train
2685e91f9050dcf6,5,train
268bb8ae071a884e,6,train
26910aeb12a589de,8,test
2694427d70645a9d,0,train
2695a4922d23f923,8,train
2697573b7e32f5c1,0,train
269843da31350e7e,3,test
269e85a4ff8a0084,4,test
26a21ee7c4de5de1,4,train
26a37c11e28143e1,6,val
26a627d892d928eb,9,val
26a642285ad9a367,3,test
26b85b3d4a4b26dc,6,test
26be67b610b2c81a,3,train
26bfa00ef7cbe69c,4,train
26c5fd7d0a5c38d0,9,val
26ceff319d48a288,3,train
26d2b54ba076c4d8,9,test
26d8192219787991,4,val
26dbf5351e224080,3,train
26deca3a96eee7bc,4,test
26e00754a3c40182,7,test
26e17b7d32c810ee,9,train
26e186bb69be1fc0,5,test
26f611d3b67a2c41,9,train
26fc9a78a8acb75c,3,train
27133574474aadb5,5,train
2714c2fe8a3a07b0,8,test
271cba31ae10eb7d,0,train
271e737a637651fb,5,test
27205331c45ab1d6,8,test
272284a2281246a4,0,train
272a2389d6d5bb79,6,train
272c82a258a7453e,7,test
272ce3cab8d0c74b,1,train
272f1cd24cac7de7,7,train
27315faea066e480,2,test
27344a76f235de19,3,train
273540ce607db8f8,3,test
2742091782e76c42,8,train
27433fb708ac9ca2,5,train
27435924e45c8427,0,test
274e3cec59c574c7,6,test
274eda0e7cd1f165,9,train
27520a61ce3bf9a1,2,train
275306e788629780,9,test
27540f0684b894d0,4,train
276024033dc12c0a,1,test
2760b17053d12cca,5,train
276bdcf96dde7835,0,train
27700d3788a13c66,5,test
2775facf26825c3d,6,train
277c5df2f88ae832,5,test
277cbe6aafeb1ed1,5,train
278020141442bf3e,1,train
2786ff26603b6018,7,train
2788c33b2b76145f,0,test
278b8720db22ab19,1,train
278d6ea7e8f7a2aa,7,test
278ec73b014571b3,3,train
278f2d3476cf2371,6,train
279401858373501b,5,test
279996abd89793bc,5,train
2799c92a70ead99d,6,train
27a1719ac1352f65,7,train
27aece1917cfd2a9,0,train
27afabde3d6477f2,2,train
27bcc24788c1f86a,1,train
27c0d9f01a714338,9,train
27c2d335f54db396,4,train
27cbba2a02958700,5,test
27ccedd9524b891d,0,train
27d716cedc69ea26,6,train
27d90c719260e163,9,val
27dae528097d97b8,3,test
27db391e0841c4b0,9,train
27e07eead3f6ca91,9,test
27e1bc9102c048fe,4,train
27e325ba00278d26,2,train
27e5ec6ecd10df29,8,test
27e90d8dc3d1e0b2,4,train
27eada39b57eca67,8,val
27efb20ea0f4a2be,8,train
27efbf3622b67142,2,test
27f54e7ed9e59c0b,1,train
27f820d95ff60dac,3,train
27f969898ba7dd9c,3,train
2804e76753ede750,3,train
2808e0ac91e6784f,6,train
280c7bd74e755d86,5,test
280e3a662cc4236d,4,train
2810622b66ae0b12,2,val
28128f6a2b256e4d,0,train
2819b096f512ec38,8,train
281c575b5ba028f1,2,train
281d8e7bfa291562,1,train
281e3b93ff9b2d4c,5,train
282049c9bacad870,0,train
2826eb01e06deecf,4,test
282df40a961f7754,0,train
2839e14b2d5c03d5,6,test
2841593642556e7b,8,test
284345901b95794d,8,test
2843a1a7f6b0961e,7,test
284a9a0920fe6171,5,val
284ce860c13351ea,9,train
284e5f8585160674,7,train
28619f784196519f,3,train
286573fd5900693e,3,train
287246dab64a7b6f,3,train
287395704d2abaec,9,train
28755ccee550054c,7,train
287e045ec922d867,7,test
288259712034e9df,5,train
28866f14bfc432f9,8,test
28878f3fe2aa6445,2,train
2890086791c16e49,9,train
2899d5e0b7909cdc,7,train
28a025e484c19adb,0,train
28a15d1a29b47d13,9,val
28ab8ffab2dbe012,4,train
28b428f58a2bcbd1,7,test
28b69036bf5bbd41,7,train
28bb920d71ec49d7,0,test
28bc0d092eb1afe5,9,train
28c11f33f3415aa1,5,test
28c4bd2994655bb8,1,train
28e0a3ccfc1ba268,7,test
28e1955d16d81bce,1,test
28e842fd554333f3,2,train
28eb0ea326367e60,0,train
28ebc7f1d8d92597,0,train
28eda90647a7fc30,7,test
28f156f5327b6b4e,9,train
28f1de87c974703d,1,train
28f9e8ba2081be2e,4,val
28fa4798b7d9853f,1,val
29022620e5f6ca84,1,val
2906fcde84a725eb,5,test
290f988c9f2f9ca1,5,val
29176151b2c3843b,8,train
291b43adc9d31981,8,test
291c2f64c40b6b33,8,train
292566dfc9facfc6,8,train
292cd5e6762bcf50,7,train
29331ddb6ce51c33,1,val
2938e336573dd827,3,test
293c2500d906b1af,8,train
293c319399a10c23,0,test
293e70719bf90290,7,train
294d291a023c2d81,7,train
2952f1a420210bd4,7,train
295f6aaa2ddc17fc,3,test
2961c99c4983948a,9,val
296261362ef21b79,2,train
2962729fcfddbf1b,0,train
2965d0fe9adb76ad,7,train
29747c591db1422e,2,train
29748d7fd9871eac,5,train
2974cfc3077a2816,6,train
297a54cc269262dc,2,train
2986b4e4ce365ecc,9,train
298876d1d57cee95,9,test
298934df90f610c2,1,test
298f23c057f9358e,0,train
2991536040886f44,9,test
299d27ca151c4a24,8,test
29ab0d4dba920ca0,0,train
29ad825d08565626,6,train
29b25a38ad21d371,3,test
29b2d585c2af8f4f,3,test
29beaf8e496dd39a,4,test
29c7e541ccc576e8,9,train
29ce86c4f69437db,7,train
29cebd07d851851e,6,train
29d178491d6a107b,7,test
29d471e70cb650ef,9,train
29da6152a1e44c45,9,val
29de97e0cde9212c,1,train
29dfdd5581c37d87,8,test
29e435fef4bb5c67,0,test
29e47d40815e1985,9,val
29e92682ff1ecab9,3,train
29eb7c69c844087e,1,train
29ec9c3574c703c5,6,test
29f0ee00cfae18cf,9,train
29f2df60d6cdcdb6,1,train
29fb080ee2463341,2,train
2a0a7b58b9b58101,7,test
2a10f7bbfaaf02e7,8,test
2a17e38944ab56fe,5,train
2a19f1d74c225c8d,0,test
2a22e9a0ad8b54b4,8,train
2a2b323c096c90d7,0,train
2a2cc412edb3d490,5,train
2a2d56b06fd3f06c,4,test
2a3d440e81d0fd29,5,train
2a44947dee905f34,5,train
2a46e59dc1f8e4a8,8,train
2a4a8428ba965f0f,8,test
2a4c2cfc0752e92e,6,test
2a525a6de3d177e6,4,val
2a61daff599268f3,7,train
2a66b5aa83dc43d5,7,train
2a6f14fc20aa8da1,5,val
2a765a9aee7ddf6d,9,test
2a7b0fd38001d0f1,0,train
2a7b51b723212804,5,train
2a7b653abacf8785,2,test
2a8616eee8bcaf8a,1,train
2a8baeefd13a92b4,8,test
2a92cb0134d36e9f,8,train
2a945f79229e993e,7,test
2aa4ab8b412344eb,4,test
2aa57373dbb1e2a8,8,test
2aa7c6abbdce65c6,8,test
2ab0d270d1614351,0,test
2ab4062fc1488016,2,train
2abbb0776f6834fa,2,test
2ac0707e5229ae28,6,test
2ac0bb5afca88b1f,8,train
2ac1a65ef59c731e,6,train
2ad33ace80029443,1,train
2ad70c51fb54bebc,8,test
2ae05744016c33cd,5,train
2ae73a4f99b7be8f,7,val
2ae7b2e55e9129b2,7,train
2aec3d55392fd9ed,9,train
2af0619b4b921452,4,train
2af84931c9bbc711,3,train
2afabcdb4d39df22,3,test
2afd407da3f306d3,5,train
2aff17e0f458bd80,7,test
2affd869cb4790fe,7,train
2b0184bccefd2551,5,test
2b06ebd4a7dd81eb,6,train
2b0743786da3dac1,2,test
2b08f25bb3f94c07,8,test
2b0bd6ab3ef12bf1,9,train
2b0ecab06801f4cb,6,train
2b107c3b601d8526,8,train
2b1250192bf8314d,8,train
2b177b21230a0511,0,train
2b1d8b0ac88a1c10,5,train
2b1e4aa592c22efc,5,train
2b22f44cc0fd2279,0,test
2b244f0eae0561f7,0,val
2b26e71268e18119,7,train
2b2b6cfd7037f456,1,test
2b31409b1c9546f4,9,train
2b34484780ecc5a5,5,test
2b4125c1548e1bf1,3,test
2b448f369e203aa3,0,train
2b45a9b78e79a515,2,train
2b4f416218311859,3,train
2b561d523225e03f,7,train
2b59201242b8e3df,5,train
2b5d87ce6b7782f4,7,train
2b6445de396a16e6,5,train
2b64fd3b18a415ae,3,test
2b66e503c81bb235,2,train
2b6ad11d62733020,1,train
2b6d85fbff1a37c2,7,train
2b6e2ad81769bcd5,6,train
2b71ed007fbecffb,6,train
2b7631fcbadfd859,7,train
2b7c3c4467066f89,0,val
2b800c29dc237a4a,3,train
2b9601ed29e9015d,2,test
2b99b00f162bc05d,5,train
2ba0b58d865919a3,2,train
2ba0b9df71bf0317,1,train
2bab881f48dd34d6,5,train
2bad291b3471b3d9,2,test
2bad5db2334585ed,9,train
2bb2002a40b3bf1b,2,train
2bbb60f893a4a7c1,6,val
2bbdc6b5243aa700,2,test
2bbe66b607de820c,3,train
2bc04e07d1d8b6e0,2,test
2bc5c3bfb8656917,2,test
2bc8fe4dd108fbe9,4,train
2bce07c31f3639d1,3,train
2bcff062de4f252e,2,test
2bd45dc1a09ccb97,4,train
2bd7d4544657b39b,7,train
2bd9eae4ff2ef59b,6,train
2bdb4fe7e0f87f8f,9,val
2bdd472cdc4a9dd6,5,train
2bde6dae4ee1fa86,4,train
2be091e0bbc2457e,3,test
2be45849c2d92ee5,3,train
2be73d715da1ef86,7,test
2bec013bcbeceaae,9,train
2bf6bb9dfa8b5331,7,test
2bf7659b208d4134,8,test
2bf7c614a12f53cd,0,train
2bf8b1e2acb5c899,9,train
2bfc562e14890971,4,train
2bfdc50a383e6826,3,train
2bfe516cd8f40588,1,train
2bff0843f3b5e283,0,train
2c0020d467939fa4,0,val
2c0408edd5b1e082,3,train
2c067c285a5bcc42,6,val
2c08218fa98eb5b3,2,train
2c15e9df1b4b429d,2,train
2c1a9f1d884020d6,6,val
2c227cb99aac655a,7,test
2c2691194c9652a8,8,train
2c2b058e1d566595,5,train
2c3a4cba9b415b61,8,train
2c3b845796bcfc68,0,train
2c3db16d6c4fe197,0,train
2c43fe241364a846,1,train
2c4d97a08f377f75,5,test
2c56e4d993c518f5,7,train
2c571d3cfb5102c3,4,test
2c59c6c04f2ee8cc,9,train
2c5f36d49be36666,5,train
2c60a2da083b6dab,0,test
2c63a9e3070896e7,0,test
2c6af6e6c30be756,4,val
2c760b29952b55f8,2,test
2c779a7ee1b9d65a,8,test
2c79042c19faa554,5,train
2c815e77853e64f0,0,test
2c831d24386d8220,2,test
2c8f7c077442d02e,4,test
2c9894fb1b566516,7,train
2c9c53e7b84eda73,4,test
2ca2f1d7e0eab6a7,8,train
2cac59cf21be09e8,2,train
2cb7e84ce0987884,9,test
2cc07c8b54bafd58,5,train
2cc80b00d740b202,0,train
2cd4b0e3aba98014,7,test
2cd9674f827adbde,0,test
2ce2ec26a83bbd8a,9,train
2ceaf92b062b176f,6,train
2ceb06cc96528ee6,8,train
2cef6d800ce76c80,5,train
2cf47c3b601b0724,0,test
2d05dcea79087027,2,train
2d06937552ca1b99,2,train
2d094d71977f6234,9,train
2d21154b083ce66e,6,val
2d21e661e25f1f69,7,train
2d2a6ff0e1c72573,2,test
2d4ceea7d17ed1c0,6,train
2d61ff4cbd56171e,2,train
2d6d07da30f605a8,3,train
2d71ccdb9296bade,8,test
2d7e5e0fa0287632,5,val
2d7e92eafe6a7412,8,train
2d7eb5d9550f9d5a,6,train
2d83322aecb704f0,8,train
2d83c0369cc2a213,8,train
2d853960b205a7da,6,train
2d866fb39ed0f27a,9,train
2d92326998b6cb99,1,test
2d935372a9a1c503,5,train
2d9910ea7e2aceec,1,train
2d9c2a22e074e2e7,4,train
2da10f74c41b12ed,2,train
2da214088c3dad45,7,train
2da905d5ddedeab7,5,test
2db46e9db109bdf0,5,train
2dbd68c448a2e040,6,test
2dbda2c3bde944fd,4,val
2dc0174b39ea80d3,7,train
2dc551ca3035b470,2,train
2dc5dd1ee7822377,6,train
2dcd05fd921671a9,3,train
2dd2ebb414779857,6,test
2de18c8be5bf5334,3,train
2de240cdd26626da,9,train
2deadabc548a3f05,2,train
2dee060a20c61f6d,0,train
2defb40103518456,4,train
2df1ac1352db0396,3,train
2df5a78d8c9248f8,5,test
2e00a3181930a4e9,8,test
2e0b9032b85ebc41,5,test
2e108e7fc16152a2,8,train
2e12e2e07f375850,8,train
2e15976cd04fca2b,1,train
2e1ae39680096ac2,5,train
2e2221a5111aaa27,4,train
2e2cb186f85569f0,3,train
2e307c69f3464c6f,1,test
2e31785c7d97f551,0,train
2e32ffe7d7fa6756,6,train
2e378efa0b00dfd6,1,train
2e37f243345cfad8,1,train
2e403f44e201a04d,0,test
2e434754505b2191,4,train
2e466b89330c0fe7,3,test
2e4a1bc3da2f1c10,0,train
2e50505f23b21086,1,test
2e52c8b6cd377cba,4,train
2e5550b32afdda23,5,test
2e69a232b4244885,2,train
2e6fa22d3be2a2d2,5,train
2e70a96832034efb,9,train
2e794a2a1c38b824,0,val
2e7b9126c635ebfb,7,train
2e8ccca0cf1e46cc,2,test
2e932d560252e0dd,2,val
2e9deb230b34f8ab,5,train
2e9e579d8cad6cc4,7,test
2ea1168dc3d38bc3,8,train
2ea72113d1be14e7,2,train
2eaa1614c4b41305,6,test
2eaae5699e000aa4,1,train
2eae6a553cb8076c,8,test
2eae75f8c2948305,3,test
2ebbde1eecd206b3,8,train
2ec22237fdb88109,2,test
2ec464aa075609ab,4,train
2ec50002c10da6e7,3,train
2ecc11e777905e7d,5,test
2ed0791191c78621,2,test
2ed3c4f8dba3cb1f,5,train
2ed48198c856973d,3,val
2ed6afb4399253aa,0,test
2ed87a1e051d6b01,3,val
2edb84ead136939a,7,test
2edfa963261d2212,4,test
2ee115468608ce4b,4,train
2ee2943a6bbfbaef,8,train
2efbe4d9184b1a1d,2,train
2efe5895f8e513c2,8,train
2f098ffa890a4cd3,1,train
2f0aae0656fbacee,3,train
2f0dccbf65644683,8,test
2f164fde62b09b3d,4,test
2f1a655e1330add4,9,test
2f1b2d0c4df58b3c,6,train
2f1c030ca64a339c,8,train
2f22cfefa2273762,9,test
2f384b24aa51a6d1,1,test
2f395fda8f24dbc7,8,train
2f3d3b6991b86197,4,test
2f40625c9488f505,2,test
2f44ebda2153c48f,3,train
2f4a9e83a33657de,4,test
2f4ce073eefb3bd1,2,train
2f4ef44db42fafd3,4,train
2f5a1618e19137a0,1,train
2f5d3da947daa591,4,val
2f5db8c25bea69a4,6,test
2f611fca04d2af79,8,test
2f6bc4db0d1d69a8,1,train
2f6f1e8ae8314f3b,6,test
2f715b867e0782b4,7,train
2f77401b860be668,5,test
2f77ab8442a51a65,1,train
2f80e6bf2919fc8a,5,train
2f874a1b5fbc76eb,8,train
2f89e6d70d72b2e2,1,train
2f8b91bdc2befcaf,2,train
2f8de4b393dc11b3,9,test
2f978382d8cb5506,0,train
2f99beb4f7f832b7,6,train
2f9a01477f38cde0,9,train
2f9a1713858f643a,9,test
2fa1d5b2bac9e167,7,train
2fa1ee17334a6a9b,3,train
2fa3fe112b558bc2,6,train
2fa8a745bfde2959,0,train
2fb4e4f550063bb4,1,train
2fb9dc771870c0af,4,train
2fbb332a2f854a2b,3,train
2fc02e007bf3c222,9,train
2fc39381da403d63,1,train
2fc8b92828d0b7f2,6,train
2fc9787d04af1b95,1,train
2fd715272fa2f9ff,8,test
2fd71e87e2efc366,6,test
2fdedd5751ec44f2,5,test
2fdfbf411be0191c,0,val
2fef9988b9a6d92f,7,test
2ff22fff92da69b1,8,train
2ff29a2d254e7dd7,3,test
2ff4708d3044808a,6,train
2ff6ff004f807445,1,test
2ff781f185ad9335,3,train
2ffa76922835bce6,7,train
30024b50906c2c2d,3,test
30057f26c79143b4,5,test
300961640bc77d15,9,test
300b60cd535b4ece,2,train
301253c631e5cd87,9,train
30206aeb5002f433,3,test
302739d6de657747,2,train
302bc00e7ed82466,5,val
30382d64b1291b72,5,train
3044ced643189ff5,8,train
304975e588836b62,1,val
304fbcb70123c56c,6,test
305732d3a95a545d,5,val
305a479bb21ced7c,0,train
306246657867f6d7,6,train
3068202e634d0a36,5,test
3068320dc517d6f3,0,test
30695fd62e3ffada,8,val
3072762abea07e7a,7,test
3075f7b0bda00408,3,train
307de7786a447ad7,9,val
30937ffb54c66e3d,0,test
3093e6bda327c3a4,6,test
3097079e1de2d387,5,test
30990207cb263843,3,test
309c530ceb4e82c4,1,train
30ab47c08a55969a,0,train
30b189b3ac1dd872,9,train
30bde3286309592c,7,train
30c4cd04f0b44f80,6,test
30cc14fa216cee2b,7,train
30d3e110dd050ddf,2,train
30e2841c5c0c5a19,0,train
30ea137a462d010a,0,train
30ebc17c4c169fbd,5,train
30ee00629af2f677,8,test
30ee543dd5fa239a,8,test
30fe2e60855c4c90,1,train
31038c7739fa5d06,5,test
310949556f07d3ad,8,test
310cecec8f185d34,6,train
3112fc18cf80e96c,5,train
31147d931d010c0a,4,test
312ebe5e622dfc48,4,train
3141689f6a276df8,6,test
3145330836f67438,8,train
3146e068be9349e9,0,train
31486743285ed692,4,train
314d421f8f4fe675,8,train
31507042fe23ff68,1,test
31524d6311d0edce,5,val
315301568a2747d5,9,train
3159e2abf70b8689,7,test
316b8c6d9e7e254a,8,test
31730d6abfebfdc5,4,train
31743fc884e8522c,6,train
3175c41569020f97,7,train
318504daf8490d13,9,train
31881c35951ed42b,5,test
318d6d6bc87974be,7,train
318e1331899396bf,2,test
318fcece662fe8a8,8,test
3190876731758397,1,test
3191baf074f19277,6,train
31a1a24956a3c93e,7,train
31a5a4b4fb5daac5,8,train
31a62bc925b45b32,1,val
31b15cd5eb251712,3,train
31b200213565dad2,8,train
31b59353372bef45,3,train
31b5b32dfa031385,0,train
31b91a7796f5da8e,5,test
31bbe1473370363b,6,train
31bf24e77e8d4dcd,8,train
31c2116ed48af40a,6,train
31cd709bd12fde41,5,test
31d13db562f27724,9,train
31d18e86b7dcbcde,7,train
31dde2a3ee375b24,2,train
31debd0b868a9988,0,train
31ec2cdee1fc238f,0,val
31eda65288b6fe16,7,train
31f1e9bcdfb50424,0,train
31f35033c355666f,1,train
31f735c9d563dd4b,9,train
31fbfb7db2f58e79,7,test
320fc6d0f0540954,6,test
3211e2e27a307cdb,4,train
32142ab3f8c0ad4d,0,train
321583aea6d32a58,1,train
3215f75a680ecfe4,7,train
3221cfeec8f41fc3,0,train
3223bc067dc90fac,9,test
322593ba2f02202a,7,train
322a88723c174288,4,test
3231cae2249a6985,3,val
32328d639d308373,9,test
32350ef39ccbc381,9,train
3235df6448224ac2,0,test
32366c9a19f72a08,4,test
32412bbebcff159f,0,train
324a87e1d740fb13,2,test
3254c017b6da585b,1,test
32562a7683eb9515,3,test
325e69c034a844bf,0,test
325e74c70f58c6e9,6,train
3267b31b6b543ebd,9,train
326bf4f1cc94edf2,3,train
32767d9279dc0cbe,7,train
327f382bf7ee386c,5,train
328c86cbc832b2e4,1,train
3293f1c380cf925a,4,train
32941d2c76f357e4,9,test
32960db2fbc80bb2,1,test
3296e5939419a7b9,0,test
329f554e7e69128b,4,test
32a08fa41b4b63ca,2,train
32a2a5b75d792f58,3,test
32a7d2a07641557b,5,train
32ab817254448ccc,1,train
32b07358dd35b44e,6,train
32c7843c47d82647,5,train
32ca55b294f53b47,6,test
32da9f84dcd826f0,1,train
32daae162384b53f,6,train
32f15b4d74f0de33,1,test
32f2a06b2b80750d,3,train
32f3a4d0bff72057,1,train
32f666fd0d5269d9,2,train
32f8b4346e4fb1b8,6,test
32ff9b3261044472,9,test
3303705ac4864d72,8,test
330d07a2f97f043c,2,test
330f59261fb3719c,5,train
331ae5350e4015c2,9,val
3328b0ef288385d8,6,test
33299397c480a898,7,train
332cc45e7206b804,9,train
3332c61843402f8c,8,train
333413ede8b24971,5,test
333a6cce72738102,1,test
333a88de93a6a24c,0,train
333a9d93f3a90dbd,5,test
333b1c2880205d29,6,train
333cbd581764cb9f,4,test
333d434a4d629021,6,test
333d981f88048616,6,train
3354af25c86b90d9,9,train
33569bd78cd8d486,9,train
3359cd8260b9bb4c,1,test
3360ce0f61a2c94b,3,train
33675d3b7535e59c,0,train
3368e47caee8ff0f,4,test
336ebd659458ae36,1,train
3371aa96ceee5783,5,train
33770036fbdc6dac,6,train
337801f8b47f244c,4,train
337fb6bee525e906,5,train
33816c42aaf81194,9,test
338225005c440e3a,9,train
33878232298e2f98,2,train
3388a4b0f4cef0a4,9,train
338ca76bd7b202f7,6,train
338dfb57fc78c514,9,train
3392328c34266944,1,train
3398b5359dd8505e,4,test
339c90ed804d8225,9,train
33b7af79cd262f13,9,train
33b8258af6834ea8,6,train
33bfbbfb08651dba,7,train
33ca4f1e7b3aa247,3,test
33caa727a2d6f7f0,2,test
33cc24cb93177c8f,2,test
33d95556c6b17bc6,5,train
33da56cd814ec728,5,train
33dd07c727374610,6,train
33e22982625912b0,2,test
33edb6de716d7c08,8,train
33ede7c855251c68,9,val
33ee7749cefd051f,6,train
33f857c4a8d10d20,3,train
33f9982eb48d3346,0,train
33fae43d5d5872cc,5,train
3403ed6cc85dc2ec,5,train
340d5156d73adec0,6,test
340f6ceba8991d2e,2,train
34169b7fa4b04dbb,4,val
34182d79d9c4d612,1,train
34222712e6e3ce8a,4,test
342518b91925af59,9,test
3431ca9e7365e044,3,train
343a9457e0594501,1,train
343d62a190bf564c,2,test
343e40e0cfb7cdf2,9,train
3446b96d1fc38067,3,train
344f740d1a03d5b9,7,test
3455d0cc9fc64cc3,6,train
34599bd33ca0efd4,6,train
3462d97590f83451,3,test
346586a720df50d4,8,train
346a0a29be71971b,5,train
346d6425e229d440,5,train
34718c36ab88fb28,4,train
34784ee3d98d9a68,8,train
3479ae99dc035348,4,test
348989a56a4f8b67,8,train
3492ed3e7e4b9a25,2,test
34950df5d0dd3b4b,4,test
349cccffa4612208,9,train
349cf93d53c6325a,8,train
34a2eabfd932fc4e,6,train
34ad9797221681f5,2,val
34adae10e634a6fc,3,train
34b13300e96bc6c5,2,test
34b81930034e046a,9,train
34b8fa1ba908452f,6,train
34c23133cdd0431d,9,train
34c28ceb76585ce3,0,train
34c567997d9b95e7,4,train
34c6314bbe18b47a,8,train
34d25f96a4fbac54,6,train
34d357fc39744345,2,test
34d48f4a663a99e8,5,test
34dce0b35ac43efd,0,test
34ec6af2a0410a49,6,train
34ec8c0134723d96,5,train
34ed621ab4370fdf,5,train
34efa6826811d580,4,train
34f4590d72f23255,5,train
34fbf23aa3843d39,5,train
34fdd270ef54057a,9,val
3507650d4c142ec0,2,train
350b8506d97d559a,2,train
350f9c75292334c8,6,train
3512c0a30c8aa93e,2,train
3517930059fa5849,9,val
35200f43a79f1549,7,test
352168ababe4a427,9,train
3525d9e3f9e659be,9,train
352d466b12c15cc1,7,train
35381d85115e19ba,1,val
35387f995d61f286,5,train
353b32336d693b3e,2,train
353b86df096d2215,6,test
353d8518505fc0c4,7,test
35403b38c75c5622,7,train
3540744fb9274b83,0,test
35466773e5242530,3,test
354b7d788ca56d71,2,test
354c62cb66975e6b,8,val
35502edc66c98d10,2,train
3558600f5e2b9aed,2,train
3563dd51bb09d75f,6,train
3566b3cd6e67550c,6,test
3567d053935d4a9c,5,train
3568ca250b5a5c41,1,train
356c3499fb35eef1,4,test
35709f3f3d44d690,3,test
3572926d66f32a9b,4,train
3572d166f9ed568b,2,train
3572ebb7c10c86d2,9,train
357c371dbc548732,3,train
357e73eb666ad71a,0,train
3581e2c3ccefb524,4,test
3589b217c21d7c34,2,train
358c147ca77ffc4a,3,train
358f9c545dff7c84,8,val
3591419cfe13d607,9,val
35914e7aa2d6f56e,0,train
3597ca8fe1f5b16a,7,val
359c92114e56574c,1,test
359e62d5fc5b1d52,9,train
35a07bcfa57b53c2,1,train
35a102c28569c0a6,8,train
35a688fece3b60bb,0,train
35acadef6c838066,8,test
35b633e3f479d43b,2,train
35b9d68d247cbefe,1,train
35c2e6689f3a0b2e,3,train
35c4819e3f53a28f,5,test
35c85292c4bcbfe4,4,train
35cd7465b1e71fd8,6,test
35dfc0df38ea47fc,6,train
35e2bbf4cfb255e7,5,train
35e3af98d36391fe,0,val
35e7bd9f071327b4,9,train
35ea5d1d5b6b661c,4,train
35ee7f94bf832ef8,9,train
35f017eff957abc9,0,test
35fbd4c3d3af7568,7,train
35fe15b3f5073c0b,6,test
3602201cfa8756fa,9,val
3605d5ef49a9bdd3,3,train
3607421d9b1db2c1,7,train
36086f39b2fe1a5c,7,train
36093ea7070333e7,8,val
36133464cbfa0b2d,8,train
3614cd5895138b4e,2,test
3617aa9506107fdb,1,train
361d10338c25d8f7,1,test
36265589e34fd79e,5,train
362e5810759e7c93,6,train
362f74f7f15d2f15,3,train
36313e51a3631a15,9,test
36355aeedb40e1f3,6,test
36371fbf7e30f5c2,9,test
363af0ea04d5c343,7,test
363bea8707afc115,4,train
363e979f62832158,6,train
364134300cf01b0c,9,train
364d1d29ae3366a1,8,train
364d92c36fb24007,4,train
364f2559d860ef8b,9,train
3652bed79f0ff2ed,9,train
3653116b0c0cd6f3,1,train
365460e3e5e660eb,9,test
36566465b4ea22e2,7,test
3659282596739e1d,6,train
3668f7aef9c1519e,2,test
3672fe293b5af6d8,7,train
367babd1019c151e,3,train
367cc8e703e7ec76,3,train
367f841513cc8d80,2,test
368d49b3330eb817,5,train
36907ec24ae211d3,8,train
36928988c86b2c38,8,train
369c5ce382c1acc0,8,test
36a15292ee8059ed,4,train
36a2d5a36608e758,4,test
36a492a8b5cd7ada,6,train
36abb5209939d3e3,4,test
36b066c801b88fc7,3,train
36b877717b299fc3,8,test
36b9fa13c487e4d8,8,test
36baf77e52a1ba06,6,train
36becaa733760b56,8,train
36c2675d7e1ce825,1,train
36c41b6caed8e2cb,1,test
36c54f0adde72869,3,test
36cb1b420fd5beac,6,train
36d4d14ed0e85cee,7,train
36d565880859b0c1,5,train
36d6890243205547,7,train
36dcd6e097685d16,7,train
36dfc0f523fc879a,7,train
36f167ba58362017,1,test
36f6baa7b4365ac8,7,train
36fc995e9ce83e7a,3,train
370045e91e39d88a,5,test
3700acd686b6f0ba,1,test
370ce8dc4b4f968d,2,val
370d1f154d26e339,7,train
370d49c89b8d6d12,9,train
371113702233657c,0,train
37112cab9b0f5ef2,8,train
3711abbd4c23ff33,0,train
3716e5d3e90654db,7,val
372402739fb749d3,2,train
37249644301b9c48,1,train
3726875b036a656e,0,test
372dc8577358a6a1,7,val
3731fd3d5c5dc0ff,4,train
3734043a0c8ea429,1,train
373782bf098db126,2,train
3738b87770364898,6,train
3739e8e667e1d84f,7,test
374091d8c71dda5b,8,train
37416717be78a4b4,8,train
37471256216b72c1,7,test
374d42275a6b889e,8,train
3755f7daeacdb1f8,6,train
375f92f3484406dc,1,train
376aec07d73fd4f8,0,test
376cd28e1e1f680b,0,train
376f16d8302b6a2b,8,train
3774b5a3d5c42b3a,1,train
3774c91bb1b1ad5c,3,test
377d35d3e7085fcf,7,test
37810f52203a3fc2,0,train
378564694ac9435d,6,test
3790d51d343b53c1,9,train
379e09a9368d2755,0,test
37a3d18eb80a9b40,1,train
37aa36ff43c7994e,6,train
37ab9991c6a33d0e,3,test
37b52afff2aa7c92,4,train
37b61b9d61dd801b,5,test
37bbcc498224c9ce,1,train
37c3444ba99126eb,2,train
37c3e6dc1e30d5eb,2,test
37d28e7c55ec8258,5,test
37d43593f95f0bc9,6,train
37f028c6355a07ba,0,test
37f6e742190ddd4a,1,train
37f75a2ac9bb4f00,3,train
37fc264592282534,3,test
37fc52d26b76eb0f,7,test
37fd5de236660e85,1,train
37ff7f5f3560ff3c,8,test
3803e6b499b2b744,9,test
3806e3c7bdeb07c0,6,val
38095dc53616d05a,2,train
380b30229f6914f8,8,train
380e98bc9a609032,5,train
38121ab2a8818052,9,train
3812b77d1a3844e5,3,train
3816019e58c22580,7,train
38199d82c63ec313,3,test
381d38c4d1f990ae,7,train
382430682593ff9b,5,test
3828f46f180d9c81,1,train
382df20a8e116147,8,train
3830225c1a4954c3,9,train
3832ac5e24da301d,7,train
3835a749329f115d,3,train
383d2b3f426fac45,1,test
38403876f8efad5c,7,test
385709f852e3b4ac,6,train
3857fa756bcad6a1,9,train
3859096c01bc4c6f,2,test
385e08f2e2bd4ccf,8,train
3864090da52724b7,4,train
386bc687d4a0e56e,0,train
386e30ee2d48249a,4,test
3873dc431eaf147f,8,val
387497cd96329da8,8,train
3875d77738f577f4,3,train
387e923348cd947a,8,train
3886908f5c637c05,8,train
388a6a6361c67eea,5,test
388eba761b3405ef,6,train
38909439ff93ef7f,5,train
389a7d22c7c038fc,8,train
389a9533c9d62be4,6,train
389b18a3be1ce50a,2,test
389c124eab52f64d,5,train
38a12537d9455c65,5,test
38ab44acfceb5644,6,train
38ac8d7774b1d8ac,6,train
38ad7fbf88860c92,6,train
38b0a17750fea386,8,train
38b759ad8be98031,1,train
38b79f61406c5b75,1,train
38b8bc11afd821eb,9,train
38b9b7102a0e5d2e,2,train
38bee836fba24d0d,4,val
38c30eff63e4aef3,9,test
38c419a89d320389,6,train
38c7e4c8b9c8fe87,7,train
38cf94883c0eac76,6,val
38d74116d1ce88a7,4,train
38da46dca2395b1f,7,train
38e13b07b253806e,3,train
38e2f5fb85c373a7,4,test
38e8054be7648d5e,8,test
38e8901873d70a90,8,test
38edaee4ce8fdbf6,9,train
38f25a4238f2dbe7,6,train
38f3001795fac7b0,6,train
38f5ecb7a41ac2a4,0,test
38f70206fabc5a82,2,test
3903d6ee242099f3,1,train
3910799ef8d73f11,5,train
391c19f3517fb5b2,5,train
391ce2957fbabd55,3,val
391f3dccf802a1c9,6,val
3924b35eaef5022d,0,train
392c77ebaca2aa81,8,train
392e0bc8cf5e0259,4,train
3936be37bb874e3f,5,train
3938ecb1fcd48701,4,train
393b69ceba9a62d0,2,train
3941992ec5e3aaeb,6,train
394615e4478ec8c2,4,train
39480f407d588d4b,3,test
39493fdb49d223a0,2,test
394e85ff242fa72c,3,train
3951d222ea031699,3,test
395354b22c6bb800,3,train
395717752e7958f8,8,train
395bbc9b90b36f0f,9,train
395caac2946f6df8,5,train
395e897b385cab33,7,test
39650e5739467f2d,7,train
39686b33f2326347,0,test
397bb62e998a9814,7,val
3987bddda1da94b4,5,test
398d60b04e2878f8,9,test
39919dec35db0e4a,1,train
3998a72ecea613fc,1,test
3998f7a5ac2d115b,4,train
399c0caa3ec7b602,8,test
399e2c7ef8e0c5b5,7,train
39a43205ad1e1e71,8,train
39a777918a4b15e1,8,train
39aa77fd32be4529,8,train
39aa9e2b7b4f63a9,4,val
39ae171c48a60396,6,train
39aea0886cc83a9f,9,train
39b0a424530fab80,3,train
39b2a65a532bf88c,0,train
39b7b4e772a49617,2,train
39b90b0cbb1b8dc8,5,train
39ba738623a46f2b,5,train
39c05afd536a5931,3,train
39c63dadc16e2f0b,4,test
39c8d1d353dbe8a7,4,test
39c9f0a5d7cb416f,7,train
39d6afdb7a15c55d,8,train
39da60ef59ac2794,1,train
39da662d697c5971,3,test
39dc578c6256a499,2,val
39e8e77da77b6982,5,train
39e9472eaa4cdb40,0,test
39ebd135cb5b892d,2,train
39ee1058ac214be6,7,train
3a03a9c635825480,8,train
3a1443ee82f87c2e,6,test
3a26942d4cee8e6a,3,test
3a2780a35bb15a49,1,train
3a2da36b3b0b1091,1,val
3a2e87f662bd39f0,7,val
3a32136f59b6e1bf,0,test
3a3b0985c8a1d4c0,2,test
3a4367699f6728b2,3,train
3a43e3750a80dd20,3,train
3a46f66f1184d4bf,2,train
3a55ea4e8dafbaa4,4,train
3a5643052aeae416,1,test
3a5cbaa604f1ef93,8,val
3a639b9a1f74b63b,1,train
3a6ad3462ff5fb14,6,test
3a72e4aabb6b0287,8,train
3a84210510900c91,2,train
3a8bb5ce77b4db71,1,test
3a943123ad008882,2,train
3a95f8906419688f,0,train
3a9d5fcd05151a90,2,train
3aa066eed275de20,0,train
3ab0bf84d51c5518,2,train
3ab55aee1e69c081,1,train
3ab9ab326e360e00,2,train
3ab9dbc8c2b716a9,4,train
3abaae99b2a5513f,9,train
3abb31918e526255,3,train
3abf4890b66ad254,3,train
3ac0d601541db5fb,2,train
3ac8c952caf6fae0,8,train
3aca5412fc4da5d8,8,train
3acc42de82ec2a1f,7,train
3ae61f882b059280,1,test
3aefbfc8231a84ad,3,train
3af5bd8053ed79de,7,test
3afda5e0dcd04815,8,train
3afe493ad0a059e5,4,train
3b04253098dd29a2,2,train
3b09446044470026,8,test
3b0d30dc8a7d9f69,5,train
3b1136d51b8acf6a,9,train
3b1b5264808eb1af,1,test
3b1f092c69aa6b9d,5,train
3b24ea6b920d1b27,6,train
3b2a0a6421657354,1,train
3b2cbd89521a0829,9,test
3b2e8780c9bd5ad2,2,val
3b321955312ade65,2,train
3b34bebe2f6c6af0,1,train
3b3622d70b2f6af3,4,train
3b3cd83fbcededf4,1,test
3b42c2c2962c8843,5,test
3b452d102b75c64a,8,val
3b48b31030526893,0,test
3b527d4cbb191368,3,test
3b5ece32b78fa68a,7,test
3b6651461923250b,6,train
3b66cbb7954edaf5,7,train
3b67703cf82017cc,7,test
3b68c5a76c07b195,6,train
3b6aee989fb00fdf,6,train
3b70d116df715aaf,6,train
3b7156061847a1c9,3,val
3b7669f1d39f6f53,6,train
3b8f2e849fa925f3,2,val
3b95b2b6f0e8d1ed,5,train
3b978c1a296eb911,2,train
3b98984f918e93c5,9,train
3b9b52e07a40f2da,8,train
3b9df0603b1b31a1,6,train
3b9df434ddc83729,4,train
3ba2a45a2338b463,1,test
3ba470ac23644058,5,test
3baecebb9ff40d49,6,test
3bb93c1ec26f05ab,6,train
3bb9f46a722d16bc,2,train
3bbbeb16e7911310,0,train
3bbead39df315645,9,train
3bbfaf7ac9236817,5,test
3bc40e22e3d818ce,5,val
3bc818dfb7c55401,9,train
3bcf051e3e1212dd,4,val
3bd34b5896514e85,1,train
3bd5dcd4b45e3c27,8,train
3bd5dd669c72796f,5,train
3be2b032eab6735e,0,train
3be3d63f6587b443,6,train
3be6c33eb44882d9,0,val
3be94a144ce41d54,9,test
3bed58cbc5d76ba1,2,train
3bef0339219a80df,1,train
3bf6640a2798dbca,4,train
3bf778f1e7848a48,3,test
3bf8d2a2ed8be389,0,test
3bf95116c15093c3,4,test
3bfc0fe2ee712cac,5,test
3c01d2eb75ae6ffc,5,test
3c09824346b7602b,6,train
3c0d44fda356678f,6,train
3c104216ed151b27,9,test
3c138d97b9186d1c,7,train
3c1d3d7d450ec5f4,1,train
3c2578fd2a50847b,9,train
3c2d84bf0a7c566b,4,test
3c340ef60aac1e18,7,train
3c3640da5821ef58,7,train
3c371687cb33d677,3,train
3c3e4359164e3568,2,train
3c458610679d1aaa,6,val
3c472cfcb9d3eb28,5,train
3c47dd58dc538c61,0,test
3c4de719b1834fc8,5,train
3c4e78d7f032491c,5,train
3c4f699d3d866c6e,7,train
3c53b0b933db9ed1,8,val
3c5792b7573364e1,8,train
3c693a78dcd5ff2b,4,test
3c6a4321dca640ac,2,train
3c735424783a2297,1,train
3c7680f0857dd43b,5,test
3c7e55b6187cfbf9,8,test
3c80917d2a3c625e,5,train
3c86f4884dfe5e4b,1,val
3c8d5132abca9f7b,8,train
3c8edd52630877ae,2,train
3c956cda274d85d0,7,train
3c95862b44876ae8,9,test
3c98ebbc6fc8e667,1,val
3c9d96fbca1f6dcf,7,test
3cadac3e99feaa0c,4,train
3caff820977d629a,5,train
3cb34e04b44d7e07,4,train
3cb4f00df96c783c,8,test
3cb9c188a146b12a,2,train
3cba171c27db5628,4,train
3cbb9a7aa435179d,9,train
3cbf034eb0daa5d5,2,train
3cc13e14ad51872f,0,train
3cc2c2d1ab097664,6,train
3cc7df8fa3030de6,1,test
3cc995850338514e,5,train
3ccc7f60843765a0,4,train
3ccfd199fa993f83,0,train
3cd85f09717700a0,6,train
3cdbeb2a98bbcbab,2,train
3cdbf194b70c66c3,2,train
3cded276736ac7b8,6,train
3ce19fe512f296a9,9,test
3ce663b96fe76b49,5,train
3cee5c9ba5715537,2,train
3cf1c80fdde65d11,8,test
3cf54b8693818082,7,train
3cf8540bd43c3ce3,7,test
3cfbf7ff1671eb91,1,train
3cfdcd1cf066509c,2,val
3d02edb8e819148b,3,test
3d05d62d1c13e56c,0,test
3d0734b73dbbeae2,5,train
3d0a0a7412ca066c,5,test
3d0d49442911788f,1,test
3d0dc9dae0afea67,8,train
3d0e88f14c7d0a63,8,train
3d0fa210fe5a3c2f,3,test
3d10c5fde837ad0d,1,train
3d11c4b1908f5013,6,test
3d14c75ad8f487a8,4,train
3d233a985a158fc3,1,test
3d2359cc772cf4bb,9,train
3d278fc960f92efb,8,test
3d2fd6837497a451,3,test
3d335302ca4ad19c,7,test
3d33a83bcc4780e2,6,val
3d3502e98dcf4f87,8,train
3d362cfbdb7f5c39,8,train
3d3fb4586eb3e7fd,7,train
3d48b841ee6bdac6,9,train
3d48c28a3904420f,7,test
3d4b8beeca733daa,3,test
3d51121ae30a97ed,7,test
3d53562fc3dc6f2c,0,test
3d5599f34822fa91,1,val
3d5acb1669dd912d,2,test
3d5b017c886bf796,4,train
3d5df8383edfb2c9,9,train
3d5e3b9564fd39b8,5,test
3d67178064650377,8,test
3d6a8cf074ba1986,5,val
3d6d3c503869a982,1,train
3d6ee7eff990f481,7,train
3d729593833f2d91,2,train
3d73be821213b368,9,train
3d7cb82397c14dc1,4,train
3d7e4e556f7819fc,2,train
3d7eac070ccfcd60,4,test
3d7f49fa52539c0a,3,train
3d93c39329060178,5,test
3d99929908973a36,5,train
3d9ee1b385cb9bdd,1,test
3d9fe9813cca79a8,7,val
3da1f7ed4653a018,9,test
3da27752f8d30dfc,7,train
3da92492342815e4,6,train
3db789986affe61e,0,test
3db9e8cab72c7901,5,train
3dbb532d94e1115e,6,train
3dc6a392e3e1fa7c,6,test
3dcda3879664da61,8,train
3dd20154950bb5e7,9,test
3ddca01d81cd24e5,1,test
3df7905a10a136d0,4,train
3dfaf723fe8a27b8,6,train
3e03beed0d647355,3,train
3e0c3c325980fd17,3,test
3e19b962509d842d,1,train
3e1e2324a076a21a,0,train
3e1ed929946736fe,1,train
3e23051e6648c90f,7,train
3e249ae9c4de9785,5,train
3e38605a8400d46e,4,test
3e4008fdbf827539,3,train
3e409188870d03c8,9,train
3e4645dac305c7fa,4,train
3e476ea7602555d6,1,test
3e4befb762974518,0,train
3e4ea87e650c07a3,5,test
3e50f60f12885661,5,train
3e60b0209e149075,1,val
3e6bdaf825fb7d01,6,train
3e6d1312e86f7671,0,train
3e72b226b2aca12a,7,train
3e77183a4fe02e07,4,train
3e77debdc02c4e87,5,test
3e78ca8c449b2b91,1,test
3e7c5ccfe8c956d8,5,test
3e7fc9960fbbb01b,4,train
3e7fff06c94565e7,5,train
3e802ceb8aae6eac,4,train
3e81730775a1cd05,8,train
3e9186cd52a60f13,6,train
3e91c0df0180f5b7,8,test
3e9655a11ed77a90,8,train
3e999ee2fb4c43aa,5,train
3e9b59dbaff0d8c3,7,test
3e9c49c5115ed0ab,5,train
3e9d028b46e2551a,2,test
3e9f0a641e643683,4,test
3e9f29309648b2f7,1,val
3ea1d2aa71fb64f0,9,test
3ea317551843920b,3,train
3eb301ddbe9a3940,3,train
3eb5b6efd0d0e9dd,7,test
3eb64ca9d44f6adb,8,train
3ebb265742f86982,4,train
3ebb51f0ca12df59,3,train
3ebbd92718d44f21,5,test
3ebbea061a8efd61,9,test
3ec0115e7e75bf1b,8,train
3ec11e2f0672ccad,7,train
3ec145c7a65dd90a,2,train
3ec8bd1a06a523c2,0,test
3ed16b0ac3382265,5,train
3ed4ef87aa19dd25,9,train
3ed561e8193ba0c5,9,test
3ed80deafd8f8cf8,3,test
3ee9577b58639bb7,5,test
3eec128d5f7834a0,7,val
3eefa49ac07373c2,1,train
3eefaeb08bb4c243,0,train
3ef0963140cdd6d2,6,test
3efbfd48825d55da,9,test
3efda82aac5a0a4f,6,test
3f04d12a657a22ef,5,train
3f056c6cf93b49e4,6,train
3f06d3784fce690a,4,train
3f111679bf733579,4,test
3f11d1d3633f9418,4,train
3f14db64ae2cfa6d,8,test
3f16ee53169eb19d,9,train
3f16f54a37b90fa6,5,val
3f1ee95ea4addc1d,8,train
3f2232314eabd0f1,7,train
3f24e053cc38046a,1,train
3f29262da0b35d74,4,train
3f2ab9e96b6eb498,0,test
3f2f9b229e7cf595,3,train
3f3ce6c08bbb40f4,6,test
3f4c1ba90abc2f91,5,train
3f4c8c67489f58a5,4,test
3f5c6c83b93654cc,7,test
3f6701d5b3183f0d,9,test
3f67d5cb1fb8a641,4,train
3f6f620885799a42,7,val
3f70f3605987dc8d,6,test
3f7269ca418ec7d9,7,train
3f73b6313b934c6d,5,test
3f755df6ca22dc93,5,train
3f760d954197acdd,4,train
3f7f9228b22d5695,9,train
3f81432befdbb3b8,8,train
3f867e681a288453,6,train
3f8d6df97c15e2c6,4,train
3f8dfb1021f63157,4,test
3f94854d0fc07de3,3,train
3f9af82937717b2f,3,test
3f9d29f7454fd7c0,3,train
3fa227ebdfceff57,4,train
3fa4fa9663d3b30b,6,train
3fa52e3fa3f8e843,0,train
3fa832d65b503760,0,train
3fa92a2940a193dd,1,train
3fb00fb8ee00d3b2,2,train
3fc1f12d53e22fa0,8,test
3fcb4e147f06a426,7,train
3fd79d481a336d8f,6,train
3fd84e2941a265a5,3,val
3fd9976b0e1fe809,7,train
3fda685033b3f9a9,3,test
3fe225c35e34ac4c,1,test
3fe2c32ec683935b,7,test
3fe90a795c73ecb7,5,train
3fec23b060b50b30,7,test
3fed14f2e30f99c4,2,val
3ff93cfa29bdd476,8,test
40009e6187ab6c61,2,train
40009f7183b6835f,5,test
40081c9c1c012894,7,test
40082f291cefd261,7,test
4010865c126e627a,9,train
4016ced701855790,1,train
4027580ec6457cf4,7,train
402e24dfdc01e578,8,train
402e51057fa96e46,7,test
403035740bb5e726,8,test
40311a1e3f707ecc,1,train
40373508d39d2415,7,test
404189c48607b80f,7,train
40462f762e24d99a,0,val
4048365d64d02100,0,test
4049746c6d3ec730,1,train
404dd58c8ed45b91,0,test
4053b88622badbbf,0,test
4054cfe32df288d4,7,train
40556ca400e7cf7e,1,test
4059e5638b45fed0,1,train
405c9207695e7bd4,7,train
405d352e52d6fb05,5,train
4060790d9f48c2fa,1,train
4065280043fc8d25,0,train
4067834650e3a43c,4,train
4067e06be4afede7,3,train
406ee60c1d2ee8fd,5,val
40739e2f3723ec36,1,test
4077abe5b8754c9a,9,val
40810a72da228d1f,2,train
4083ca8477a5d9c1,5,train
4092a6d148296a09,4,train
4095c51a2e7451af,9,train
409c7744cad989fb,2,train
40a33e69f2b0e3bd,0,train
40ad6e8dd61963ea,2,test
40ad7e947cc0fcbf,3,train
40af16126ae2882d,4,train
40b28442e2502c8f,6,test
40b44aeb4743df79,8,train
40c1272287bd7742,3,train
40c51f5fc1332842,3,train
40c75472c58eebf4,8,test
40c82f07327d14c5,1,train
40ca741f912ce13a,1,train
40cc2a01093fbe0e,6,train
40d05b887e4c4190,3,train
40d8e5b0a45e6222,3,train
40dfa71e6bc7a3b0,0,train
40e7656486f699ab,5,train
40eacdd1a9c56675,5,val
40edd2c751c4e3f1,1,train
40f4e85168595e19,4,test
40f6adb1ce4f295c,9,train
40f941252f9fb95e,5,train
4107fe13a527537f,3,test
410a42d225659f31,1,train
410c8ebfe9c6590a,7,test
4113314221ca1352,1,train
41183ea0d9b94be3,0,train
411a4a35cbb26a23,7,train
4124fd6caa2e4a9a,5,train
41259427e25d2475,8,train
412c50642ee233c0,4,train
412e7ec9739e2229,1,train
41310a0d512a0421,3,val
4133bfd4eb6e87e6,7,val
4137b650b930ba39,4,train
413c8a4adfedcdc8,7,train
414982ba7a46534e,2,train
41500eabdd32919c,4,train
4152c3739174786b,4,train
415804e0c27a3ecc,4,train
415c0222087afd1b,0,train
415ca96e5bd676ff,7,train
4166635b97c67ae2,7,test
417882da7b7c4ec7,9,test
41805d1ab482ba77,0,test
41822d0073c59e7b,4,test
418238fe8200c428,7,train
418b04ac62073445,4,test
41931dcb7c26bbb3,9,train
4193df7979bd55a4,7,train
41994f65cc9bb74e,9,train
419db926c694df38,9,test
419df67f435d3df4,4,test
419f7d7aadc1c3a9,2,train
41a572b7aa689662,0,train
41b1a8d08b4f9aad,7,test
41b245d2f83e013d,4,train
41b2c13f4fefa994,5,train
41b4a121a48d5c9f,8,test
41b4d3e429431c5b,3,train
41b541f6130c2ca4,5,train
41ba20d456a3bfc0,1,train
41c4e1f8110beb5d,9,train
41c684102474e553,7,train
41cc17b7c591d9d5,8,train
41d5138158afa5ad,2,train
41d5536be11e688d,0,test
41d73d2d03ae023b,6,train
41dd8f26cbc6bf4b,1,val
41e189badb1b581a,8,train
41e2843d3247932b,6,train
41f1be19a1a5ef95,1,train
41f5c6a53e39ecd0,5,train
41f5dc9dc06c9e79,0,train
41f73fab1cc5db9a,5,train
41faf1c2c18fc657,2,train
41fdae8a76236080,7,train
420554fd3033371f,2,test
420637a0640314cc,9,train
4207023a6c428788,2,val
4208fa391dffc4d8,2,train
4209bb58769570d1,7,train
420bb3ea55c37a56,8,train
420eaf79c17b1d8d,6,test
42131966bcdcebd0,7,train
4213d773b1c79cd8,9,train
421dfece099a625e,7,train
42241a0bf10e4eed,8,train
422846d90d2b2ff6,2,train
42289a9714096df7,1,train
4228aa870bc800c8,4,train
422dd7f4e13272b3,8,train
423792fef7f2c31b,0,train
4249557e641e04a1,8,test
424acd0566d775af,5,test
424b49fd4e7b0743,8,test
425060e3210177d9,6,train
426abe84b8e2f6a8,7,val
426d8aa97744b411,6,val
4275bc85ad4dd9b9,2,val
427d55611caacc4b,1,test
42830771c979d4bf,4,val
42845aeca293d203,8,train
4299d445eb071acb,0,train
429bc27a022a05ba,6,test
42aee798a3aa12b3,7,test
42bb90894a9dd920,1,train
42bf4f8a72849fa8,4,train
42c242f94f346aec,3,test
42c4ec8edfa5e656,4,test
42c7e02af963efaf,4,train
42ca5612611e3242,3,train
42cbb08cead0b9f8,0,train
42cdc49b319fbfb1,2,train
42d4fd7c1467a81a,8,train
42dfc90987603fac,6,test
42e08ab839011c84,9,train
42e08d39e3a24027,8,train
42e3d7b6717dabb1,3,train
42e3dc30723eef25,3,train
42eb6fbbae430947,4,train
42f35d6db3697518,7,train
42fb88de807f4b41,1,val
42fc8f8b23748337,3,test
43014d8be0d82a8a,1,train
4309446d2cba94e5,6,test
430a3509ad930ad6,9,train
430fc6d42b7c9ff6,8,train
4317b533f59a850a,0,test
432644edce985e75,9,train
4328a7a5389c0e4a,5,test
4328c58754dd4a04,8,train
432910c0f6a8b904,8,test
432b11e7b488724a,3,train
432c098f6a5ca914,5,test
433209c97df54438,4,train
4332ddc312afa171,4,test
4333361f3bebe490,6,train
4334caab3772583b,5,test
433c6a7da893a13f,2,train
433f095a3d910a95,2,train
433f3de8cca2882e,5,train
4340743d0f98f04e,5,train
43450a3b198de181,2,val
4345c5cdefd08940,8,train
43472c3214fd4605,7,test
43547c278a78b1a8,2,train
4354d74f21dbe699,9,train
4361d17d9d2ae920,9,test
4367d5199a54d972,2,val
436ec2603d7990a8,9,train
4372e179acb1e6a5,9,train
438938eb23088d7a,2,train
438c2b090dcd5009,4,train
43921db59e08e9c3,9,train
43980af22698d371,9,train
4399c87864f57aa0,9,train
43a081ea71e43de5,0,train
43a0c1e6cad44cdd,5,train
43a30722561dd617,3,test
43baf06ac01fbdde,9,train
43bdf767c54fb856,9,train
43bf198d53c85023,0,train
43bfa5c01e648fac,2,test
43c39bda41abad00,5,train
43cad1c2b0e2da96,9,train
43cdda0b16587abc,8,val
43d176a675a22e3e,3,test
43d48c6d5c55837b,7,train
43df6b2a4c181e99,2,train
43dff7a3868ce168,5,test
43e9ab26fa0f52fe,3,test
43f11dd4709b51b2,2,train
43fac05318dc3c88,9,test
44032929116dcc8b,8,train
4404a6d2cfac1fea,6,train
440595d3d6f870a4,5,train
440701c521a174e7,1,train
440903a00e08a708,2,train
441262eefec5bcc8,2,train
4413f9caccf8bb76,1,val
4425338086262bb0,9,train
442698faf05c02e4,2,train
44270200fddebc53,2,train
442c330b9c308d77,9,val
44312a2a93942111,8,train
4435d479db4e5f33,1,train
443be651c5234040,3,train
44410a6533581001,8,test
4445a58c8e1024a2,7,test
44506914358b1b65,7,train
4453183f4d8a214c,4,train
4458f3d97bda1897,7,test
44592b4a05735754,1,train
445ab53645f87e95,3,train
445daccb88dd42e5,3,test
445e03e90b403cb2,6,train
446020ce7a534be6,8,train
446994fa0629634d,7,test
446e8c33c29e3df5,3,test
4480a8b79027c79b,7,train
448310d3923e8d56,2,train
448d6c2bfded9178,4,val
44928da1ba1654d1,7,train
4495cb7b22ee5edc,7,train
4497389a8efaa428,7,test
449bf63576cf417a,5,train
44a11d2d1f5f4569,3,test
44a4707d649a9e58,0,train
44aad3e1027ca37e,3,val
44aed25b3e25b54f,2,test
44afc5f498c359e7,3,train
44b16c628f14661e,4,train
44b3218c78b8cbee,9,val
44bda22eec041f0a,5,train
44c2cafb42b994d0,2,train
44c44bda6e54944b,0,test
44c7a2a56ed3bf01,2,train
44cb1484d442a5d7,4,train
44cc6cb352a64573,2,train
44cf7d009761a26c,1,test
44d0eb8079fa6b51,5,train
44d4b228ae029eb2,4,train
44d5ed436476c127,9,test
44d664e3787aac6f,7,val
44e2681754eb45a3,3,train
44e91d3c93235314,7,test
44f70385939320d3,6,train
44f775278da30760,5,test
44fb18214eda0b16,2,test
44fe10b412e1bd85,6,train
450b8cca700bd59c,8,train
4512d0ebfb97f8cf,2,train
45159368f64b6d9c,4,test
4515f0f20a2befb1,2,test
451ddd6cae3fab30,7,train
451fca43cd4c5f7e,7,train
4532a8fd12025469,0,test
45333418f1313c2f,0,train
4545ef15046ea75e,8,test
454e1e7e57739370,5,train
4557f9ef40bbca90,4,train
4559ca6f50008a67,3,train
455d28223c10c132,4,test
455e7b5be0ec47a4,4,test
455f03ef3dbbd67d,2,train
4562ae6fb7d5bed1,9,train
45646db8f8c00e25,5,val
4569f8b276fc3586,0,train
456afa0f0c8d5cad,1,train
456ca8684b08e852,9,train
4575870f2440f4b0,8,test
457c59b9f2880c3d,8,test
457d1b203c39350f,1,test
457e90ca4ddabae9,1,train
457ea7307dff8f2e,7,train
45800047b450e306,7,test
458d435b175b2353,9,train
45979242ffb11971,6,train
459ed87047865cff,8,train
45a2558ab6db8548,4,train
45a6b6d0c7fd82bb,6,train
45a950f6f9ee5cb1,4,train
45aa46a0e698e666,5,train
45b67a4adb1408a0,9,test
45be8f19392054f2,7,train
45bff7b6ea4307d0,9,train
45d276129fb2a087,3,train
45d35437ada9e21a,6,train
45e5a984c84e7131,5,train
45e9b3d52fb1f582,9,val
45f180d95e658b4c,1,train
45fb1cd61c99d754,1,test
4603dd409282310d,6,test
46101fa20009cb6c,7,train
4614f3276297a56c,7,train
461a23e632da6e83,6,train
461c76c2853e6d58,5,train
461d04ad4fcd9d8e,6,train
4622d3b976117aa7,6,train
462475c6aa84c759,6,test
46279c20cacc9f63,5,train
462b20eb6fd8911a,9,test
4636407ff2bb579f,4,train
4639a2f8aaf7ae0e,6,val
463b0c307caa1036,4,train
463d63389c3e7588,4,train
46489dfc1178d610,3,train
464b9040c459c910,6,train
46532f4046fb6a7f,0,train
465af42943e5bbd4,3,test
465c9e8e2ffdf745,9,train
4660b0ecc4af0305,7,train
4662378abf7b2b16,4,train
46662193cae1c9b6,7,test
466deb580a665520,4,val
46710140f6eb9f91,9,train
467c3c661b6c7c37,9,train
467e73576c9ea99e,6,train
4680021323acb987,6,train
468318ee2a45ad68,2,train
468855829fa59087,8,test
4690e622060301ed,6,train
46921521c3ff0de3,9,train
46941b00a0109569,5,train
469962285fc69fea,6,train
46a9a2455ec19126,2,train
46aa90fb8b6859d5,7,train
46ad27a05fe350f5,2,train
46bb1d3a5be61c5c,7,train
46d96359f7159eac,5,train
46d9aa2ed1534add,5,train
46e871398372cbdf,0,train
46e911bb46fee0c7,0,train
46ec9b1befedb8a4,1,train
46ed85fdf2fd5af9,8,val
46f092620abb9be7,5,test
46f13114ee59c228,2,train
46f1e0ad82986ae8,1,val
46f5fa24aef3118c,8,train
46f764ce20c2edee,9,train
46fbbba2b9165add,1,train
46fc92127af2edbc,7,train
46ff7ef3b6204856,2,train
47021ca863647d55,4,train
4702e7643d4544df,8,train
4703defa491944e8,0,train
470c8825a9ee0bda,6,train
470ca42d41fec2c9,5,train
4713896ca71e5b94,4,train
47171320e266fb8c,5,train
47179a65b57bc969,1,train
4717e0948c00cc0b,8,val
471c7fc680dc7d13,6,train
471e2ef9d663846c,7,train
472a4ac81a9c733c,5,train
472f15c7e06b27a0,7,train
4740c64a003d8fb4,1,train
4745c5ee60eb45d7,4,train
47477c93a0f4e4cc,9,test
475608e9e1221b73,3,train
4759a4d47674d676,9,train
4760a7cb33c39deb,5,test
4760e9d5b6f6c55a,2,train
47629c0e2ade01a6,1,train
4762d7a3984ea0d7,8,test
47630a0720ad627f,5,train
4763290ed6351a55,4,train
476b06a1cb1e4bbd,2,test
476e933617eb587f,6,train
4770919d68735a08,8,train
47718c6437dd47be,2,train
477d72a7db7d24a4,8,train
478167188fcdb11a,1,train
478720a7afed5ee5,5,train
47894205c57a7476,5,test
4790436100ba7ec2,5,val
479cc949222ba131,2,train
479f5f3a16277c2a,4,train
47a62e9b8c41074b,2,train
47a8eae60a8eacdf,5,train
47aca64706ef2b14,3,train
47b4e3018745305a,2,test
47b943ac6443606b,1,test
47b959f4a0ce5c2c,9,val
47baa56439bcaa32,2,train
47bf0892918756c3,5,train
47c04bfd6bf5d284,8,val
47c2598cb4768479,3,test
47c37d3865c04230,9,train
47c4bcabaa6b33db,9,train
47cdde907b626146,4,test
47d0bdbcd62e977a,5,train
47d44b257fda22e5,3,train
47e4b99216acc225,9,val
47e63acbf828040b,8,train
47ede5afbb4c250e,6,train
47f99537cbf1cd63,9,train
47fa22b98805d1aa,0,train
47fabcf8382f6acf,2,test
480001592ab7415f,3,train
48027f669f0e7654,8,train
4804f8ba9dcb17b0,8,train
480f541ab45e9429,7,train
480f75f3b1e2a671,0,train
48168282acacb0fe,0,train
481d9ac722f8aac2,3,test
4820a0a9dc26a8bd,8,train
48212572e3d4ada1,0,val
4822ab944b2c36d4,3,train
4824e40e8b25f6ae,4,test
48275e91c299978a,7,test
4828a1b8c0f8bcaa,9,train
482eb876633a7621,8,train
48314cf501e07022,1,test
4833827e5d79096a,6,train
48397efbafd07f00,1,train
483ee6790ca0a927,0,train
4841f53768d6425a,5,train
484a1fea382b97e8,1,test
484e4d3cf0ed0bd4,5,train
485243ca9f629386,6,val
48565493f3a1dd8e,2,train
486001256f9f679c,1,train
4863b2f35ecfcce4,9,train
4870784b841724ae,8,train
4890d1a2784c19b5,6,train
4895787e2be3a4b4,5,train
48a4f8c9f08f5f85,8,train
48a78738d728c8ef,4,test
48aa7e3fedd3d820,4,train
48af8ef5a1e3ce50,3,train
48b1611d49f4d63e,2,train
48bf2ed6e3add386,7,train
48c83c527166638a,3,test
48c9713066f41281,3,train
48d60da9222afff7,5,test
48de5eedb5191a08,9,train
48e315494b41020e,3,train
48ec7fa700f87be9,7,train
48f00b4b3a05f6a1,0,val
48f03f790da0e700,3,train
48f376b2726f45db,1,val
48f692f361378a6f,6,test
48fa49a20810f99a,4,test
48fd14d950901e58,5,train
48fd62a113848ded,5,train
48ff78aa3ea272e1,5,test
49020af4f8830b9e,5,test
49071a140147c0ab,0,train
490e46ba41c5da8f,6,val
490ee34f76b947a4,0,train
490fa219ba7a68d5,6,train
4913ba5206fed431,1,test
491d733d1d664e8a,1,train
491d8814c1171061,1,train
491f6112f1171389,1,test
4922f222728e8eb4,4,val
49238885d8868ce0,7,train
4924908d6081f7d0,2,val
4924b0919f9705f9,1,test
49265f09c580acab,9,train
49291a2200232118,4,train
49298b0dcaf521b0,6,val
49319174e31802ff,6,val
4934567be8f4dad0,4,train
49383834ab92f9ec,6,test
493b6d0a900b4845,1,train
493e43ada791b681,7,test
494030d8685a4359,2,train
49407023b14ebd31,9,train
4941b4841a25ec50,1,train
49476672198dec14,6,train
4948cebe03889bdf,6,train
49499cefcbc0f3c2,0,test
494bd4849cf87265,1,train
4950a9b59c2529e2,0,test
495943826896fb6b,0,train
496bff9c1fd894b6,7,train
496e4e5df5243442,3,train
4976046075ece3e9,0,train
4976f182c7e5acfc,0,train
497734e4fd2fbaff,8,train
49885b29b14d3d74,4,train
498d239d545df058,4,train
499b60aa7d8518ef,4,train
499d6eed95a67beb,2,val
499f29966990c5dc,1,train
49aa41a54781d5a0,8,test
49aefde8bd7cd5ba,8,test
49b2e7193887ec29,3,train
49b6108c488bf535,1,train
49b9c475e92c0764,1,test
49c08a4b0477ab23,7,train
49d0d15d162a9a9b,6,train
49d68b57dc367135,0,test
49d7f8282f110c77,8,train
49d9a5cf78b76833,4,val
49dd6ab0e855277d,8,test
49e4203c1c8cefbb,6,train
49e4f34fc207de50,3,val
49ea9e7390b51cd8,4,train
49eef4b17ac68b91,8,train
49f02a63f001f476,6,val
49f2e54a3220b1e6,6,test
49fcc5d2c70fd2b9,1,test
4a072e63b666d177,2,test
4a0ff6cc060701b5,4,train
4a10147d90b9c8f3,8,train
4a14278ac2a1e7b4,0,train
4a179325d49df23d,6,train
4a212ad99a849617,0,train
4a22f498c5e6d05b,7,train
4a237a7357c7ccf1,1,train
4a2b98897c3c42e9,1,train
4a2cae76a724fe0a,8,train
4a2f5caa8216de0a,1,train
4a2fa93ab65a6c67,9,test
4a44c681d90aec4a,3,train
4a45d289a29e44e3,6,train
4a46b1df80c11173,1,train
4a49a90547262c02,1,test
4a4aade1818a8549,3,train
4a4ceba559f7d961,4,test
4a54fd56ae4e3231,0,train
4a579feedb725792,7,train
4a5d3a082fce5808,7,train
4a5f2b31e3372846,7,test
4a609745c73cb444,7,train
4a60e40a0694bd22,4,train
4a6b6118246c443c,4,train
4a6cbd97c680cdbf,1,train
4a72aa8be0411867,5,train
4a767bb098ee6b5c,1,train
4a771b5b4dc9d8f0,0,train
4a7e30c1a242bb12,7,test
4a7f0304d25511dd,3,train
4a7f4e503f69f734,9,val
4a85fd5a88de4bf3,3,train
4a86219dcaa33faf,7,train
4a87fe2dc6b44bd2,2,train
4a88888c029621af,9,test
4a93e944a777eb74,5,train
4a96521171074b4f,6,train
4a9895c8b92470cb,9,test
4a98c12c1dd0584f,0,train
4a9cb51887528ee3,3,train
4a9ceae844aa457e,8,test
4aa0877d9fbf8976,5,test
4aa324ef04375c68,3,train
4aa5ebcb2ed67488,8,train
4aa7a14a6a99bd3b,5,train
4aae52fd3f81ca4a,2,test
4aaf3775ddc8fe8a,0,train
4ab116b27d9fde41,4,train
4ab14f553e2b5994,3,test
4ab684f5a978e3f3,1,train
4aba41ac5ba0abb4,0,train
4abd89b2b6194257,0,test
4ad204a6a1b445c0,5,train
4adfdf6c02f27ae1,7,test
4ae519fc2a48e793,4,val
4aec2ba887991fe7,1,test
4aec5c8e71cd341a,6,test
4aed262c7466bec4,6,test
4af023a0f0eb89a4,9,test
4af3fc1bacc20b4d,1,test
4af9ca33a3742a8a,1,train
4afdccfa4338b835,5,train
4b028d628736e3c9,0,train
4b030f0109686abc,5,val
4b06b49ca83d8794,5,train
4b0f82dd75790794,2,test
4b1023e481dcb380,5,train
4b102f1487ae5e38,7,val
4b22064d6375a9a8,2,train
4b2adba4488d2f2b,7,test
4b2dce6e85771dbc,9,test
4b314ddd1b88df96,5,train
4b331daaac511578,7,test
4b340a3f60ecca83,8,train
4b3750a33940a44d,4,train
4b4cadd423cdfbaf,7,train
4b4ccd9c00ff69ba,9,train
4b4f09f360fa1d7a,9,test
4b5a214722318ec7,2,val
4b6f85c27c9f02a9,7,train
4b746a02bd1381b5,9,test
4b7c986f897de3ed,5,test
4b823cc7869593b7,7,train
4b82f2d8683a44b6,6,test
4b8c04eac8d04a11,9,train
4b8eb39a66aef15b,3,test
4b8f5f899cae4e55,6,train
4b91fec50d0977ca,5,val
4b957825afe3531c,0,train
4b9b8e7fb3a7c274,3,train
4ba22e78f425d293,0,train
4badaa148c85ee11,9,train
4bb11fcf1fa5f6b8,5,train
4bb9c041bda89d39,3,test
4bbc2d3ec67315fc,6,train
4bbd798cd0c023e7,2,train
4bc0f0625982b4a1,1,test
4bcb74f4019e0442,8,test
4bce76d46f9c9f00,1,test
4bd1f96783e1a08d,1,test
4bd3d3d188b89c24,1,test
4bd3dbd6b838449e,8,train
4bd6767152028237,6,test
4bd9961e2a332d52,4,train
4be8b25e3ae87fe5,4,train
4be992fdd641121d,0,train
4bf891a503271294,7,test
4bfa225cb6d4e497,9,train
4c03b5116b820156,1,train
4c0476dedf6dd39c,6,test
4c0b1fbb468d1c81,5,test
4c0ff5f388728022,0,test
4c1702cd21182464,7,train
4c23cd839ce66488,1,train
4c2acffba08f8792,0,test
4c31370083da84b3,5,train
4c34e409eec99ef8,9,test
4c3bfe94b77fc2b4,1,train
4c3c508280fe3c97,4,test
4c40ff016e9a8363,6,val
4c46d2263c96ad9a,3,train
4c49d24b88592758,6,test
4c545e5dcfd60c0d,6,train
4c54f501cc5db2c6,5,train
4c5b2e58d6f68b22,5,test
4c6e7a2743a4b80f,3,train
4c6ec926c4950483,2,train
4c6f603c867625b1,2,train
4c6fff6db0ca4c09,6,test
4c71c8425f66400d,8,val
4c7f43ce35ad2016,6,train
4c80f242a7a57c45,8,train
4c84c8d37da29396,7,train
4c8ba243e30aeeda,2,val
4c92100766a7971b,8,train
4c94af2cec23ea09,6,train
4ca6920fb6a4bcd8,6,train
4ca8748f1d69ed7d,6,train
4cab47598c0a9f24,7,train
4cac02a02332586f,7,test
4cb0061751b55745,3,val
4cb39f534b129198,6,train
4cbdf20bed6a07cf,4,train
4cc3b49478ffc096,0,train
4cc543a0839a6852,6,test
4cc9f53981764b1f,8,train
4ccabbda3193c7a6,9,train
4ccd87e97aeb47be,7,train
4cd20cbce1601ad9,4,test
4ce1f8f3566b46ce,1,train
4ce363b69cf4bab6,2,test
4ce3af02d3bbd560,0,train
4cf1a3b1b9705265,6,train
4cf37534014ea888,7,test
4d00343659308cb1,1,train
4d009f82ea4d0f9e,5,train
4d03cb0ac284713d,3,train
4d0810d325e85ca7,0,train
4d0f12a69d3c0f8b,6,test
4d113682dd503f46,7,train
4d1739d6768ba3e2,3,test
4d1c35f3053e5705,7,train
4d3484261e2eefc7,3,test
4d3bf9e0220171f8,1,train
4d405ab7c282021a,9,test
4d42ae75a77615b9,7,val
4d4517b02b59c0d3,8,val
4d46b1042c6213a1,4,test
4d4ad669638c6fa6,0,train
4d4caf75a85b33e6,2,train
4d4da8ebc02e875f,2,train
4d518dbf3ac0690f,4,train
4d553f2a35391fdc,3,train
4d5621dab3e13c7f,9,train
4d5a46befd275a01,3,train
4d5a6de6745e8575,6,test
4d5e9948558c6fa5,5,train
4d61bf6b1afd6403,1,train
4d6b672960113fd6,8,train
4d6bcf6e7629d0d1,9,train
4d6ddc4a0f7e744e,7,train
4d83a56b0c2d57e8,3,train
4d853876ccd4e28d,1,train
4d8b6b9e611cce4a,6,train
4d8b7bb74416c9fd,9,train
4d8dd27288965d6f,1,train
4d9198d1d1b51296,4,train
4d9687ac6a77dae5,9,test
4d97f7e455710667,1,val
4d98717bad3b2e85,5,test
4da009ac9fe523a7,8,train
4da57bb08d367cd9,2,train
4daa10da8029b35f,3,train
4db2f9bf958e2203,5,train
4db8ed910541b9bf,6,train
4db91634679e49fc,3,test
4dbbf3f4043d967d,8,test
4dbe39d156a4daa4,5,val
4dc236b9ad413891,4,train
4dc4cab7539dd998,5,train
4dc600b9923b5b00,7,test
4dc9d6ad7f36a691,4,train
4dd163a5af104a9c,5,test
4dd28f3127dc1521,0,test
4dd614454141ea5f,9,train
4ddca447c75f088b,5,test
4ddefae886994cba,4,train
4de43d855ea75434,9,train
4dec71ae20ce6000,5,train
4df27d5dfa7e614f,2,train
4df87ba7f43be593,8,test
4dfbccded49b45d6,5,test
4dfbf39b166d3d9b,1,test
4dfd0eb6d3bbe628,2,train
4dfea1ad76bcd7d9,7,train
4e02d3e64a8e8242,1,train
4e0860c1d266e39b,0,val
4e0a31e5893940bb,1,train
4e0fcae2028e8e54,1,test
4e16882994a9638b,1,train
4e16d45650e7b2a7,5,test
4e1cf2d6bb2f8f18,9,train
4e1d89b598a6073e,0,train
4e21548cb823a7af,4,test
4e29112674f3de7e,9,train
4e311f44d79e5f36,0,val
4e40a6a596917ff4,7,train
4e4166786ade6660,4,test
4e4ed0620f438696,0,train
4e507e8ff91cc043,4,val
4e534c59d77002c0,6,train
4e5582792d6794a8,9,train
4e559a028461d533,6,train
4e5a26e8f4ee2610,2,train
4e5b2f8dbc54ea3f,8,train
4e5c3b747f8a1104,5,test
4e5e48d5b8e26266,1,train
4e5e962788801c53,7,train
4e647709d858c4c1,7,val
4e6abd4c48da567b,3,train
4e71e430036591b8,3,test
4e7ba81933b1eaca,6,test
4e7c69bba3ef18af,3,test
4e88f13f32e133db,1,val
4e897adfe3548f38,9,train
4e8b085c5701d82f,2,test
4e8ca497a8d3fdf4,2,train
4e94fd7c441089b4,5,val
4e9e05c7adef9c0d,5,test
4ea8f5d9fec86ddc,0,train
4ea92843a8241fa1,5,train
4eabb3d79e41d33f,2,test
4eabf1f33a5e7855,4,train
4eac5f825b30a645,6,train
4eb27c1af29e6222,4,train
4eb47630879e50bb,0,test
4eb54a2222a5af9a,6,test
4eb6d9b204b5f825,2,val
4eb6ddecd4d1797b,5,train
4ebb04f69a91b15a,4,train
4ec570218987e70c,9,val
4ec7a13864881784,1,test
4ec8619576f8e543,6,train
4ec9624e84965a72,3,train
4ed11ae39123bf3f,9,train
4ed57106e352518d,5,test
4edc1a339a32bdeb,1,train
4ee456d9c904aaa7,4,test
4ee945fb671709f2,7,train
4eeafb1c471cf6c7,0,train
4eebe931ca788f68,6,test
4eed1f707cf5ecd3,6,train
4eee11ac4a21d824,8,train
4ef74083e2391a06,1,train
4f1513bbf49930b9,7,train
4f21d10adefbf8f8,4,train
4f2b0f8f7e7593ff,0,test
4f2d56d98d2d16f6,1,test
4f2e8468a42a462c,6,train
4f4d7fa8408cb554,9,train
4f566f69c5289650,1,train
4f5fa53e95a4ebaa,2,train
4f60a95fbd6bf82f,6,train
4f6aad9dddd06ef3,7,test
4f6fd17bac702ace,4,train
4f70123352d2cbaa,3,train
4f70241151953bb0,2,train
4f7031f8ab9666c8,8,train
4f718c178e90b53d,6,train
4f73bb3b0433308d,0,val
4f73de68289b8206,9,test
4f7bb0e256bf3c7c,4,train
4f7d818857d07008,2,test
4f80bb34def61cfa,5,test
4f84eb9ce0e17a2b,1,test
4f87d19b5baf84d4,1,val
4f8a0f557be7ae33,7,test
4f9384e16abef86b,8,train
4f94786567b4c7a5,3,test
4f9e64986d2dedbb,1,test
4faa41841dcf5707,5,train
4fb166830e48a43c,0,test
4fb4f15f57daf2c3,0,test
4fb5b1c1386fcc20,8,train
4fb6be07380dadc3,2,train
4fb7c0b21a4b5719,6,train
4fbf8ad52295a979,7,train
4fd0f2bf6ed36f87,7,test
4fd15a2e9ed1bd32,5,train
4fd38fe0a0dcbc82,4,test
4fd5f43e7706ab13,4,test
4fdb921fd2ce845a,3,train
4fdb9296d471be55,2,train
4fdd9e81d737ebfa,4,test
4fdfc82922727aaf,1,train
4fe6af688b5d2ca4,5,test
4fee215af21fa713,1,train
4ff0e38a25650dea,6,train
4ff3480c7615ccfe,1,train
4ffb5baf80eddf01,2,train
5001093d4d1e0eba,0,test
5006ca8839ceaa46,7,train
500c55565dc5213a,8,train
500ea10b3d3eb912,5,test
5018a771f58a221c,0,train
5019c1113e2b8ff3,2,train
501e7a53ab153523,5,train
501f8fa9b05247f1,5,train
50295556717e0016,5,train
502d6203850c859b,5,train
502e9e7b9c9cdaa4,6,train
50341cf188a15865,2,train
503462bc9240dcea,5,test
5036a3d8d95b2dec,5,test
503731d4a47f39df,4,test
5038065b98ac7317,4,train
503cb42e3871bf37,2,test
503e81bdbf28c890,5,train
504c43e4ab720b7f,6,train
504d979954605139,0,train
504ee4b8a9d88a66,7,train
5052c7a7df1b0534,7,train
505735d43476a175,2,train
50602c6a4f301019,9,test
5060f7d00ef41957,1,val
50615e3a92bbcf82,3,val
50753a51f7f5ec02,5,train
5077261ee6e2355d,6,train
50784cdf83994945,7,train
507bd0e0adaf267b,0,test
507e02c29539140b,2,test
5082d6177a549da8,0,val
50893003bf4777cb,2,train
5094daca51ebf7e5,3,test
5094dad6a9918c9a,4,test
509537962f406e84,6,train
509bb2af27bdc6c4,8,test
509bfac76ee0d466,4,train
509c9e72d0f3b5a2,5,test
509d7b375d27c11d,3,train
50a0e6487c4b2b3f,7,val
50a1bc9b049ead64,1,train
50a23f96df12ac8f,6,train
50b231d89a7679bf,0,train
50b35ad44cc7291b,8,test
50b6eb87bf849c16,6,test
50c45a62d1498462,4,test
50c825cbef65b058,6,test
50cf1d030df6bc07,9,test
50d376b0d629f2e8,2,train
50d9a6dba974377d,7,train
50e1db24b58f303e,5,train
50e4bb91b534241f,4,train
50e5a0c25f246a34,4,test
50eeb772208163b5,4,train
50eee8aa9bbda84c,9,test
50f2b5776ed4badf,6,train
50f9582fd3c11ca3,5,train
5102042ec1bed457,9,test
510cad104714c6b2,3,test
510d324c37f3e0ec,8,test
5122ea9ecb72e9de,7,test
51270e22146b1723,1,train
512c4e74982ca633,0,train
5132cac041209399,0,val
513688af5965b410,6,train
513d7c845927a6ed,8,test
513e9a65ffc52ba7,0,train
514633f36e1e7ee2,2,train
51480007082ebf66,2,train
515fd13c4e4531cb,8,train
5166c6ee03d86ed9,0,test
516d1721ffb25767,2,test
51780a58de904403,0,test
5180887ef431e966,2,train
51896a5734778530,1,test
5189e5b978d7841d,4,train
518e6aa33cb7c5ba,8,test
5190e033253f5063,5,train
519346950d7e7750,5,train
519d3b7c0d176985,3,test
51a58e85eb04e1df,0,test
51ab105da69280d4,1,train
51b1153404ba9d77,2,test
51b33dd9e6782220,5,train
51b3efd0b4945635,5,test
51b9f0937f01c25c,2,val
51ba9be9739fd7c8,9,test
51bb9ccd95e9b838,5,train
51c3ce6e9719ec14,8,train
51ca0fed38d4dad3,7,train
51ca3aff7209a213,8,train
51cdd3a7746b0881,5,train
51d42f0954ef9e4c,7,test
51d5b46533959a42,8,train
51db3be577d26dfd,8,test
51dcb669d7272217,4,test
51e05a1aa69ebe21,5,train
51eefaa9625c1bc2,1,train
51ef75e3cf288ed3,0,train
51f0436e5d5c7c37,5,val
51f0fa314f78d963,9,train
51f29897873bd7f5,5,train
51f29e4be67da077,0,train
51f401d351b31a18,5,train
51f528d199f98595,8,train
51f5c98af19e949b,6,test
51f5f65798666345,6,train
51f6a49d6ce390ef,2,train
51fd5e240330a9d9,7,test
51fd6e3fc14e5876,2,train
51fdd8c5f1dfadf3,0,test
521e0d1dbf219679,6,test
521fdfcebbd157d9,8,train
5220a6f10ccde706,0,train
522e898433ab0c86,7,train
52321b7c075a9a44,5,train
5233be3244e99da6,8,test
523a78502cefdfe4,2,train
523d6dfd402a35d5,8,train
523eb5ed34c186f1,2,train
523f1d48cdae2147,5,val
5246cacd711c609c,2,train
524b153d70984a23,5,train
524b47c44bcc615a,9,train
524bfca02aa47218,1,train
524e312e4edc7a68,6,train
52565e007fd5eab1,4,val
5256fec2be8f0cd8,8,test
52577ab8815a8db8,6,train
5257c8c9c0529ecf,3,test
525c6d94e5a306c8,7,train
525f68bd9e9e4f5b,7,train
52610058c46bc939,7,test
5269789b51e7627f,3,test
5281cce302a207df,8,train
5286103e6b96df9f,1,test
5286848ba06fc6ed,1,test
52872d84497f17f5,5,val
528abb8a6c8bacb6,6,train
528b2d7622e16f29,5,train
528f77e691cb0cfc,3,train
529596015d5110f9,7,train
529a439a0218c5d9,8,train
529e82dd1e8d088c,4,train
52a08cb815e93e68,7,test
52a944f3544f7fdf,8,val
52aa6da873e9fa67,2,train
52acc474e387faed,0,test
52ad3bceff0a589f,7,test
52b485090b2b86bc,5,train
52bcb17614f9220b,6,test
52be986413efdba6,3,train
52c57b996755c45b,0,train
52c80970d6cdee06,9,train
52c8a405686a64ee,8,train
52d0e59fcde49ad3,0,test
52d72dea1c5b9efe,1,test
52d8312b7925010b,7,test
52e20002d995075c,2,test
52e4ff17baffc556,9,train
52e75ab7a4cbd35a,4,test
52ea765c01377525,0,train
52eb341b8ff9c402,0,train
52f3cedd2fb2ba26,9,val
52f7a76acb9d9a57,8,train
52fa05d87b115fd7,4,train
5303ced11cd1e832,6,train
5305f1d02993a765,7,train
53074faa93ef7241,3,train
5311bb0c3b3b200f,3,train
531f33e5f2622837,7,train
532f2d3bf238c64b,1,train
5332fb8b10d25b30,8,train
5333a2407ba87728,8,val
5333e6166e80b344,5,train
5336547f7647bc6f,2,train
533db33236026b7d,6,train
533dfa2e6d45bb01,4,test
53451f80656d38f2,8,test
534a9f70c80c7a86,9,test
534ae9d99c783319,8,train
534bed989b32fcb1,4,train
5350cae9d4a9487f,7,train
5355816bdf343e59,4,train
535a91febecd24f0,3,train
535bea45518b1a33,6,train
5368be8423e320fd,0,train
536914aa0d9488ce,9,train
536c46ce3d9f42c7,7,test
536d77caa5cf146c,0,test
5371498f027f78fa,5,train
537a5ee3a8bcc575,7,test
538304f87a6126e3,1,test
538b54c40b8afb48,8,val
538d18e7cdaaa3ec,8,test
539b06b1f5161bc4,6,val
539f3dd698513f6a,9,train
53a80dc4fb6961db,1,test
53a92b9e5544f56c,0,train
53ac457c7a4ed82c,1,test
53b0790d0d4f0681,4,train
53b34886148bde19,2,test
53b46f6a304b76f3,5,train
53b970debd454dbd,6,train
53c3858953cac2b4,2,train
53cb5a62b0c67ca2,1,test
53cee76259bceea1,0,train
53cfd9768a3326eb,7,train
53d0a1a74aa26fe4,7,train
53d36432a380a446,5,train
53d8906297482bfb,7,train
53df027ea90610a8,7,test
53e7a68d1da0b5f5,4,test
53e7c58173733f4f,3,test
53f3002ebfe36f35,0,train
53f60a24617c988c,5,train
54046ba036612a11,6,train
540df50498932365,3,test
5414fefd993e122e,4,train
54176768b2f2b247,8,test
541c403c112ea2fb,1,train
5423a7c9d5b5bffd,5,train
54257eb92f732349,5,test
542615f7600cd421,4,train
5427789ef78f67b9,0,test
5427b1ab796c4754,2,train
542849767681fc1b,0,test
542a89cd4cea9184,4,train
542cb8ae175c10b6,6,train
5430bf62c4db9086,1,train
54328724f4a7f4d8,0,train
5433dd7c29e7e895,6,train
5435a069d42082c4,0,train
543653cb04db0b9d,0,train
5437efef6f382960,3,train
543cee39a7b88f97,8,test
5440a26a4c443522,4,train
5440c8c77b873d22,0,val
5447261dafd04ac7,3,train
54486bee567a670a,3,train
5448c1fd9ccb667b,8,test
544ca289c0921492,0,train
5456c6c9769ee381,3,test
5457165a6fa877c4,4,train
545a24dfc64d5d3a,9,test
546799f2dc6ccc74,4,train
546cb9bfb18b54b4,3,test
546e681f82970329,3,train
54734c30e73433c4,3,train
5476a604e1dd94cb,5,train
54790ceaf1724d44,5,train
547d15f5ab7e515b,2,test
54819595ef09e297,7,train
5497caf5fc9cf769,2,train
54985ec95bf9ed89,6,train
549bc46b77cb86ae,7,train
549d1093fcfc02e5,2,train
54a1bee8ea6badf2,2,train
54abe935b6624e1d,6,train
54ad476f8ddcf37a,5,train
54adc5ed59593c68,6,test
54b9fa7a058479ae,2,train
54bc5bc656fcf262,6,train
54bcdb1f389bec29,7,val
54c11c03946bbf9b,4,train
54c3d44e90b9406a,5,train
54cfa4fa4031bb16,0,train
54d37fec458c92dc,4,train
54d3fe2305bf5613,6,train
54de356fccdeee9a,1,train
54fc0d6fcee6c7b2,8,train
55062daa36302bcf,3,train
550b8b7f7f6645f7,0,train
5516e845132cf2ef,0,test
551a4d82fabb8e91,0,test
551b474c6aa0aff8,4,train
552335c4c6c77c6f,0,train
55253cef18c1ed24,5,test
5525a851423bed69,8,train
552658751a5ba9a3,2,val
5529bf386dc68af6,2,train
552b680eb43cc635,9,train
552e1d6447ed852f,1,val
55325966291d83c1,7,test
5538fcbe8a58a461,0,train
553aeb0f5dd3ee7a,7,train
553d6baadc8c87d2,0,train
553e8f27e93ba693,0,train
553e9896d09926c0,9,train
55447ffc34922414,2,train
5544d62f41ec6618,1,test
55485cb0f61faf59,5,train
554e0a6a44ab2a7e,8,train
5552e7df2815dd71,7,train
5553bd716f6ec01f,5,test
5559b0b6ffc4da04,9,train
555c6299571ae635,0,test
555db0f949e3bbde,1,test
555fb853052df8da,0,val
55606e18f5105267,0,train
5563251634fea70e,5,test
556d6df1423067f1,8,train
557071c297f3e737,0,train
557c88d8fc5ff6ec,7,train
557f00d7b3e28b25,8,train
558158b8ae15609e,5,train
55875ed0bdfedd87,8,train
558fa076805887a4,9,test
558fba3ac813e72f,0,val
5595357fab203ba6,4,train
559616e782cb041a,5,train
55970d1f5fb418df,0,test
559ce6629d78af8b,6,train
559cf0cad5bb7edd,9,train
55a058795809e908,0,train
55ac670bfe33c804,8,val
55ac93cddd11bf28,2,train
55b0a70c6474d37c,8,test
55b540e841a9f7d7,7,train
55bb3008813591d6,9,test
55c2a855da27e8dd,3,train
55c2d7c5e3ae96e8,1,train
55c3067a313d6eb9,4,train
55cffb25f23511b5,9,test
55dadbd6533d22c3,4,train
55e5749af9892047,9,train
55e8db40c3e09d2a,0,train
56000ebe181d392e,5,test
5600cd9b37b1dbf2,2,train
560221d057be28a0,7,train
5607db4be4ff7114,9,test
56089394d2445e75,2,test
560cdf6347c206d1,6,train
56137fd83b55ec51,7,train
5622fe1ccbe1bde2,5,train
562783d81857b1fc,4,test
5627f43825facc79,4,test
56413dc6c944874c,2,train
56471d48d3162f3a,1,train
564df418053ecda3,5,train
56506db4050d3be6,4,test
565163c08e029dd2,2,train
56544a5ac848dba1,4,train
5658430b9653fe68,2,val
565a4cf7b899d662,5,test
565bedb6a49a2816,6,train
565c05a668e148ec,0,test
565cfd0441aed96b,7,test
56631474178b50da,5,test
566a7d13b91dabe0,6,test
56756c002336aabc,1,test
567736a7005ad52f,3,train
567908fcc8636c7a,7,train
567d17c4ba096261,7,test
5684885d813e7d77,9,train
56872ab24e38b3f2,9,val
568e11fed8edf545,8,train
569333e1d4fbf170,7,train
569762bdae6498a1,0,train
56984d08de0444c8,8,train
569a3a1ea3f58b85,8,test
569d221c32534535,7,train
56a3e49494a6b55c,0,val
56aa64d8fa26a342,1,val
56ad5b238d6495dc,9,train
56af6c4668c99271,6,val
56b0f38f456ebf97,6,test
56b2509d806d4c47,3,train
56b42591603fd52f,6,train
56b46a180a104779,5,test
56bafdc8807613de,5,test
56bdad00141f3a1d,9,train
56c3166a9084b7ea,6,val
56c5ce23887c26c6,7,test
56cafb2c37b6d159,4,train
56cb377767875b8a,2,train
56d1b8e1fc906ef5,2,train
56d28ff592715667,2,train
56d954260343b648,2,train
56da4d1933e3de9c,4,test
56e93d9cea404a3b,9,train
56ee12c2b8c203d2,7,train
56f0da7eaee4c32a,9,train
56f3495b4e2542be,6,train
56f4e4efb55df265,7,train
56fa0c5ea09ff7ea,4,train
56ff027d4d203206,2,train
5701583c7359a86c,3,train
5706bde3c95a94da,9,test
570b039ccc8177f1,1,train
570bd59b0ba23068,2,test
570dc8ec21824b14,1,train
57139dcbe071225f,1,train
5717662566806715,6,test
57190491f7f716e4,2,train
57194d5da6821075,6,val
571bb7cc5264dfe9,4,test
5726d8e83ebf2046,5,train
572be0e4854a7586,4,val
5731b999e270cc1b,5,train
57346e2b21087bbd,6,train
57369efeef99278c,7,train
5743a11266076264,4,test
57462bcfa62da37b,1,train
574888a962d8a865,7,train
575412047b85f245,0,train
5759054aad067c1b,1,test
57593a461361b735,5,train
575b31ae6cc94e70,1,train
575da2fe3cfc8e93,9,train
576baabb8fa33a54,5,train
576c8bb8dd515587,2,train
57750282644cd08c,5,train
57787f1e933b9e16,1,train
5778d6c15e2b7643,9,val
577ba6ca96aa7b0c,0,train
577e51c2cd5d9375,8,val
5784fa03e3402a36,3,train
578e4977f17987d7,3,train
578e9851ad164e65,4,train
578fe048880920af,5,train
579134e234ce398c,2,train
5792146d8107d8fd,6,train
5796cfcd9853c8cd,0,train
57a23e9284cd3abd,2,train
57a6dba28450f28a,7,train
57b046366a5b1280,8,train
57b64d810f070668,2,train
57c19b6f1fcd39e7,2,train
57c2bd89f67f0b60,3,val
57cc05b793677b0f,4,test
57ccb3b4e999faf0,6,train
57d6e3aaee4c7dfe,6,test
57d72f52ab54d642,6,test
57e0457377e8063c,6,train
57e165cea7aece92,5,test
57f68e83dc9a8d22,4,train
57f70ce4fca9dad2,4,test
57fabba3e54a81d6,6,train
57fdd7cdd35ed211,3,train
57ff9c4dcf28376b,6,test
580162899ffd8687,8,train
580278e913a9bc8a,2,train
5805a5982459d609,0,train
58082b3777349f0a,4,train
58088d9b0f4fc75c,9,train
5808dfc6d9a70b98,7,test
5811ca486f55f2bb,8,train
5817b230a0402da2,6,test
5818ffd6f90f5510,4,train
581a3369121bff0f,1,train
581e2fb98006d01c,3,test
58225bfb72a9f2cf,0,train
5823666ad4bd0549,7,train
5824fd54bb059ee0,1,train
582daff077722cf0,8,train
582f2f1cdb320c41,0,test
5833b1c404b82435,4,train
5833e8d342e5f83e,2,train
58344679162b6309,4,train
583b5072a4c2d10e,3,train
583bb179c769f28f,8,train
583e40c302d917dd,9,train
5845817458929233,1,test
584ab73ac4a77b61,1,test
584e4ebd4b78ce2f,9,train
585215fc1305fd73,6,train
5853ec76fa40849b,7,train
5856acce263383e2,0,train
585bce274b84deb2,7,test
585f0ea418bcda28,6,test
586238fc1a03da0d,0,test
5863701ae43b518b,5,train
586905f8770b9b49,5,test
587b6a91749f44bb,2,train
587bac148edeed0e,3,train
5886351dd1047a22,5,train
5887f288c6ff6931,0,train
588d58f7b2383775,4,train
589008512fcf69c9,3,train
589669639caba573,4,test
589769ffe704fb8a,4,train
58a16ec81c519183,3,val
58a3446360e50b35,1,test
58a50bb9615a2caf,4,val
58a935d3c4878fae,9,train
58ae67abc0405f57,8,val
58b013c6c409e8d2,1,test
58b7446734d3e6b4,4,val
58c2ee6a2ab83a2a,5,test
58c63d3dcb63a6f6,4,train
58c7cd973e4f5459,6,train
58c812c16e134f37,5,test
58cbaddb0ba0026d,9,test
58cdbb11fe528936,3,test
58d03b3b14ebc15d,1,test
58dcfa43120731f7,3,train
58e15be5be7ce00d,5,val
58e5101894508aa1,8,test
58e6dce3c779ecd5,5,train
58ebd8b0b414f02d,5,val
58f613ac30f1811b,2,train
58f850f52ad0ef5e,4,train
58f8abfb17301833,0,train
58fade0d33d383ce,2,train
5901527648a2e6bc,3,test
590cddff979a1fe7,3,train
5914892db3a67cb2,2,train
59191eaf64e6cbe2,7,train
5919cead30c97911,5,test
592e87f9bad8fc70,3,val
592f82a3a3915f60,8,train
59329f216937c9c2,0,test
5934079f12627535,5,train
5934706704a4b878,3,train
5935e024938a3451,9,train
5936273df936e0fc,9,test
593915011c752c63,6,train
5943a151a7f2eed1,2,test
5945dc58448d2be8,9,train
5948cb32e2e818de,0,train
594f093b3d5551ca,8,test
595625a044d62fed,5,train
596242f8bb12e3eb,7,train
596b662fa85a196e,1,train
59739e128bbedf0a,4,train
5978cea042bdf315,8,test
597a43a3c0396eff,6,train
597d09dbbddcb1d8,4,test
597d6f57d3107390,2,train
5986a0be5998a136,9,test
5986ae98060b0cd3,9,test
598700acb7d8aec5,5,val
5995b03765d76c34,4,train
599a640a11cccc30,4,train
599dded53d7bf1f8,5,test
59a56876328acccf,1,train
59a83dcc7d46ef73,8,test
59a9f18737ebc7d9,0,test
59acfebf3ab4d7fb,3,val
59ba831beffd2706,7,train
59c6cc9547b406f9,4,test
59ca952abd17b5a0,7,test
59d6ce023ec6a407,5,train
59da7c13b49e3122,9,train
59f4cca218a9aa86,3,train
59fca40c6a9ff843,5,train
5a08a56d7b9a3a16,9,train
5a199bed9f90983f,6,train
5a244ff21ea7b7ff,6,train
5a2e3570965b6e50,1,val
5a2e8d182855ed80,2,test
5a3521cc9de0f59a,1,train
5a3bcb673fefd01e,6,train
5a47c45048aaf06a,0,val
5a47d9e338813b98,1,train
5a5028883f06706f,9,train
5a6e8ee2996920d3,4,train
5a6fda75284d83b7,4,train
5a71ba47ad1cff8e,2,test
5a74b3c600560578,2,train
5a7f33f21466a093,2,val
5a8681b5b97102e8,5,train
5a887e071081f8bb,9,train
5a8b61d87c793b09,1,train
5a8e4c0157146f3b,7,train
5a92bcde56ba8c41,8,train
5aa8f3be96ba22e9,8,train
5aa98b78da67ef15,7,train
5aaa83bdf1cf63bd,7,train
5ab0394d54680b00,3,test
5ab11356c2092d9b,7,train
5ab5c9eb5ac217ee,5,train
5ab90a0da818d536,7,train
5ab9e4edb1576f3f,4,train
5ac0c0c03397164a,8,train
5acce18de736257d,0,train
5ade3e91cf804199,7,train
5ae0ad33ae5cf4d4,1,train
5ae32b5e37c22d44,8,train
5ae3c13e91a39e75,6,test
5ae3e5935e786b06,9,train
5ae56b25ab53ba32,8,train
5aeb334a53a9e039,7,test
5aeea41800077750,5,train
5aefdcba093f4050,0,train
5af5c4e5aa79b067,9,train
5af5cdf09efded49,1,train
5af763cdfb0e29dd,6,test
5afcffeebfb5904d,3,train
5b00ed2aa8efefea,9,test
5b0c246a3bc5827c,3,test
5b0d129cd2861766,0,train
5b10327d66e8663d,4,test
5b118fba705beec7,4,test
5b17190c20ab4cb0,1,test
5b1e6e6f1452f061,0,train
5b1ecab3677ae1ec,8,train
5b2747e48b128945,5,test
5b34168fc1ede75d,6,train
5b40cc62c01a82e0,0,test
5b444f747aeec86f,0,train
5b5f73b09b36c9c1,2,train
5b60022946548dee,7,test
5b63eb7420e135e5,5,train
5b6dbc363d2e2606,0,test
5b71ad22624910d1,7,test
5b728d3c5b3f5a52,3,train
5b73751465324444,5,test
5b7381bf76a6476b,0,train
5b76ff63cacfff08,1,test
5b7fc8df3fa33f75,4,train
5b82a81351c9f639,7,train
5b869eaa5788879f,6,train
5b880e5171b215fb,7,train
5b905b6222440d92,1,test
5b917fdaec827121,6,test
5b954e57e825b2db,4,train
5b96c8bae8144519,6,train
5b97cf071c91687a,6,train
5b9d7003d3406eec,6,train
5ba36e2b44e53e8f,2,train
5ba9c95708d7dda7,8,val
5badf8b0d7e147f8,7,test
5bae9cdeca407da1,6,test
5bb1ed84214495dd,5,train
5bc9ca4a624210d3,3,train
5bd5f0ab29214b7a,2,train
5bdcede9b3049e81,5,train
5be1550d8599817f,2,train
5be923120647537c,8,train
5bf57fb586810ee1,3,test
5bf6d795e41c1632,3,test
5bfaa53489578951,8,train
5c063749879402a1,8,train
5c0a9f42fabcff46,5,train
5c0af1634c8c7593,5,test
5c0cebe23179a02c,5,test
5c10b41ffdf24e13,8,test
5c142da245f9d10f,6,train
5c14725d68c013a1,6,train
5c14c412819c505a,2,val
5c1512cd5c769368,3,train
5c1999c6352e7a23,3,train
5c1aeb074aab6e92,0,train
5c1b167699bce386,1,train
5c2209e006da120b,7,train
5c242cb51d376d6d,4,train
5c2b0a369622cabd,6,train
5c2cffac02d2b16b,6,test
5c33a94f6a1b659c,9,train
5c345495cd2d8f3a,5,train
5c351880b7962728,0,test
5c3ac32b5308bf7f,6,train
5c3b8b8f2b7a636d,9,val
5c45b2c1fd041cfb,1,train
5c4d30dd366ce94e,3,test
5c5331ff37b4945d,4,train
5c5416e0bf6361c1,7,train
5c54b1b2b3ab1430,8,train
5c5a7e4f95e2c44c,8,train
5c5e7bb2a8040c97,3,test
5c6968983bc156d4,3,train
5c6d3086d75ed00e,3,test
5c6d530dc3a45e16,0,train
5c6e8fcf655b0303,1,test
5c823d4eeb5aa1de,0,train
5c8d68d5691fd02c,9,train
5c8dd27a44f40e6e,3,train
5c8fd9ad2a97721a,0,train
5c90d44330468500,3,train
5c92ff8af2871f9a,6,test
5c943c2a3ae3ff36,2,train
5c9d157fd8c8cfc5,4,test
5c9fd1d96917f943,5,test
5ca67be0277451a4,9,train
5ca8eb02dcb42dac,1,train
5cafeff51357148b,6,test
5cb0fff6bd4af7fc,6,train
5cb602c3b957ff00,9,test
5cb992cfd666f3b8,3,train
5cba98f0fb178bd0,9,test
5cbdc20b0ac8daea,2,train
5cc51549a62e3c38,9,train
5ccdcf299739d8aa,5,train
5cd42e9091113b22,4,train
5cd6fec5fb32c5c0,6,train
5cdc697bcc15e231,6,train
5cdffa342c82f284,9,train
5ce2b0d50ff45633,3,train
5ceabed1a6dc293a,3,train
5cee54d6364e0073,5,train
5cfd9ca3c021552f,7,train
5cffd2654c31a9fc,7,test
5d0136a8c6e20249,1,train
5d02166056a807f2,7,train
5d062cd2f67e9c56,7,train
5d07b8eb6756e365,3,test
5d0897683fcbcf2d,1,test
5d0b8c0c67b3f81d,6,train
5d13183c93561fff,5,train
5d150953a84beb69,8,train
5d17136c6d14ebb8,4,train
5d17cde8fb20ab64,6,train
5d2399cdd3be02b5,6,train
5d2649a689814d87,7,train
5d372f198196cf5a,5,train
5d3c4dd6b66cc70a,9,val
5d3eb1dab4a95c25,6,train
5d3fdca73905b239,2,train
5d51cace86d441a3,9,train
5d5709d619a127a8,4,test
5d62c52a4271479b,5,test
5d66215d77086176,7,test
5d66736ef72d7615,6,train
5d685c312ea10d00,1,train
5d6b78631958036d,0,train
5d7af91a066c4ab9,1,train
5d7d813fd5a2f380,5,train
5d7f56f8ed4f3189,8,train
5d8f3787552e8f50,7,test
5d9459fc1c3ea9c1,0,test
5d997565c7e857c0,7,train
5d99fef20adc3877,6,test
5d9dca2d4332bbea,5,train
5da4782de387a3b5,5,test
5da8a5259e9befc7,9,train
5dabb2d8b2e21297,8,train
5dad589c05bb1d30,3,train
5dae86b51af74e88,0,test
5daec0a45097fe23,0,train
5db3f5f7dd37f077,6,train
5db3fc98331c1f9d,4,test
5db66e2f873e464a,1,train
5db6d5533ae90110,2,train
5dc269b74a2ba2bd,6,test
5dc4af0486c75c48,2,train
5ddd333cdc03dc5b,8,val
5ddf040a85730e8c,7,train
5ddfa75c9bebca20,8,test
5de0a3ab9abea1e2,7,test
5de4c6c905440f16,2,test
5de5fa23ad3f89f5,8,train
5de7d9f971c4c3d6,8,train
5df5d944f2acc272,1,train
5df8d9673eea370a,4,val
5dfb011b5b21e7c2,6,train
5dfb184ca88c67dd,4,test
5dfc52858f470951,0,train
5dfdde9b3fa25b9b,0,val
5e00f4fdfcd829ec,1,test
5e06e878cd5a0edc,9,test
5e0d4f6ea44f2b91,7,test
5e0e6d45d15756e1,7,val
5e12af06ed908d20,4,train
5e134ebec57c4d62,7,train
5e16b53b27c60018,3,train
5e1b14fae2e5f8e8,3,train
5e1da0660567b523,7,train
5e1e7d58de6ad4db,3,test
5e20881f709ce62e,0,test
5e229aabf28b9fe4,6,test
5e25d1539f4a8589,8,test
5e2671947b4e513b,5,train
5e298a6b5376b93a,1,train
5e2dc8ec6386c6e4,0,train
5e315600c0d3b27d,6,test
5e33c5c85cfb0ec4,0,test
5e357e0f8e097767,8,test
5e39c53460b6eceb,1,test
5e3b03918370725b,6,train
5e427e4c1d93cf31,7,train
5e49efefe4a483f4,8,train
5e4bf027d075523d,1,val
5e50d55e972e7509,7,train
5e5641a2409f848c,2,test
5e5ba500f72b5ab3,6,train
5e62719cf3644731,8,train
5e62d0847773ee21,9,val
5e65ef83bd59cac6,2,test
5e701cda3eabffeb,7,train
5e7723f14f8ee7af,5,train
5e78a0ffd5953f6d,5,train
5e79b0d76574c733,3,train
5e7df2cadbc6f123,3,test
5e8066fc4d18283e,3,train
5e8b006751bdb32e,9,train
5e8b85cbcd3e5e78,1,train
5e8c97544df6fd03,3,train
5e91b22ea450d2eb,8,test
5e95219355f9fa89,3,train
5e99b075e0a7746c,7,train
5e9a64bfa0393d10,1,test
5eaaba631559461c,0,test
5eaff888dc70be65,8,train
5eb32fcb59774ae7,7,train
5eb6da0cd844ff88,4,train
5eb84e94ab31d52d,3,val
5ebab94dad562085,2,train
5ebb7f9fd42d2bc7,9,train
5ebc0d3af48574cb,9,test
5ecde0d6a432f7bc,8,train
5ed5b8f3da6ebf4f,0,train
5ee543b846322adf,3,train
5ee607e4a1cbaebe,7,train
5eec320720d7f4a2,8,train
5ef2d7bf903764f1,3,test
5ef89c911c436061,7,train
5ef924a5b7a1ad14,6,test
5efbef25b789a0fd,8,test
5f00d3ee98657ab2,0,train
5f023d5f1f86fd7d,5,train
5f029056b5678afb,6,train
5f0dce01ed822b48,1,val
5f1267cebe00caa1,4,train
5f126e11dce662e5,2,test
5f12a9dc1115de9f,5,train
5f1506452830ae4c,2,train
5f211fc6f1f3eb21,7,train
5f242ba79b0403ad,4,train
5f2ad41be1d980e1,7,val
5f314136ce212d72,8,test
5f31f236b46a1432,7,train
5f39e11683fe0796,0,train
5f3e6e87d81ecf6f,5,train
5f40d1391ea82e42,6,train
5f40e5697bff09da,6,train
5f450fab3eddf594,7,val
5f56a82322ba68d5,9,train
5f58e67091cc03a9,9,test
5f623babdb3f57a8,4,test
5f6408cce1fc9822,6,train
5f66f30257f502f6,4,train
5f6f91b3f8f7af61,3,train
5f7243518d657d5a,2,train
5f80e30e4ce61a5c,1,test
5f814d687a20d52f,7,val
5f81fe5ca62b22a7,7,train
5f8224c0c88e5b0e,9,test
5f82c86f861ffcd6,1,val
5f8724a5c7df32e9,5,train
5f8845d25bbb1de6,7,test
5f88873e4e5c64a6,4,train
5f8a05396b1f86f7,9,test
5f8a7319bc26e1ca,8,train
5f91c9ee3bfb6ff2,3,test
5f95bc56aee3237b,1,train
5f9b2209788fdda1,6,train
5fa05df3f1efb2a4,5,train
5fa71e81fc8d4ee1,8,train
5fbce010b02abfc3,0,val
5fbdc57dfc78305b,0,train
5fbe08c96cd5db58,4,val
5fca371d29f8b338,5,test
5fcd7b9ea04bc9f9,6,test
5fcde484ccc86827,3,test
5fd3e422d3b31f55,2,test
5fd5f74b2c8ff6c0,5,test
5fdd1835651d88da,3,train
5fdd5523b7bfb3ae,6,train
5feb87cb359e2d8d,9,train
5ff0bf2db2613214,4,train
5ff1d45825c68bba,2,test
60077887147a8905,0,test
600904d21dfdaf7e,9,train
600b2b89859fa235,4,test
6015cc809c20157b,2,train
601f72ff8f1839af,1,test
6022c188a8cb5bea,9,test
602415b7fd82b893,2,test
6024ed54aaf85d68,4,train
6033b511cc92ff23,2,test
6033f2d9fc9b25cc,4,train
60356d9e5f14dc8a,6,train
60470c22e7bc4829,8,train
604c0b41d0e0b6d7,2,test
6050c288f685ece4,3,train
60519de3c3fc2769,0,test
605b335b6dc757c5,6,train
605fe9e7030d8318,0,train
606314bc1c5c34ea,4,train
60727c64c8729a9c,7,train
607604856bdca894,3,test
607947ddb0202aac,3,train
60831b0056825859,3,train
6084caec8c4b3a40,1,train
60853aaebe3d7dd7,2,train
60910dca2164fc53,2,test
6093fee58f877a90,2,train
60966441e30a89fa,1,test
60a4180ad29758a4,8,train
60b0999eee3806c9,5,train
60b4475ffa8e2fb0,1,train
60b84a58f7649198,8,train
60bb7277f0c84b73,5,train
60c6253b2d6d585e,1,train
60c80526ccee3b4b,7,test
60d84c0c11d175b6,9,train
60dbe2828a779ed3,7,train
60e05212f69ce8ee,6,train
60e5373939997c97,4,train
60e8f8c57c83edc1,5,test
60f8248ae61612da,6,test
6107929cdec33065,4,test
6107a462e7e0a7ee,4,train
6108d57355bc1d06,1,train
610e88c9d41a7852,6,train
611a2dd109fbdd82,8,train
6125c964044c4128,0,train
613581001c71423c,1,train
6137264630d67af3,1,train
6140af29aa59ca61,7,train
6147bca210b07b74,3,train
614ab42d72d080c5,2,train
61625c2bd9299fa8,5,train
61664caf42e3a6b5,0,train
6172b19245a90b13,5,train
617726d12748b910,4,test
617808456041b774,3,train
617b4aaee5b3c4dd,9,val
6180826208b5e2f5,9,test
61847b052ee51089,5,train
6188195a3b80db18,8,train
6188b3daf43e78a2,4,train
61965202b0baee2c,6,train
6197c94fd6f8b788,4,test
619c4bd19e97bcc1,4,train
619df08f0ad9c93a,8,test
61a58c42edade6b2,4,train
61b2de316218ffa1,8,train
61b99e573aa4b41d,7,train
61bb2377739ba3a8,9,val
61bb84c9944cb7ed,9,train
61c063724f5a65cd,5,train
61c99554cb1291bc,0,test
61ce6e083e83e0bb,9,train
61cf50eaa5a35df6,1,train
61d0fea4dc6539b2,5,train
61db492075736cc5,1,val
61dffa335d48c433,1,train
61e2aa3565181d3b,8,val
61e949608c828c68,8,train
61edb6fddb45f91a,0,train
61f06595c12542d9,8,train
61f0717e031d6711,0,test
61f47ad67b27214f,4,test
61fc8be8c1073dea,1,val
61ff0c060621946e,8,train
61fffea7d9b55ba0,2,train
620a100857a8540a,4,train
620ee58221dad145,8,train
6211a9d7dc77c170,0,train
621c22c04455f5ed,6,train
621c59c5e51b50ff,2,val
621eaab93d9c6e5a,9,train
621ed9e6a9e3b058,5,test
622287e62d105609,9,train
622364d2f0389eba,1,train
622e095b84a8d75b,1,test
6232f074367b2d21,4,train
6234d054e6c7154e,0,train
623a987b9d229499,7,train
623c249472d35160,6,train
623cb759f23d7749,0,train
624883a36b82a2c0,9,val
6256dd3eb4e7eeed,7,train
62584c2a69525ae8,8,train
625e3bb2026f9267,1,test
62665dfe8733146b,1,train
6270c10b628e37b1,2,train
627a026e2ea3dcfd,4,train
6281fb263d2ca721,1,test
6286be2db329a96b,8,test
62878e5c7b6fc52f,6,train
628cd969a78f2223,2,test
628fedd9cef9461b,0,train
6299afc76b1c4be8,3,train
629d510015bdaedd,7,train
62a4878bb7cfde8c,4,train
62a8b39fcde64aad,0,val
62ad4b63cdbff164,1,train
62b812fc07bfa1fb,6,train
62b86be0499afe8d,5,train
62beb76a24bb0d2e,1,train
62c0a3a566688cd5,1,train
62c901eba303e856,0,train
62cc26d689fd0cb6,1,train
62cf3da3064da6e4,1,train
62d2606880b900b5,4,test
62d8a5fd1a59d1e9,0,train
62e097d06b163479,1,train
62e297a9e8478b50,7,train
62eb5c02cee3c3a5,6,test
62eea7a82acffb39,4,train
62eeec4c19ddf9f2,2,train
62ef02186beff4ed,8,test
62efd1669b5d8446,6,train
62f0be4fa080d5b8,5,train
62f3a40458f115bf,6,train
62faf422b05af028,3,test
630a9c211f14633e,7,train
630e675b9268d5f6,4,test
6310254ceebdc70f,5,test
63183bee7817ca15,5,train
631a00efa7dd8ab9,4,train
631c2d28e6cea80f,6,train
631e6414bcd6990a,6,val
631ebea75814745b,8,test
631f39f187f78a57,2,train
631fe8da0b1d47b6,1,train
632142982c74fc75,0,test
63233957f8bb3215,2,train
6327b0297825d53c,1,train
63289356256531c4,2,train
63350858c26ee5e3,5,train
63351bb4602fcf7f,1,train
63372d65080ac486,8,test
633c5364204de54f,5,train
63400b7c6102aa0e,9,train
63433ee7be30c04d,7,train
6348d8b66a138cb7,3,test
634d4b07cb0319ee,9,test
63539415230055b0,8,test
6354ce76dc40fa74,7,train
635c152e705bed6d,3,train
63671ba6424bba88,4,test
63672c3d46786d01,4,train
636e9af96992cada,4,train
63750e8f651cfbfe,9,train
63789e1ccb689c23,3,train
6380584ccf15d611,2,train
6380e63063c24ced,9,test
638f88400e67cbe9,4,train
639197a64321f2ca,5,train
6392457745d80e5a,3,train
6392afbe865c4625,5,test
63959384e0a69b6c,1,test
639be85d214feeb5,5,train
63a5413ef2c9bebb,9,train
63ac4a223fbdc12b,7,val
63b69acc4b558afe,1,test
63ba07c9bdb0343b,8,test
63c000b79349acb2,8,train
63c1c1d49cd47e9b,5,test
63c6156ed4eee810,2,train
63c742034b2e9dd1,5,train
63cbbb6bf9eee27e,3,train
63cfac9668e3e2f7,5,train
63d69fef9a9289f5,1,test
63d848986c904b84,3,test
63dd5e1fc99c7439,1,train
63dfdfcdf2f07fa7,9,test
63e1b5a37639efea,3,train
63e609715596a8e2,0,train
63ea3eb1087600f9,7,train
63eb94ddea0aafd5,1,test
63f9f33799355f3b,0,train
63f9fd66a9dd3bbb,6,test
63fe08f40164a392,6,test
6403e41c47d8e70a,5,train
6405dca8e6cc8b16,8,test
640651d0ae6b67ef,6,val
6407276dd0d52e4c,6,train
6407dc7312f1f250,4,train
6409a821e2447cd6,0,test
640a99016d821f2b,3,train
640e776ff4edd84f,1,train
6412d9458d5ac0bc,5,train
64159717bf9e4946,2,test
64159a40c4de937f,3,test
641f12a3eaa61ef1,9,val
6421f19ce55349b6,8,test
642566bd49a28905,1,val
642a26709fe7934b,3,train
642f14692d27df69,2,val
6430e897e50dc07e,6,test
64331edf639587bf,8,train
6439cab6a08a911f,5,test
643aedf353cd2827,0,val
643dc58eeca2ac83,2,train
6444279d2eafaf93,1,train
64523ec73581f4b7,9,train
6454e6ec0886be05,4,train
6454fbff217ae749,6,train
6457e668a88314b0,3,train
645b9672c1ccab08,6,train
645cd4885071b37a,8,test
645f1dfe837ed80b,9,train
646a379c59bc0c54,2,train
646cbfbc020d9d39,9,val
647288abaa6bc6e8,4,val
647b0213b962e0b9,2,test
6481f2e6f0599cc5,1,train
64831bdb8a1dc8c0,1,val
6483d7ea89e26dc5,1,train
64843238418c506d,6,test
64884f485f3e6451,0,train
648a367c3215bd1f,4,train
649005db3e4cf63f,4,train
64903ff94868ed3b,2,train
6491a9fb591d36a4,0,test
6494a65bd86b1146,8,train
64985e595dd63e59,4,train
6499b43c894e75d5,1,train
649cfc119d039d05,6,test
64a1c7dceac9f0a6,7,train
64a2eab75b171d81,9,test
64a421fd6a145eb8,6,train
64a68b6f966b08c3,0,test
64a6f2d2f373df97,6,train
64a953273e4ca448,7,test
64ad73e1918bebd4,6,train
64ae39ab32e3657a,1,train
64b568234ea058ca,1,train
64b73115dc6089ee,1,train
64bd3e154fa2a50d,3,train
64bf230ca72b9eb9,2,val
64d0e6d7022db48e,1,train
64d8c5d80cab8864,2,train
64d935a3ec60537b,8,train
64da827ee31a2ee6,7,test
64e1431edfc13f5f,5,train
64e335ba09f6b818,9,train
64e431b06d462379,5,train
64e7979d4e025f86,1,train
64ef3e93e6449093,1,train
64f86c5a1ff55385,3,val
6501f0bf444989e2,1,train
6508d802ec4580ff,2,train
651880d790b36312,5,test
651a2fd8c72d30e9,9,test
651f4411a71d2f07,7,train
652444a5b305445d,2,train
652b33776c8dc135,9,train
652d61931f85896e,3,train
65346d045ee26c8e,4,train
653957ae294d0bc1,2,train
65396e18bc9e8c55,2,train
653a9d33a3fd8560,4,train
653f72f03fbc03fc,3,train
65455e066aa86ecf,8,test
6551dafcca9e2ef5,8,train
6553d856491375ae,0,train
655559b50a7f7324,0,test
6556ee2fa260e2df,7,train
655f3c1a40131407,7,test
65607639e2ec0d18,2,train
656c0cea55582cd0,4,train
656fe08b8eef45e2,5,train
65729c076b0912f0,5,test
65776819005eabb3,7,train
657bd142b9806373,2,train
657c4639ebea2234,1,train
657d6e41972c4e2c,4,test
6585768035379aad,5,train
6588074587d09767,0,train
6588952a86accbc6,9,train
658bdca184fccb9d,8,train
658cc0fa676889d8,5,train
6590d046e27ce6a1,9,test
65941a634cfdaecd,2,train
65969c0c1636e238,5,val
6598ae548edcb722,6,val
659bd38066bb1cbb,1,test
659f0840ddb34c34,9,train
65a1b95403cae37a,5,train
65a30c1d5d931574,3,train
65a3770926a41f05,2,train
65aa79c3ac8f2cf5,1,train
65acca3574ca71e5,6,train
65b279b753913e24,2,test
65b2d2682159089b,3,train
65b30243ebe584ac,9,train
65c5aa7c928cb8a2,4,test
65cbceee0fafbed9,0,test
65d15a0aa4f57248,9,test
65d2133332c0d6d9,3,train
65da92c0662c500a,7,train
65dc64e989124d4a,7,train
65dff983b562ed61,1,train
65e67cdb34ec42dc,5,train
65ea91704f76be04,8,test
65ef9c4f635ff509,6,train
65fab59cffa68d96,6,train
66042973c81dabe0,7,val
6604f62663373007,0,test
660839b412a28f05,2,train
660996b0f5a876bb,1,train
66140e49bc3ef841,7,train
6623e2bd461b0048,6,test
6623f13cfe35c3f4,1,test
662f035ae8850e32,9,test
6630f515f5d08915,6,train
6634de87c63c4bf6,7,train
663541b01e077525,1,train
6637d8d03be58b9d,1,train
663b55307d80a8b1,2,train
663cbe136cd77105,1,train
66448c4e44b66388,9,train
664b010cf9322e1a,0,test
664b8e9e8e608684,3,test
664e87388e72f13f,0,train
66588e68491bfe86,5,val
6659d5560af377c6,0,train
665c270074a14413,5,train
665d1c2664810184,8,val
66607694c7b433fa,9,train
6662b3a3ed51df81,2,train
6669f1c00c2cb5bb,2,test
666eb51355b56bd1,3,train
6672dae6d3246759,3,train
66761bf38fbb87f9,6,train
66769777c1749d2b,8,test
66789dfc5f9e6d7f,3,train
6680a9bf2d1909af,6,train
668ab8b294d62099,3,train
668e626e613fb168,5,test
668ff6706349bfe5,6,train
66987ff7116ff068,3,train
66a19033c38f27c0,8,train
66a300904320c37c,0,train
66ab601b102bb22c,7,test
66b0436a0e1dea35,4,train
66b0a15a0d2fba64,4,train
66b0e090e3393a10,2,train
66b436fa2ebff9b0,6,train
66b86a695439d65f,2,train
66ba10f856bf3a92,4,test
66bc7d03d62a72c7,9,test
66cd3c9209889f25,1,test
66ce39895385acec,1,test
66d6db91a75cc8cc,7,train
66d71a7ccd2175e2,6,val
66e038c3318a0c59,9,train
66e194d91468ef8e,9,test
66efa121dd9083ca,8,test
66f9001bad7c43a7,2,train
670157e97c27449f,0,test
6702988c156d1f97,1,train
670680e83e0352af,1,train
67080a22c0f4914b,1,train
670c2478f1aac020,9,train
67193848e221a9a2,7,val
67229ab5c3c4e549,1,train
6732f1b7ca5fb26b,9,test
6733f9799b7738c4,5,train
6737e246f8b39004,3,train
67386fcaa3dbaa3f,5,train
673fe368dfb8d426,8,train
673ff7fd3a207c2a,1,train
67431a0d20e75c05,8,train
67464e3f7cee872e,4,test
6747e3624be00621,6,train
67481d4628821678,8,train
674903b81b139e26,5,train
674a79835aaa4dcf,8,train
67565f1960335991,5,train
675702bb32c22028,1,test
676901c13b66047f,6,train
6769af5c01a8910e,1,test
676c38c038683f04,0,test
67710c700e1c1162,9,train
677a9e54e61133b5,3,val
677d92bc23f81870,2,test
67810f7b908a416e,0,train
6788b350ea09c32f,6,train
67898d6a75eeb38f,0,train
678b2dd8df4c8d54,0,test
6796b8789b6080ac,1,train
679e8741382aadf1,5,train
67ab8f252ec2574d,2,test
67b1142a2bc207aa,8,train
67b52af9f09585ac,1,train
67be73e028e28f9e,9,train
67c5dc6a3f35365f,0,test
67c6252604438a5b,2,train
67c8aba3e7399d9d,3,train
67cececd49daea15,4,test
67d4640a326636e5,0,test
67dacd515fb2749e,9,test
67e73e134239dba5,2,train
67e912ba6c534923,2,train
67e96de4002db797,2,train
67ea7bdba56900fa,4,train
67ecd6e572b3c513,2,train
67ef5bdaf48db12d,0,test
67f16f2c74e2d272,9,train
68077161e75b3686,4,train
680cfeafa5455823,8,train
681184b53b1ec81b,2,test
6812751297860e1e,5,train
681ae5fb952eec43,3,train
6820fc92e408fc1f,9,train
682286e652bca69d,2,test
6827475095f334b6,5,test
6828fbea11efdace,8,train
682e5fe51890edf7,2,train
682e71a85e819411,4,train
683145ca6f26af52,0,train
68317f40fa0bf8a9,6,test
6842a497f3acb7b7,4,train
6843acfb7490c844,6,train
68445c0e0a01990c,5,train
684576c111c6897a,3,train
684ce99261364da7,4,val
6850330c7d4fa54d,8,train
68504395d911d260,9,train
6859fdb6bf39e098,6,test
685fba6ea1435f16,5,train
6864bed2767efa65,1,train
6867d298061a5bad,3,train
686a09914c462aa8,7,test
686afc51236fca57,7,train
686fed152d78d638,5,val
687290e3057ba04f,9,train
6877473b9363b237,8,test
688c45d2a9226042,6,test
688c4a9c21b8e9e5,8,train
688d001098913929,0,val
68916b505eeed2f0,9,train
68985696a7567ed8,8,test
689b62f3eab7f13a,1,train
68a1b1f3e440cfb7,1,train
68a9c1b4f838b3fe,8,train
68ba7e5ddafedb51,0,train
68bd4fbdfee66077,3,train
68c0196db9e3b2dd,6,test
68c6346623f29219,5,test
68c6f7d3b204e4a6,5,train
68cd1f403f7b767a,7,val
68d2c78876df2583,1,train
68d337cbc9be5dd8,8,train
68dbdec995fd86ad,3,train
68e1ca8bf39ce6ee,7,train
68e789676c793097,9,train
68ebe4db766438d4,9,train
68f0021ea8c43d18,6,train
68f5362432c63bf0,7,test
68f6121b046549cc,6,train
68f85aca40240a49,9,test
68f861d7807e855e,7,train
68fb5751199d3f99,9,test
6909ef5cca78bcdd,5,train
690fc92060d3a45a,0,train
69165c9fc00f0025,3,test
69175c095abc53d7,7,test
69197d91d766dc36,1,train
691ef257885ae93d,7,train
691f779ff11321b3,8,train
691fd00e3c75dc3a,5,test
6926386617f5598c,4,test
69293443c0883e67,6,test
692a80638dcd5e34,0,train
693087685064a3a4,6,val
69330bd21c20146a,6,test
693868d3e3b4dd7f,0,test
6939ab67426c4121,6,train
693cebd08d73cc83,0,train
693f36c3e601ec73,8,train
69448d3c2b027425,5,val
69481e92ee82cad4,2,train
69490812e8789538,2,train
694d08ff2329ae03,2,test
695789753c5c467d,0,test
6959f93693167e70,6,train
6961423478e2becd,9,test
6967c6092447129e,7,train
696ccf2625f36fe8,9,train
696e0a867392124a,5,val
6970be2216b48deb,5,test
69718ae3b5c606a3,3,train
697464fe9059a264,1,train
6976cae4c8fc4edf,7,train
69789bcb0c8befa9,2,train
69852040aaf1b3a1,2,test
69880b0c8ebd86a1,6,test
698e0f19bd8ee91c,7,train
699077228813d453,5,test
699819808b193c76,5,train
699bfd0fc7cf6744,7,train
69aabc68fd047a1e,4,test
69b1e9f4c2706a10,6,train
69b491aedd2bc844,8,val
69b6dac8b2a4f25d,5,train
69bbb9c6d911ba38,0,train
69bbe4028cfd1745,1,val
69c250527164ab8b,7,test
69d91c76c5774bde,1,train
69da7bb2e4f385f7,7,val
69e251975b8b892a,6,train
69e65c8729278c1d,4,train
69f6fc67259f760c,8,train
69fc1336359fc2f5,8,val
69feaaf6b211e589,3,train
6a005b69083352dd,8,train
6a01993556400c47,1,train
6a01d10753296729,1,train
6a07bed5eefd3e92,8,train
6a07e99481c2eebf,2,train
6a0c9fa7ae20b03c,1,train
6a11a12d06d0f1d6,1,test
6a163a880238203e,2,train
6a288b68bd370ee4,9,test
6a2bdef3631bec5f,2,test
6a311d7039a85b5f,5,test
6a31db13f7a1ec7e,3,val
6a34db3e5be23296,5,test
6a3d0cd002544f20,1,train
6a3e5d83001e69f4,1,train
6a422e3d8a929502,8,train
6a51587c156db309,4,train
6a5ae243a1d0e88d,0,train
6a6865757991933d,5,test
6a68fe50375437c8,1,test
6a6ef9be7d3b3057,1,train
6a7827b5b776cf17,4,train
6a7bace927958341,0,train
6a7c21235eb43b20,5,train
6a7e1779463d36b5,8,train
6a85afffd1ecc9fc,6,test
6a96874fb397a317,9,val
6a987b8a87b77b90,8,test
6aa12b8a73a5758d,9,train
6aa345efbc4898c3,7,train
6aa7eb1bf4edbf5a,8,train
6aa9b5f02c115a19,4,train
6aba36b765f5ee00,8,test
6ac0342bc2e4c314,1,train
6ac1474d76666d45,9,test
6ac543a6b79c0d17,2,val
6ac5c5e27045dbf0,7,train
6acf63fd78611392,3,train
6ad118f769b6b7f4,1,train
6ad263ad1c1f983b,1,test
6ad26ee0c5e49745,6,test
6ad568c321462834,0,train
6ad5c9b2441f1f61,2,train
6ad9d69f84993d70,1,test
6ade9195d92cbe4f,6,test
6ae6b3cd99510566,0,test
6ae9a7721e82b0fd,0,val
6ae9cc26f973cfa3,8,val
6aebccd380bbc198,3,train
6aec67d18f76bcef,1,train
6aedafa5291f9a4d,2,train
6afc60d48e33bea5,4,train
6b0162db101b5e71,6,test
6b08423653e61801,2,test
6b0ae30efe6c0446,0,train
6b0faa292b335126,4,test
6b138293da4ce387,7,test
6b1a3b4d5ee9f9be,2,test
6b1d89c440f3a1d3,0,test
6b1db03a21ba2eaa,0,test
6b1e662f2a83e920,5,test
6b20c580b476da97,2,train
6b228280fc0fcf5e,4,train
6b244dc8e910339a,9,train
6b2b08f400fd05e2,4,train
6b32b4dd308d6ae0,4,train
6b3463de15b6eff8,4,train
6b3470ab3681ad11,4,train
6b3fbcfb37950ed2,7,train
6b406884e44d2c4d,4,train
6b524bf2dc3dee55,4,train
6b56b81c8c7aa001,8,test
6b59c73b38e77947,2,val
6b7185e98b4e068e,5,train
6b725a6ff293016d,1,train
6b737a9768c814e6,5,train
6b79eb354c42f405,2,test
6b8afd16179e0ef5,3,train
6b94f7f1d5ead783,5,test
6b9bef55ac17d67f,4,test
6b9d95fd7cc4a543,6,train
6b9da80154635a63,6,test
6b9e842a20f2c0cf,8,train
6b9ee3084d55b716,9,train
6ba0d1bc0bf96ec6,8,train
6bab0a6d316bc248,5,train
6bae6f5c3315b9a0,3,train
6bb3a94a8a5a817c,4,train
6bb3c658cec76c69,2,train
6bbbab396000e40e,3,train
6bbee1dbccd790ee,8,test
6bc1bdd0221c8e18,3,test
6bc1e42f85b1111f,0,train
6bc58db12619dceb,4,test
6bcc225609260c2f,1,train
6bce675bf3b4a16c,8,train
6bd053662b48a254,2,test
6bd1c070ef02c52e,4,train
6bd8948a460f6b45,7,train
6bdbd8a93607a637,3,train
6bdbfb8a0cf3fb7d,0,train
6be2dff8188bd23d,0,train
6be8448cd4249fcf,7,train
6be94a360562afb4,8,train
6bf4f29a4e76393e,3,test
6bf55a174593572b,2,train
6bf77dde9fc9274c,3,train
6bf99205a996cc48,0,test
6bfb090aaf1a87a3,3,train
6bfe416d3246dd02,2,test
6c00ba9e4d2957a1,7,val
6c08ac83ca1a10a3,5,train
6c0d0ee64cda2b2f,5,train
6c0db9fa82d1f6c9,3,train
6c12d4e47e7dfbc7,1,train
6c2062209a0e2b1d,1,test
6c22e955a2be292d,0,test
6c233b901f918891,3,train
6c2955ce185a4c7a,4,train
6c2ca176c8967a64,4,train
6c33c895119cc493,2,train
6c3ab789f31b7433,7,test
6c3ac22bdc92d374,7,test
6c3d330e21f30ca4,3,test
6c4086ec13b85694,4,val
6c4665925a61afab,3,test
6c46a280ad009ebb,9,train
6c4780275e8d859c,4,train
6c49f6d769daf2bc,4,train
6c51f4372e08df21,9,train
6c5242ef24f8b41a,0,train
6c54b27ef2016436,4,train
6c58592babe414b2,6,val
6c5ffd7f3d856f79,7,val
6c607de9730d7886,5,train
6c6432fa4e18641f,5,val
6c6445e4f9023e66,7,test
6c6aa4c18768bf1e,2,train
6c6b94cdba1c10bc,1,train
6c718b63789ee02b,9,train
6c79d9d229160af1,5,test
6c7c8bbfd962807e,8,train
6c7d2e56a9f86a20,0,train
6c8060896d465af2,4,train
6c8404ae05465a77,2,train
6c863da3993b4b3b,4,train
6c8fe126f8b3f1bf,3,train
6c91392df51bda8c,5,train
6c936ace4b7dd434,1,val
6c99ffd521b66893,1,test
6c9b2fda3b6911eb,1,train
6ca3e5ad4819b3d7,9,train
6ca558ffe950f75f,7,train
6caabba1c6f2c2fb,4,val
6cc06bb53c45590a,7,test
6cc2d474c04fd646,5,train
6cc3174d3fea0bec,7,test
6cccff3d70fba899,3,val
6ccdefe111b57eca,0,test
6cd6d7fb4cf18956,0,train
6ce0527f34428250,1,train
6ce0c8fdd61563f4,8,train
6ceb917e2e9f3086,4,test
6ceca7d2042aaec0,7,train
6cee0c6eed9af98a,3,train
6cf399a967878d82,7,test
6d01b0700e4e9a16,0,test
6d0742f9d4f5eee3,1,test
6d0cb4f5cc80d4b4,7,test
6d13464e7d7753ad,9,test
6d16ddeea82f3059,6,train
6d1ab973ac421c8a,9,train
6d20942083363422,6,test
6d2128d16701515c,9,test
6d23347127eb849b,6,train
6d2390b6b872cf55,8,val
6d2f320721959cde,8,train
6d3471d90c6ff218,8,train
6d3a06f9835600f8,4,train
6d3ac96a8da3b6e9,7,test
6d3d4550366db2f4,9,test
6d3f86071f093d10,2,train
6d4e591bab0d3550,0,train
6d4fe3f999339be3,6,train
6d576f1b6548fa74,7,test
6d5b390cb17a76c9,6,train
6d5d502f321ea11c,1,train
6d6d20630299f1a9,2,train
6d7191f6bba7c02d,7,test
6d76c779b7ae7562,3,train
6d7cc4ee3227bf95,7,train
6d7cd3f8c6d8a4e5,1,test
6d812ab33f89e598,2,val
6d845a1df6c72710,0,train
6d852ba8d542f7bc,0,val
6d861fb730607eb5,2,test
6d88d871a3d5e17e,5,test
6d8dde19b5d19a2c,1,train
6d9d77320182ab6f,9,train
6da31b91a7186250,6,test
6da6cd2ecdd83bef,5,train
6dab1577b69d5833,7,train
6daf5bdbf031eed0,8,train
6db44dc140e5bcca,5,train
6db8fc5776f9dae7,2,val
6db919636e4de63b,2,train
6dba328388599944,2,train
6dc120702ae2a4fa,5,test
6dce80caf64c4217,5,train
6dd08d185feb772b,3,train
6ddbec4173f59678,6,train
6dddd72c13e0c9ac,6,train
6de1b92dcbd51837,8,train
6de3cef2e811f7de,8,test
6de98c7685c11b15,8,train
6dea0c67fedce3da,1,train
6deb159f401e3b75,5,train
6df410e74ff23383,7,test
6dfc9c1ee624dada,6,train
6dff40b43ba4144f,9,test
6e0002b42a1d3f4c,7,test
6e00b747dd7d8e2c,2,train
6e09a61c9fc3e393,8,train
6e0dc4a0e5f20134,3,val
6e0f89f5a4d6d71e,5,train
6e116a29506df271,1,test
6e1542334370812e,7,train
6e1cb0ded252a7da,9,train
6e2119fad1b33262,8,train
6e263c64cae3ad93,3,test
6e2664ff1d0e690e,3,train
6e268753e629f881,0,train
6e2c859549296a05,5,train
6e2d4eb985946e63,5,val
6e33953e53f7ed67,9,train
6e388fd4de50b42c,9,train
6e3df08273a0f0a9,7,train
6e3eedeebf0c7172,3,train
6e400c2c0bcd2eaa,8,train
6e424928e8ec2a19,4,train
6e4d119add05a96c,2,test
6e53f3a7386074d7,4,train
6e548d1360cf7443,7,train
6e55757e65dd01c1,3,train
6e557d0052b23d40,8,train
6e5603b4e3b89402,8,train
6e5a227dd5c73af9,5,train
6e5c890d8c3b2bec,7,train
6e5d4e04b4bab60b,0,train
6e66dab9768da2c5,0,val
6e6b690a7b3fe285,0,test
6e6f718e09151ed6,9,test
6e75af27f408871c,6,train
6e76723a57de7090,7,train
6e7991d3dc0e6123,3,train
6e7ad03c8ddeabff,1,train
6e7b7af8ff07e9d1,2,train
6e7fa5acf24295e7,6,train
6e8df4ac291ae9a9,2,train
6e8f631a9e423cd0,1,val
6e8fdda83fd92d10,6,train
6e904a33b7047d35,0,train
6ea450e955977be9,5,train
6ea76b1edc5401b0,7,test
6ea83bfabbd79fde,8,test
6eace5161f7e01cd,6,train
6eb6e4636b58f1ab,0,train
6ebab93f216bc8e6,7,test
6ebeefb68e0ecad7,4,train
6ec32446fd99e6a7,9,train
6ec8421dfac6b837,0,test
6ecba7f12b2a0c89,7,test
6ecfdb2cd58ac522,3,test
6ed2926a084ae3ac,9,train
6ed620601e7bb6f9,7,train
6ed72a2631f013f6,4,train
6ed86e79595ae658,7,train
6edb0eea5e41aeb4,9,test
6ee5da33fc3548f0,2,test
6ee96a9c74438011,5,train
6efcb214e72ccf0f,8,test
6efe6fd4b0d29ca4,3,train
6f02f62546aea74a,6,test
6f03348bac8150e1,8,train
6f09d660884b1481,2,train
6f0bf6db7f796299,1,train
6f0e7b711669d485,0,test
6f1831a34999ce8f,7,train
6f1923b766a0c96f,4,train
6f1aa7e79bd20653,9,train
6f207f51b4384f35,0,test
6f227498e28ef14d,7,train
6f263307143b589a,8,train
6f29d2ce9bc9cd53,5,train
6f30c94ea1f7a16f,0,train
6f33954282f1cb84,2,test
6f34bea5c071c941,5,test
6f37d324e40d3d67,9,train
6f39b8f255dfe9e2,6,val
6f3c3f341257e507,2,train
6f3f1abbd7859c52,2,train
6f3feb4ee46457ec,8,train
6f47e28c8efb332e,4,train
6f519293deebfb38,9,train
6f521f6bcd9a19b4,8,train
6f54638beed4fa99,4,train
6f566752eb3f18e0,5,train
6f580476eb0e5196,4,train
6f5f50e3b765002d,9,train
6f64614eec8a8f25,6,train
6f7312ded2c622ef,4,train
6f7bc33721406539,7,train
6f7d406adfb57f34,8,train
6f7ff23b07bb9398,8,val
6f8d4616ece69b67,3,train
6f8e1a4ead549110,8,val
6f8f149212e900a6,8,train
6f9138432c96e29b,0,val
6fa0e1eb56d0e2fd,1,train
6fa44e65ec1feb9d,9,train
6fadb6780a7ae825,2,train
6fb13c959291be27,6,train
6fb3933fb17d376e,6,train
6fb847b1df117c34,8,train
6fbc73b928755fc0,7,train
6fc098c86693c678,6,train
6fc3c84b9581d966,2,test
6fc5c81c665533d1,7,train
6fc7e932e0e669d9,4,test
6fcb27533bc6db52,1,train
6fcb66ceca21652b,0,train
6fccdb0574c4bb58,8,test
6fcf0b81c0238dd4,7,train
6fd6056d724d1c61,7,train
6fd9dc5a37383965,7,train
6fdf46f77c4eea6b,8,test
6fe2a90b9546a234,9,train
6fe7cdff4a388a37,1,test
6ff43513920b8c61,6,test
6ff99e94d1bb999f,1,train
6ffc91bca67d8f92,1,train
70019154da4c5c7c,2,train
70031e93edd28cde,2,train
700badc1e0adc299,6,train
700e034b511ce47d,1,train
701b9c59118e8e4e,8,train
70230527381d9902,7,train
70286cefa0f24971,0,train
703b7c8e5c5c1fc9,7,test
7041530e958b1ca6,4,val
70470a655c0ac79c,0,train
70508d4f1a87427f,9,test
705322a7e128bf66,8,test
705344f4efb61670,5,train
705549e3671a99e0,1,test
705aa6de5b183ff6,2,train
7064998f522b1aaf,7,test
706a86f1d1b43de6,9,train
706cff75854baac0,0,train
706ddda361d03cc1,2,train
70749ac1487d3338,1,test
70757bb771aa4665,7,train
70771c9f6f2b7c88,3,train
707de71b04bb0b5f,9,train
7080dbf76b318885,6,train
7085b77e59849f1c,4,train
708d143ea5fe232f,1,test
7090dc9f40302f88,7,train
7094057c765a7254,0,train
7099028266b47f22,9,train
709a9c21e9bae47f,8,train
709da1db58ceecac,9,test
70abf4a1eccb5373,1,train
70ac59349b7d1744,4,train
70b12f02eaaec04d,3,val
70b528bf54f6a1c9,8,train
70b71dfc93955d34,1,train
70c11f839f05ad3f,2,train
70cb975e6fba0ec3,7,val
70cc968aeffb03e9,2,train
70d3d4283c811d08,8,train
70d5e608d67506e4,7,train
70d5eab334bba340,5,test
70dd805e274c22d0,3,test
70e1d0e973b19ad8,5,train
70e5fa535eb3fb55,1,train
70e997745445a92a,4,train
70ec5176196a8cea,4,test
70f0a485d78ec425,5,train
70f292ebc77d418b,3,train
70f31d2c648393cd,8,test
710a0772c677c68f,2,train
7114475af0256e51,8,train
7118a590a1df6e08,6,test
711a04b9b9c2d20a,1,train
711cf5b3db4a5579,5,test
711e12fd7248300b,2,train
711eacb72a02a622,5,train
71215b8e0d3220ad,5,train
7123971c1658052c,6,train
713b0fcd422c5c0d,3,train
713cc9f454de952f,1,test
7144502fc49eeca1,4,train
71452b1f7ee57ffe,9,train
714c52fd98f78ef2,8,train
71695e9eb0a75aee,4,train
716a7ea726c7732e,4,val
717032acb5fa3108,0,train
717435faee01c5be,0,test
717498bf70f412c1,5,train
7175c2e12bfc9a5c,8,test
71787ba078f324f9,9,train
71828fcd7830cb16,4,test
71861a8cbf60a0ac,4,train
71892ca8e7b5a4ae,1,train
7197b41e31ea448d,7,train
719e1ddde2e37821,4,test
71a1e7d6de3390b7,2,train
71a92e22e00ac6af,6,test
71adfc9a95410be8,1,val
71b493f4d8d5845a,8,test
71b68a8a7d225c3d,1,train
71b9eac0fa0089b1,5,train
71ba01179df9104c,4,test
71baa5cf1c4ab3cb,1,train
71c15e4bd2e0ca35,9,train
71c6bcda0b5fcd69,4,test
71ca99cd53e7bf30,6,train
71cec43ca0be97c0,7,train
71d43436a19fc2e9,3,train
71defa845718c85e,2,train
71e3aac4a5af7818,6,test
71e6ecd0bd3725e0,7,train
71e898ece8b0cea3,8,train
71ef719ea883bc8b,9,train
71f956b2d6a61618,9,train
71fad5fda29975a5,8,test
71fcaac827f8c855,2,train
71ff3ac0e945cbe3,7,train
72016621a5b7a23f,7,train
7201d44f7da01733,0,train
720399d41b3593b2,3,train
720575a6215ea1ca,6,train
7208e46951106fbe,0,train
721236ee342fd40e,7,test
72132be44be4e441,6,train
7214f93e56af6c72,4,train
72159cb114355d02,2,test
7219c763cb1aa8db,9,test
72236fc26e195176,3,train
7228f3678605299d,9,val
72349b0679ff6cc9,7,train
7235be6c08c04c34,0,train
72387e3cd0c50cb0,9,train
723ccdca2807d6cd,9,train
723d16cd44d8b4ab,3,train
7243baffcbeb3448,8,train
7243f0e5a3b9e067,2,train
724721f42967bc9f,8,train
724ccf4db24875c3,9,test
725cc04272eacd7f,7,train
725e3a6fe82ca254,7,train
725f1fa76827fb9d,2,train
725f960b1e9a22ac,6,test
7261963a83f4c5cc,8,test
726885956054a234,5,test
726df223d052b3ef,1,test
727fcae3f5801ca7,9,train
7294488f37b272c4,8,train
7296889a3a710f43,2,train
7298dcff185d465c,5,test
729b478746675c48,3,train
729c497b6aba5ae0,1,train
72a41eb091ddb54e,1,test
72a73f3a920c29a8,0,test
72a9259f31b97f73,8,test
72b605a95d49246a,4,test
72c99eed146d6f09,5,test
72cddfe8c75ce962,8,train
72d12072d8b3ac39,5,val
72d30b32a81d6a00,8,train
72dbd57bfdee49db,1,train
72dc400e2c908a61,3,train
72e74f385840a86d,8,train
72ea0ccfef3ecfc5,1,train
72ed0199f0da6fa3,3,train
72f1ea74f0a448f0,3,train
72f4f3fd2aed5520,7,test
72f6411578a56d90,4,test
72f8f972f6cb3b05,1,val
730607cc7cde158f,3,val
730c60075307789d,4,test
730e079cff298130,5,train
73220bdd47f33541,4,train
7333b6659a42bf4a,5,test
733604eb191b477d,3,train
7338b43b66108403,9,test
7349c02fade8afaf,3,train
734b253705c6a26c,1,val
734c3b29fcfab346,6,train
734dbd3df044d542,3,train
73545f3e11021d38,2,train
7358de92a4557871,4,train
7358eba6dd086b6d,4,train
735faa54d61abac4,3,train
7360c695c9b3750a,3,train
73734bfe2206b0b5,5,train
737441ace90ba657,9,train
7374e1f542e94403,1,train
737a987390520149,0,test
737d94bdb0232606,6,test
737e586e9f265f3d,5,train
7382c4106a3745f7,3,train
738644f726217dd5,3,train
738e8f93c7cc8fa0,1,val
739264e4cf859d3c,9,train
7393352b4456c5d8,7,val
7393d3d33f561820,9,train
739bf6651cca2496,0,train
73a1d3c807d606ba,0,test
73a827a9d9b8557c,5,train
73b2ba6b4a46309f,6,train
73b77d80cf013705,7,train
73ba0ef3ff3c7910,8,test
73c367b7c735c93e,2,train
73c6c3cec9dd424d,2,train
73caaa6287629c28,0,train
73cad158c0b1d2b9,6,train
73d0d9521dbd799a,1,train
73e592db8a5ae7fa,1,train
73ee4bf2fdf1a3b4,5,val
73f33e8200b42c61,3,train
73f8393df47da3f1,6,train
73fcee1856bb77a0,3,val
7412ca6230390c96,4,train
74176d7d149f7913,1,train
741c85ab1a2ba179,9,train
741e448fe29fd2e8,7,train
7424667b524b9c48,9,val
7426d7fcce106718,3,test
742c565dee54ed45,2,train
742c9d34668c6983,8,train
743ac8cd097ac671,8,train
743b8fc6631861d0,3,test
743e52a3af43c062,0,test
743f99ac9c9508bc,1,train
74429c107e661751,8,test
7442d004b84113cc,7,test
74450a0ab66efeda,5,train
7447736871aa6ea6,0,test
7455dbb5de576b30,5,train
745aec874314c8af,6,train
745dbe1a81d93b01,5,train
745dc72a5ef49467,1,train
7460946a898a0b45,4,test
746b29b5ee6b343e,4,train
746d44cb319a96f2,2,train
746ff7d583c8ee6b,4,train
7472f3470934cbec,0,train
74784d105b0590da,8,train
7478954cafea6c13,6,train
74831201a0890551,7,train
7484c9a7a0c23f66,0,test
748712d727dee028,4,test
7489092f3ce9c0c3,1,val
748dfd600d537d28,8,test
74912269d9858183,1,train
74943beef16dbc43,6,test
74a4a1dc3a4cc446,9,train
74a804429975c121,4,train
74c0ac15b94aaae6,4,test
74c0ce0f1805aa4e,2,test
74c32a9710fe5764,5,test
74caf69a8bc41417,2,test
74cd93cace2f8272,9,test
74d5ed71d527a233,1,test
74db26cabada8634,0,train
74e0524e747a3dc4,3,train
74e2cee78adfd8ca,4,train
74e3f698550e1171,1,val
74e4f80e2efec34e,5,test
74e75386d7e31a98,2,val
74f10571c267466a,4,test
74f180ed7075da4b,1,train
74faed9ed09ec2f9,2,train
74fd47d708d839fe,2,train
74ff14ab38fab0f8,8,train
750787083f4d964b,1,test
750998facc3ce646,3,test
751409630d57be68,5,train
751a749c686ee7e6,5,train
751e57ece9e16bda,1,test
752583ce3dd50983,2,train
7527bb9f2a6b47b9,1,train
752aa9df08846641,7,test
752cd0b5cc395100,4,val
753140efac81977f,7,test
75345cd771781f26,7,test
75358c9961fa6608,9,train
753770fe04fb2776,6,train
7539601a98879961,7,train
753c5f95812d0b38,2,train
753cb767376079a2,8,test
7545d2b8f66d6022,8,train
754c2766471544e0,3,test
754d096380208c72,1,train
75595ab78ff6b6fd,0,test
755bee5b60b0829f,8,test
75622da32648637a,6,test
756a3e15207982ac,8,train
7571d83d839aa101,7,train
75766f46f58c5c0e,2,train
75805e4bdb29cdfe,5,test
7582c85371345ac4,3,train
758967e2ec27ef8f,9,train
758bfbc1dfd704b8,8,train
75918b321d7a8000,4,train
75955ab809a9d007,9,train
7596b01652fd8b28,6,train
759972697bcf6168,6,test
759d573eea096ecd,2,train
759da81eab562fce,3,val
75a841355a6703d7,8,test
75a93b3aec2f9aa9,8,val
75aa5df542752f08,1,test
75ab1e7b7504e6ad,1,train
75ac7034e977b94e,2,train
75ba4da9923873a5,7,test
75d45c979e146329,4,train
75d503d26241e0cf,7,test
75d5b07ffd91d7f7,9,train
75dd6a6bcb018f12,5,test
75de445a05e9a2cf,3,train
75e049b05e13b5af,2,train
75e0f3111ee7f736,7,train
75e1d16d8d357724,7,train
75e565bd94126d1e,9,test
75ecbf48892c39d0,0,test
75f6b124171af60b,9,train
75feebcbd8faddec,2,test
75ffa438362c50d1,8,train
76011fbb8aa420d5,9,train
7605d5ace81e3941,0,train
760759f24ae2f317,4,test
7614745505370a98,0,train
7617c0711828cbc5,1,train
762067e517203c17,0,val
762209a2bbc260fa,1,train
76304d233dde51bf,1,test
7630e7a7b2f42908,5,val
76413e6f47abe082,4,train
764306667aeb5790,1,train
76479e197b546dcc,2,train
764b152b932d13f9,0,test
764e4d80f9f54c8a,4,train
764f7ba89b232cd7,4,test
7651c2dd42d9b2ee,3,train
76526c2f53254613,2,train
7657a3cd0aef9479,3,train
765b1e2d9af061a3,7,train
765f42e8d08a2455,1,test
766e6b9cd347e7e2,1,train
76783968dd8a20fc,2,test
768055007ec3e0e1,7,val
7680ea8bcfcb666e,9,train
7687ce38e0686fcc,8,test
7688697c64dc3993,5,test
7689d959281bafa5,8,test
768bc15dd26015c9,0,train
7691ec0fd3c39f4b,2,train
7692bb25ec687aee,9,train
76977b33dde0e791,3,test
769c5380f62f4991,0,val
769e35d5522ed646,1,test
76a243abfd88bedb,3,test
76a5dce9bd705fb0,5,test
76acdc78610b6fa7,9,test
76acf4029df109f0,4,train
76b10d8b02d591bd,0,train
76b24c1529f9e757,8,test
76b39a9ea0150e04,2,val
76b3cd968a801065,1,train
76b98e1356267275,4,train
76bada231954343d,2,train
76baee5e7e87c7b0,8,train
76bbc6fb3ea0bf1b,0,train
76c1d95820ec7419,3,train
76d2b5e56a19d5bd,4,train
76d99345d2dce374,0,train
76dc3ebffbeb52c3,4,val
76df1bdeec8dc7dc,7,train
76e27c21659549aa,8,train
76e7ccadc8128120,1,train
76ec8aba5f9b8058,9,train
76f01e74e80e403a,7,train
76f11265a094e1ae,4,train
76f9d45f569ef874,7,train
76fed727318f0444,0,test
770458fc86fa5fdc,2,train
77066716594fbc98,1,test
7707e5d840222be5,8,train
770af15b7be984d8,9,val
770fcda8c3334df2,4,train
77163d95610da085,9,test
7724846c95cacc15,1,train
772b09aea4ca4deb,7,train
772b82745dc70301,2,val
772db891c1416f44,3,train
772fb8be28ea8a19,4,train
7733c959f69f8e00,9,test
7738e6ea6447336b,3,train
773a6bdf3abfc2cc,9,train
7740145bdb066154,1,train
7744e3e89e3c7380,8,test
774c686bd05f372d,4,test
774ecc15297968cf,4,train
77553191fe84f29d,5,train
776028427ee22ff8,1,train
7760c9b63675b22e,1,test
7766590f3a199ef3,1,test
7767c079b335e8a4,0,train
776d2af8b81e4375,7,test
7773c0a59c16bc8f,2,train
777974cfbd7896ba,9,test
778a9a32fa7ec6fd,2,train
778aa99794ab7435,7,test
778f41cef24d2879,8,train
778fe8346309258f,9,test
7796cafa7f5fcd3a,7,train
779ed2282ce4f709,1,test
779efab87b6039ae,4,test
779f0fae89a18a94,0,test
77a14b2aa996f7c0,3,train
77b39c57028c3968,4,train
77bfa1b6015769b5,6,test
77cd08f12d557da5,6,train
77cd3dc2be26f914,9,train
77d21b3b65649d74,9,train
77d7ba6d064344ef,0,train
77dc6b391a6cad8a,8,train
77dcf8aa1c04576f,1,train
77e15cf0551f01d2,1,val
77e9da5c39014eb6,0,train
77eefe16c86fc0be,5,test
77f366c5e52307ae,6,train
77f98abeb2943ed0,3,train
77fa653dcadbdbd0,8,train
77feb9a612cefdf9,3,train
7805e420019dfa9a,8,train
780a90283652a362,6,train
780eaa7c8f38cbc3,6,test
7814f8239e229757,1,train
7815b51b3061f43e,6,train
7821407826bdd824,7,train
782faa6ba24ff1b5,1,train
7832a40fac5c0f8f,1,train
783a326c01abd163,6,train
783e7f2838287bdb,6,test
7847a49bb61696f4,4,test
78529b886aa3dd16,6,train
785c47e70d4b7d5d,2,val
7869b51bf45cb920,5,train
786e5cab2008b875,2,train
7873e3708c0201bf,6,test
7879ed3fa95ec3fd,1,val
7879f58ebe4965c9,4,train
78821253fa20c316,3,train
788451833eb14884,6,train
78a03c5b7e07b87c,0,test
78a3192a0ea68616,6,train
78aa5ebecc5b65e0,9,val
78b002ba717f8dba,6,train
78b96cecf14ab77d,5,train
78bc1d64db8c942d,0,val
78be6279f25f3791,6,train
78bf7ffa0ef62df5,9,train
78c34d4d756525a6,0,train
78d621d9d455ba98,0,test
78d876db11211755,3,test
78daa18dacc5ac26,7,test
78daac7b0a1042ec,9,train
78db26c25bdd992b,8,test
78e32273de890376,8,test
78eb05ac0e29756c,4,train
78ec9741ec7fcaac,3,test
78f8d002e664bd7f,7,train
79080d5eefab0646,2,train
790c705fc6b6221c,6,train
791464c8d36930d1,7,train
7914916db5ba36e6,2,train
791a00cc82a77bd2,2,train
791f25e2aca45d36,2,train
792084f099c29ae2,5,test
7923779cd9b06e2f,9,test
792817682ccd15f8,9,test
792f4143944a7acd,1,val
7930c438da629fe7,9,train
793b8bae2a230ba9,2,train
793d878b78352deb,5,train
793d8b23011e6721,9,train
7943494b951bbba3,1,test
794aa6db87e9ccee,6,train
794d51e30b42d9e3,9,train
794e992c00c1df04,4,test
7957a16da22f7fef,4,train
79585b0bb6dc4453,9,test
7960c4710db7aaf0,5,test
7969f5b176f6129e,0,train
796aaa536275092b,4,test
796cda562129a7ff,0,train
797be2fde773627a,3,test
797cde452ca66f8f,0,test
797e1f2b1324d0f0,0,test
7980d038712d767c,4,train
798508cbe4c4146a,8,train
7985b8ab923e1519,1,train
798fdea76770e89c,3,val
79960f12fdbd575f,4,train
799b2e81902e96c4,2,train
799e3d70a4eb5def,3,train
79a50b35babb1332,8,test
79a9fb38e0f12033,2,test
79aabb16f19ad11d,5,train
79b30d2faaa9014b,6,test
79bcba3acdd2d32f,8,train
79c2abec8640f3c3,3,test
79c42979e6fb2163,7,train
79ce80626d752b8f,9,test
79d053d55cce7aad,8,test
79d35f14dda482ce,6,train
79d7f4d4d870d51a,0,test
79e1e399a364936b,6,train
79e32a064f237415,0,test
79e4c25514196626,6,val
79e5c8583b9ccfc5,5,train
79e85efe698e2fd9,7,train
79e910696c2d8238,9,train
79eb753a72d8f0e8,4,train
79f21b695b31cda9,5,test
79f4995fefd83d11,1,val
79f99a05afdd8ad5,9,train
7a00df81b6da4272,0,test
7a04037e162aab6c,1,test
7a077c3f3af23a4b,4,test
7a09ded6ac880bea,5,train
7a0a4600e0f29fcf,5,train
7a0ae4c2a5d2af44,0,train
7a0cdf4653669df2,8,train
7a0cf568e076a9ef,5,train
7a0e186f6546a3f7,3,train
7a108f9658d93688,3,test
7a1198a2513ddbfb,2,test
7a1328ddd409b9d8,1,test
7a1903a4fff61224,4,train
7a294abb476ca881,7,train
7a2a981d9202bf32,0,train
7a2c71b0ed2dfe85,5,test
7a2c8d6228f16f61,7,train
7a2f6b8947147027,9,train
7a2fc2c550007717,3,test
7a325e5b4a1bbcdd,6,train
7a3438521b3f9224,7,test
7a3740143a2ee8d7,7,train
7a3742f22a89229f,5,test
7a3d786daa103fca,5,test
7a4272d4acf7d146,4,train
7a428b4408ca3721,8,train
7a48f58152cb5567,1,train
7a49a9449440b31c,7,train
7a4a3fa8d6f8debc,5,train
7a4c9ad52b95df71,0,train
7a4cc5f0d577761b,1,train
7a4f6b6cdcc563fc,4,test
7a53d58f99b646b4,2,train
7a55b427b5aff01e,2,test
7a574976b0ade61e,4,test
7a589a336ee50e55,4,test
7a5fe61ae55730b1,3,test
7a6693928d8ebca9,8,test
7a66ecbb8d5daad0,4,train
7a6a31269015995a,2,train
7a75a8f998dfae2a,7,train
7a7718e20bf82d32,2,test
7a79856cc23d273f,5,test
7a7b764bee21ab84,3,train
7a838728bd95e3a6,7,train
7a886a907f0eae21,1,train
7a8dbc00a5263fc6,8,test
7a8e9fa180fb87e0,9,train
7a90a5370c6a612c,0,train
7a99f7d0552ce800,8,train
7a9a71613f7f8d34,1,train
7a9c2ef8c3ef1a28,2,train
7a9c2f40eb1ae83d,1,test
7a9fa3d3df5722bb,7,test
7aa492ec60f8fcdf,8,test
7ab2498d03ce0b9c,4,test
7ab743fb533a9af4,4,train
7ab9dd810a69cf70,0,train
7ac33860282b9f30,0,test
7ac8efae33362518,2,test
7ad6629867e53b7c,2,test
7adee1b3fffd5fd1,3,val
7ae1e6c45024c1af,3,train
7ae266905e1bab55,3,train
7ae4d72e9cb6f248,9,train
7ae4e9c15ba30143,9,train
7ae5f9bb907f3feb,5,train
7ae6a3aa63545619,0,test
7aed9f5a118b2859,9,train
7aeef293989a4bf6,9,train
7af1271925163d27,7,test
7af3ff1f4c92a04d,8,train
7af611f76aa542e6,9,train
7af968d9ca4f32f2,6,val
7b045ff19f0b1da1,6,train
7b04e0b8c5ed3e7c,0,train
7b06939ac8022a98,4,train
7b06ef4840306137,1,test
7b1219da9f2bab39,0,train
7b149cd290391c7c,6,train
7b16abd26b554e0b,8,train
7b1a8c967556e969,8,train
7b23c8e894d70f73,5,train
7b27e950fc6b5350,4,test
7b32aac8c45bd8b0,5,train
7b3533a2a97b4e50,0,train
7b39f376eebf9b93,2,train
7b3d9901b033bd9d,7,train
7b435a702415449a,3,train
7b557fe2fda960d8,0,train
7b57541f91b61f25,7,test
7b59f8224a80a96f,6,test
7b5ad5b42d91a666,3,train
7b5d0dc3583391f7,4,val
7b5d79a2db9aaf4d,3,train
7b5df3e4592ee371,8,test
7b69dda671e06499,5,train
7b6f7d7fd0e1bfc1,2,test
7b72bb89e412e11f,2,test
7b7c3d88a379e1a0,6,train
7b83d1d966e13c56,7,test
7b88745faf2b7fad,7,test
7b898162b1240531,6,train
7b8cf9a89033954c,9,train
7b8d65b62bd4fe98,3,train
7b97f1e7bf37ea44,2,train
7b9d90cb84bfb1e7,5,train
7ba6651ada6eb76e,8,val
7ba6e3913d434e5a,4,train
7baae0f8a1550e75,9,train
7bbb5014c313fede,3,train
7bbfb59c055c6b79,9,train
7bc53565c6b86a01,6,train
7bc5789f7f4bae1e,8,val
7bcc35b2bc076407,4,train
7bcf86cf4aa2b99a,8,train
7bcfd26c38ab40e9,7,train
7bd137151560fa60,9,train
7bd42d3c1862225f,6,test
7bd5d85207b3b38f,2,train
7bdd2133c4c9418d,5,test
7bdf3182a86a5708,8,val
7be9238ee48c08c9,1,train
7bedf27c9d015546,2,train
7bee787d7deaf893,2,train
7bef58987d71b974,3,train
7bf3d4080fdf8a5b,4,test
7bfd9edeb64376ca,7,train
7c213fa7d9d6be68,5,train
7c21655c2481dc1f,1,train
7c2315d979e25b21,5,train
7c23ca43d2876db0,2,train
7c245739dc41bf7c,1,train
7c246683af120712,7,test
7c272b971ad95c71,3,test
7c2a4f543a327c99,8,train
7c2c12ff2f3946a2,2,test
7c31671ff0d7c227,8,test
7c35283aa3950889,8,train
7c3d37f88427e2f3,3,test
7c5aa7f1423b245e,4,train
7c733f110090738d,7,train
7c73d831f5317b7e,4,train
7c749f57ebd624fa,7,test
7c814c2fd1415835,0,test
7c89668bf50d2a7b,0,train
7c91ceabd3a0ee2a,8,train
7c9ce733664e737a,3,test
7ca4f6f1c2181b08,0,test
7ca4fb6177a88ba5,1,train
7ca7832cd57b6184,5,val
7cb32ffa57551ec4,0,train
7cb619ada2c8e964,3,train
7cc385121b2a6b2a,8,train
7cc653160f71a09c,7,train
7cc7b08000a342e9,0,test
7cd380d9eaddd620,2,test
7cd383bc78270211,8,train
7cda59cdaf02f38c,1,train
7ce435576b3e24aa,7,train
7ce5e830aaaa80e6,1,train
7ceb80b79137f281,7,train
7cf5056f0ccda6ae,5,train
7cf91c1e3ae0e26e,4,train
7cfe799b7007e40f,8,train
7d097478c5953d3a,2,train
7d14682d7d114f5a,4,test
7d16daa65f2c75f9,9,val
7d1b2edec3194596,6,train
7d1d31f2c6646b13,5,test
7d1d90f2eb98a928,7,train
7d1e6fd6f88a40ce,4,train
7d2555f1d817bd77,5,train
7d329836dee4c37a,6,train
7d32be6e3c11159d,1,train
7d399a147c83a795,1,train
7d497804a893ce33,5,train
7d5042ef82855a0b,0,test
7d50b45536fa3933,2,train
7d5105c65a6e30f8,2,train
7d583ec84c38fd07,3,test
7d5896464e477443,8,train
7d5b044f189eab50,5,val
7d5bc48484159299,3,train
7d65f0c701562277,4,val
7d6f4b302725c3a4,4,train
7d7008688993b86f,9,test
7d70edd175f8e7f6,5,train
7d720e95f7f45efd,3,train
7d746c6778bbb1b0,2,train
7d7ac5dde79ab4f4,3,test
7d85be110bdf24c8,2,test
7d8960c63e1b47b5,1,train
7d8aca87497bff76,5,val
7d9011c59aa23d86,1,train
7d90e713f6b90f05,5,test
7d9783e6d77fb209,0,test
7d993cb70e48244f,1,train
7d9b618e43ec7432,2,train
7d9debcfe590ec6d,2,test
7d9f6b0f4f539051,3,train
7da2f9be6b23c622,5,val
7dac8b04865bfe0a,4,train
7db2d1bc3da07d3f,3,train
7db781132a1a559e,0,train
7dba037aebefa9fb,9,test
7dc6819a02e42381,8,test
7dd5e1370ee686ef,9,train
7dd75529770071f1,1,test
7dda8c2fdd12e7b9,1,val
7ddffc04b8c68cb8,4,val
7de3888ba9084822,9,val
7dea9b3ffc3d0e5f,3,train
7dee3cb828a77095,5,test
7df2684d0abc6f16,2,train
7df2e99292599474,7,train
7df5fbddb4023bdf,4,train
7e044a2c45e38979,9,test
7e0601517f2e92a8,3,test
7e07382ee4356f3a,0,train
7e0951bc3f48b36b,1,train
7e0b6b99678d814a,0,val
7e0f2225d0535021,5,val
7e13faba42b403cf,0,train
7e16d3c5aa4e9b90,5,train
7e16fe3183dac5e8,8,test
7e175e8ff5df970e,8,test
7e18553f39add41c,0,train
7e19dfaad5121acf,2,test
7e1a02c6e03e350e,4,train
7e1b013dc844a81f,6,test
7e1b1b75eac5cb1c,2,train
7e1ec7b6d8c233ab,1,test
7e20ce5055adfac8,4,val
7e26fb33cd9c3aad,5,test
7e289acf52fb1d99,9,train
7e31bc1500296fd6,8,train
7e406312ae5bec5e,0,train
7e4296ab3517cf69,1,train
7e440359c63b8ab2,9,train
7e47406e19437897,7,train
7e4f1118540e4c66,3,train
7e4f3ebc6b4ef03d,2,test
7e4fa005d8a162ce,2,test
7e55ba0ea5a8a8a0,2,train
7e5ac447a1045d4c,2,train
7e5c359aef2660b7,0,test
7e65baba78972fdf,6,test
7e665bc9e7d9d087,4,test
7e698a03ff4c6897,2,val
7e69decd79852a2b,8,val
7e6a3b4116c9b487,7,val
7e6e6247f1e59c76,3,train
7e73554b110965e7,5,train
7e73ff940506b39e,1,train
7e7bcff03fe3c9d8,0,test
7e7d3f276cae868a,4,train
7e7d8b5ed28cd7e3,8,train
7e8187d6315bb024,0,train
7e81ebf3f5610838,8,val
7e855a1e71ffc0cf,1,train
7e85fc84e9e3f323,8,train
7e86606ada549ad0,5,train
7e86e67b4c159ae3,1,test
7e89cf52fb96e138,8,train
7e8b9971bd18cde1,6,train
7e8c09b21519551e,5,train
7e8f67f953e3e94a,0,train
7e94caca7fe271d6,9,train
7e9ade146226971e,8,train
7e9b1c055724ea93,5,test
7e9d0dd6989a0f0d,0,val
7ea7464083922c78,8,train
7eac8f7d5d413fb3,8,train
7eb3f1df404f3b08,5,train
7eb827b774e87fa3,6,val
7eb8c63bf3f12243,9,train
7ebf435c1dc4e496,5,train
7ebfebf9e0774311,6,train
7ec80a30fcb82391,9,train
7eca476feb5526e3,8,test
7ecca9a06765e362,4,test
7ed86704cebfd33f,2,test
7eda26a4cb5f6bb1,5,test
7ee1bb9ad957cfb6,0,val
7ef0b3f4689449ad,2,val
7ef44b765edb507f,5,train
7ef5cd8137cca47e,6,test
7efebf5b8887c832,8,test
7f0169d572384fba,8,train
7f078d39dbbb688e,0,train
7f1892fba5f94edf,1,test
7f1d75ea1be390c4,0,train
7f1f44966c0055e7,5,train
7f1fad5dd3ebeb69,6,train
7f45c292fb3cec33,1,val
7f47c91dd21031c6,5,train
7f4968e1f0828eed,2,test
7f4ad0fcf4766661,7,train
7f4ee7f6d03d19e7,3,train
7f503974deffb6c3,7,train
7f547035863891d6,6,test
7f55cfa0124c9169,7,test
7f56f01b681b1b4f,1,train
7f5796a879b501f1,9,train
7f5c3f6570ec6156,4,train
7f62461ab52729bb,7,test
7f6a33583f6a00cb,0,val
7f6b730dc0e99f0c,9,train
7f7002f9d7673fed,6,test
7f71aa315063aa11,7,train
7f71dd5708cf5957,2,val
7f7666ffefe88b6e,1,train
7f76a6869da6dfb5,2,train
7f782bf362989aef,9,train
7f7a8bf00d567ee1,9,val
7f80d47aa52e6b54,1,test
7f858229cd079bec,1,val
7f874a920efccd63,7,train
7f8c37c71b04361a,8,train
7f912d9ea868d706,2,train
7f959eaabd9a7f64,4,train
7f96b5f7bac3a7d0,1,train
7f9ebcbd9724a4e8,5,val
7fa09db4fecaa574,9,train
7fa48347bf69421f,8,train
7fab4f976774a9df,5,test
7facf2e893c9bbf6,6,train
7fb54b018467c8af,9,test
7fb67c758ca1fc29,3,test
7fb69ea00174bc5a,6,train
7fc77cd9938a21fe,2,train
7fc91185e8bf67c2,0,train
7fcd7ea5d017efb4,4,train
7fd2b0842d07c7cf,9,test
7fdc394b4921ed00,4,train
7fded561213ceeb5,3,train
7fe08ffd666f8dd8,9,test
7fe1d82e768c15f7,7,test
7fe7bbb2fbeeaa9e,7,test
7fefa710a96380b3,5,train
7ff54bd84e1a86ee,1,train
7ff6343b37ead076,9,test
7ffbfce1ce43ad47,0,train
7ffe1ef6860d4926,5,train
800c30fc4fe98804,0,train
801378dcd3e3d2f6,7,train
8013d7ebd32aad7f,2,train
801f281d39da883f,9,test
802b1f2a62d11760,1,train
802c7416a36174d8,6,train
802c843886397662,3,val
80329ef6424d0a4c,6,test
8039a02121740238,3,train
804f33841e93f7a5,6,train
8055bb5a6b3d2279,5,test
8056f722e4b7d3b2,8,test
805a1b0b577b6b58,9,train
805a8b596c3b5a34,6,train
8064e26d6d667f33,0,train
806a24177298c8a1,6,train
807392efefd6ed58,7,test
80756fdbd0982d52,1,train
807a9c45ae58cddc,1,train
807f28705c5b2169,5,test
8080ebc664187670,5,train
8081018519186e18,3,test
808651c68c931898,0,train
808c97112a31ba1e,5,test
8095471eaf45172a,3,test
809ad1b75eb38733,1,test
809c9c4d96bc9d5f,8,train
80a68c4c1ed184f9,0,test
80b7ea711443fca1,2,train
80bb0da6199fac41,6,test
80bed10933710112,7,train
80c0e80234b64ce7,8,train
80cab90fedfd894f,4,train
80cd6efcd1069e85,2,val
80ce819552e0ba9a,8,test
80e117b812fe0d30,7,train
80f08d0c66eeb9cf,4,train
80f725298e82e586,8,test
80f96540bff70c3e,8,train
80ff77fe83b19987,3,train
8101c9ef3cc396be,1,test
8112df7a0c6c86e2,7,train
81165be28c64b58b,4,train
811defa31489fb40,2,test
811df48eb112e10a,2,test
81233e1dc7d53dce,5,test
81248fa19d0b4a9c,9,train
812d1edd15724001,8,train
813411b14cb48f61,4,train
8134b063ec63f8c1,7,train
81358bf3ac9e0bd3,7,test
813ce35d514800ff,5,train
81408622a8a1ad16,9,test
81449b85a0c599be,3,train
81454966a425789a,5,train
8146189ee51007bd,7,train
8152ce4566f19ca5,8,train
815309fbbdf039da,1,train
8159355821ba9899,4,train
81595454d0a470bc,5,train
815eebbebc813b79,2,train
816105a39cf44d4f,5,test
8163e8f26d3d45b7,0,train
816d1213fe205ca4,5,test
8170fb635c6eaab1,3,train
817caef1c12f2b8f,5,val
817d7d167666d687,9,train
817f203def542fc2,1,test
818afc482281148c,9,train
819653f1946e3e3a,0,train
819a3673110c478c,3,test
819f2a3f32c984d7,0,test
81a05906a127e7de,0,train
81a525ccd5c60482,3,train
81ae723b8b735785,7,test
81b0b11f834b74c7,5,train
81b234e68be35baa,3,train
81ba9b2fdbb013d1,3,train
81c6afb41ad303ad,9,train
81cc30f5665c5701,4,train
81cc6a880d3b84f7,7,test
81ccd6b38566c934,9,train
81ce8de7166ebda4,7,test
81d60f8596a80728,4,train
81d6e3568541a66a,5,val
81eaaa0a21b17501,0,test
81eb49b85d7c19ce,8,train
81f08e072d6f0cb4,9,train
81fbd96974409e53,2,test
820128f5f46ada45,6,train
8204bbafc9e58b60,9,train
82170941675a3e10,0,train
821ec14ac02103f7,7,train
8228310b8605f201,3,test
823e3d8cf77988e8,7,test
8246aeba1949e35c,4,test
82484abb2fbf3bab,9,test
8248e73773f42f2a,8,test
824d5b67d8e15b93,8,train
825a8c7518157b54,1,train
825c2b264aa9afb3,4,test
825d69b7cd901cdf,1,train
825f271700e0fccc,2,val
825f846fa63963ca,7,train
826400b2717e8dbb,9,train
8272d6c7e996c2c2,2,train
82753fae4b3c3dd9,3,train
827c5691b591fe69,3,test
827d8e75713b658c,6,train
828022c4a6cd22e8,2,test
8284b7beb2467e6b,3,test
8287e35c0550b7bf,2,train
82882d54c3d7fb84,2,train
82898ceedd2adac9,7,train
828ceaef35a09899,5,train
8292bd1160dcb8dc,9,train
829c7f448151e864,7,val
829ce1ec1c7b1a8a,9,train
82b2b310dca83ed9,2,train
82b7f977773cba3a,1,train
82bd5b1f9f8f9cc6,8,val
82c15aa86b19f0b8,2,train
82c2e25a83dc23b0,2,train
82c6c95b1d74de12,0,train
82ca15751fd5df85,5,train
82d3cfb4662d30a7,4,test
82dee2b992fd0453,0,train
82df4050484ff563,0,train
82e0c3153e430a6c,9,test
82e24211de80b376,1,test
82f85b9e106332c8,2,train
82f8c4d54d6f2491,8,train
82fa1308b27aad7e,4,train
82fb5c911f425b1a,1,train
8300ef8f5a6c1b9f,2,train
8305f93e53c38282,5,test
8313e66d2ac3359d,5,train
831b1c18624e00aa,8,train
83239e66b5cf3518,6,test
8324543ae5e2df8f,2,train
832c15610eaec209,1,train
8330d3bd07c170d9,5,train
8331f00f4d43acab,9,test
833539e578e5014f,6,val
83449f4908c7fbd9,9,train
8345553254037b9d,3,test
835ab0290b36ec97,8,train
835b701655157e6b,7,test
836388e934532af5,3,train
8363c459c0fc8a20,1,test
836820639e0acc57,6,train
83719b4819c15af9,1,test
8373c5508727a9d7,2,train
837751c281acf0b8,8,train
83785046a69ec5e0,5,train
837a094ac615d4f8,4,test
837b5b5ea30e6222,1,train
838c759e2cea3d35,4,train
839255b9f5294ac4,9,val
8393c6a53ae1dd43,3,test
839ab78d08890d45,3,val
839bbdf6180c061c,0,train
839bdb455e770184,9,train
839fce68fd6b3bef,5,train
83ab7c7047a6e215,3,train
83b29f82d6e3345c,6,train
83becc1858151e83,6,train
83c5d9ac7607083a,7,train
83c5e3f9941d844e,9,test
83c9b669ffacbe09,5,test
83d760e7e9b026be,2,train
83d7c391fb815324,6,test
83db57a2e86d77aa,8,test
83db7a4f2afcb6fb,2,test
83dbb7a536252714,4,train
83dd7fc909b0bcfb,0,train
83e80a9ad7b51ac7,0,train
83efdce6cf550356,0,train
83fcb0fb7dea1968,1,train
83fd24a21a044ac8,2,train
83fd501cec026cd4,4,test
840381aad944dc9d,3,test
840539cf912204eb,7,val
840677feefecdab7,5,val
840760b0022ead3a,6,train
840aabfe3cc67c45,4,test
840b4faedbdc9d92,8,train
840c5231951e4cd6,3,train
84103b63b4904dfe,0,train
8422d4bc631a31c6,1,train
8428e909da9c7946,7,train
842d79a3aa3204e1,9,test
842fae96414fa75c,5,train
8436119b5607c783,6,train
843a1a40cfb88089,8,val
84462b2c6fe7622f,7,train
84495908d51cf902,2,train
844e3484d5eaa274,6,train
84530214688b2dce,5,train
84572ef040f75a63,2,test
8458bd2aa9cb2741,6,train
845b52986455cd40,8,test
84654a08c765d60f,8,train
8473a96f5e2343f2,6,train
8479c0c301fea7c5,3,val
847a6b9b0a62b386,5,train
8480219581107ba9,6,train
8487c0f0b7b67607,2,val
848e9829905ca37e,8,test
848f38c449ef30fa,0,train
848fdf2cff223f36,5,test
8490e4e8220648d9,4,train
8498264f08dd435e,3,train
8498f35c1c21c9f6,9,train
84a0a7da8da62779,1,train
84a41c4afec49030,5,test
84a5f2676b181ae6,5,train
84a9122536a53338,0,test
84af8f6b75ecdfb3,8,train
84b4e566861ca867,1,train
84bbae362e06b0a6,1,test
84bfca37b567111b,6,test
84c059c8e1b98187,5,val
84c6a88bea3d3fcd,1,train
84c72af8d9d2f52a,7,test
84c8394b8304960a,1,train
84cc70a45f50a69c,3,train
84cd137ae815dff4,5,train
84d07b446c5d56ab,8,train
84d1b8fb94486669,9,train
84d22f6c679fb3cd,8,train
84d5e395cdab87e2,0,train
84dce17295a80cfa,5,train
84e053554400607d,5,train
84e8eb663620fe93,7,train
84efecfc635e6bff,7,val
84f22106ea75ff42,9,train
84f33340c072b97f,2,train
84f5d5a6395d2b9d,8,train
84fab3aadbf8eb54,3,train
84fda570e28957cf,9,test
8501875430c97701,9,train
850cba335f0a598f,0,test
850d7d7dc3f8a75c,9,train
851483118107fabe,2,train
851b19d76c6f6fa7,5,train
851f58d05126b34f,3,train
851f7934204539b7,3,test
8523f0147d4b4424,6,train
85262365c4cf5a20,8,train
85267253da91859d,8,test
852d17ee6f9953e3,4,train
852e9ec8621f832c,1,train
85390c82cd736b64,2,test
853bb342fe6147a3,9,train
853deebeb133a300,6,test
854346eb1d1acb1b,3,test
85474d16d27b01da,5,train
854801f5e7b7b23f,4,train
85500f72c5ee66d7,7,train
85596b386ec69261,5,train
856922c3e8d930c9,7,test
8573a1300e532100,6,train
8577717792529357,3,val
8579f5060df4cf74,3,train
857c6fe62f12305f,5,train
857ed7e8fa7bfc7a,5,train
8583b3a2cce2b5a7,2,train
8589e7ed6cc3ebe1,1,train
8595e9ccc3ee77ed,0,test
859e3762b9afacc6,5,test
85a2dd4a8a3e172c,5,test
85a34ffe72dded16,8,train
85a55c2cc2e943f6,2,test
85a7f68116829f4c,1,train
85adab9cefd1eb77,2,train
85ae76788942c4c8,1,test
85b3d3f49a4fbf27,7,train
85cd912128818b07,3,test
85cdd6ec3b1320a6,2,test
85cf43dec0894e5f,7,train
85d54be9c04cf2ce,6,test
85d562514599f071,2,test
85dd362c03bd074c,2,test
85e54ff46c00ce15,6,train
85e8bc481290be60,2,test
85eac0f78964968a,7,train
85ee3921c03e46a0,6,train
85f8e8bfe74f1905,1,test
85f8f73247b60e7a,3,train
85fb9c12216520e8,7,train
8603b87973e0183b,0,train
860691912c447dbc,0,train
86080ec1754ef867,7,train
86099a215938ac23,2,test
8617c505093f6879,0,train
861d69410cdbc9bf,7,train
8625586acd024b48,0,train
86262ee71ec7dcab,3,test
8628599017957b08,2,train
862b9005f3f93cc2,9,train
86324b378cde860b,7,test
863352665eed6ff0,0,train
863e9c77a3c7e176,4,train
8656a1f2ce60152b,0,train
8656a3cb899eee5a,4,train
865d5fbb8eb5528c,0,test
865f21b0ef5d2477,1,train
8661523abc2fb165,4,train
8669cd9128742ab7,4,test
8669f88585e58559,7,test
8678efa92a9d1138,7,train
867fd343ad231a14,8,train
8681fa34a506b1fb,5,train
868d04d80820befd,8,train
869286ec42ec5388,1,train
869680def1c91b43,6,train
869a598ddfb3edc8,0,val
869c8157d3ef34d6,3,test
86a234eaa8b329ca,3,train
86a7b4c991837f18,7,train
86b7a3d828059575,7,train
86b9ffa6e8bb56c9,0,train
86bf59ac2d0505b1,4,test
86c5091f984474c9,7,train
86ca32fb953d662f,0,train
86cf424e235e8d30,7,train
86d04a244c5c880d,8,test
86d08554c254ada5,8,train
86d87286e5054a21,7,train
86da5f63c9329ee0,1,test
86dbd766857690d3,4,train
86e11ddc462e801d,3,train
86e2f774d90b8337,4,train
86e8942186ef6e37,4,train
86f1cbd19fc05a31,6,train
86f381d1b8787da2,8,train
86f843332d14950f,6,train
86fe3e19da374e9c,3,val
8700ac5d1e9a8b2a,1,test
870f7807cfbf1ca8,5,test
87137a3db88a98a4,1,train
871473d240a1f098,2,train
871f05f29acd1ad1,3,train
871f635e6dc77225,5,val
87237d6f325d58af,1,train
872ff117a2c65275,4,train
87300a71d10e9cc1,0,train
87326ff42c3dfc8c,2,train
8736758dc27740e5,3,test
8737515a94db8648,2,train
8737b2dd365c2d0b,0,train
873965a2e9599602,2,train
873bc91821ca2dc1,5,train
873d3eeeb717941c,6,train
873d97522ff773ad,0,test
873dea1a723dd4e4,2,train
873ead410699b1e3,2,train
874063f07deac777,3,test
874087aefa4891df,4,test
8746277343fac829,6,val
874be67a516c4276,3,val
874f668396635d25,5,train
8751f8091bde7f73,2,train
87525a88d75d244e,1,train
875ab62b0bfea14d,0,train
875d77f7e32f0c3d,0,train
8762f99bb82052d7,2,train
8763abc9ce6f3c11,9,train
8768f6a27e1c6878,2,train
876a20dad769faba,9,test
876edb4ee57f3d56,5,test
8772253b1c2bedb2,9,train
87753f26a29ba1f1,3,val
87758ea5f9f64ea0,2,train
8776ca6d10bb363a,8,train
8776e1fb6e052365,0,train
8782ddc47dccd860,8,train
8786e9f6da5f6c5f,7,test
8793e6c7ff323b5b,2,train
87945c871d5c4fd4,2,train
87983fd00a42382b,6,train
879879ed6a2efa12,7,train
879aea63fdb2e4cf,1,train
87a3218d61db5d97,0,train
87a3375771285d2c,4,train
87a5807e0bce9601,5,val
87adb92177420609,3,train
87b21aa83e4287f5,8,test
87b5ec3c1c7d824a,9,test
87bd8b7390f092b6,6,train
87bf84a3b65c8e6e,5,train
87c71d1cbad471a2,9,train
87c8db27d6cfb33f,8,test
87cc5701e9fffdb0,8,test
87cd401e001c2254,0,train
87ce272209f5bd73,6,train
87d9276cb9cf3198,3,test
87dbc361574ffd26,0,train
87e755ccab2aec88,1,train
87eb090a75848b84,2,val
87ec378a8b07ec7b,4,train
87efbaa2652618d0,7,test
87f12cda03f74830,2,train
87f88902b5dcc419,5,val
87fe07fecdafe006,2,train
88000be80eaef1e2,0,train
8801002a0d7f262b,4,val
88037a28bf9af5cc,4,test
8805e45ce642c937,8,test
880e6c54f882953f,7,train
881a19148c8aadf8,3,train
8820db65a4838b71,6,train
88244b89d0671b3b,7,val
88252bdac6c2a9b3,8,train
882dd86bbb5fde25,2,train
882fbc82f1eded9a,3,train
8831198f304ebfe3,9,test
8834034aa406c7ce,8,test
88389af4b0307d10,7,test
8841dde656575cff,3,train
88441629999c37f0,3,test
8846ba4c478511cd,4,test
884a12ca6cd74155,8,train
88518f8f0502d791,7,train
88532f29a73e5f46,2,train
8853b350160dffdb,5,train
8855b96a9bd00e53,3,train
8859b91b0420a07a,7,test
885c1a9836168864,8,test
88656dcb07468c6e,7,test
8870ef60732a3a3e,3,test
887d76a1118b47fc,7,test
88803caba9e85cd6,9,train
88804496e1e98af6,9,train
888192ae857c7a70,0,train
889a49a5c5b81d4e,8,test
88a04daa409c214b,9,test
88a3ce7b17b6314c,5,test
88a4aed8412ed734,1,train
88a85a6642a96ed5,7,train
88a90dfc4da5050d,7,train
88aa5f5915bd68e6,5,test
88ab010437f48185,8,test
88af9c2fdea425fc,4,train
88b28c05814d9def,2,train
88b6de741c8041c7,3,test
88bdb5f49405fafc,8,train
88cdaf1888e5c22c,9,train
88d24298ef3f0a08,3,test
88d7cad51bf6af13,2,train
88d8127fcc4d4aca,7,test
88e0bf06a26d0a3d,2,test
88e135dfbaf8b14f,8,test
88e1aa672e200ef4,1,train
88eb25bbe5cbe1ff,9,train
88ec150fc7c37dad,4,train
88eeebcc37f8f39b,4,train
88ef5db9153451d2,2,train
88f04a6fed7d6327,2,train
88f17a3fc4fcab05,3,val
88f75bfa64dc0561,9,val
88fb24bdce499522,0,test
88ff33c9450d4f99,0,train
8902fe11e4e6c84c,0,train
89048d4f72df5261,4,test
890a1f8be4a694eb,4,test
890c7094b20492f3,5,val
890f9546926551e9,4,train
890fc62919fc57f9,3,test
891678217261db7b,1,train
891730a138238f4a,1,train
8921ee6fbc861d04,0,train
8925fc300f3ad36d,7,train
892bdb6d5dd31f74,3,train
892f16c397d46971,4,train
8930eecf72da4605,6,val
8933e94ba0b00c33,7,train
8935776de098e9de,1,test
8941333c8f1eda9e,2,test
8945a7263c78c53d,2,test
8947b00c1a2a7acc,2,train
894d90c57af11a4e,5,train
8950874271b2256c,0,train
895261d13ff80fbf,4,test
89591723ff95be0c,8,train
895afda81112542d,0,test
895d34528c94b442,7,val
8962dbd207d7f4fd,7,train
89635b15964f8a1f,6,val
89653028715f49e6,4,train
896fc523a30544e4,7,test
8973726c24e5b610,9,train
897c000015429107,7,train
897dfa0d991a246c,0,train
8980fde0d0590c1b,3,train
89818d62393082e3,9,val
8982ccee02f43e7f,1,test
898c220e231bd609,8,train
89a0907e4c507600,1,val
89a340e92e9ea136,4,train
89a79cec9b36f796,3,val
89a9815e38f6982a,7,test
89abee49f52bd75a,8,train
89c0ce763f05021e,0,train
89c3fa24aeb003e5,8,train
89ceef8e25c32f61,2,test
89d5880f85ba913a,4,train
89e0ea8d2aaa37f0,1,train
89e7e6a0a2d934b5,0,train
89ee5c61a255d1ff,1,train
89f37bba4ebd4ecd,7,val
8a009b5f00adb144,4,train
8a071f8c736e0c6b,9,train
8a086cb4909ab49b,8,test
8a0fd9cccf76936b,6,val
8a1565c84eaa0513,8,test
8a231f64ce03a7bd,7,train
8a241472cab86f93,8,train
8a2d9a1ed8d1853f,4,val
8a2e88240fdcb876,5,train
8a2f564df50cec60,7,train
8a2f6eb108e8a7e3,3,train
8a359983e39ae93c,6,train
8a36be8664a913ba,7,train
8a37262c05ccfd21,7,train
8a3cead1bfa9ae98,1,train
8a3e89d415e83019,2,train
8a41a16a3b7edd7f,4,train
8a56ab292f39d269,1,val
8a5b64c238e7f2d3,7,test
8a5e1524e7c83281,7,test
8a61ba41dd3e69e8,3,train
8a63b15896b54d5c,5,train
8a685c722f7bea71,0,train
8a709a47b5e93118,7,train
8a713d483fc0eaea,8,val
8a7e5484e2bc0c21,2,train
8a82cf6d52658217,8,train
8a878e79698829b0,9,train
8a9aad6a7a7a6d5a,3,train
8a9bdf9cc1356813,1,train
8aa7e70202b08467,1,train
8aa914c74bc8e4d3,6,test
8aaa9716d7533b36,5,train
8aae02bbedf76288,1,train
8ab0bba6d226baa8,4,train
8ac3cbd8823b055e,4,test
8ac643751e1d396b,3,test
8acae705d7329e3e,0,test
8ad47dcc2fbf28fb,8,train
8ada40bc7e9ec38b,3,test
8ae575c02ef865e4,7,train
8aeeb51b275f39cb,0,train
8af0e64d0a3db2d1,9,test
8aff1b50f1ae8136,6,test
8b0729cfa30590e3,9,train
8b074c83fbf05042,7,test
8b098b828beac784,4,train
8b1143e3f4332a61,5,train
8b122f3738dfa3c8,5,train
8b18262ad3207089,2,train
8b24ac1c332a5387,1,train
8b29b620ced4daa2,8,test
8b2a3881e2275618,8,train
8b320cfe1b54a6ca,9,train
8b35c8178b6d8f3e,2,train
8b420ef6123aee92,8,train
8b455bfec94c3a3c,8,train
8b4b6deb1572d485,4,train
8b53a114131874ca,9,train
8b5612867732ba22,7,test
8b591688369a55e7,0,test
8b59fb9a3f3afbce,7,val
8b5a837d2083c36f,1,train
8b5edd89845a919a,5,train
8b713677d400837c,1,train
8b780565010c9113,7,train
8b78bd342e8bccca,6,train
8b897803a43107d7,2,test
8b8c55301ff21f90,6,train
8b951c6f487239d7,3,train
8b9b3974c5ef3fba,4,train
8b9bf51d0f68c4c9,5,train
8ba192cbff3888bc,5,train
8ba75e0690c2cdab,8,train
8ba8d90755fa7c60,6,train
8ba96b4b5136dd6d,3,test
8bae3b06c43c6a77,6,test
8bb12b2788c0eb0d,0,test
8bbfd5085a36ef97,6,train
8bc1234da0e65b16,0,train
8bc1477cc68f9199,1,train
8bcb29ad822b6a6f,3,train
8bccbbbf530703e1,4,train
8bce15ad70b7cbfc,8,val
8bcecbb01cd120ec,5,train
8bd77df288f43764,1,train
8bd7be0c1bfabf0c,0,train
8bead7e6f00c33cc,9,train
8c06b614613d8563,9,train
8c0b3185ee9132da,0,train
8c0ed66c5105d0a5,4,train
8c1bbc9f027301c2,9,train
8c1d073f578c1000,7,train
8c203deea2287631,4,train
8c27e65a160e4464,3,train
8c285737dbb6f3ad,7,test
8c2e56509d2fb004,9,test
8c35f7042d2dfdc7,4,train
8c39c4981c6d8862,3,train
8c3d71e5596c881a,9,train
8c5943ac167af83d,2,train
8c5b7ecc18d712f6,9,test
8c5f2a988e5b5392,7,test
8c5ff2e93558e43b,9,train
8c60abe8fe8dcc80,1,train
8c648fe344c6d157,0,train
8c6680decded36ca,5,train
8c68e98ce1590138,3,test
8c6941d3c71797b7,8,train
8c6fc887cfd252b9,9,test
8c74e756cfb1ddc1,9,test
8c7da585c3a679e4,0,train
8c8b85999c54dec1,6,test
8c9da80be1bdf494,3,train
8caf0dc6ca027935,6,train
8cb0a11309281c63,7,train
8cb307cf1c528de5,7,test
8cb373b203d3a69a,2,train
8cb4510e77c9a0d5,8,test
8cbf7257225eb525,8,val
8cc18e5a3acf64f8,5,train
8cc64f87f08ef169,0,test
8cc7f505baf11daa,4,val
8cd506854aba826c,6,train
8cd77c88e06a4bfd,0,train
8ce9287cb7ca95dc,7,train
8ceb7e7ac2cd14d9,2,train
8cecf8bf31c813da,0,train
8ced3b61471007ac,6,train
8ceee80156dd3ef6,7,test
8cf1e9a1076e2b79,5,train
8cf3ae129e8033f8,4,test
8cf3d7543110935d,4,train
8cfce9f29a1910a7,7,val
8d0145d2cea9025c,7,test
8d0d1bddbbd1c633,9,test
8d104acf3de55dba,7,test
8d125a94f7457dc5,4,test
8d143b452d50731e,6,train
8d1b4d7911a91bc3,1,val
8d1c8143c7a3971a,3,train
8d24eeb16294a23c,6,train
8d25004048b02f3e,6,train
8d33849a20387079,7,train
8d35e750a8b25e56,0,train
8d3c56313d0673c2,7,train
8d4201682a1da0ff,0,train
8d4548cfb683373a,6,train
8d5532344e628ecd,4,train
8d55ee1b0928bb91,0,train
8d615ee9c0966859,8,train
8d6384df4bb3cef6,7,train
8d6fbb087fe9eb02,8,test
8d70cc1dfdf8e4c3,1,train
8d71fff1594e790e,8,train
8d78513db2fd5204,6,test
8d7b9c3c04c898e7,0,train
8d7bd3019372d6ce,9,train
8d7cdc914e9bf9a9,1,train
8d806dae3f3ecc48,7,test
8d832d3c97976bf0,9,test
8d839fb6b8f1d0b9,7,train
8d91c6295553a830,1,val
8da046806b965c88,7,train
8da116dcdd9b827c,3,train
8da5bb2189bca893,9,test
8da96e7aa0706a8d,1,train
8dab92d4c60687e6,2,test
8dafaf12aec32f8a,0,test
8daff4f677a8cbfa,3,test
8db4b7a5c7edbaca,1,train
8db966fc75cc8e8c,9,train
8dc263bf9d319ff8,9,train
8dc5efd8deb2262a,1,test
8dcf62d4345eeb71,3,train
8dd083ae00da4870,2,test
8ddaf02cad6b96be,9,train
8ddc01e76b02ccef,1,train
8ddf174b83c6448e,5,train
8de28d5dfc796e91,5,train
8de306e3ad7c1f80,0,train
8de9dd353f036a8a,9,test
8deb411c1dcb6bfa,4,val
8dfd7d97f8d3b514,0,test
8e00fa09abf520f4,1,train
8e06b57a83f6cd6d,3,test
8e09a17feaa830cc,5,train
8e0a7a469159e700,5,test
8e154d5716c9966b,2,val
8e178710cc2caa33,7,train
8e19ace3f90a586e,6,train
8e1bfb5fc65ce454,7,train
8e1f4bed93468357,9,val
8e2062d7643be918,3,train
8e2b25562a85cc50,6,train
8e31fa921b4af426,3,train
8e33a87049e4a686,4,train
8e35076c87fcf889,5,val
8e376646d76980f6,6,train
8e4aa5ccc459c280,6,test
8e50b7a31e888397,7,train
8e5303629de24809,4,test
8e543c964072aa0a,7,test
8e5c1bd17eb371e7,2,test
8e6269d91b4855a0,1,train
8e62d11e78bfd441,1,test
8e65478e809e606c,4,train
8e6d0feb4003d271,6,train
8e6d346ed43c97b6,9,train
8e72b7129231347b,0,train
8e72f3fda79813fc,1,test
8e74b4813438d63f,2,train
8e7a505a73129b2b,8,test
8e7ab3f62ff6a2db,1,test
8e7db24fbfbeb33b,0,test
8e98568d811c56fd,1,train
8ea6f9f9d82068cd,8,train
8ea708060a027dbe,9,val
8ea9a7b471b998b2,8,train
8eb5879c547f0b35,4,val
8eb740cbf144e0a3,4,train
8eba83fc0c858ada,0,test
8ebc2440097cbfb5,7,train
8ec01f56d854c0f1,5,test
8ec09240d4625c3c,9,test
8ec8a72d49e6048a,0,train
8eca5e0266595773,5,train
8eca680dfe8795ae,2,test
8edfaaf26e6f576d,7,val
8ee651c36307f03a,0,train
8ee66842f192c217,0,train
8ee6ec3070344039,4,train
8ee752286c5d6107,7,train
8eea90bdd7284726,2,val
8eef1aadd1fcb3f4,1,val
8ef084721057dbac,3,test
8ef0c66265c0f5e2,3,val
8ef33ad670a92f9d,3,test
8ef9c2e3a2e123d8,4,test
8f033668f25858b2,2,train
8f084aca7a2a593f,6,val
8f097e588d7fbde4,2,test
8f0a8f46bb00c6fe,9,val
8f13d57c7ab167be,6,train
8f1b206b84c54735,8,train
8f1b5a0595c05154,5,train
8f1e4cc3c34d2851,7,test
8f225f34eb750211,2,train
8f231f82aefde82e,1,test
8f261981c055f41d,4,train
8f36a856ba68a9fb,6,test
8f41e843d652ffb0,2,test
8f42f89063db1e12,8,train
8f45c59623f22794,6,test
8f493ce916e12436,2,train
8f50aa30d563210d,0,test
8f524fd7c01e1a67,9,train
8f5261e91f64de95,0,train
8f5ae9e62c56de17,1,train
8f5b987eec2b9029,4,test
8f6e1703ddc7338b,7,val
8f6e526687549b46,3,train
8f708c28ef047ccf,3,val
8f77268f4b9480bc,4,train
8f7b095158b5e3bf,3,train
8f7b5369fcf2baa3,5,test
8f7cf701c6551bfa,7,train
8f899dbf9492e0e0,4,train
8f8c6b682eebb54b,2,test
8f9451fb52a1c2a1,2,test
8f94869e790c57c9,5,train
8f96589d073a27d5,9,train
8f979820596d9dbf,5,train
8f99701747692d67,5,test
8f99fa4d03e34826,1,train
8f9a5154401cd9d8,0,test
8f9e157732b95ae8,7,train
8fa60d5fabefb906,8,test
8fabe3ca125162a6,3,train
8fb30349152166ff,5,test
8fc175b0d7d33ab4,6,test
8fc1ac13ef8f08dc,2,train
8fcbc065f53e3e84,0,train
8fcc9c2d19dd8866,5,test
8fcd7c28dfbb63cf,8,test
8fd1d0dc2ef90c0a,7,train
8fd653a6c0624b01,5,test
8fd6c6831a5e2a6a,9,train
8fd89da04d3fa7aa,1,train
8ff38882ba9215de,1,train
9000bfdcc23f85aa,6,train
9005f9d4c84cf655,4,test
9007564dd76427d3,7,test
900b9e097205f245,3,test
9019a4c78f797baf,8,train
901cd0f84876422c,0,train
901e555aea0c07fd,4,train
902133045b0e5d66,2,train
9021b34d8b3a94f7,6,test
902317bd9331048f,6,train
9026a0ddcbb98bff,5,train
902b62cce7a22f63,3,train
90338f784e794c36,8,test
9034a4711f8f5779,3,train
9035c7b34e28ed69,9,test
9036e2d14f5d52cf,1,test
9039f399aeb56f00,5,train
9040b070660df03f,3,train
904285dcd344a5b1,6,train
9048943a6e6f31e8,7,train
9056910310853474,6,train
905a4822de3bad77,6,train
90606c10422481b8,7,train
90612abbf9b8f3e4,3,test
9069b06273739fa8,6,test
906d9ceb442df454,4,train
907523b7a5583cab,8,train
9075447f27bb8fe6,9,train
9078441d3f4b7443,1,test
907a0519af4964d7,0,train
90800ab0cc6b1292,1,test
9080245c21ef5760,1,train
90867b41ccf35d47,8,train
90871c8f9934747b,5,test
908b67069c4c3377,8,train
908e206a2fdbf3f8,6,train
909106d50374e578,1,train
909b5ffd20991cf1,2,train
90a393ff4936e0a7,7,train
90b673219e94319e,6,train
90b80451a9ea8400,8,train
90bf6d49933dbc38,3,train
90c675f9fe375555,6,test
90c679907750261d,4,train
90cf360343594888,4,train
90d1b23e2615c325,3,val
90d82cb203ef159a,4,train
90db0d702ee346b9,7,train
90dd9dfc881f7698,3,test
90e333e963632865,4,train
90e94ccd48d6b0b9,0,train
90ea83d4510382b8,5,test
90eb65b76e6e3824,1,train
90eb8b96a0a3ad5e,2,train
90ebc7ae67ecc1f9,5,train
90f0dd5d38917e83,4,train
90f548cb1f674057,4,test
90f96be465550ca2,3,train
90fcb99fca39cd13,5,train
90fef0ea7dafcb40,5,train
91054553609a8308,9,test
910767b6aa32eb77,4,val
9107b7183bd46756,3,test
910abd2fbbd0f938,2,train
910bd4c98a885e9c,4,train
910dd3bb9bc79a49,7,val
9114ddb9823e19d9,3,test
91194643c47b7671,0,val
911ca10e437e5669,6,val
912cfce000383285,5,val
912dc678ea5b9877,6,train
9134a0d7fb9cb5f7,8,test
9140411c24076ecd,9,train
9144fff4dad1e786,5,train
914c129e9d1c6792,3,test
914fa2de6d8d520e,8,test
91522d6974248887,1,train
915523a77da9b52f,6,val
915b5f42692e111b,4,train
915cb9f02015efee,1,train
915f37a124dcc77d,9,train
9166036666847e64,6,train
9169b02d99a65240,5,train
916a9d7bfb98ee15,3,train
916d95252e3f6b51,3,test
9170df4342b7e019,9,train
917423bced196705,7,test
917867323710069b,0,test
91854cb11f8d41fb,2,train
918b01df644ddce9,1,test
918b0fb940cab1e7,7,train
91a2147eca454a44,0,train
91a2625af9957eac,9,train
91b0221672a1b883,6,test
91b2cd99cfa6747d,3,test
91b3bc22119ca669,8,train
91b7cf0a8d418162,0,train
91baa7107a26389f,8,train
91bc79386363eec3,7,test
91bd5ef741323ccd,1,val
91c26ccc94da52a4,3,val
91c4cca61fb1cd63,3,train
91cf737e7d8c421c,2,train
91cfdc637b4fb604,9,train
91d5ce05640a10e0,4,train
91da5f856487725e,0,test
91e346fa4aefcfbe,3,train
91ec1e329743ae81,9,train
91ecd7a7ca3206b2,2,val
91f3d60ae7c72f7b,2,train
91ff19f8d20b92de,8,train
91ff20a3f1d894e0,0,test
920322a39e67ee21,8,test
920be635ece3f45b,9,train
9211369f24e188c9,2,train
92182f401054f594,2,test
921ec388838ffb26,0,train
92247541b68d41ee,4,test
9227026a5ae81c17,5,train
9227a656130896c9,5,train
922f1c8b9f7a1c2a,6,train
92306a0d488cf3a2,5,train
9234ab3dff730d2e,6,train
923f5b3b97d3f3e4,5,train
9240b1c3c2463775,1,test
924145719ad7c188,3,train
924451e171ebb369,9,train
9245223b6ee90dac,9,train
924e103b38e5c41d,7,train
925d18091217f34d,4,train
92625c0b733d3e1a,9,train
926ba0589dd5d42c,9,train
926c8fa1d4036b12,7,test
9271bbefad911530,2,train
927d0ac2c1b093d1,7,train
927d2b6ef72060b3,0,test
9284bf635063d386,2,train
929649d8f6a063d4,9,val
929f755ee59e8e3c,6,train
92ac99cfd2781cc9,4,train
92be41c790ce5a12,6,train
92c4496516f252cf,2,train
92c8c613a70d9bdb,1,train
92c8ff12ad61288f,2,train
92cd5163166b4719,4,val
92cdd6120116b028,7,train
92cf57f10a8b4171,0,test
92d071ad907d4edc,0,test
92ec462e77e0c108,2,test
92ee8884e9b8dcda,1,train
92f31b05683ac550,5,train
92f6b2f9bfb05b00,0,train
92fd5de625710e05,0,train
92ff6bb6b13bc249,8,test
92ffaa0f34a53526,1,train
92ffc7beb6cfbb97,9,test
930511d56aeb8726,4,test
93061cbf34205687,7,train
9309150552adaee6,5,test
930b6f71368cdf93,3,train
930ff78251d74f65,2,train
9310311f2b04acf8,4,train
9319194442866681,6,train
931940c2cf7b6773,1,train
931c3eee70c78be8,2,test
931c4865ef3c4ca9,9,train
932a6521efdbd6d2,9,train
9331979ad10cc632,0,train
9332578d97ab3bd5,4,train
9335019dfb1cd18b,3,train
93353351b6b37e4c,9,train
933c449e7e1d7a6f,2,train
9340b334c959a29c,7,test
9343635ae60f16ce,6,train
93492aa928f0dd47,1,train
934cc81a17b6348d,5,train
934d3e2c89d2680c,1,val
934f2bf16c221db1,5,train
935e5449afad12f0,5,test
935fb1f10db47830,1,test
935fe2d47ba0e0f5,4,train
93663221e3e738d5,9,train
9366ea0c580e3008,8,train
9369e0f0a45dd372,5,train
936cd8c40aaf0dc6,8,train
93724393d4198310,1,train
938677c9e034e089,6,test
93881fb0885978e1,2,test
939b74e7cb72b4f0,9,train
93a4c36f909c07da,8,train
93a5bb765502a7e9,5,train
93a87af90ea66259,4,train
93b20cb5b53d6c67,6,train
93b9f542849ff98f,7,val
93bbb010668e423e,9,train
93c40a849ef0b27c,2,train
93c4999a7dc7a654,4,train
93c9bacef2c2c133,1,train
93cdeafb00efe9d0,7,train
93cee1da2dd3059b,4,test
93d37e8b25107ecd,0,val
93de2a6346375ee5,3,train
93e171ea04a77bfd,7,test
93e27edcfb1f9ff7,9,val
93e5e906134bda12,0,train
93e651bf91c6c63d,8,train
93f909f7c554a61e,0,train
93fd0c6a803d5148,0,train
9405c66624a0c61f,6,train
940e2bccb317f373,0,train
940f459d864ab175,7,train
9411f79e9d290882,0,test
941c29bc447be044,2,test
941ef31a23768638,3,test
94213e1330cd9a2d,6,train
9427b7574c10659d,4,test
9427f380f3980cc2,4,train
942a1b366e925cc3,3,train
94324f47c7629c67,6,val
9434c37504d25a8b,5,train
944b16583e55f1c3,5,val
944c3615c5c612cf,1,train
944ea45011a020a2,7,train
94556be3cd1fdd8f,4,test
9456ae3da01b7873,3,train
9461576678072ac6,6,train
946ec3b43ad16faa,4,train
94713a41409db511,5,test
9472bfe7585f891a,9,train
947c54284985f484,6,train
9481523235d32476,0,test
94844e7aab496eb8,2,test
94852850db069991,9,train
948f7091b9393188,7,train
949022a2947dfae5,4,train
9495810fb0465b96,0,train
94ad5ba2860fae7a,9,train
94b2db69e86800a4,2,train
94b38e3a6c15f28d,1,test
94b3b5350db84bdd,7,train
94b6b59e2883302b,7,train
94b947ffcdaefca2,1,train
94b9c0b0c8796330,3,test
94ba8e36e3b844a3,2,train
94bb504b9c4ebbd2,3,test
94bf9a46d145218e,6,test
94cf6f926985d4da,4,train
94d0a9beca3bce5e,7,val
94d5d4c38778b123,6,train
94d866a003f5db61,7,test
94d87adb18ae281d,1,test
94da20c4559480b0,3,train
94e243feaa5a9382,3,test
94e6de0b018b867e,2,train
94e747d07deddf1c,5,train
94e8e189bbfe5ab8,4,train
94f313714cd53efd,9,test
94f85d49a86e16e0,0,train
95009d4b6f774af8,1,test
95015ea44d5cd7f3,3,test
950303c19aec2199,3,train
9505a64d518b3fa8,3,train
95067f960b481184,6,test
95072baeb949387f,3,test
9507c68cc4d0ebb1,8,train
9508ae95873245c3,3,train
950f59466e5ebaf6,1,train
95117b9921e06f0a,4,test
95155816d9867736,8,train
9516e1aea963024a,2,train
951cab57ac40e2b7,2,train
952350d25d967787,6,train
95272abcd74bf843,1,train
95284369a656fca1,9,train
952978a96761dec3,5,test
952c46544e855dc1,5,test
953937ce6106c77f,3,test
953c32b4e6129ff6,7,train
953d3c39912f0346,8,test
953f238c66953e02,0,train
95409b18c627292b,8,train
9543313a6087f207,0,train
9546a438e108c030,8,train
954d290cafd0d127,2,test
95559ddc53de7be6,4,train
9558e6dcf318ad90,3,train
955915f25afcd7d6,4,train
9567c0a1e807bfba,3,test
956ebf802a32f2c8,9,train
958bef7a3801b03a,1,test
958e81f9450c0e5e,0,train
95967b1de2e26b0e,7,test
95989966b2df231d,8,train
959cfcd1faa01045,4,train
95a30e6cb44e1def,3,test
95aa6ff3ae9d9067,4,train
95abaf04caa800a9,7,train
95ac2f6e47527dbf,2,test
95ac9097df58c6ad,4,train
95affcfd68ed2e5d,5,train
95b4ed2513a81491,0,train
95c0063c8dcae327,8,test
95c33d3d2961ecab,0,test
95c66d736c97bc1a,9,train
95cf54d64941c837,6,val
95d329f4ccee791d,4,train
95de732c9e2a03d1,3,test
95e7314bb1d25a75,9,train
95ea0fde1c3af8e5,8,val
95f3012b1601eb27,1,test
95fad41f6b70d370,4,train
95fec6dc5dc58d83,9,train
9604214f6d732a42,1,train
96095359ba9ea42e,1,test
960c1eba10bf96ef,4,val
96156ec0b342f537,0,train
961b757de73dc96a,0,test
961d28f1d0c2e9bb,5,train
96244d4f7d598c02,9,train
96253f660da8b9ec,0,train
9628aa080ca713aa,6,test
962cba6e0781298a,4,train
963b1d0e1453402e,5,train
963b2273ec5ff62c,4,test
9641f8baa7a5cc08,7,train
96421c37cc068199,9,train
9642ddc099572172,4,train
964413fa4a89da24,2,val
964a26f6e931331d,2,val
964c80da157d7ff9,0,train
964cf5443bded7e2,5,train
9650bbf1fe6c8e10,7,train
9650feeebd65c92b,8,train
965a2255bdaeb573,4,train
9661bb8147a55c3a,8,val
9662b0589b4d42a1,0,train
966357f968399c26,0,test
96655064ae1401f2,0,test
966880708b14a121,7,test
96688e386a495223,3,val
9675a41d0f64ada2,4,train
9677dc2febebd9cd,5,train
9679197d2ed53065,6,train
967fc53165673741,9,train
96807e0e64ee875e,8,train
9681490ad4e6c987,4,train
9686169081e6ea73,2,train
9687737a7d4d726d,2,test
96897f5d97d3bfdf,2,test
968c4e494df4322e,8,train
96926960fef6278d,0,train
969486ba9e08af60,7,test
969669cbeea232f6,5,test
96a378b4c3a8c9b5,2,val
96ab67fcacaca882,4,test
96b5962552a07359,7,train
96bbcc386b27835c,8,val
96c082569bd23c86,4,test
96c2e495ccadbaa1,3,train
96d1ade5afb2f47d,4,test
96d26a841ab5d7af,8,train
96da5674ad4d88bd,4,train
96e695ec782b5730,5,test
96eac7bacc1f8f85,9,train
96ec4bb0cda88860,6,train
96ee8046f24aa020,5,train
96ef371e51d91c0e,0,train
96f92666e41183cd,7,test
96fbb20847de720a,7,test
96fc9289fddba61c,9,test
96fe81d30672e65e,6,train
96fe99a061360e96,3,test
96fea81467bf18ef,7,test
97040815f4adc4f7,7,train
970530dca49ea566,0,test
970e487a64295261,7,test
971b67785b3049d3,5,test
971bde7990796f17,7,train
971daa5c2ea68a6c,6,train
9721c3c81a04d5fa,7,train
9728921181d10166,2,val
972f8ed7fa6200cf,7,val
973b0f8d8470cd41,5,train
973fb09a31f46843,8,test
974610eac6844425,3,test
974c91cfd1112cd5,7,train
9752a97dc192c691,4,train
9754337961ff65d2,9,train
975c74cca5065b4f,1,train
9764cd6e69f9e382,1,test
9770ed08626aedad,6,train
977c60668092931b,3,train
977fdcd83b9f547d,0,train
97814b38256484a4,6,test
9783d671b67ccb1e,4,val
978504ed7c4a6a1f,8,test
978636f9f181fff4,1,train
978a385c35f0070b,6,test
9798b0fc875975d1,1,train
97994c5aa5f2d334,5,train
979d3d15cb55c4d1,2,train
97a1ff6b10dfdfba,6,train
97a46c2e6742e92d,8,val
97a56359387b8c5d,9,train
97a96812f0169e0f,0,train
97b1d79e5177a7f7,0,train
97b4a47f135d8098,4,train
97b9d80633c0345a,1,train
97c2a69923e4b14c,4,val
97dc0939d5a81f17,9,train
97dde989ba2cb478,5,test
97dff7eb7d52e218,6,train
97e0542bc3ab093a,4,test
97f225658102ad5d,9,train
97f7cbdc40ce63ba,3,train
97f9a3b7b2ee9879,2,test
97fa3aa628a65a4c,1,train
97fcea01d8e5d83f,0,train
97feb532099fb0a6,3,test
9802fa26e4d8e398,2,train
9803d9f9109995d8,2,train
9804a2d935e1dd4d,4,train
98116ba1c1ad7c3c,8,test
9812451f9271a776,5,train
981bfb1651ff8a34,8,train
981c8b272649e915,6,train
9821231390aaf0b5,0,train
9823f2576ae676ef,3,train
982529a2296265ff,0,train
982a23a60778eb08,8,train
982b99af14fd2adf,4,train
983054078609784c,6,train
9830eaf4207754ee,1,val
983425adea37a9c4,8,train
9836e522e6134ad3,2,val
983c64c56e21042b,5,train
983c82e89e40a982,5,train
983deadfaa2b3e92,9,train
9840276accf414d5,7,train
98500b2397cdf9ef,1,train
9856531f9b10398d,1,train
9859f2be866be013,4,test
985a5dd858add698,5,train
98638693579114a3,3,test
986b9c24bba2d489,4,test
98703a794c9b1eb0,6,train
9871391be17f4018,0,test
98759a05d9b1b4b0,1,test
9880c4ba5dc38eff,4,train
98813d43ef34aa3e,2,train
9884fee7f42c02a6,8,train
98876b2a7223bfd1,5,test
98892a46bca5b05f,5,train
988f467a46aa85ea,5,train
98958fd92bf70f94,2,val
989b3a3d1c4f28a9,4,train
989d580f53eec9c4,2,train
98a2ea433620efe5,9,train
98aaa796bf053032,1,train
98ac6c17382e6c93,5,train
98aea16a98672141,9,train
98b1c15a725fabb7,5,test
98b41015d12e0620,6,test
98bc5b6898314270,8,train
98bdbfedb3986d77,7,train
98c6ed0c75ac5fba,8,val
98ca7d81d74cab46,8,train
98cc6884c8cd61b3,5,train
98ce6ff3a3a6019e,0,train
98d495d44754d13b,3,train
98d85d0e352ffe7b,9,train
98e10607abd399e0,2,test
98ea567168db3669,4,test
98f03997498799a6,9,train
98fb580e272a94ef,2,train
990527e6e37a9933,3,test
99085b610856b963,6,train
9909cf2514c49733,7,test
9909d839fb574748,5,train
990cf1651241861a,9,train
990ff3241fb8ddc5,1,train
99130a7bffa81602,1,train
9913671323c1c63a,8,train
991bd259357e69ed,5,train
9921a2800556bbdc,8,test
99235d8b641cf80d,3,train
9924d1c91bda9f05,3,train
992aa909d63a1a18,8,train
992acf26af038b2f,1,val
992f38becd1c09d3,0,train
993335ebc6ae1721,8,val
993450909e8875db,7,train
993943e252cb7303,4,test
993ade81ed5cc2ee,1,train
993d69b94d1e908a,5,train
993e89447d3311ec,9,test
9941f7819dbc6677,6,val
994aa8d65d8e2e0e,6,train
995973286588b536,9,test
995f16583a62dff3,2,train
99631dfaef7ae0ad,9,train
9963a81e793d0fa9,5,train
9968db0afdfd7c34,8,train
996dc543b50ec9da,5,train
996f9c342f06007b,6,train
997cfe346ffb5f2d,8,val
997de856f1c73e9e,0,train
99810103d8f2e5c5,0,train
9987a38d75626700,0,train
99904c308506949f,7,test
9990d7092c171434,5,train
99917bb2e30836c1,9,train
999db1eab94ba4f2,8,train
999e84d384216a53,1,val
999f2a98a159f8cc,4,train
99aa1551177c2517,6,test
99ae21c6cc938358,2,train
99ae3c148d33e810,7,train
99b045499a4cf3c1,6,val
99b1a27daf5b9b5e,5,train
99b1e2c61c5aabf2,7,train
99b5b026f4c43cd1,8,train
99b87504d6380b50,4,train
99bb544e85d8cedb,3,train
99beadd4b6c505d2,3,val
99c52c4580895896,3,train
99cd46992d77e56f,5,test
99ce757b6ec97d2c,9,train
99cfca3b907d8add,1,train
99d23e1cf0e6f1bf,0,train
99d96b00f8bcb9f9,0,val
99da4e8b7c76e95f,2,train
99dab1eda041a3b9,4,train
99e1eac0f2bd48cc,0,test
99e687dc3437beba,8,train
99f2153c313eae71,9,train
99f2fba390318209,0,train
9a0341186a7c415f,8,train
9a0ffbe508af6e62,6,train
9a15b692ef437986,2,train
9a1748b9d7feb153,5,val
9a1a7b7333f466ef,0,train
9a371f66d1d91be0,6,train
9a3867202461b576,5,train
9a40eccebcd1446a,6,train
9a4561e72a6641fb,2,train
9a46e3d87e5544b5,6,train
9a47c9d5a8f061ce,8,train
9a4d994da62be372,0,train
9a4ded3a7bb3f877,9,train
9a57124a5b6280a8,3,train
9a5947965274d2fe,2,train
9a6c1e98011a9532,6,train
9a70962f9028942c,0,train
9a7c754014dac903,7,train
9a878c7039aec694,9,test
9a8831bbb01a7035,6,test
9a895026749764d4,4,train
9a95b21e5e39612c,3,train
9a97dd1679d8eb9f,1,test
9aa1d1450d6f3922,5,train
9aa81149d8881921,1,train
9aa83c3119056363,4,test
9ab0d631f2d60069,1,train
9ab733232e1595a9,8,test
9ad1e709b9d3bb45,6,train
9add75c87f596ec3,3,train
9ae02bc0ae5ebd93,2,train
9ae02c87da38371b,7,test
9ae0aeb288271bcb,2,test
9aebefe639f1d1d6,7,test
9aec341dcf3fa6d7,3,train
9af194aa09018750,4,train
9af52e6e68741d19,4,train
9b0a7201bdda5a1e,6,test
9b0b3b54734d2afc,8,train
9b0bf0c517cdaee5,1,train
9b121f6bd2fb7911,6,val
9b12e078996f8f00,7,train
9b16cb7d67a50a10,5,train
9b199472ef32ac43,2,train
9b1a6c08d3894ec1,4,train
9b1aa296f69e9c28,2,train
9b2201b2bc017e26,1,test
9b23658ca287a523,5,train
9b3a902391345c41,8,train
9b3cf1bb34cab67a,6,train
9b40bac264721a75,5,train
9b474cb848d8bb20,8,train
9b479d82c0103396,8,test
9b582814b2f37bbb,4,train
9b5caa39e121d7bd,5,val
9b701149caf6a543,6,test
9b73563d38ec4f47,8,test
9b74a33c7b821a6a,6,test
9b7ca774a4d903c5,9,train
9b7e0ba68e49f2fe,9,train
9b7f35566d74d560,9,train
9b860e25ad63890a,4,train
9b8ad07e594093f9,2,test
9b8f1a7c4a0d84af,5,train
9b8f5b2729a8054d,8,test
9b913749e175dd78,2,test
9b94be3501f6a36d,5,train
9b979a4e985d8f0f,0,train
9b9c1c017bdb5c06,4,train
9ba6ec6ea28ef11a,1,train
9ba72c53cf76d527,5,train
9baa0f29d4a64f46,6,train
9bb04b12213cc942,8,train
9bb0b98108fa3a94,6,test
9bb0caa680d651b9,0,test
9bb19135f8919b8f,5,test
9bb73101eef1151e,4,train
9bc08d9af73a7c0e,5,test
9bc0de83bb57daad,8,val
9bca83ea80327d14,3,train
9bcb1381b2aef115,8,train
9bd2f056009836e0,4,test
9bd360859305074a,3,train
9bd8ec917bb85021,2,test
9bdf35475a6be463,8,train
9be105678a7fd592,1,train
9beaf7abd8c0458a,6,train
9bebbd8686496595,1,train
9bed49f1ac2fc6d4,8,test
9beeac78be354c33,6,train
9c04eb40c3b8df7d,2,train
9c08b90717ccf7b5,5,train
9c0b327dbc460bb5,4,train
9c0cd9021db95c4b,9,train
9c0d8a048b85db7e,5,train
9c12ff4a0e3e5fd2,6,train
9c1a40720da57fca,1,train
9c1b02cbc0964287,0,val
9c1dd6e0ae5d7cce,4,train
9c20202ea4a59f10,2,train
9c236f95144aeb1b,9,train
9c249d51c0674962,3,test
9c26a910f59733ee,0,train
9c2bf1eea61742fa,1,test
9c412f5f4004063f,1,test
9c443c1b70e45322,2,train
9c48e80fc4d0fb6c,5,train
9c4b3d446fe994c4,0,train
9c4c097190b96d1f,5,train
9c4ee40f9f01ec57,7,train
9c512bddaa511ab9,1,train
9c52eee2ad332e94,1,train
9c53707ccc6a69cf,2,train
9c5823df0c2ef272,7,train
9c5ab3b38c4a0ee0,6,test
9c5af6af179a0aa2,2,test
9c5dc5fbfc1f4b7d,4,train
9c628e9dfeee0b68,4,val
9c6384f17e46ee8b,5,train
9c666f91e5df49af,2,test
9c69533ff7719e31,9,train
9c6d3acce889d129,7,train
9c6e749455f55fcd,7,test
9c6fc4fffd881424,4,train
9c70fd0ce5203377,3,train
9c7213d039ddea0a,2,test
9c744d9fc0a7cbe2,8,train
9c81b0864263b7b0,3,train
9c991eb148d36316,8,train
9ca3367942ab5af4,9,test
9ca3ed4486b6b6c8,9,train
9ca44a7b61d44b14,6,train
9ca9168ea7d94c81,9,train
9cac479d91979236,5,test
9cb1ed9a43c67e09,4,test
9cbc8abdec555325,3,train
9cc93ec62a086f46,4,test
9cd6e39d58816e05,0,train
9cda07aa82d394a4,2,train
9cdfa8a9dc61b34d,1,train
9ce1ff8c3ddc7b8f,8,train
9ceb88a350aa93ca,2,test
9cee7c973a6c4da5,2,train
9cf156502502f27d,7,test
9cf7f1e8520858ad,7,train
9cfea6c8317ee21f,1,test
9d02d54942758b10,1,test
9d04ad72902454cd,3,train
9d06fc98410f0f31,2,train
9d070c737ff7b7da,4,val
9d0bb071609cb9ba,1,train
9d0e9aa7222501dc,6,train
9d1ce303a00ace90,9,train
9d1cf191a103a36c,7,test
9d21b5390dc0fb59,2,train
9d2205c49409bf3c,4,train
9d2ebd6ae4b15323,7,val
9d2f3a2ddc541077,9,train
9d32b7860fe6e707,6,train
9d347dcdf546ecc6,1,train
9d3b144a13500243,6,train
9d3e3c3eab258c1c,6,test
9d3ed918bfc7b01a,5,train
9d408ebdaa98ddc7,8,train
9d40af7d87978ea6,0,train
9d4c2db2b1f1bc59,0,train
9d4faac3df0491ec,1,train
9d5c79da90362296,6,train
9d6075aca47ddfa5,8,train
9d65fe6e2a1137a1,4,test
9d672a4777031288,8,test
9d67be40ca58d443,6,test
9d72110fe4504f98,7,test
9d77ada49636b355,7,train
9d78ea95bbf66569,6,test
9d7dc489f6a06b94,3,train
9d829e2a93c8cfcb,2,train
9d899df73816d091,4,train
9d8dfa60ef7b4c29,3,test
9d96b3ad8b578df4,0,train
9d9a028898b4c3e4,3,test
9da088ddc05e674d,9,val
9da814809a55e884,7,train
9daa02da3e45f2ed,6,train
9dabdeefb15e8c95,6,train
9db34d3244ec0e9c,1,test
9dbe59f201943717,7,train
9dc48a4fa2d0bfe2,9,train
9dc95bfda7400636,8,test
9dd50b9a1267286f,3,train
9dd9f79abcb5a9f9,3,train
9ddaf0cc3219a60b,3,train
9ddda74774fab053,0,val
9de17391f0057b6a,2,train
9dea41f69eba51f0,3,test
9dfaea366a7188b1,5,train
9dfb7d5d48e20462,9,train
9dfd0d4d749c8980,2,train
9e017402b1cd63ec,1,train
9e09673cb4ef5674,5,train
9e0ead8f5e85da9f,0,train
9e188d578493baae,1,test
9e1c006b01656071,5,train
9e2797b056f0da84,9,test
9e2d770a7c614b96,4,test
9e2d8a54051a2aee,2,train
9e2e84f1c33769cb,4,test
9e3756e4fc28b36b,1,train
9e39f06c7bfa7156,0,train
9e4a1334d862219d,2,train
9e4f75dafa7d015a,3,train
9e50dfb06c9dae9e,3,train
9e52a843acd67971,3,train
9e61136539fb280e,1,train
9e6926e2b81db489,3,train
9e6e7e16eecad81c,5,train
9e7ce16b7dfb9abf,3,test
9e7ebbf0166f837f,1,train
9e7ef8715c7ea9e8,2,val
9e844f5bd10082a6,3,val
9e84cd138ccffc03,4,test
9e8e7da90cf515b1,8,train
9e9cc07e28d711bc,6,train
9e9f51b3d1afee7c,4,val
9ea2fbe7997cd983,9,train
9ea50c3b7aa83932,0,train
9ea7ff9c5ca86c82,4,val
9ea910f79fc4ef8c,2,train
9eab14b4d2f7a89b,6,train
9eabc58f350aa6f4,6,val
9eacfe6e8d5bea40,9,train
9eb19bd215b1a642,2,train
9eb28a7cd7d73d40,9,train
9eb2c761fd48b4e8,0,train
9eb6a228ca5547db,9,test
9eb7ac048f568a1c,7,train
9eb991f9f829cde0,0,test
9ebe4085e599d030,8,train
9ebea32ae15b2372,5,train
9ec230d1e25f260b,4,train
9ed1a35c66a364af,3,train
9ed6b37f3da6ecc1,1,train
9edcdc6699f866bd,3,train
9ede89fe0103a61f,0,train
9ee1b536fafc1a46,9,test
9ee523c7905a10d5,4,train
9ee905805fb5c13a,0,train
9ef356564b6e647b,4,train
9efd4d8a9a3a3168,2,train
9efea993b490c8a4,5,train
9f041d3be6154d8d,3,test
9f04a099108fef75,5,train
9f0672bf2828d06d,0,train
9f073c79fd8aabd6,2,train
9f08c8f96660e702,2,train
9f09eb31c9bacbfa,4,train
9f14a6509701315f,5,train
9f16ef5deb700eab,1,test
9f1a5ccf730fe34b,5,train
9f1b8dbf004a9855,9,train
9f1ee1ce509ec234,1,train
9f215ff7f61dd400,7,train
9f2cc3d2981f24e4,1,train
9f355ed60a6dadbd,5,test
9f37173063edd5aa,8,train
9f3fa089801f0362,6,train
9f4816013b296042,9,train
9f4b94be905b86da,1,train
9f55484d041202e8,1,train
9f566423c390911c,9,train
9f636609c338d715,8,train
9f675fa1b07d85ea,9,train
9f68157631bf5cff,3,val
9f6d7d7e4663db49,5,train
9f79d394211efff5,1,test
9f7c20559f0ffd4d,3,train
9f7cb7f6e9c68643,0,train
9f8cb9f8cbe566df,1,test
9f8f8e3475862c54,1,train
9f931f5ceea529af,2,train
9f9629d2cfbee989,5,test
9f99831d33498598,9,train
9fa3e1716c3f9f39,3,train
9fa9436419acd323,9,train
9fabfcba94ec6cff,2,test
9faff5fef072ed32,2,train
9fb139df990eb9d1,3,train
9fb3242d8bebbdf5,6,test
9fb7e83afe31193e,1,test
9fb84b2441f81521,9,train
9fb8822b0e790ec6,8,train
9fc5ebbb728eb13c,3,train
9fccf27994534afa,5,train
9fd0f3e509a356f6,6,train
9fd1ca5ece81a29e,5,val
9fe415e7850f7e42,2,val
9fe4c9c23eb6a7e8,2,val
9feb5a1e044365e7,6,test
9ff0ce571af03f36,2,train
9ff0d932b84030db,5,train
9ff2cf4a173a3b8b,9,train
9ff7e0b7bc5f11fb,0,train
9ff9edbd08c6a594,2,test
a01723e62f2a5b4c,6,train
a01e67def2e56ec7,4,test
a023b722797b177e,6,train
a024694b27afc060,6,train
a02917d51d631cba,0,train
a02d8d7dfe888be1,2,val
a02dc83cb267c4dc,9,train
a0304ed493738871,0,test
a038b144d7fc40c3,9,train
a0412a47f0f4db0d,3,test
a04340845bb36318,5,train
a0443a907ddf777e,0,test
a05254d838af840d,1,train
a057a85cec2cb329,5,train
a0634c89b7281add,2,train
a064189e03dba9ea,1,train
a0698d488ab6d2d6,7,val
a069ad666a93ea85,0,train
a06af9034e3d804c,9,train
a06d12b2ffd7bd2d,3,test
a07011be1cd2f568,4,train
a078ba0ae32ea80d,0,train
a079ad882b9501d5,4,train
a079e7a0e97c1399,3,test
a08337690fc84438,8,train
a086f691b572dce4,3,train
a08c108cc35c56cc,9,test
a08e3940115af118,4,val
a0931b09a53e3b83,8,test
a0963a4d7c33ce2d,2,train
a0a1ac53e0ce261b,5,test
a0b97dbf85354ecd,8,val
a0bb9096698ae86a,9,test
a0be4fe3aeddc3fd,4,test
a0c9207c3414988d,1,test
a0cce4008ddd21fa,1,test
a0cf312f375c68c2,2,test
a0d3b593a73893b9,1,test
a0d7285ded76bb8c,9,train
a0dc1e65e67a35c4,0,train
a0dd2aaeb487223d,0,train
a0dd5506ea59886b,9,train
a0dea02c12dec683,8,train
a0e28116f3b962ec,7,test
a0e2fad878f05b25,7,train
a0e4414276ffdf4b,2,train
a0e5fe802ae95341,6,train
a0e8fda05bf7f6bc,0,train
a0ebdabb33478a54,3,train
a0eeaa50fa1f93d7,4,train
a0f0ba60da4f101c,3,train
a1029f83018a1092,0,test
a109c7d0256952c3,7,train
a10d4f7ab88490ef,9,val
a11c863228397720,5,train
a11ed2a2a23d1529,1,train
a123fee888174ac2,3,train
a124739bf00c9738,5,test
a12491f3926b1281,1,train
a128147689f01a44,2,test
a129f93329d69dde,9,test
a12e30d767c9b86d,9,train
a137d70eaa5a2adb,1,train
a1380362d037bbda,7,test
a13db835b355c0bf,0,train
a146ae806605cbfd,4,train
a14a56d5101f3881,8,train
a14ff31b0a863a15,2,test
a154c18dbad3cef9,1,test
a15889f674e23548,0,train
a15e4fe63f3526f5,4,train
a161881bf1d9e520,1,train
a1650244b95c8794,5,test
a16533afa95b1164,6,train
a1672302007f7d32,1,test
a16e69b1b91aa2f3,1,train
a16ee32c1db76f82,0,train
a1711a3eddcd4e05,9,train
a1766a76c00c40d8,4,train
a1822a4d1051658e,1,train
a1825d4ad3dacc8b,2,train
a18932238dc40ef3,9,test
a18aab82658c75fe,2,train
a193c8663394eabe,2,train
a197033fc2a2ee1b,4,train
a198ea080ee7d104,1,test
a19ca0d3880dde6f,6,train
a19f38d36218aea9,4,test
a1a24490fab92f22,6,train
a1ae41c446074285,1,val
a1ae9aa7d6f546b6,9,test
a1af4c85a3d25097,3,train
a1b1bdc3b7fc236b,1,train
a1b2f4d1ef6a503a,6,train
a1c1ef615cc6b768,4,train
a1c217bcb478894d,0,train
a1c242ab057b6951,6,train
a1c38a88a7bc320e,5,test
a1d400434a332824,5,test
a1e9f04538b20bcc,9,train
a1ffe29d9fb5ab0a,2,train
a20f8cb7eec10a8d,6,test
a212cd16ca05045b,0,train
a215563e1aa199ba,5,train
a219a4a80f38f2a8,9,test
a21e244e12003a56,7,test
a2210c772894d798,0,test
a226c9bdad6cfd25,6,train
a232153052eb14b7,3,test
a2328562047cda82,3,val
a236d8092030af76,6,test
a238ba6b7f07ebb7,8,train
a244eddf74d482d5,3,train
a24520c52242dfea,1,train
a258938469a62fd6,5,test
a25e928c0f2dae07,0,train
a261196436ab8b04,9,test
a268287e2ef33129,0,test
a269fe40f5be76af,1,train
a26a2904017ecd16,1,train
a276627e3c759d9e,2,train
a27e217890787fc9,0,test
a28137a9f8fb8f7a,6,train
a2898b5eb5b08acb,2,train
a28e287d21654e19,2,train
a294283f147f6e37,5,test
a294d4bab9cb0590,8,train
a29f91221b2dd10a,1,train
a2a3667e3a489586,3,test
a2a86dc291a9f45c,2,train
a2aa41e6d7bc8fcc,3,val
a2acb8e43f5d61e6,4,train
a2b49806df0ba982,7,test
a2b7500f54ac8421,9,test
a2bc3a13c9d2690a,7,train
a2c1af57fc325927,2,train
a2c3c38c367ba0f0,5,train
a2c94f0219f7c469,5,test
a2cf8791d813a7b1,4,test
a2d3a10ba1526a02,7,test
a2d4a223a5a166c3,6,test
a2dc5d3fc0a1fde3,3,test
a2e14478c8e71265,9,train
a2ebe89f18e866d5,7,train
a2f01c4bd08f9f48,2,train
a2f0e54341a0f8ff,6,test
a2f34c345560039e,8,test
a2f35fcec0920021,6,train
a2f5e1ddd8aa723b,0,train
a2f6ad844e69aab7,1,train
a2f7ef04b0899393,3,train
a3004fe71bbad8a7,3,train
a304c4d77942ad3a,1,train
a30b834fb7b71625,5,train
a31d09999f6e903e,2,test
a324ff4eb562f359,6,train
a32624696da43f1e,0,test
a331bb72bcdc01db,1,train
a33286449628c9e8,6,train
a33a7aee2d379910,7,test
a3426bc70f4c279c,2,train
a3487dcc2f8d5d23,7,val
a353bb7095804f9e,2,train
a355e9e10427c76e,4,train
a3562b4153df494e,6,val
a35dda8d2f4fcaf8,2,train
a35e2fe57fad215b,1,train
a361b6b943d40ff5,8,train
a373d560b78ffea8,6,test
a37679c41416b98d,0,test
a378cfb741d8c952,4,train
a37c6a5293c94a53,4,val
a381c35d4f979a27,9,train
a384a6a328d284aa,8,val
a3867b3be93c76de,5,test
a38bceb43890e518,6,test
a38da332392d439e,1,test
a38e2bbdcb250cd2,4,train
a393bf73c7fb4da3,6,train
a3a0c0539d258531,6,train
a3a420bb9aa8e2fb,6,train
a3a936d3a4e12af0,4,train
a3b8d2fc658d1b4b,6,train
a3bedd92604f1a46,8,train
a3c780a73452e2f5,0,train
a3c9273dbc9c8e5b,9,test
a3ccc1e69fbaff97,1,test
a3cffe7849d99ba0,2,train
a3d72c9b21a83eaf,6,val
a3d93dda18032162,8,train
a3dbed5970044ddc,8,train
a3dd62b71fb11d3e,5,train
a3e7403c72cbc1ab,0,train
a3e79cf0c2fdabc4,6,test
a3f2a03587651d30,3,test
a3f3e2162af36ce4,7,test
a3fd7f0139ad0638,1,val
a3ff045924c4ae74,3,train
a4035a5f3a6228b5,8,train
a4038af4c78234c5,6,val
a40399be43c163c9,8,train
a403c1a1509aa83c,8,train
a407d2aa47fa54d8,7,test
a40b65212a35ca72,4,train
a40cca6774547dcb,8,train
a417ab58186a7266,1,train
a41cd4d226aa4dc9,6,test
a41d1cecf5302e6d,0,test
a4214983f86e7344,8,train
a4214a6a9f238f28,3,test
a4243467b45b6604,2,test
a424ec806f036d08,8,test
a42baad819973ce4,4,train
a42f9daf19fc6e2a,5,test
a4335d1b4bdc273b,3,train
a438e1a0bae23a23,6,test
a43bc97293f46bef,0,train
a43c40e61bafe431,0,test
a444c9bfb461c4ad,1,train
a44899a2d235b553,4,train
a44b9ad55ec9f6e2,0,test
a44c2f55b9b27bd2,4,test
a450f4b6f44cc717,1,val
a4544c7b20001826,1,test
a454cbebc624292b,6,train
a4683b378159446a,6,test
a46914764e2ec020,7,train
a46a97efa27fc23e,1,train
a46fd6a18b7f8bc6,7,train
a47212c02aefd555,2,train
a478fe9f838671c4,8,train
a47a75bc88032081,5,test
a47b0def7bb3d985,3,val
a47b32106ea9c0e8,1,train
a48d2b211af532f2,7,train
a48d7ec878820d1d,7,test
a490a061a359e747,7,train
a4957d3e1a68a3f9,6,test
a498fab02cf70a1e,8,val
a49a94aee754ef30,0,test
a4a1f56f92daf813,8,val
a4a2fa9e01109ee2,6,train
a4b03bb7dea13c6e,4,test
a4b676941e5d4a0c,5,test
a4c27df7a3cf8988,3,train
a4c3eafd498fa632,4,train
a4c964ace80e8e75,8,train
a4cccc9190d4f643,3,train
a4cd720fb4926de4,4,train
a4ce37dc999c1607,9,train
a4d0257f8035297a,5,test
a4d459c34cd37c82,0,test
a4d6ddebe05059b1,3,train
a4e5f9e7438a1c50,0,train
a4e860aa0ee91023,2,test
a4ecb20f3c8dbe07,6,test
a4eeec9ac23ada0a,7,train
a4f6910138668d39,1,train
a4f6924ce14eb9d4,5,train
a4f9d8e0281bf697,8,test
a4ff32c165f8864b,8,train
a50111c377d4fde7,6,test
a50d1eac2ecb72ed,6,train
a5118239c1bcee7d,8,test
a51812500bc14469,7,test
a51c5be94704da5b,8,train
a51d340cfd1d80da,2,test
a51eaebbd52b74b9,6,train
a52674caf8936a6f,5,train
a5354ece07f318e4,9,train
a53a758d6618007f,3,train
a54b84f37719b00c,5,val
a54ec7a5b1ad1b2b,7,test
a551bd6a079ea5b4,0,test
a5523f27129ae611,9,train
a552c1db40ec87d7,0,test
a55a3cf881d617ef,9,train
a56daee25671cf0f,8,train
a573d2b0a7fec2b9,1,train
a5793f6961649352,9,train
a579c2899f241754,7,train
a57ada0988df3c13,0,train
a57eb2402a0b62cc,5,train
a58a7607dbe7c71e,8,train
a58e8fb59114856e,8,test
a58efea560913094,4,train
a592f41e4ac27111,9,test
a595b19c4f2c7712,8,train
a596af841cc92919,7,test
a5a4c987c258fd05,7,train
a5a9589ac928a003,3,train
a5abcfe1166d3a2f,8,test
a5abe0bac3762f92,6,train
a5b5875517164100,2,test
a5b8b7b4cdb6afa1,6,test
a5bab11ebd0523a4,2,train
a5c18a3f5409a613,9,train
a5c3692194c155ce,4,train
a5c9164aa46d5c99,7,train
a5cb6a7ef09033e0,6,test
a5cc13f40c643c00,8,train
a5d5d880abe423a7,8,train
a5d7453a0fb175c7,7,test
a5d80f97f65eedba,8,train
a5dafe241c1d9c49,7,train
a5dc3dd6d7b36cde,2,train
a5dced3d316335b3,0,test
a5dfdd6f51335a5e,3,train
a5e05fbfb280ddfb,0,train
a5e5209ca5881124,0,test
a5e9ac0c75cd683e,5,train
a5eba371af14f8bf,3,train
a5ecbcf096886cbf,2,train
a5f6df4526721096,8,train
a5fbdda3a8fa01b0,5,val
a60e6becebf1daa7,0,train
a6171cfbc35d603b,2,train
a619d10a04aaeee8,6,train
a624f38b17b54057,3,train
a6263d686dd41053,1,train
a63837c87eb3c4a0,5,train
a641e495e5e7dcbf,2,val
a6445d636be1169e,9,test
a645e89f2150c799,1,train
a648a6666b5d6e7a,2,train
a64cfb4bd9f06ca7,8,train
a6515707256828e1,3,val
a65d98e2956ee1e6,1,train
a65eeb8b544e113d,3,test
a65f463ce03f0061,8,test
a6621b493db474aa,6,train
a6627589bfbb4dca,0,train
a66295d09a80e77f,9,train
a675ab7f11664e5c,8,train
a688538ef238d6b4,2,test
a689ccc9401f579e,7,test
a68c8e6351fa833a,3,train
a68ff9af4fedde4d,8,test
a691d9ddfad34ddd,3,train
a691fda2b8a5fc84,1,train
a69491574192d04e,7,test
a694f9b79a2ea121,7,train
a69e35996ae22acc,4,test
a6a0bef3973f7024,0,train
a6a34062b8bb43fa,6,test
a6a34b24cf679916,4,val
a6a43f835531d9aa,5,test
a6a453a472819bd8,9,test
a6a9d613ec4d7a76,0,val
a6abaa8cacdb085c,6,train
a6af77e01e8bb4d3,1,train
a6b400950dcfbddc,9,train
a6c28d82bc53a517,2,train
a6c3ba58c080d7b0,2,train
a6c3e69f17d5241a,8,train
a6cc25fb4688f142,7,train
a6cc7118cf822272,3,val
a6ccf9d177dabf4f,7,train
a6cf25af4c93622d,3,train
a6d5213f1fb09f3c,1,train
a6e1856611bc1674,2,train
a6e4a8b9926c9fc5,3,train
a6eca50b8a58fa97,7,train
a6ed1c9e7a7b9bf9,4,test
a6f032b5022c7dc0,3,test
a6f739a856ff6322,8,train
a70296b3678328e5,6,train
a702fa6526d63d40,6,train
a703db03b7c537cc,8,val
a704dab989822ebc,1,train
a70783b3edc0d674,1,train
a708f0ff52326581,2,train
a71179f4230e161c,8,train
a715716e61b54f3e,8,train
a719d58b9f2d6402,5,train
a7264b3893fd6040,9,train
a726a055689d3d8c,6,train
a72b0f58efbfac61,8,train
a7301636aef20486,2,train
a735f391fdf3ef3d,3,train
a738a06dbc039c95,5,train
a73e5a8cef8521f5,8,test
a740d51da97a4a06,9,train
a74921ae75f517b0,1,train
a74a0a3ef3289c62,1,train
a74b77c6fcc95247,6,test
a74dbb3bdaa5c1af,7,train
a74e4e0832a1e32a,5,train
a75e71efd7187597,2,test
a75fd423270e3a7c,6,test
a7605f8634ea3cc7,3,test
a762e375154ca2b8,4,train
a76bf7900bcfa201,4,test
a76df2efa24e500f,0,train
a77d31ab953d00e5,1,train
a77e21cd58b38c15,6,train
a790710e51d6a18a,2,train
a792972647aafb61,4,train
a7943554f292c6e3,2,train
a79f33c253100ae9,2,train
a7a11fa6c217e81b,2,val
a7aa5e2f366c2209,2,train
a7b31cb0d3265f2c,1,train
a7b4a8abbc19822f,7,val
a7d025e55d306435,4,train
a7d5418225c75aca,3,train
a7d8c39eedc5df5d,0,train
a7df3ecc8429ae87,7,val
a7e79adeadf05ebe,6,train
a7ea994ef123194f,3,train
a7ebae4072fe1156,6,train
a7f2fc9db3602c1e,4,train
a7f672b1101da953,4,val
a7fbb346ab70cb03,1,val
a80052cfb367864a,8,train
a804b57d92cfced5,3,train
a80794f61deb232f,7,test
a807ebb0b7eb38ad,8,test
a80c203a8fea6a58,3,train
a8178de206169b22,2,train
a8212cbc9722e362,0,test
a8215687866606ae,7,val
a831c5c2c1704adc,8,train
a835b1e224b3d5ae,5,train
a836100cdb8c7ba4,6,train
a83ca88da18ac253,6,train
a83eccfd755a1990,6,train
a83f499a07dacab7,5,train
a83f518e9651bb03,8,train
a8419e58aebce559,5,train
a8459908d22dc438,4,train
a846e552aaf3656a,7,train
a84d3bf2733a4571,5,test
a84f7f8e5a583303,9,test
a8543d4efbbecbce,2,test
a8569795e339d63e,4,test
a859d5bdc396d488,0,train
a86067e1a188a295,7,train
a865bc773da01785,4,train
a86c8158aa4f2ec1,0,train
a87fb04257bd7a27,4,train
a8807702a762715e,0,train
a885cbdfc8d5f617,0,train
a8897cb4c832e444,1,train
a88c0873dd6ddf55,1,train
a88cbb36e572fe7e,7,train
a88d60372fe9a6f3,1,train
a88f59c0a583253e,3,test
a8939a400b9febad,4,train
a89c7800bd762685,6,train
a89c7fe21ed46738,5,test
a89da90b7e171ca8,0,val
a89fb3d44baaabf5,4,test
a8a248b634f96199,9,train
a8a2b32e383bec5f,1,test
a8a8fa1b9acc8b98,9,train
a8ab915770067036,5,val
a8bcc526d4a2c61a,1,train
a8bd01337a49b826,0,test
a8c435d868e88321,1,test
a8c7541cd5607477,4,train
a8c967c1935e5dab,4,train
a8cf112ca56fac1d,9,train
a8d0b71404e55d5d,2,train
a8d100eebf636d47,4,val
a8d176d9656d9282,9,test
a8e52241f0423e53,6,train
a8e58d1560641c19,1,test
a8e96670f0e120bd,5,train
a8eb7effc764650e,8,train
a8f1b79f30335f7e,6,train
a8f598ecc09909cc,4,test
a8fd0db758231395,1,train
a8ffec29db1059ef,1,train
a9047d7fd4e47706,2,train
a919ea68dce525ad,6,val
a91b2ce68a72bd05,9,train
a91bacef1c7a89a3,8,test
a91c24d2af999f21,6,val
a91da2f53e675225,5,test
a91db1f5ad638e32,8,train
a92682925184dbd6,4,train
a9273a7515b36275,8,test
a92c5d3bd3328d01,8,train
a935229b103c83f1,9,test
a93d82096a40fd2d,9,test
a93f0da6ec51cfd4,2,train
a9433280428163e4,8,test
a945a6b85fcccee3,3,test
a9490dd33780beb3,8,test
a951ee534badff5e,3,train
a9522d9e06887d44,5,train
a954152e409ec08b,2,test
a956e35f47103da0,4,train
a95797c2572d2812,2,test
a95a1c724898ee8c,4,train
a95b8b46860bd828,0,train
a95d8dace15693ce,0,train
a95e208cdcacade0,1,train
a95e4fd8d8f15ced,8,train
a9618d68f6c68575,8,train
a96a2a98c186ce25,3,train
a96d6a4d6c193fd1,3,train
a9731d7f5136a5ff,6,train
a9760a0429128e66,6,train
a976692a5802b7d2,2,test
a97bfe4460014af1,9,train
a97c818bed497c91,9,test
a97cc82de98bb5be,4,train
a984bbfa6d84d083,2,train
a986de437a4dba69,4,train
a98794acd5c2fdff,9,train
a98ae6cfdf7711c7,2,train
a98cd95dd054d173,6,test
a9960512fa3d41ef,2,test
a999e09ee7942016,0,train
a9ae8df7d4b108ff,1,train
a9b67f8b6bcb4cca,8,train
a9c088ada799ec53,2,test
a9c193e6de384ee2,8,train
a9c400368a25bef8,5,test
a9c462c040efc42b,4,train
a9d22129e56311f3,0,train
a9d3e30eda26c006,9,test
a9d5d6dd5e12cea0,4,train
a9d842afd3efe507,2,train
a9d86b64f5e4d33b,8,train
a9db466f1a6f05a0,6,test
a9dc58a1a1aa87ac,0,test
a9dd99f91e665489,0,train
a9e0976c46c072c9,6,test
a9e445d72958ff27,6,train
a9e81a488560309c,8,test
a9e85495fb3ceeb9,0,test
a9ef480395e04e90,9,train
a9f20c88fe9dcd47,4,train
a9fb6160720273ae,1,train
a9fdd028a9347c10,6,train
aa0203ad1cc34c9f,0,test
aa0dabbe8abcb8ab,7,train
aa0e89528ce6c286,3,test
aa11f60eb2f9d8f0,6,train
aa19afafdf6ec315,3,test
aa2f7f9a695bf8a7,3,train
aa32313da962b3c3,1,test
aa43979d0dfaba1b,9,train
aa43f2ba367700a6,0,train
aa48963c8e67e28e,0,train
aa4ea55bfb41bca1,7,train
aa57910c330df2f5,2,test
aa58f308cee4cfd2,1,train
aa64ccc9cad05deb,2,train
aa6a6a90ccc095ee,4,train
aa6be74c9ebfbced,1,train
aa7c0946fed9c3f8,0,train
aa7edec10d10053b,1,train
aa81cfea55753192,4,train
aa86be9d76dc9256,6,train
aa92de6dc45b77f6,4,train
aa93f99edc3fd5e4,4,train
aa95c8976999e560,4,test
aa96cec22178b900,0,test
aa999bef2a50e681,7,test
aa9d131ae5951245,8,test
aa9ef9583cfa1c22,6,train
aaa2a97746fd19f1,2,test
aaa691da8d461ce9,7,train
aaa863cf749429a4,3,train
aaad8fe031812c64,8,val
aaae971347c1c336,4,train
aabd494c456850f7,9,train
aabdd1aeda85db4b,7,train
aac24f6916d68b8e,0,train
aac542befbe9a776,4,train
aac6fea00a57cb35,2,train
aac792cc484169cb,9,train
aace5931cd469075,8,train
aacf9d5fac47bf00,4,val
aad12af861aec5ee,6,train
aad149c10e9da570,5,test
aad65cf1ed4faf53,3,train
aad97c5c86922125,9,train
aadfb370c0a16667,2,train
aae9c5bb0d94e18c,0,train
aaea5816a449cf31,7,train
aaf13928f8b1f7f8,0,train
aaf34e0929ac9ff6,5,val
aaf3e6ddc0cfd3ca,0,train
aaf4dab760faf8ba,8,test
aaf5439cc761d467,6,test
aaf97537a37b45a2,5,train
aaf97d44f8005bfa,0,train
aafa35709c34d7d2,2,train
ab0341684d1b2570,2,train
ab0728902eb577a5,1,train
ab0dda36c1b2b1cd,6,test
ab12bad02408d30c,1,test
ab154752f2c2fc83,4,train
ab1dd11801e8167c,9,train
ab1fef32bd4f7c53,6,train
ab244038ac729909,1,test
ab24d6922384b34d,8,train
ab2a754dc61e9de0,2,train
ab2eabe1147b9b4f,9,train
ab30ef4714cd88a6,6,test
ab3351fb3e5f05c9,8,test
ab38f1e2924d0756,8,test
ab3b2353dac83565,1,test
ab407a34d5bd424b,6,test
ab4455346915062e,0,train
ab46533686d6dcb2,8,train
ab4dd16ade1dfea3,3,train
ab4ec848d3435e05,8,train
ab58855f1359f387,4,test
ab591b6b8a5ee6a2,7,train
ab5c646556b59a76,7,test
ab5e3ce51a1b4b87,4,train
ab620bb422c48aee,5,train
ab68597163fb2ca1,9,val
ab6ba9910d472af7,0,train
ab7628b16df0568d,5,test
ab77592a1ec7f476,1,train
ab879e4ae51b4993,5,train
ab8d25b43f948192,0,train
ab8edd3f7a29ff96,1,train
ab8f63cb78b97874,1,train
ab92a50e22f384d5,8,train
ab95063457d74141,8,train
ab9b600b26b26af3,2,train
ab9e9496ccbf291e,5,test
aba4364b9fe29fae,4,train
aba891da2a704a09,9,test
ababe61e1f6dc8f8,2,test
abad5f17285c50c6,1,train
abb3f2d558631a50,3,val
abb5aa18151ecd5d,3,train
abb6887a89b66948,6,test
abc3fd5bed3f75d9,4,val
abc89d6bf942f409,3,val
abc900afbf6a53de,8,train
abcce28f283acff7,0,train
abcd38f5a8395e36,7,test
abcff252a68251c7,6,train
abd617ad2e76064c,4,train
abda4af8ccb9a4a9,3,test
abdc1ab0c2f2d6a0,6,train
abdde1c5eca06c5a,7,test
abdf62846c24d42f,0,train
abe028cbd714104a,4,train
abe072536a7ef241,9,train
abe1548005f6b4d3,0,train
abe99e852c2c7a12,1,train
abeb09931995b3a6,9,test
abed38a55325bd46,4,train
abedc0e6183df9f6,7,train
abf395cb8d66b89d,0,train
abf3a72a68f5aaea,5,train
abfb31fc6f453f10,0,train
ac0814e32872998b,0,test
ac0e99263217d5e3,1,train
ac178638d8fdbb2e,4,test
ac1c5ce1916eb600,7,test
ac2212c4f4fcf681,3,train
ac22c9ebcf4452c0,9,train
ac2593e0b2e385ec,3,test
ac266367c4a55e9f,2,test
ac29808b3ad41277,3,test
ac31acf57166ace0,4,train
ac39559a902c47b9,0,train
ac3d6ebb66408cf9,3,test
ac3da82df57bca11,4,train
ac481bd08fa5dd57,4,train
ac4ceaaa1474fea9,0,train
ac55aafa976eb751,4,train
ac5baa807a48faba,0,test
ac5bb601e730877f,2,train
ac6119e163178825,5,train
ac64d23fbac09a5e,6,train
ac6b07ad8ba04b57,7,val
ac6c1104e253fb1d,7,val
ac6cd6b11e919092,8,test
ac700623b26ffb8e,6,train
ac746410d9be6977,0,test
ac7590f99140095b,4,train
ac7fe8cda7a508cc,7,test
ac892c255f956cf3,7,train
ac8ea404394213aa,0,train
ac961875f64764f4,5,train
ac9a4a205dee02b1,4,test
ac9c3029ec6866d2,1,test
ac9ed7c354b0ece7,9,train
aca1a59f3142b263,1,train
aca45ae1d7db62f7,7,train
aca5e4c2a24c46e8,7,train
acb03c7028aa0b26,1,train
acb59d6f534a4a18,2,test
acb864aa166ce065,7,train
acba139711a28e2f,1,train
acbc9f02c8b9c666,8,train
acc0ac4c61fc6924,0,train
acc4f41c8f266f62,0,train
acc6d53aae427b65,5,train
acc7539930cae87c,1,train
acc8fdb1cb445394,8,train
accbd246bd1dc62b,0,val
acd0b3ceede78bf9,4,train
ace42b2b92222f52,4,train
ace571d277e0dfee,7,test
ace769e6e858819c,8,train
aceba2fcad99802b,7,train
acecbb69e43b873d,2,train
acf53950a9674378,1,train
ad0063fa18445c64,2,train
ad0bd0261608b06a,7,train
ad1642d71ac565d4,8,train
ad1dac363334b57d,9,train
ad2521e79b79250d,1,train
ad42e8f1ac82c13e,0,train
ad4380989fd1128a,4,train
ad467d1b632e8291,4,train
ad4bb318257a5aed,4,test
ad50226c5022a3d3,3,test
ad561141a932f102,8,test
ad58a456b3328dba,2,train
ad5f4e9f07a3b7c5,2,train
ad63051b59683c2c,1,test
ad63678a45cad817,0,train
ad6416a5250ba950,2,train
ad6ae2e45e02e668,7,train
ad71b301829d47ee,8,train
ad8c464b5a9f034b,4,train
ad8decafeda4ce8f,6,train
ad9226e1447ae455,7,val
ad927487c05165b5,0,train
ad975b111603b282,4,train
ada25d2f15ec9816,3,train
ada2881b2b67e22c,7,test
ada3775024b4035f,1,train
ada3bcafdc884956,1,train
adaa1f0bbb23d61e,2,train
adae0c379800960c,0,train
adb0674c266d3cc3,1,val
adbf9724ec891feb,6,test
adc5a6b1642ff6aa,7,test
adce6d7e3ce82488,1,train
add17cca3bdba82d,2,train
add747777590700f,5,test
ade1443f26fdb1c0,7,train
ade28285ad42b669,3,test
adef90a7d09bd72a,0,val
adf437a4e867ce76,7,train
adf8228f7f43a58a,7,train
ae00481532194188,2,train
ae03aa24d07daa0e,6,test
ae0f3b836d2b0dae,9,test
ae1289d17dce492e,2,train
ae192d8740042ac4,6,train
ae1df2da6ade7436,9,test
ae1e04c0097af734,4,train
ae387f0219ef45df,8,test
ae3ae5d2cebd81b9,9,train
ae3e8db0afc739d0,2,train
ae4c9cf27c9262a6,6,train
ae4e286866f575a5,2,train
ae4f4a8a2733269a,0,val
ae53d76a82384919,3,train
ae567a169cb70c33,5,val
ae68460429a8ada5,1,train
ae6e98ff2d674d3d,2,test
ae7178a47ccc7902,8,test
ae809b0dd833b31b,6,train
ae88c64234c70adf,4,test
ae93a748e2686e3c,4,val
ae9bc0524b12a0ed,6,test
aea0c71e94263387,9,test
aea1a5cb1cc6bf42,4,train
aea9950dace79360,8,train
aea9b3d03aec6595,9,test
aeaa6e0050bd46fe,5,train
aeb14f96aa675abe,7,train
aeb98ab0ff0b39cf,5,test
aeba9d04481a25e8,8,test
aebc1a847258ea38,7,test
aec3b49e5be25685,3,train
aec92aecd5d2547a,0,train
aecb8fd0d6b484d0,5,test
aecccac960fdf454,0,train
aeccced6b8075862,3,train
aed0120e3d14fab6,4,train
aed5ea90c9332d6d,1,train
aee0d3b8aab59759,4,train
aee568b74df33df1,7,val
aee8a4251e92107b,2,train
aee9c998c43d3b29,1,train
aeefdb09a200c711,0,val
aefa539b6bc6a36f,1,test
af02e82225f3218b,6,train
af0502e95887d5a8,3,train
af089e9938dfea0f,1,train
af08e3634a385f06,3,test
af0b68561e99ccf9,1,test
af0fca63dc80f244,8,train
af1694c1d33362c7,2,test
af1beb644484dd5e,2,train
af1c38695ad9360d,0,train
af218f2e8ae13744,2,train
af2bbb26b436e23e,7,test
af2c453efdd2d975,2,train
af414c150d90c5fc,6,val
af44fa80c62ac847,3,test
af47613d38b1c697,8,train
af4bad6997a7946c,4,train
af501556552c7bfe,3,test
af5dc5d997c27aad,3,test
af5e8d909b0ef2bb,3,test
af6463f1d77921d5,9,train
af649c8f8b87703f,1,train
af64c1cdd8e5e7c8,3,train
af6ccbdf3dd0e7e9,6,train
af715654dea8b65e,0,train
af72f8a8a67c38fe,1,train
af747fbd7ce1e19e,2,train
af76b31c95317d8d,9,train
af7864fc4bb4e22b,8,train
af7a1e263e54bf29,2,test
af7ad0f665deccc0,2,train
af809632b48dc867,9,test
af836555937aceb2,1,train
af856a681ee57419,3,train
af8baadf659f2786,0,train
af8ffab09ce5a11c,9,test
af901b944b806b0a,6,train
af95a87bd1311c9d,6,test
af96039240903eb7,9,train
af9853a5a4ce8464,9,test
afb15d5284bf0866,9,test
afb4bf0212c0a25a,0,train
afb4ceac90c2d3d1,6,train
afba6c68d75cde78,2,train
afbbff101ffef0e8,8,train
afbe5b3b4a8682dc,8,test
afc5e6f96fc63180,5,test
afd693decbdc9a48,2,train
afe4a261900c969c,3,train
aff09473d0ccbc09,3,train
aff510a6dc180ff5,7,train
affaeff3d4efde3f,4,train
affc847acee8b7e8,2,val
b00bf3b81d9bbe03,7,train
b00c2e700963c3ed,9,train
b00dd7e1b14b5a6e,5,test
b01ad90711858187,8,train
b0252f1bbd4d0e98,5,train
b02a1a2d67e4a17c,9,train
b03085761542486b,8,train
b0372d4acd7fa5e8,5,train
b0385289e828e202,0,train
b03dea2a832c421d,6,train
b043ad04b5dce19c,2,test
b0475e4cf3f37231,0,train
b04cf171d50c476e,8,test
b051713e6eae056f,3,train
b053835f7e4ae8ca,5,val
b054b7f49e616c14,2,train
b05a0e909cd1c0d5,6,val
b05ac4ea2362b334,7,test
b0623349eb9e788e,8,train
b065d83036be0a3d,0,train
b069813c7efa9331,2,test
b0705a16588d2715,2,train
b07236680673de9f,8,train
b07521f268a673bf,8,test
b0763928160fb984,4,train
b078e3f9a5707f65,6,train
b079738ca50e3213,8,train
b0804dd40a75a02c,1,train
b08646b0662d8702,5,train
b087b79c45ea2756,7,test
b08b99bb2a8e16ee,2,train
b090bd420dd8554a,9,train
b0928a51cd7f0a27,3,test
b097c7616902dfed,4,train
b097d16b6712f654,0,train
b0a7a07f44a0a34e,0,test
b0a8a5f8e93eeba9,3,test
b0acb144d9f189f6,6,train
b0ade59d760c71f7,1,test
b0afeb309574b713,0,test
b0b443dc709b02ee,1,val
b0b5daf8357c5512,0,train
b0c0ed8e4ba1b72c,4,train
b0c3b227820ec1f3,0,train
b0cbfcc9b43ce1a6,5,test
b0d0a8871e298aee,1,test
b0d21acc7bced979,2,train
b0d3edf62397679a,7,train
b0d673a6e08ac406,3,train
b0d6e4a56da1fa2b,1,train
b0dc8aa1d116d685,2,train
b0dce798c22dfe62,2,train
b0e09b9310da141e,2,train
b0e71fd4eb845b4c,3,test
b0f1fa4bee2e4e37,4,train
b0f2b6f91decd881,2,test
b0f320b6f2ef103d,0,train
b0f3747e4f8a882f,6,test
b0f631c7bd9438ae,4,test
b0fa25f9c7f39fa5,9,test
b0fa3a2a4c4caa4a,2,train
b0fa78f490f733f3,8,train
b100e07035242176,7,train
b1059bb94ef88a4d,2,train
b10633caa24d54c1,6,train
b10a20b3b89149d1,9,train
b10fd7039312ebd5,1,train
b110e9d27bf7fa06,2,train
b126450e69daf9ea,8,test
b12de632c74a947e,1,train
b1311467ba355b2d,5,test
b1322f31fe7ec909,9,test
b132c93b4828b558,5,test
b13777b969dd48dc,3,test
b138ee68f79c3053,5,test
b13d8432d6e8443a,1,test
b1437ec4fc7d96bb,5,test
b14719fd3fe8542e,9,train
b14a95738e4e26db,6,test
b14bbc17788bb8d2,5,val
b14c7e97e5d661da,1,test
b14e878456bcc841,6,test
b152c1c719dd0b4a,8,test
b1567bad0c1834ab,3,train
b15897bdc17eb584,5,test
b15c8586b1752447,6,test
b15f75f5da269c85,4,test
b160d06613fcbab2,3,test
b168d57059bdfd66,7,test
b16c77751219b33a,0,test
b175276cf5498354,3,test
b17be2338b94c2e0,1,test
b182df5148cb82c0,2,train
b19283af7b6caa2a,1,train
b1980579eac518e2,9,val
b1a0076578da9cc8,4,train
b1a0f85203a720dc,5,train
b1aef8a334c21562,9,train
b1b21748ba34f9bc,8,test
b1ba57148527ae62,8,test
b1bc72c8808e61bb,5,test
b1bd1f1160ea3ace,3,test
b1c252aa901e003f,7,test
b1c527fa527f77ad,8,train
b1c6b72ed25f28e0,9,train
b1ca1768a41319eb,0,train
b1d50ac543b92b29,7,val
b1d593ee829fded9,0,train
b1d76af83942b0db,2,test
b1dab9c72d503626,6,val
b1e2d9be154db5f1,0,train
b1ea3e66a31c5a3d,9,train
b1eece69dfaec1eb,8,val
b1f7946f9b991b14,0,train
b20197cc2d625711,6,train
b207dd55bc3b2dfd,1,train
b208ce767d5e927c,0,train
b20cfbd7a82f77f6,3,train
b20d6639dedff0c8,0,train
b20d95251870ad75,2,train
b211a1f5750ec2d2,0,train
b222b19c1261b7e1,8,train
b2249d8e1fac8973,9,test
b224abd88cbe4134,8,train
b22620760958fefb,5,train
b227fc404995c873,4,train
b22d4389f2db236f,2,train
b22fdba94135fbad,9,test
b230f5d918abb5fc,4,val
b237f8e9648b0589,0,train
b23971bb286cdf50,5,test
b23a914584d1ed44,2,train
b23b22f849081ecb,4,test
b23b61de564f894b,0,val
b23b75099919c2e0,3,train
b23bfcfeaf4b792d,2,test
b2407353392c6436,7,train
b24a159df24139c5,4,train
b24d92f151228dd6,2,train
b250a6d695c5002d,8,train
b2544293acc7e935,2,train
b2547df09188183d,1,train
b25af0c34b2703ab,0,test
b25dbece104bb98c,2,train
b2704bcbed3de002,5,test
b2743d4f1c11d14f,6,train
b27c195a1b06c776,7,train
b2802b40643b701d,0,test
b2868a8190fd2862,0,train
b287c74980a51906,4,train
b28912d974b9a795,4,train
b28ca81d035f213f,2,train
b2933b8cfbba1ce0,4,test
b2a22a8de6849af1,1,test
b2b32705a422601b,3,train
b2b5bc92268e7b47,9,train
b2b969a987c84386,7,train
b2bc83f45277a887,5,train
b2cf8659f31cd590,6,train
b2d106c12b408bca,4,test
b2d8fedd1fcd1d8b,5,train
b2d9a8f4bf21fad2,4,train
b2dc0ff8f3cc2e38,4,train
b2dff37ea7087775,6,train
b2e3003778f2e840,7,train
b2e9234e9f1213f7,6,train
b2ea8f422061ca80,4,test
b2ee6be98beedd53,5,val
b2f066c00043ee1e,5,train
b2f4d14df1484ef7,1,test
b2f6c034af6a0b72,8,test
b2f731531cf45b07,7,train
b2fde38417e3e19d,9,test
b313fa7180e7453e,0,train
b316e5a68624a412,8,train
b317da954fa9a845,9,test
b31a170cdb06515c,4,test
b31d16b0f1de6399,6,test
b3203d7813ada009,8,train
b328007d2133f0bf,6,train
b32b48e01a96959f,4,test
b32d50c455b1fa7f,2,train
b333036190367a9b,9,test
b337b4d6de76c865,7,train
b34034735db51dc1,3,train
b345ac7b97ad8d20,2,test
b353e96dcb32d7c3,6,val
b3582b38ffc3ec28,4,val
b35e16416ac44771,8,train
b35fc5741f98a3a7,7,val
b36926195f10472f,0,train
b369df8a5a637263,1,test
b36b7c3c58d5ebf0,3,test
b36bdf36a77e00fa,0,val
b37d219b0ec428e3,5,train
b37d46dd58efd3f1,8,test
b38ad8e9743d79c0,1,train
b38cf6bab578e5e3,7,test
b396093df2249c3d,0,test
b3a47f4fd55ab12b,3,train
b3ac766858eca65e,2,train
b3b040e860b53d23,6,test
b3b94617349dcae0,7,train
b3bb9d5c676e845c,8,train
b3c1caadd7c1bd15,2,train
b3c3b226b890cbea,5,train
b3cb9310aec9bd89,3,train
b3cea4cf5c71545c,2,train
b3d9accbddba496b,6,train
b3e7d9bea5db6468,0,train
b3f46ba87fc57e36,0,train
b3ffe2cb27a6f4e4,3,train
b40caaad2c48e4e8,9,test
b40cf1424c5aada4,1,test
b40fa68d537d5699,0,train
b4106e1208cab3f3,5,test
b41647ac4741d212,9,train
b4179b1ac6d4892a,8,test
b424863e971a6d66,6,train
b42edf813e046b7f,0,train
b42ffc9cde5abb79,9,train
b4382fc25bcfdbe4,5,test
b43c8152baf7a317,9,val
b43e4885980923d0,3,train
b4439ed1793a78ec,2,test
b448cce5a268c152,1,train
b452e39daf37ad83,9,train
b4579594eb39fa22,4,train
b45ed289d001bb84,9,train
b46250189a2444e7,3,train
b462657e8541c638,1,train
b466cb7ff883a260,5,train
b46c5364e7a185d2,9,train
b46cd848f5317225,4,train
b472087189318711,5,test
b472b975d622c20f,3,test
b475a61c9e5b81d1,7,test
b47ec3526de445e7,2,train
b487bfff6198beea,1,test
b48b62ae7db734df,9,train
b48c6dc7c67c818b,5,test
b48cf6d4ae5c21b6,9,train
b48f5c947d29008e,2,train
b4935cd71ebb9acc,1,train
b4964050ab6d2435,1,train
b49affb72073a61c,1,train
b4b407ab87b1afef,6,test
b4b6f4bdf310ca3e,0,train
b4b7541639c5aa0f,5,train
b4b849bb56ed7507,1,train
b4bfd063243a3d7b,5,test
b4d0f970dc96b01c,7,train
b4d6aaeb9174615b,5,train
b4d95b9eb64b8c8e,2,test
b4dd9b3be8690a29,4,test
b4de1b598f8cea23,0,train
b4de22e8f96e9baa,0,train
b4e7eb7d6b4cce34,2,test
b4f027612003aa2d,3,train
b4f19d9f708dd908,4,train
b4f1e780006ff500,6,train
b4f2cdfa7fba420b,9,train
b4f6820a4501adb3,7,train
b50d8d352093fc23,2,train
b50e96e0c217d74b,7,train
b51148ba48d25688,3,train
b51a033980ca4a70,0,train
b51b0ede1aca75f3,7,test
b51dea2dbdcabbfc,8,train
b52c9b0bc7c9c445,6,train
b54534e80e177c09,4,test
b54d2ba35800862a,5,train
b54d7e40f9c29cde,8,test
b54e89fdd298c651,1,train
b5538ec6b5c6c041,3,train
b554ef80c3dd89af,2,train
b556b306a7115ef9,8,train
b558fe6c68900c3d,6,train
b55ecbef9acf26a8,7,train
b55edeee5f1198b4,8,train
b56a7f1f49ba51d2,7,train
b56c41791fabc495,8,val
b5735817a6ed2e59,6,train
b57b6486b7f8e307,0,test
b57e1296718912c3,2,train
b5819a2234cd215d,3,test
b583c0544914a689,1,train
b58538f28e750b93,0,test
b58cc679d5768477,4,train
b592420c4fcd6721,9,test
b59d8eda7d4deedc,0,train
b5b01f38e066912b,4,train
b5b2b22980c6bf7b,4,train
b5b455673efbb546,2,test
b5b78009ee3f91e6,0,train
b5b879b3e0ee40f8,7,val
b5bb4cbec1432c56,6,train
b5c173b562584569,8,train
b5c4060b8284e489,1,test
b5ccbb8b8255c7ab,3,train
b5d27491d74eb01b,7,train
b5d433f4df3828c4,3,train
b5d7c43ba3c793f0,4,train
b5d940cc5a8b0055,4,test
b5da72e3d48d78e2,3,train
b5e32cae46e06e05,2,train
b5e6a791e163f252,1,train
b5ec785541f9d2ae,3,train
b5ed5dd378ffcf12,7,train
b5f6675a2c1d9ba8,6,test
b5f7dd624ef9cad9,7,train
b5f7e6aaf1650a1d,5,train
b5fc81a775ed1ef9,6,train
b5fcfd0bae4b95e2,9,train
b60444e7fde65f1d,9,train
b6076e1016c3a430,5,train
b609975131418cbb,8,test
b60ae45b8c60e648,7,train
b612f83a679462aa,5,train
b61a6dcbd3fea243,9,train
b61e55c6ef940545,6,test
b61eebd583f12a86,2,train
b624647d395ac55f,0,test
b62536670dd7a412,8,train
b625d985e55ced0e,0,test
b6284f8f923f3db6,2,test
b62c3ad1efbe17b9,8,test
b62ca65f9626cb91,7,train
b62ec6d23dc16590,3,test
b636b480b765aa90,3,train
b638175d471693a5,9,val
b640ef0fd4de31b8,8,train
b644b9fd0becc9e7,1,train
b6497125807ff0b0,9,train
b6513be381dc0aed,7,test
b6545ac858ea074e,0,train
b657a5dc7bd77b00,6,train
b65faad18f31fc5f,7,test
b6656525dc87e17a,8,test
b66a44e8a18fca2e,7,test
b670ed7ba301f3cb,5,train
b6737b2a79d60ca8,9,train
b67e2c7e72e81e43,0,train
b688ff4e4adf5a73,0,test
b689766df8899f7c,0,train
b69089b3067662ad,1,train
b69aa46fae231580,1,test
b69bd4486bb0fc59,5,test
b69cd4717e561bcd,6,train
b6a31b6264f9b1a9,0,test
b6a32a1e2c530f84,7,train
b6b42462a0ea5376,9,test
b6b63bee1ef34bd8,9,test
b6b6b7578cafe268,2,train
b6c0c86932ec1524,1,val
b6d0952f2b9218d4,2,test
b6d7d07d9deb8c86,5,train
b6d925225aa5eb27,5,test
b6db06ae845144c3,8,train
b6e10e434486e0e7,7,train
b6e7b77babed25f1,4,train
b6e84361ab5129ec,9,val
b6eb157ac4cfdd25,6,train
b6ebff8b839b5d39,7,test
b6ed4b5098f81bb3,4,train
b6f2e2bc4a2acb43,7,test
b6f8bba6c2649436,9,test
b6fd2e06154e960c,4,train
b6fdedcc8375ceb8,3,test
b6ffcd81a08daebe,0,train
b7028bbfc96c9867,1,train
b704bd8c8d246bb4,4,train
b70734f1edebd9af,9,train
b7099f9872426a33,3,test
b709f8b1c2d1ebeb,5,train
b70a6162b6b1c4c6,9,test
b70b9d4d849c3cd7,9,train
b71961da226820c1,1,train
b71eb768ad22bda7,6,test
b7242d9148eb07a4,8,train
b72748e34c78908c,5,train
b729474b1ff05bfb,1,test
b73430ba6510a342,4,train
b73a99d78dc287ff,1,test
b73bd861ef05419a,7,train
b73f8da787e3e8e3,4,test
b7406c6df24493e3,1,train
b740c9ad8ae3fac9,2,test
b744a286c2f7a6be,7,test
b749669408c79de6,6,test
b74a36bd851e3cb8,4,train
b752f9d33c3f3a40,0,train
b757889a83f8233f,6,val
b7586d7d390dabd9,2,train
b75938a6a4c0f771,9,test
b75ec70316df504d,6,test
b761d93edbbcbd3d,9,train
b768c0300869e005,6,train
b76f9af1f653c96f,0,val
b77076f338f43a05,9,train
b775178d51c58374,7,train
b7753dc6334eaf97,7,train
b779387befc1936d,5,val
b786c29483dd66ab,2,test
b78a70222a66f5c6,0,train
b7903a6494dc1735,1,test
b793157e0416bb59,9,test
b7a1d6d40e571f28,6,train
b7acb46028c03895,7,test
b7afda6fea7852db,1,train
b7b03f1916f85dae,3,train
b7b297e77499cf4a,1,val
b7b6acf1a47df994,2,train
b7b7e869a15bd6ab,1,train
b7b83ce910e8d701,5,test
b7bb1e824acad720,6,train
b7c00ad93229f9d5,3,train
b7c0fa1853d28f33,0,train
b7c3e586f8799a38,9,train
b7d402b09628cf1f,2,train
b7d794a32eb96adb,2,train
b7e4a1bf3cbefd57,2,train
b7e530770eae7c77,3,test
b7eb7d6707f0ec9c,2,train
b7f8cf3821fc622e,0,val
b7fe0f4874ef40c2,7,test
b801327197cea3c8,9,test
b808fcee2a501b7c,6,train
b8137a9cd046c711,7,train
b81647549878363c,0,test
b819fcb268b1edec,7,test
b81b0b2264670f81,8,test
b8278385c2b64068,3,test
b82e046690a633aa,4,test
b82e53d0674b75fa,8,train
b831d97176efb5fa,1,train
b836d33a988c11a9,7,train
b83c0843a3932d35,5,train
b8435ecd47935ade,9,val
b847d08226af16fb,6,train
b848159f07484bfb,3,test
b84a05cd33493f3b,8,test
b84f14bd2ca02408,2,train
b8565d3d38915ac9,6,train
b8571e1155322017,8,test
b8636767a4157305,0,train
b866dd2d02622545,1,train
b86f9a3d61b9b860,7,train
b87150bf2d3a1273,3,train
b878fdc72c0f2624,1,test
b886d6fe0571cf2d,8,train
b88829bc658e11b4,4,val
b892ae5cdd10fb18,5,train
b8974bcf446c3a6b,7,train
b89e16c5c4078289,1,train
b8acddc5addd3ae9,4,train
b8aefcf33751d179,2,test
b8b203abf91993eb,1,train
b8b82f3a207f26fa,6,train
b8c3fed8f9b4d9d6,4,train
b8cc389a334bcef5,0,train
b8cd422b38142acb,8,train
b8cf5bce99c78532,5,train
b8cf8d7fe8169443,7,train
b8d0eb8d95fc27c8,7,train
b8d5459cd098c7eb,7,train
b8dd5b10994d71b1,4,test
b8df91aeaffee0db,9,val
b8e126c88c9f53e8,5,train
b8e160965f547918,7,train
b8e7be64eecbd69e,4,train
b8eff925478d32b9,7,train
b8f468af7c5479a4,5,train
b8f64028d6e1ae49,0,val
b8f9ba877879546b,5,test
b8fc4860b30e107a,1,train
b8fcded52dea4678,2,train
b90245b39cdb0a74,3,val
b90713820cdbc815,1,train
b90ab476f099ddf4,8,test
b91313c89a93298c,3,test
b91ebc0d8a722608,5,test
b92069c6f295c424,0,train
b9226746eba88f98,7,train
b928e686c1f3c499,1,train
b92b18811dd4149c,4,train
b92e82d0701c484a,9,test
b93ee16408972a9c,0,train
b9410f2f0a7d9ed5,8,train
b9446a0bd78fb7ac,9,test
b9454b30ea98329f,6,test
b9539693e7adf4f7,6,train
b957c753e5d76731,5,train
b95aea2ecbb1b1e7,8,val
b95f947e465240fa,9,train
b965342ee03d51b4,6,test
b9695cb8399ee0d4,1,test
b96d49c46c87d99c,9,test
b98006a6806253b0,0,train
b986a718e7e08564,1,test
b98f35141008d62f,9,train
b9a09b4f3ff08ced,6,test
b9a2c496964db4d7,2,test
b9a7974784db87aa,3,train
b9a9bfa05f15768a,0,test
b9b463da03d7aca0,5,test
b9ba157759be70ff,8,test
b9bf2f004ca9e7a3,0,train
b9c42a03c064b55e,2,train
b9c431d6e9a2d1f2,9,test
b9c67b25067292f6,6,train
b9c80fdcbf348c7f,9,train
b9cb489071cc2fc6,9,test
b9cbd4b77d107f86,6,test
b9cd92d6ca2683a4,9,test
b9cee29df243e4c8,1,train
b9d81a702fecd523,1,train
b9e2389961771002,4,train
b9e65e4d8518acc8,7,train
b9ecbd1b94a0e7ed,5,val
b9f10b1cf40244dc,6,test
b9fa18a53101b94a,2,train
b9faf4f895e8b6ee,7,val
ba04180352ce01e2,1,train
ba04e8ac51ad1c4a,6,train
ba097acfcb414ff9,6,train
ba0e0bd92037aad0,9,train
ba0eecb0dbeb013e,2,train
ba0f85a0cc3b6129,8,train
ba1b1be4e2b24081,6,val
ba2638e1f5de2174,9,test
ba2698e1d46a8b3d,1,train
ba2746c12d3bb0e1,5,test
ba2bfeea4dd95b12,1,train
ba2c5964f30ee4a2,5,train
ba33b8ad262f9295,2,train
ba3b7205a2ef4aa9,6,val
ba403cf602736c19,0,train
ba40c6b92429634b,1,test
ba46d1e564d8abd8,4,train
ba4a0078fdf3b848,4,test
ba54bdce65799fba,3,train
ba5b5ccd1cd5e103,7,train
ba5bb886f16eedae,6,train
ba60af68f121288b,9,train
ba6b40a83b516e79,7,train
ba6d36eea1e2d88e,6,train
ba766e2bb9a61cde,5,test
ba7a5854cbd56451,2,train
ba81b247da8d2e75,7,train
ba84603e7ec311b4,2,test
ba88a628a5e63977,5,train
ba8a0c9b56296847,3,train
ba9a198d18e50e24,6,train
ba9deaf7bf7f8714,0,train
baa00b51d7fa9da0,9,train
baa2187d7ea350a6,1,val
baa3606b2d632d84,2,train
baa8e1c980cfb05c,7,test
baad64aea6307239,6,test
bab0f277b9c01386,0,train
bab637024b6c2af0,7,train
babb1ddb6ad795ee,8,val
bac3d2cc0d2d2c4e,5,test
bac8a392e53814e7,1,train
bad0e50dccceba47,4,test
bad498ef9c99d299,1,test
bad6ee164a688afc,4,test
bae139a51724c003,9,train
baea84cea4e0b78f,0,train
baf5926b53565458,7,train
baf733e8abc6679a,4,train
baf9abc4b236a4d5,7,train
baff26f00cd48ae6,0,test
bb01e10e9d7ac01c,8,train
bb022b682c975618,7,train
bb0e8e30a49cd693,5,train
bb17268ea987e8be,3,test
bb1ad7223ee64c97,7,train
bb1adcb074b75a6e,2,test
bb1b22a14426db5d,5,test
bb1e5976ae7f535b,8,train
bb20d3d08730c15b,2,train
bb2514640006a227,1,train
bb276e5c1a24df49,8,test
bb27948242c902b4,4,train
bb2b5a705f5d0841,8,train
bb2c600321d77a9f,7,train
bb31081c4a3d1fc9,2,train
bb3b61676530d790,3,train
bb408fd2d8305b23,0,test
bb51022890517ad3,7,train
bb53db5bc58d7f31,1,test
bb609e39eb702fee,5,train
bb639b42c7749682,7,train
bb6dc495be55c86f,0,test
bb706e8368378d4a,0,test
bb71dea895818784,9,train
bb7ddcae3078c91b,2,train
bb869065f16e612b,1,train
bb8b789cf1df2599,9,train
bb8eb01000c4c88d,9,train
bb9048e0c2b8e81f,6,train
bb9e2f306648b213,3,val
bba1057b5a21d718,5,train
bba801eec94dc749,7,test
bbaa3544ec43a755,1,test
bbb3396047bd60c4,6,train
bbb72de8d7556de5,7,val
bbb733ec846e09c1,9,test
bbbb179c799913b9,1,train
bbc3c2a91b9d2a11,5,test
bbc6d3dfab62048c,7,train
bbd8fdab1e7e17ff,6,train
bbdc8568229cb534,5,train
bbe1a3f43d2361ac,8,train
bbe57d0fe511ada0,2,train
bbea538296f0e926,7,train
bbf2bb4e6a8b18aa,0,train
bbfa0f9ebab5a875,4,train
bc033ad87f55e84c,5,val
bc08764a6ae26576,5,train
bc158a4dda74b08a,5,train
bc19732713efc95f,3,train
bc1d0c46584e8f66,7,train
bc250e07109cbcb6,6,test
bc252aefe68a7299,2,train
bc253e3b82b044bc,4,val
bc26be911ef9e71c,0,train
bc2c12aa99beed91,1,val
bc2c3a80320d5151,5,train
bc387d760d262d52,9,test
bc41ab2645b32d1f,6,train
bc48b9e6141af7e2,2,test
bc4bc14b938b41fe,1,test
bc4d4adef38f23c4,8,train
bc5d93b009585de3,5,train
bc618fce916f8005,4,train
bc64943da08116e0,7,train
bc684fc6013dcbc7,2,val
bc6ca81c5afa71ef,3,train
bc6cd0e4fe8d5715,0,test
bc70bb623fa13508,5,train
bc74e3005722b110,8,train
bc78103c4878ab34,5,val
bc7a142e2a664bd8,8,test
bc7bfe87ca60ec8c,9,train
bc7d0a0ff30c2662,0,train
bc808d20e409ea1a,2,train
bc8797ff33b40a08,6,train
bc8dcdcd9a7c885a,3,test
bc915ccb806c6d01,5,train
bc92786f090d2980,7,test
bc9631c8f82349ac,4,train
bc979ee97b6ee26e,0,test
bc97fffa27339a5c,8,train
bca907badf038e5e,6,train
bcae3e4b9913dc6a,6,train
bcb3ae37727d30ab,3,train
bcb830c7383f1a87,3,train
bcbc4dcfe3259357,7,train
bcbccdd13760d78a,3,train
bcc51a5f4c4c6510,7,test
bcc79b51b4f50cff,3,train
bcd4e2df1636639f,4,train
bcd95286d5a53c58,9,test
bce1227e64ef89df,4,test
bce5714217b0189c,1,train
bcee91dfa139bec6,4,train
bcf21c3f45f017c8,6,train
bcfe4be0fd99636c,1,train
bd06c15e72d17229,3,train
bd0a96d53e4f1dbd,0,test
bd0c40492c428eb6,6,train
bd0e446d0915c897,9,test
bd1399d20a02aea7,3,train
bd15d36ef7a822ac,0,test
bd1a3ce6c2e86739,7,test
bd1c0ce6b488a81e,2,train
bd2e0b2a9aa9abfe,0,train
bd30fcfb4db672e2,8,test
bd345fd083628569,6,train
bd34bbcc0c37b623,4,train
bd372950698f4995,7,train
bd3ccff72ba41356,8,train
bd3da9fe957f1d6f,6,train
bd42c71b7bf78f68,3,train
bd448feeea04b01d,5,train
bd4e215996301df9,6,train
bd5fe8aa275d7ef7,9,train
bd5ffb2e69ed8212,6,test
bd6222acd4894b2e,1,test
bd6a5f2c6dcbe07a,8,test
bd6d7826cd582cc7,0,train
bd6db031f5e7a001,7,test
bd74689d8f48a1ae,0,train
bd771600ebd29931,5,val
bd78c2c9b3ac16e7,8,train
bd84b75e12cb9b7d,2,train
bd86ffa2a3594941,6,test
bd932f1b9451c8c1,8,train
bd93b47938854040,1,train
bda13185e270a4cf,9,val
bda3fb19e1dc871d,9,test
bda4512dcda5265c,0,train
bda58ee5767cf9db,3,train
bdaa4fb2fd84d9ce,2,train
bdaa878eefb98cef,1,train
bdaf1c6651954b83,8,test
bdb0d5cddf642179,8,val
bdb15394f9f69f85,8,train
bdb7e36d0103ee63,1,train
bdb7ecf7cc21a9ba,9,train
bdb851815d51a493,9,test
bdb9d4698f355a08,5,test
bdbb4dd3a1691d84,3,train
bdc33f83b60ad72d,4,train
bdc87ca48bb76e40,2,test
bdc9bffbc08909cc,5,test
bdd249d8ebfcd0e7,1,test
bdd6461b72b1abf0,3,train
bddcc779c1597659,9,test
bddfb1a878e41bd5,7,train
bdfa6ad713ed61ad,3,train
bdfc61b2bf9addbb,4,train
bdfc6ee0bc932fd6,8,test
be04d7a84720741c,3,test
be05c17f66298013,0,test
be094f22b3d988a1,1,train
be0dd6d71f278152,6,test
be0f334ab8b756b8,8,train
be176f199ba39464,7,train
be1becbf81132ca4,8,test
be20f4d443005bfd,1,test
be233af3c409094f,8,train
be25e30d6e33a5b5,2,train
be2ef66b7d6f6d8f,1,test
be324540b6ab427f,8,train
be4766c04e14e52a,0,test
be4c5c9609c401f8,9,train
be4da3fe2faac521,2,test
be51c649c1fff32b,9,test
be582e815ba1fa7a,1,train
be5ab6f40953322f,9,test
be5c326dc23b119b,5,test
be5d3826c69b4316,9,train
be5d65fcfd77e8e2,3,test
be5dd935b2c1a280,7,test
be6010b0832aa378,1,test
be61c3d15b00c409,5,train
be62afba634dbf32,4,val
be687dbcc4732cff,4,train
be6c27e25411c097,0,train
be73828f0b8a782f,3,val
be75aab48eb74d68,5,train
be79579b86275583,6,train
be7dcb8f5728848e,5,train
be834ff782571991,7,val
be86ef2a3f0e8f2a,0,val
be8761e1a978e21c,4,test
be898f91a7a0ab86,9,train
be91ad00e6003f6c,3,val
be91c3132a6be730,0,train
be93c653754004df,7,test
be9995a4ad0619fd,3,train
be9cb5b077e9e9bb,7,test
be9f1c802cab6efa,3,train
bea9de5ad369378f,0,test
beaa48ffe6cf8833,8,test
bead37371e9b68d1,0,train
beb6d9fee71cb1ab,4,train
bebbb7d7496070ea,8,train
bebebf5ab9f0054e,1,train
bec6adc8f65c67ea,4,train
bec864b8b212a9e3,8,train
becaedf3ce369c20,3,train
bedb285dfb3cf815,0,train
bedbfd1221c403bb,0,train
bee0b10cb351aa34,7,val
bee15834779ae51a,2,test
bee17aa1b858b1a2,2,train
bee8787127858234,7,train
beed8283796bd328,2,test
bef64cbb38541ae7,3,train
bef9aeca6ddc68c1,2,train
bf04aac5e70918c5,9,train
bf0d2f6659c00d20,6,test
bf15fa777fa0abd6,1,test
bf1957b510792889,7,test
bf1f402edc9de499,1,train
bf215306d3877086,7,train
bf28ddea552809f4,2,train
bf2d751b3d60e163,9,test
bf319786332624b3,0,train
bf3544622913a9c0,6,train
bf37009a54823af3,8,train
bf3d13d980dee05c,2,test
bf41156930a4b422,4,train
bf434b69775c6806,4,test
bf481a7b45be5bf5,5,train
bf4cbef47ec973e7,0,train
bf5030a91600dc84,7,train
bf5a022ad0dd884f,3,train
bf5bd03121eedffb,8,train
bf5d33af9a7df61a,4,train
bf6223ebb72f556b,1,train
bf6ceec536175614,9,train
bf73553ef6a7291a,1,train
bf74d44c81742148,3,train
bf74e8889a48f0ec,9,test
bf814ad2749d5e4c,3,train
bf82ab2c4a4ebea8,7,train
bf858d1b8ed1ded1,8,train
bf87df31128e733e,0,val
bf89da67cad7f632,7,test
bf9165a2414dd2d0,5,train
bf9a3b7a05bc20fe,6,val
bf9ae727577d73be,5,train
bf9e4b33d3c79fb6,2,train
bf9fe88757db0250,7,test
bfa28bf1208e2c64,4,train
bfa2e2fb588808e6,5,train
bfa43b32e93a5cb5,5,train
bfa59d26906e301f,1,train
bfa6ee92ca37e85f,3,train
bfaba83d20b3f588,1,train
bfac0ddb705afa02,7,test
bfb5436fa9013343,6,train
bfb979572fd36e39,7,val
bfbc0e45bd67d80c,0,test
bfbf23436bd6205e,0,train
bfc5beecf553e0a6,0,train
bfc9b860a1b65d97,0,train
bfcb5ae5158956d3,3,test
bfcb83c2b22e93f2,1,train
bfe0efa81da52d86,6,val
bfec37dc5f36a522,3,test
bfee3614b32d6cc7,9,train
bfee823f701aae56,1,test
bff0d5520ff89d22,8,train
bff49cf1b5aeb66b,5,train
bff7b007cd33c10c,5,train
bffb6efd2bce7a5f,3,train
bffd352358571cc2,1,train
c002746858ef0bee,6,train
c0037039e84299fe,0,train
c008f9c374c99e67,1,test
c00a88eb0290cacf,9,train
c00bf3f8df56ff3b,4,train
c00ff9a391c37c4e,3,train
c01a0d5ef98e3cc6,1,train
c01d178cd3e48809,9,train
c025dd1fad801f6a,8,test
c02b0e7fbad506a9,1,test
c03d642f24f532b6,2,train
c03e1bcc7894f7e5,3,train
c0456e2cbb961754,5,val
c04d70a88eeb11d4,9,test
c04e5bfdfb0dc58e,4,test
c04e782b103282a1,2,train
c050cab6f90a06a4,5,test
c053f3103430b3df,5,test
c0607d330dd18e4f,8,train
c060a3379f6f7c21,6,train
c061259c695da6aa,3,train
c06ab8c810974df5,9,train
c06e58c928c57ef9,8,test
c06f759c136a56e7,1,train
c075baa6c377e9e6,6,train
c07aac0f35ebf47f,8,test
c07c3e2fd2ab89c5,2,train
c0813f6aa04479fe,9,val
c082574a557afdcd,2,train
c08966759071b559,0,test
c08d833e224619e1,2,train
c08f589e9d109154,7,train
c0918dbb204eae5a,5,train
c0926b505d64c924,5,test
c0999a55757d6d57,3,train
c09a1ca41cfc56f0,8,train
c09de4a89f6f427e,0,test
c0b39578736a01a1,6,train
c0baa032e300ebf7,7,train
c0cdcd74b28ef690,8,train
c0cdf7c27c12038d,4,val
c0cebebe5238defd,5,test
c0d09142e4037c35,9,test
c0d1995940bbfbde,7,test
c0d20d3f615c881a,8,test
c0d605b82fb40227,6,train
c0dcf0f55bfe9509,1,train
c0df09c79c1eda72,7,train
c0df2a93fe4c7fa9,7,test
c0dfd7124cea1fe3,5,train
c0e5656ae95ebc4c,7,train
c0ea31a5d15273e3,6,train
c0ecb60507a1f145,2,test
c0eefa4681c7c1a3,6,val
c0f5fceca9ccaeae,5,train
c0f64723cf8985bf,2,val
c0f78788bf909859,2,test
c0fd0e1582da394c,1,train
c1018eaa4186c593,8,train
c12688b05c3ae5bd,0,val
c13706fbdb84d793,8,test
c13761305f955189,0,train
c1381c73bb0cd6f0,0,train
c1381f76f53235ef,2,train
c141e6944302b017,5,train
c1463d5f53fa61e9,0,test
c148857b13735a34,2,train
c14ef49232ab7ce3,9,test
c1544c7313cc3b2b,1,test
c163a540d0a981d7,6,val
c163b6c472e0b5d5,6,test
c164858c0a410b81,7,train
c164bd45c57df22b,6,test
c169d65a04e94891,6,test
c16cbc5c82cfe83d,1,train
c16e4ba68fafd777,9,train
c16ead45382b7cc4,2,test
c17190e467a8327c,6,train
c1768a52ff73f5fa,9,test
c17b7385e1d86c11,7,test
c17d78d2494107fa,1,val
c181aa4740826417,3,test
c1831c253f20b955,8,val
c188994e4abb5c0e,8,train
c19054b59a99de16,8,val
c19bb7179c796583,4,train
c19fc41f724588f3,8,train
c1a19dc88176cc1f,3,val
c1adc98320341086,5,train
c1b27d9cd2864e30,5,train
c1b6b49235a6a644,8,train
c1b80da3ad5321f7,1,train
c1c61151d1c51c95,2,train
c1d19dab4acc295c,0,train
c1d793b6c07aeadb,9,train
c1d92d74c38a8292,3,train
c1e2d49be1506530,9,train
c1e318781ab746ec,8,train
c1e6fba9593d6324,0,test
c1ededea4cfbc69a,5,train
c1f3615a925d4e8d,6,test
c1f3c06bf3e48066,5,val
c1f8d7b3741e51d7,1,test
c1fa1ace682e21ed,9,train
c20106fbab43c5eb,0,test
c20a4bf0b32f3f3f,9,train
c20c70ae82f751e3,3,train
c21172776118ec3a,4,train
c21880612c92044d,9,test
c21b2b988c81db50,4,val
c21d78075a7356a5,1,val
c221e88d8330a4e1,7,val
c2263f600ef778dd,1,train
c227b7768bf5808b,2,train
c233b01f4c02b8b9,7,train
c2351fe68f444e0e,8,test
c23737d9e9c41fdf,1,train
c238cd3b2a2e8be7,7,train
c240fbda1443b7a9,5,test
c2449f1e61c8474f,1,train
c24674ca5614d497,9,train
c25bfb1c6d004e9c,8,train
c25c749a1c307beb,4,test
c260939d98c79d23,2,test
c26693b36a7f8396,6,train
c26b82e447f4ab13,9,train
c27532b4c8e12cbb,5,test
c288a21bf6bbd9f7,2,train
c28afdc92f4bd982,2,train
c28ee1844154bed8,8,test
c28f6345c2efe32c,6,train
c2987478b8dbf334,4,test
c29f6e71a5825d19,0,test
c2b1151ba74c5001,8,train
c2b38362ab6161f0,1,train
c2b6ab323a3828f1,9,train
c2b95ff26b3f2ee1,4,test
c2c0dcd2e3b155a3,6,test
c2c30d023a79a818,9,test
c2cbd47e56d547c8,4,val
c2d07a5ad78bd709,5,train
c2d2b318aaf96406,3,train
c2d451aaf8e6f95e,2,train
c2d4ccf72f9b616e,2,test
c2de93a2ffcef3e8,7,train
c2e27a28659a5f3c,7,train
c2e6d57896fb8fcb,5,train
c2e7048b8f719297,5,train
c2e749a96c56b0f4,4,train
c2ece2f6287ea4ad,8,val
c2f1533260c42b01,7,test
c2f7a4529a5959d3,7,train
c2fc6922379f5275,0,train
c2fcee129875df29,5,train
c30d4c6464025725,8,train
c3102c5736263fdc,2,train
c3188cd6e785f6e6,2,train
c3189c058ca77ba9,1,train
c31ea1dbed0a336c,3,train
c326912cbb2d7ed7,9,test
c32a3b63e85b0cac,8,train
c32a77b7e1d0d79a,1,train
c32b363ac9c81756,0,val
c331b14a74f51ff9,1,train
c3368752e1d1256a,9,train
c340e00d43fbfe2b,5,train
c343a00bd8af6f08,1,train
c3451fa916217ce1,6,train
c346acb4f799aaef,5,train
c34a64ec4c73261c,9,train
c350d4d0ccf56d5f,3,train
c353caf80fdffd48,6,test
c354fcfc4478dfc1,3,train
c358520e5f22bbb9,6,train
c35a5d2086950ea0,9,test
c36120fc2fe4c3dc,0,train
c3628460ac61cc1e,6,train
c366eb24ae19023d,4,test
c367e75df63616e1,1,val
c36fbb32b7334605,8,train
c36ffd2692f16f86,4,train
c372d5617b3346ad,7,test
c374af8fee525ae5,8,train
c37518429ff9e86d,2,train
c3792a13684d1eee,9,train
c37b7fedff8725a8,5,test
c385b65200015ee0,0,train
c38798ae2f9da964,9,train
c38c49fc004c7d96,0,test
c39115931efae738,6,train
c398d6d2788617a3,3,train
c399e9e7016cfda1,6,train
c3a1b91456ac151a,2,train
c3aa2fe4fa5c2c0e,4,train
c3ac4afaebab7d8a,7,train
c3af4afabc472ab2,9,test
c3b30b350bc4b7b0,1,train
c3b460bb23841187,1,train
c3b80b0ff3636d92,5,test
c3c516caffb36305,6,train
c3ca02dc666cb9ec,9,train
c3ca258fabc9645e,0,train
c3cf1f1eddf173db,1,test
c3d25b32389f42c6,6,test
c3d561a98432fe29,7,train
c3dbe0bf24995ad6,6,train
c3dc5dcc4691139b,4,train
c3df22a15eac3003,2,train
c3e0ea0bb24c10da,4,train
c3e7ad7626b11547,8,train
c3e9e5ba37a069d4,9,train
c3f2f28622ba2011,8,train
c3f33e405fabc7d8,5,train
c3f660780397290b,1,test
c3fdc7bbc1066811,0,train
c40a4df744854171,2,test
c4187c81731c4857,0,train
c41c3a6af628feab,6,test
c41c5858f01284bf,8,val
c4265229444486d0,5,test
c4279226001b8828,6,train
c42d996e08934476,2,train
c42f6623316ac225,7,train
c4352a03eb91ad51,8,test
c4392e27fd139bb7,6,train
c43c22a5f6161136,9,train
c44507d578e6c3eb,2,train
c44d4af0d8a7ae31,6,train
c452fb36cca1c374,2,train
c4594cc098ae33cc,6,train
c45c5faed5ef795b,7,train
c45d758a50ce04e8,1,train
c4624ec88a1afc2e,8,test
c469de92a2547252,8,train
c46a2523e872d35e,7,test
c46f69724c6059b4,5,train
c47b8c0499510df3,2,train
c47ba9b9ea8b9644,2,train
c47d282f72985560,5,train
c47ea8baee5b2da9,5,train
c482a4c3fce8466c,7,train
c489e8b1616d21ab,1,train
c48bbc85954e0fb8,2,test
c48ca71721d41158,3,test
c49099f9531bfbba,7,train
c497c64e4cbe5030,6,train
c49d1f852f1f90e5,8,train
c4ab273c60258df8,8,train
c4ab32cff9ecfe47,1,train
c4aefd82bf65c011,9,test
c4b477672e1d0c93,9,test
c4b6ccfee6bd52fe,4,test
c4bc5be37f9ef603,6,test
c4bcb4b2c85efce0,7,train
c4c93701bdbb1ca2,3,train
c4cb672e48c7064f,5,test
c4cc059b482dfa0c,6,test
c4e05b9dcb53a6e9,3,train
c4e4c816ad84db87,8,train
c4e539fb9b10b8d5,5,train
c4e54b1c60988bcd,1,train
c4e7d835aa686094,6,train
c4ea614ca464ad83,1,val
c4f11b5e5413bc3f,2,test
c4f6605120f3b36c,2,train
c4f6750bee78b3a7,0,train
c5026ee231d5a837,5,train
c50318d3fb695e6c,0,test
c506bda5e7ffebd6,2,train
c508fa20b1d600aa,1,test
c50a8f954d39484a,1,train
c5128cb3cdd3b884,9,test
c51b2cf36d7b85cb,5,train
c52129161298694b,8,test
c5267312f70cc6b9,3,test
c539405aa0cdf244,3,train
c53aaad79643f73d,9,train
c53c129be1ef866c,5,train
c54f6e85ca1e46cc,0,train
c55d1fc7058020bd,9,test
c56e2ddd97f36760,5,test
c57190b6518fd5ef,4,train
c579072dc031b05d,5,train
c5848712ba4a49b8,2,train
c58cc225eeead0f0,5,val
c59996dbbf45db62,9,train
c59e05bf6b9b6e77,9,train
c5a12b8957a24245,4,test
c5a319555e8488d1,0,train
c5a6349d9b2d0158,7,train
c5ab8d97be27cd79,8,train
c5b65db3b3f6bd75,1,train
c5b8ddaf551aeb08,2,test
c5c741f6d3534290,2,train
c5c8495eae15cebf,6,test
c5c9ec4191c1fe98,4,train
c5d113dd71bf8a50,1,train
c5d15f32449a3c96,3,train
c5d2f328591ded61,9,train
c5d35c323193ffcf,7,train
c5d694aeca2953bf,5,train
c5ddca9b079a4e61,2,train
c5dec0dc802975a7,2,train
c5e13385f5586c4d,5,train
c5e4c607304ab2c0,1,val
c5e6d63ca694c948,7,test
c5e8826c270cfd40,8,train
c5ed2795448cdf47,3,train
c5f0fac611a64257,1,train
c5f2fa1dd352ae17,1,train
c5f399adeed50d36,2,test
c5f9cddd63e19e5a,1,train
c601088043bf0174,5,train
c603a68dc96f2f25,9,test
c6198312cf61cbf3,2,train
c61a890e5284cc60,8,train
c61b9d962f0b74c3,9,test
c61c9c46797ef71c,4,test
c61d6fec0041a4ff,4,train
c62a9d86c9f66641,0,train
c62bc776327b5e38,9,train
c63159a92a2b8fbb,2,test
c635d2a9b6bbf945,1,train
c63aca1512e85efc,0,train
c63e19693cc33fa9,4,train
c63eb0358a0e3fc3,9,val
c651255024e06ab8,1,train
c65309bf7c7aa195,5,test
c656ea7cc45e5acc,4,train
c65865d09612877a,7,test
c65e5e5910612127,0,val
c65f4935d2b0a22f,2,val
c6636e2bb9d0d71f,5,test
c664f7d8972875b3,7,test
c665260180f69827,0,test
c66c50697aa6af5c,1,train
c66d4dcdbe4105f8,8,train
c66e436b3ceafcf2,0,train
c6744e62d519eb76,4,train
c676ca3cbcd7fb9c,6,test
c67c7508832cdb27,5,train
c680dd66b8d08c67,8,test
c6890945a80590f5,5,train
c68aa73c2f3c6910,2,train
c6905d42eeb41851,5,test
c69e3a5488eeb3bf,4,test
c6a5573e276f3416,5,train
c6a790f4f693ce2b,7,train
c6b05ba88efd1564,4,test
c6b2be63f1cafca2,6,train
c6b3a05d0ebe226b,7,test
c6b44321104de3b9,4,train
c6b6bf31dd31d720,5,test
c6bdaffd455c2acc,7,train
c6bfcfe0babf9fa4,4,train
c6c7ff64fae4a851,3,test
c6c802c1a425f8c7,1,train
c6c8146a5123a379,7,train
c6c9106cc5cb5e92,5,train
c6d32a49187d7d07,6,test
c6d5a8a78994f460,9,train
c6db4132344e52b5,1,test
c6dbfefbee36d362,1,test
c6dc75d44e2998e8,4,train
c6de7b6bb60499b1,9,train
c6e6eb23daecae3e,9,train
c6e75898c9a6f3e5,2,train
c6eb116b8a33bec3,6,test
c6ed13067a44938f,0,train
c6eede54a6df17f0,6,train
c6f65150bf3e0890,5,train
c707beeb2d8c1a31,3,test
c70b02edb63c46e8,3,train
c70da3fc6b449c83,4,train
c71b7a4bb97b32aa,5,train
c71f1c94135927dd,3,train
c726beb699b6ca4e,3,test
c72d4786ee243f00,3,train
c7337ff537c19d10,2,train
c733bdf3dec0e4e1,6,train
c73ae74a37aec5d3,8,train
c74902f82f31cfdb,3,train
c749ba9164c2c785,0,val
c74a6ad78d26b0bc,7,test
c74b8e599bfad1c3,3,test
c751659ad532a043,5,train
c7525bb588a1f9d5,6,train
c75741b598b5da91,8,test
c759a40c326c6497,2,test
c75b9425eaa39311,6,train
c7608851b57d471d,8,train
c767250fbf584c69,5,val
c76a5e63f0baa65e,8,test
c77b9d6f1dd4b22b,0,train
c77fd6b21bcf8bfd,2,train
c783bd5ad17d797f,1,train
c78c1aa296cfb52a,9,train
c78d702cbefa8e25,3,train
c798c4b46eefaafd,2,train
c79b25d1e606e29c,5,test
c79facd0990a7791,0,train
c7a816c3d0c4d55b,8,train
c7a94c3ec76c4331,8,train
c7adf2ff31589739,3,train
c7b4021e6cca1a81,8,train
c7b589147004ab2d,1,train
c7beb01bb55e85b4,4,test
c7bf4aeeb37188b9,7,train
c7c4a6df71be44f3,9,train
c7cc3f9bb3b0d278,2,train
c7cdd73d643e8ba1,7,train
c7d518243c98d063,5,train
c7ded7a4da5829c4,6,train
c7e093c2c5e48b43,3,val
c7e1c6f3e15e09cd,0,train
c7e531ef4f8b104b,8,test
c7e88a2f83e1a385,3,train
c7ea917dd0636f3e,1,test
c7eb0d04350a9c0c,2,train
c7f95b8c361691ed,6,train
c7fda6b323a0d5b3,3,test
c807c55c54ac2ee7,4,train
c80ea7f302b8c166,4,train
c80fe5675b4b19ee,9,test
c81390592eadb6e5,9,train
c8174d150a6a0213,7,train
c81d01e2d7fec0b2,4,train
c81dc4fcf854eace,4,test
c821ef8149b0bcc9,6,test
c824eae5fc39ff82,6,test
c82e07086c717b92,6,train
c82e702e095e3783,9,test
c82f71a252d07d6b,3,test
c8361da9b0cf829a,2,test
c83fc30363d7ace5,8,test
c85584463f4145ab,8,train
c8579a7659a53074,8,train
c85d9d9d510f29fd,1,test
c85ec88fed688c8b,0,val
c85f077702ffc95c,9,test
c85f3082c930a9c5,4,val
c867af8e547c39df,5,test
c86872df29b3a5db,1,train
c86aa24f4b86b108,1,train
c86ef1f7e0f8e777,6,test
c870e190b9f3b9f0,4,train
c871fcfe55caf1e7,7,train
c883ca9413371de8,2,train
c8885c88eaf3d9d9,5,test
c888cb814d10ed09,9,test
c88999008eb2efb5,5,train
c89257f9ade96766,6,train
c896f18cd3e052b8,5,train
c89c3ad24e609ca5,4,train
c89e3a7aa19e3363,6,train
c8a3cd7ac5691e61,1,train
c8a444251b312bdf,9,train
c8aa7f101cc8fc22,2,train
c8b107d2fce75fb3,6,train
c8bf3069cefa73f1,8,test
c8c0522c1c2a3a65,3,train
c8c07bfe3a8093b5,7,train
c8c65e26ddd513b1,4,train
c8c76a7690df89c2,2,train
c8d08779d2e0ae32,3,train
c8d9e74e46dc47ec,0,train
c8db14a9b2b4a1f8,6,test
c8e3ff39cfca9688,2,val
c8ec78d3b6a275a7,5,test
c8f2094a90a93579,9,val
c8f9e179e7fb784f,8,test
c909cf7a9f6ec689,8,train
c90ea0702bc242ee,7,test
c910ee81a0ba5cf9,3,test
c911af4bf4365a76,1,val
c91699eb4eb397ff,6,train
c91ecf24281fae14,7,train
c928dd18d04142f1,4,train
c929386e206c048d,0,train
c92a7de67256dbc8,0,train
c92d10622389fafe,7,val
c930c1f53e060ade,9,train
c9377a04a151f540,5,train
c93d0a4ba6f55812,7,train
c93de2f0c4380959,6,train
c93f22afac2be429,4,train
c94209478fe42a73,5,train
c9457993b804d9a7,0,train
c9459d4c93e7907b,2,train
c95164c81b634e9b,8,train
c9520c2d3704fa8c,0,train
c9652a7575f1ff00,2,test
c96a8201bed9ff7c,0,test
c97297bc9941eb0a,1,train
c980e477cb10be8b,8,train
c9878d48bc711820,5,test
c987a39cc08db5a9,6,train
c994c479609aaf20,8,train
c99c9a6fb3c249a2,8,test
c99d0ce09f5a4c66,1,train
c99d5e2ba3de5e4f,2,test
c9a8922db03790f2,4,train
c9ad341839332e17,4,train
c9ae18ed163f70b5,9,train
c9ae4fa0176aadd2,7,test
c9b021c0eea45878,7,test
c9b16bbd89be2046,6,train
c9b43c859270e969,6,train
c9bbaa53020b4970,7,val
c9beed652a48d927,0,train
c9c341c2f9936bae,8,train
c9d2178076855101,1,test
c9d464af40484587,7,test
c9d770d225557bcb,0,test
c9d89b41150ae4da,0,test
c9da520ea046fc47,2,val
c9e3eba8e87a283a,2,val
c9e453da43f3debe,9,val
c9e8f5862446f62e,0,train
c9ea336386659dee,8,test
c9ec6b70f0776929,1,train
c9f3aa2f697646ae,5,train
c9f5100dd8c9d479,7,train
c9f9c7f86709e50b,1,train
ca0ab46161c30bc1,7,test
ca0cc145de80713b,8,train
ca13ad06611e7b0b,8,train
ca1a44de6f83af67,4,test
ca1de4f2a14caee8,3,train
ca1df37a40d7b1f9,5,train
ca23edc3bc4dded9,4,train
ca2a2c5561cc55cb,5,test
ca2ddefea06a7a64,2,train
ca3315d483c0f15e,6,test
ca4095efa07c7b84,9,train
ca444085ba6cfd83,7,train
ca47753e5279edf6,6,train
ca4c3dc979f4b575,1,test
ca4dd9e373c210c5,8,train
ca4e98c464cb08f8,0,train
ca55fe33e3b1d52f,3,train
ca62797629b2081b,0,train
ca635cc0dfa6c6bd,6,train
ca66f9fe2bd78fe1,4,train
ca7011067ed91cc2,4,train
ca7976fc9e2e73d3,9,train
ca7d04c27b7dc462,1,val
ca9109ae0676dd01,1,train
ca96460b86226a1c,8,train
ca978ca3f4a2c834,0,train
ca9d1f7eef4285f1,6,train
ca9d44163352d3e7,6,train
ca9e1bc04f74f962,5,train
caa09030902e1755,5,train
caa2921aa1213b00,2,train
caa544926a0d08f0,3,train
caa8ffc7ba3fc539,3,train
cab284bce749d94e,9,val
cab61000dbd0ec5a,2,train
cab74b9e93f3789f,2,train
cac4140d231c6148,0,train
cac5b8090769f257,3,train
cacbbf5bf4a40379,0,train
cacf4acb3f164106,8,train
cad1ab2ecbe00e6b,1,train
cad7ba2de7987bc3,4,train
cade84dbd541f495,1,train
cae1ca77f74e9812,9,train
cae356008509f27b,6,train
cae548e7a73f6817,3,train
cae6f54f98e15d83,5,train
cae92e5cd488fbdd,2,train
caeab00dec84ce39,8,train
caecb4a9a0511d2b,6,val
caf058e64675cd3f,0,val
cb032436957239d9,5,train
cb0327d41c291ee5,9,train
cb0918c4b9e5a7e9,7,test
cb09c53920476d87,5,train
cb0a8f2a5c74064f,6,test
cb13a89d2b5990a3,7,train
cb1b8a78c6aeee46,9,test
cb1d06f3b8a61f39,9,train
cb299e52807c023e,8,train
cb2c3f7454ce1de8,0,train
cb2f91ed74654b87,3,train
cb3295c73212b75e,6,train
cb34fd3eae76caa8,6,train
cb36811af5a3015d,9,train
cb36c2180395a480,5,test
cb3fc3a181818039,8,train
cb458f67fb3a322f,9,test
cb460f56974df398,8,train
cb50c8e986b77361,6,train
cb51873ad6bed2e6,2,train
cb587e9c53e45349,5,train
cb58ff6f5a96f19e,0,train
cb5a402691631fc1,7,train
cb5e1177778cb2b4,3,train
cb6580310a6aa372,1,train
cb6617176969f5ef,0,train
cb708ed8e5b52326,3,val
cb741ac12eda61ce,3,train
cb79cc4eeeeda165,5,train
cb7a9a9045461bbf,3,train
cb90bd96fbee2d9f,8,test
cb932a2b906085c7,6,train
cb93caf24a4d4076,0,train
cb9a8221a1f59d18,4,train
cb9d7e0ae36e7f6f,0,train
cba139933711c51b,1,train
cba16d6c58f2abae,3,train
cba3b75fe5e93617,9,train
cba6476c06bb823e,5,train
cbae9ccf3fd1b77d,1,test
cbb1252a811bf771,5,train
cbbd75f3c42ba0cc,4,test
cbbd7ececd618854,2,train
cbcad1c2ce987031,9,train
cbd5973ca0e2f1b9,4,val
cbd69aa9980bfe1e,5,train
cbe3a728373a1011,4,val
cbe9107c8ff032b4,4,test
cbee3dadc5db6c31,5,train
cbf485b61426906b,6,train
cbfaab55abd8793f,8,train
cc017e2d543a4675,0,train
cc044fd152a79f51,1,train
cc078aa781e44061,8,train
cc098e2252caf858,7,test
cc0f5cb2cfc63344,0,test
cc25c997968b0dc0,3,train
cc26150d8f15a5c5,1,train
cc2b22db145ee646,2,train
cc350b39fcea30a4,0,train
cc38825d04c73efb,9,test
cc3d38b6d6d97fd5,9,train
cc45b03d3196b8b5,7,train
cc4a2f56daf94438,3,train
cc4b8b031b00604c,6,test
cc55675fe73fb375,7,train
cc5878379a919761,7,test
cc5906ed6ac9cd0e,9,train
cc59ede9aa7039a9,9,test
cc5b61d29cb6621b,2,train
cc5bb2c888af10aa,3,train
cc62c2e1dad793ce,3,test
cc634ce55a410606,6,train
cc64a72d4d86a74b,2,val
cc680170aac8ec4e,8,train
cc6b7ad1092c20bf,3,val
cc735bdbd5724ac6,3,test
cc78f00b3fd1a77c,7,train
cc79302219e2535d,9,train
cc7d045a30617846,0,test
cc7f3e26dc4db680,3,test
cc8a1a8ecaecaed3,5,train
cc99b88e01eee264,7,train
cca17f34b843b67e,9,train
cca7d09d046d8a00,7,train
ccbbd54e6a0cfd22,4,test
ccbc43eb84dc8dfe,6,train
ccbf41204c84c5d1,2,train
ccbf5750b58648db,7,train
ccc26d4a531ec9fc,9,train
ccc353916c523364,5,test
ccc978eb70afe423,5,train
ccceb07dd77597b9,4,test
ccd4506415b5d0e7,6,train
ccd5ed295f2021c3,6,val
ccd78f8df249c81e,2,train
ccdb11d7f33daa16,6,train
cce2393604d44f44,4,test
cce381303a8bc213,0,train
cced95a33c9f65fb,8,train
ccee7eea7df6086a,4,train
ccef69294208fd24,0,train
ccf32b39c852471d,5,val
ccf487bb37dc34bf,7,train
cd0241d0a0e55555,6,train
cd03d6037513c50c,1,train
cd05bdd94095672e,7,train
cd09dc246aaca6ca,8,train
cd0ef19175112219,1,test
cd188d76f50dde52,1,train
cd1d73730df87a16,9,val
cd1e7834af6d1911,1,train
cd203df17ee567d5,6,train
cd2ca67ca2568dfb,9,train
cd34420306c813cc,8,train
cd34c834825b458c,0,train
cd3693713b6d6b22,3,train
cd397b67b05916fd,3,train
cd3ab81fd61468b2,2,train
cd3f8cfac9c85a98,8,train
cd417cf94d6236b8,5,train
cd4a2b4657bee8ac,5,test
cd4b0c4465e8bc17,1,test
cd56642d6fc2c770,7,val
cd57d1123f6452e5,3,test
cd5887d5a90f9add,3,train
cd59ed73aee964f3,9,train
cd5cb30305ec27d5,2,val
cd5e8c99602fd0ab,5,test
cd617975c495104c,6,train
cd65ab2a5588907c,1,train
cd6cf3eda721e1ce,4,train
cd72132fec820be7,7,test
cd7d1f10c983dbd5,5,train
cd83baff00bac9c0,7,test
cd8a57e155f90113,9,train
cd9c556cd2d82197,0,val
cd9c702f58a39e7f,9,val
cda5d31835c3aa76,3,train
cdaa12f089087df5,2,train
cdaeca8ccd1ab16c,3,train
cdb2695b13d2e8bd,1,train
cdb3a13e82360f6f,7,test
cdb48bda2165ee73,1,train
cdb49445cae52845,7,train
cdb7959bd37bf559,7,train
cdccf0335703be80,8,val
cdd3efe0d847c072,1,test
cdd59949ea336406,3,test
cdd668729b67039d,9,train
cdd93f244d17c2a3,5,train
cdddc2b9335e1a40,3,train
cddecedf2be05aed,7,train
cde724d17b7552a5,1,train
cdea88c971b6bcb6,9,train
cdefc79da2431d80,6,test
cdf25a38a77423c8,4,test
cdfa9ce2dd06e9bd,4,test
ce053ae9ea69cf72,9,train
ce1194d94f235296,3,test
ce18fc11f057418f,4,train
ce1c63cb49450053,6,test
ce2156672bea2cdd,1,train
ce246b09cc48a125,0,train
ce25961483baafe2,1,test
ce28a84f9eb47936,2,train
ce2c8d8c19a43673,0,train
ce2ef4ecaad42a60,7,test
ce2fe566bbf67571,7,test
ce33d085fb0206e1,3,test
ce3df48cd9c5fbea,5,test
ce490ea3c8db1ce4,7,train
ce4adeee578d7c40,7,train
ce50f25c5ecf9a77,7,train
ce510d57253d366d,9,test
ce520bc3e2446ab2,2,train
ce649225a5ee93f7,6,train
ce684a585f68cfaa,1,train
ce6ad75020ee433b,0,train
ce6e6d4b53185d72,7,test
ce83929e3dc934c4,8,train
ce847e57ebdd6686,0,train
ce855472694026ab,3,test
ce8f199ba16d6c98,3,test
ce8f5491cd3d44a9,8,train
ce9b69d9246a5d6b,3,test
ce9cc42f715e32ce,8,train
cea722cdc13a5b52,2,train
cea74d887848096d,9,train
ceaaa7ef1e2278b8,6,train
ceabdc5eabeb6014,2,train
ceb2d3b04ed104d3,0,test
ceb321e9138a9ac8,2,train
ceb6464a619dae98,3,train
cec2cfa5e05e020a,3,train
cec74f2754dd92f7,1,test
cecfd1226fafe52d,6,train
ced1a9ae9c10e110,7,train
ceda2addf3fc55f9,7,train
cee1e40168894637,8,train
ceeeb9748a61910c,8,test
cef43458801a73c3,9,train
cef4df6c7a188051,4,test
cef8885c93395dda,6,val
cefbcadcb1692368,6,val
cf047893aa3b10b3,3,train
cf064fbc4c06c3ca,8,train
cf08e768418e24e3,6,test
cf0a2a7471da7a82,6,train
cf0b290525dccf6c,9,test
cf14a6fd0e621b55,2,train
cf18b88de58953e6,7,train
cf1d6a8d455c14d9,2,train
cf200305268ea901,0,val
cf225782179ac4d4,5,test
cf24caac429c452d,6,test
cf278bac8f47770f,6,test
cf27fea176272762,7,train
cf2c7d875b735bc1,9,train
cf2c7e0636ab8cfc,1,test
cf3419fd2c2aef18,0,val
cf365ee7a9cc72f2,8,test
cf36ac11ca02148c,8,train
cf45a166187e720c,4,test
cf4e354df83cfe68,5,test
cf4e6f211c8697ae,9,train
cf51b0fd94999458,6,test
cf568899895caffc,1,test
cf5ac3497fda5cc1,6,val
cf63a7cf2f4caadf,6,train
cf63ce8098be48a9,0,train
cf646fadf2bcfa4b,5,train
cf6a2fcc27ab6c2b,0,train
cf6aff4405d129b9,7,train
cf6c94797821e9b9,4,test
cf7a1aa72099a81f,6,test
cf7c677084bd67e0,3,train
cf7f97b38fd35601,4,val
cf87e55afe75fc49,7,test
cf8ea409b084646d,2,train
cf92ae2d1b66140e,5,train
cf993fcfe8cc9115,1,train
cf9c27904a386256,5,train
cf9e0d4eeb31aaf1,3,test
cfa4bb35cbb43f82,0,train
cfa61146d0d4cc54,4,train
cfa8481c88c2a399,1,train
cfb4b5365f81ba1a,5,train
cfb8a76382b21069,2,test
cfba9d699e0b4fbe,1,train
cfbd2bcc66d578a1,0,train
cfc72543c27569e4,9,test
cfd302641ec5c276,7,test
cfe0784ae155207a,2,train
cfe6175a9384854f,5,test
cfe659b5b57bd5b0,2,test
cfe79b06133c6411,3,test
cfe7a188866302f7,8,train
cfe969d839b816bf,9,train
cff5c41e32e89fcd,8,train
cff76e7109717654,3,train
cff78b6808f18ce7,7,test
cffa6994b3e066a4,7,train
cffeb7a1b95e1c89,9,train
d008ca0176c718fa,9,train
d00a6687461fe55b,8,train
d00f28e82e3cf9ec,0,test
d01180d4097fd37b,9,test
d013a840a0d9f59c,1,train
d0186cc14ea8838b,9,train
d019be90be9f95d1,0,train
d01c3e5752a4049d,4,train
d022c6c579608696,3,val
d0240d7c91f25767,9,train
d02dbef65a087cd1,8,train
d02dd01d2e9712eb,2,train
d02ead913404c41d,6,test
d030254187020b18,2,train
d03160e3b0fa6273,6,test
d0319dff9bf0b8aa,9,train
d03683f81c8fab5e,1,train
d037e745d185a2e0,9,train
d05858cf4208934c,7,train
d0592d6f66487ef8,7,train
d05ad238c331cae2,8,test
d05d69a1b6e3b31b,3,test
d064a5131779a383,0,train
d068a037bb354c0a,7,val
d06d6d4f2a992ce4,2,test
d0710b204fee20b7,0,test
d0714c5b55a0e5e9,5,train
d076678145234a5f,0,test
d07907d5c3099e55,9,train
d07a0ee658fabf0d,3,train
d080eef38b4b52c2,9,test
d08494045eacee06,4,val
d08787517da78aab,5,train
d08a4df605e594df,9,test
d08cde2feace41c8,9,train
d09aa8d0e2d3c7ec,7,train
d09d5ef11774f603,6,train
d09f779a3c50e37b,3,train
d0a4e2cc0f5f54a6,0,val
d0b14fb63764bc67,1,test
d0b6ff92e828abd8,4,test
d0b7ec9e8d14f5dc,8,train
d0b9f495e6919c78,1,val
d0bc0bf77703c97e,1,test
d0bc465d6eda958a,4,train
d0c59317b145d106,2,train
d0ca58d0560ce0de,6,val
d0d44192fd5d702c,6,train
d0d58386020afdbf,3,train
d0dc84d126781d88,1,test
d0e049679513ec36,3,test
d0e1bc7e5ed5b08b,1,test
d0e2eaeb98424057,2,train
d0e36c635c9209e8,3,train
d0e4d5ab9147b505,6,test
d0e882a404535bf7,8,test
d0ecbb58e23d3cfa,2,train
d0ecebaebe2f28c3,1,test
d0efcdbc4215d492,0,train
d0f15004df216c54,4,train
d0f7661606f91b11,8,test
d105d8718e9bf6e3,6,train
d11075dcb9882eb6,4,train
d117a0c7e022f056,7,test
d1341a0ee0213a60,4,train
d143bf5f188e3b44,1,val
d14416d7bb6d27b7,5,test
d1490f692837b9d7,7,train
d153d56af282505f,7,test
d15dffe906f988d2,9,train
d15f8f0a87bf2abd,1,train
d1612fc80877eba0,7,val
d161c8d588014b75,6,train
d1634b078e2158b2,0,val
d1820037de7ed55a,7,val
d1869d1af52bb30e,0,train
d18b1de3f9672ed7,9,train
d18d031bef425d04,6,val
d19af1455a7d000d,9,train
d1aa80de16cfe50a,8,train
d1afac7b1169e41c,9,train
d1b1b375cb639247,8,test
d1b2f485f5ad01dd,4,test
d1b3564369cf4c94,2,train
d1b372bbb67ae3bc,7,train
d1b5763965493290,6,test
d1badb2646b0400e,6,train
d1bd544b51c51cc0,0,train
d1c651106f6a412f,0,train
d1ca6eb198f43ead,7,train
d1ccb3381e34d546,3,train
d1d747a085331f81,8,test
d1dc3594ecd91fc2,6,train
d1de96d67995eed5,0,train
d1df9d17d44a7980,0,test
d1e0888656ea592c,5,train
d1e69ea7e3fcccc4,9,train
d1e69f5d4b34f720,6,train
d1ee4e95aef3b7a6,6,train
d1f17f9b351f44d3,9,train
d1f196c1f923b153,5,test
d1f4899a82c1155b,4,train
d1fc170349dbb4e1,1,train
d1fdd4b7e042bec2,3,train
d20984e9967daa6f,7,train
d20a03d35682e664,5,train
d21348560954f2ff,5,train
d213ca5ec4935e38,2,test
d2159d655eefc1d4,4,train
d216a0d247993b72,8,train
d21d4bf99067d688,8,train
d2200ef87cb56326,8,test
d221498ddfa962e5,2,test
d2231939893d4fbe,0,train
d22e8e3e0ef9cd26,5,train
d2344d80d23c9ec6,7,test
d2358c8aad165a78,0,train
d23805c5a802f86a,6,test
d23ac42c73e3da84,2,train
d23c535d89ee7dd4,5,train
d23cb28872708450,0,test
d2450164ec98e32d,7,test
d245778f6d9228c1,6,train
d247785e7cc7433b,0,test
d248507265b93dce,3,test
d24b732739444824,2,train
d250a7303aa45c56,3,test
d25653c58c48021a,7,train
d258a3a3697c992d,8,train
d25bc4d70d3e67b6,8,train
d25dac1b7e213c36,9,train
d25f1eae0f3cd826,7,train
d2610e7c6c044854,5,test
d261c86ac9f1ea90,0,val
d269da5c0378e381,6,train
d2704cd88bdf3654,5,train
d27186f389642a95,3,val
d27c351bbf20fed3,1,train
d2861e2051463402,8,train
d28dbce496a1915f,4,test
d29298a406591b88,6,train
d297a4226cef2fd5,7,train
d29c204e361c865c,3,train
d2a091c67a01eb32,3,train
d2a5e514e45b7367,8,test
d2a9e2c9195e5680,5,train
d2b557fd466b6016,8,test
d2b743d138754fb2,6,train
d2b751d9ce831d6f,4,val
d2c2dafc06f6d9f1,1,train
d2c4cd2236da8561,4,train
d2d232011203e18b,5,train
d2d5e6e494ec0849,1,val
d2dc5f3a31ce4749,4,test
d2dfdec7fc5f9c8a,1,test
d2e2631008772504,0,train
d2e66c9c0e4b473e,5,train
d2e692d2d048ad2c,2,train
d2e75ec098e138d0,5,train
d2f434dadafb31ac,1,test
d2f59b31fbbbc69c,9,train
d2f97f191fa92381,4,test
d2fafe6a6a8f7d71,6,train
d301602f8a1cd996,6,train
d314100725956b88,6,test
d3221e783dfc209b,1,train
d33034264c00e745,3,test
d332fcdab1ec827c,0,train
d334a70a8886dd1c,5,train
d335c6ff098e4a06,1,train
d33f4b764c4eb4cd,5,train
d33f67c87003472d,2,train
d34c0dbd1565189e,5,train
d3506953747f4663,0,test
d353118966c60e79,9,train
d357e71c8a3f2fa6,8,train
d35b5463fee6dfbc,0,train
d360c0b39e67d68e,1,test
d369154b3430ed9f,4,train
d36cdfe060b0f9be,5,test
d371c133a993767c,4,train
d37876c5f66a1b85,7,val
d37bc8b5ea73d0f5,2,train
d37fa2ac04a6f1fa,8,train
d381cb8ae8c53022,7,train
d3830d73fc54163a,6,train
d38c5bd38a2ef0d7,5,train
d38e071525281af3,9,train
d38ecff94d3fe6bd,3,train
d39224f26859926d,7,train
d398870e674ee15a,3,train
d399e17f02fbc462,0,train
d39df9df834369f6,1,train
d3a1ca4fd69e99e1,5,train
d3add2f26d9ed8b1,2,train
d3bb2efec05e4c47,2,train
d3bbd1bee88a10a9,3,test
d3c41aafd53947a2,7,train
d3c41e81d56d8d14,2,test
d3c5d7c91fc472b6,0,train
d3c5dac9ef47271d,2,train
d3c7dda626ae35e9,4,train
d3c9b78bc9ce5dcb,7,test
d3c9e9631e2f358f,9,test
d3ca080fbed5db67,7,test
d3d5b1f2333373d8,0,train
d3d812031b9b30ac,0,train
d3d8523c44d9d5b9,3,train
d3db30078a5982cb,7,test
d3ec50df81b6bdd8,0,test
d3ee6f8f873db3d9,8,train
d3fa1028bebc0e84,2,test
d3ff3ca6e52e4a5f,4,train
d4035039eb7a18b7,9,train
d403635452e5b6fd,7,test
d40600100f3407e9,8,train
d40b9019f93d45e8,2,train
d40ca632af59288c,0,test
d420d7501224b970,7,train
d422db7e2edf93a5,7,val
d42727439279363e,4,train
d42bd3e27a673afa,4,train
d435f816311d5ed6,0,train
d4375fe9daca9d49,9,train
d43aff6ef709f76e,2,test
d43ce1370c9b2c77,4,test
d446a192f55ed82f,6,test
d44880ee22b1ae1d,9,test
d454d469247ba3b7,9,val
d45504eacd52677d,9,test
d456519ed4f4d9d7,7,train
d45d973966f6b890,4,train
d46bab1b151193fc,5,train
d46e7fc2267644c3,6,train
d47287534ac42b73,4,test
d473e8f481e6f5f5,5,test
d4762539629269d2,2,train
d479f1c3f923936c,6,train
d47f254d01ee6bbb,9,train
d48420bab74a430f,1,train
d48532c72ebcef42,5,test
d48d90a39e763d67,6,train
d491036bd205f8e3,6,train
d4931722c6581d9b,3,train
d49c551eecf0c079,9,train
d49c9c6495f95ec9,9,train
d49e62f2a3551a4b,7,test
d49eb3fa6931e74f,2,test
d4a2aee8cb326f5a,3,train
d4af70a8d66a74f5,8,train
d4b3b065d88fa7d5,4,train
d4b7a89b9095dd91,3,train
d4b808911dd6dad4,2,train
d4bb52f43df7c673,2,train
d4c1e2d9ceecb032,4,test
d4c59b83e81623a9,6,train
d4cc942f6071947f,5,train
d4d4f51ec884f571,9,train
d4dd38421aa0173a,4,train
d4e13fcca22a1add,4,train
d4f7aa671904e499,9,train
d4fa8c22013ef1cb,6,train
d501793d3ada435e,0,train
d5050e1c239c7058,4,train
d50dcc710d9eb53b,9,train
d51060d746b9c2b2,6,train
d51116e18f06fe9d,0,train
d512579971158598,8,train
d5186256b7e8018e,3,train
d51d381d74df9f50,8,test
d52054e0db1708a8,3,train
d527c4ee0177d36f,0,test
d52edecacf5952f3,0,train
d5307ef9e83913e4,7,train
d534f039c4f5e30a,1,test
d5421ad7b4a0ef56,0,train
d544d8079135a995,9,train
d54eb0a0886bad05,6,train
d55d8a381644a486,9,test
d56d15ac140af60a,5,train
d57c25bbc72cf0d3,6,train
d57c506b037ecb92,2,train
d581a52e6d5f1c35,5,train
d5911e5196e4cecf,6,train
d591311fca2fbaa2,4,train
d593893d7b65d528,8,train
d594f85ce863cff1,1,train
d59b9f3049b428a4,0,test
d59ea71b16e3b004,9,train
d5a015925163ecf9,4,test
d5a87f6900b4f20f,3,test
d5c4f38df918f954,4,train
d5d16476addc4cc4,1,train
d5d7e0bb6a49cae4,7,test
d5dc7df7875f7c7a,4,train
d5de465c35a159dd,2,train
d5df6f40e3c1828d,0,test
d5e9674f94fc656d,2,train
d5ebc73b95cd6c1b,8,val
d5f29a39f3f0ed90,3,train
d5f43171566d2113,6,test
d5f4679e9292447c,5,test
d5f75d94e023713a,2,train
d60a3f5439e0669d,0,test
d610628c716308b2,5,test
d6107f9545be86df,1,val
d61166c05193b164,9,train
d611e4fd57709582,4,test
d614fca83af9f3dd,1,train
d6193102ebd200dd,0,train
d61a7b2d66529028,9,test
d61c309628761de2,5,test
d62087792d8a9137,3,train
d624ba9567db2860,4,test
d625244cbbdc3f98,4,test
d62eb73a0ccca30b,3,train
d63813a288cf9383,6,train
d638daeed2ae36fe,9,test
d6397dd71b3d54d1,3,train
d63b95f35c836089,2,train
d644d809b7e7986a,5,train
d64604cbd7d6c0c8,4,train
d646dc49f4fc6a08,1,val
d647fc1af8d21278,1,train
d64adeafe15f1248,6,train
d6521ad92cf0c0db,8,train
d65b94b28b82cbb8,4,test
d6667d7c2b036562,7,train
d66a5f48be64a190,7,train
d66e8529dd4b410d,6,train
d66ecea701e38372,7,test
d672056df589c090,0,train
d6763855bbd43690,2,val
d6777765489e26f4,1,test
d677de359a211102,2,train
d67d7037c3adb20c,4,test
d6804b49b55c886d,6,test
d68888114f4efdc7,3,test
d69a2ee5f36b883f,1,test
d69f6b608d35e949,0,test
d6a4df40a775c878,9,train
d6a5777b4f9d4aa2,2,train
d6a79a5d705f2af6,8,train
d6a7b36c25f1d2cb,1,test
d6ada6a8eecf9d16,7,train
d6b199a386e5f41e,5,test
d6c811332a12257e,3,val
d6cd3eee25e8f5e9,3,test
d6cf53fe383b5539,3,train
d6d0621a82439329,5,train
d6e2b33f8d990e07,1,train
d6e636bc6d6f1d30,4,train
d6ef6aa1022aafa0,7,test
d6f3bd078bc96090,7,train
d6f924d0525d3458,0,test
d6fb443a8488749f,2,train
d6fc0251d02f02d1,6,test
d6fd1abd7f2440e5,6,test
d701d5a7247fc36e,7,train
d70244cc17250c02,1,train
d7059b772cf1c2fc,0,test
d7062491eb0fbb34,6,test
d710bad5bef8e56f,0,val
d711493e42b8f41d,5,train
d715ac1115f18416,3,train
d716a75342866a8d,4,test
d716f18c45d71371,2,train
d717d2a475f8b973,9,train
d72683fb04f9f66a,2,train
d72d4ed024e7bd55,6,test
d7464edf4d7941e8,4,train
d7501a3f00f60f77,8,train
d751ed0a3c3b6477,4,train
d75e0072dccad06f,3,test
d75f27b4fcaae326,8,train
d75f45a9923557df,2,test
d760f5b8d10eb92f,8,train
d76754156795ae1b,6,train
d7689fe02c659d6c,5,train
d76d86eda8d903b8,4,train
d7709eaf8bbb745a,2,train
d774af8c4d9542c9,5,train
d776997bead94453,1,train
d7797ed905d3e5b5,1,val
d799639c34d4d61b,1,train
d79a627fe696cecb,3,train
d79fc3180483af1d,7,train
d7a0106d279ec8f6,0,test
d7a27f8591c497d6,7,test
d7b2095cf079e9b4,2,test
d7b4be295b610dee,7,test
d7b85c859fc67289,7,train
d7b89a0f1e8f103d,7,test
d7d252747d16c375,2,train
d7dea335179a8dd2,5,train
d7e08b12b37e8f62,3,train
d7e1808dd155ce39,6,train
d7e2212311e85863,9,train
d7e7070a1d48a03a,0,train
d7eb7beb5cb98383,1,test
d7ed878d99071166,3,test
d7eecd97d02b4960,0,train
d7f92f4a10fd5e6c,3,train
d7ffaf64b279e575,4,test
d7ffe5ed936106a8,8,train
d80ef4add69d1b05,1,test
d8111639de9f63b6,9,test
d829fab4a31ffdc0,6,train
d82eda41b58570e5,8,test
d82f18ef85e7a660,2,train
d83620b85e5a3245,3,train
d84239834f0d45af,2,train
d8423cf23298691a,4,test
d844f880f2d11118,6,train
d849e0e0c358830d,1,train
d8508997f948554e,7,test
d8630a7cf87408fd,5,test
d86954d06f679ca0,1,train
d875023626985a43,4,test
d87c38825fbac0fb,4,train
d887a8a4e5194c91,8,train
d88838169d9123f3,7,test
d88ade8e7377e995,7,test
d88c674c5954decf,1,train
d89836d08bb8b0e7,8,test
d89c99fde2a9e0ac,4,test
d8a4a7da10754b53,1,test
d8a7432aea0dbf49,5,test
d8ac5e8e27af9bc2,4,test
d8b08e239345c7e7,1,train
d8b2d06773af3d28,4,train
d8b50fee6d3fd95e,9,train
d8b59625ef37b5f0,3,val
d8b85614612de8fd,2,train
d8ba1ec3a593dd5d,9,train
d8bb8d14124af840,5,train
d8cbe53e927cddcd,5,train
d8cc3953370efd86,4,val
d8cf3873f5e1fc92,3,train
d8d225f43a174b87,3,test
d8d4781d29e28844,4,train
d8dd5ff6221444a6,8,train
d8df546ea829363c,2,val
d8eb01da9d353ac2,0,test
d8eb75e35b62ff4a,2,train
d8f4e966da7283c9,0,train
d8faf30c373dfc57,4,train
d8ffc64364bfd9b2,4,train
d9070d157ab9dfa1,7,val
d9075b85464baa27,1,train
d90942736fc8bfcd,8,train
d909828b860dcfb5,5,train
d912912e73f6244b,0,train
d9131e16fd2e3253,6,train
d91c4048081f145c,0,val
d92a2f8960435797,7,train
d92a73c77819a7b0,4,train
d92f946d7a0606be,7,train
d932f41b3514aa97,0,train
d93341d1e4848680,1,test
d934e5dbc9abb6a2,9,train
d93625929cfcdc32,3,val
d93c5219c116cce2,4,train
d947b35999e05d22,0,train
d94994fe61452a77,7,test
d94ca0b950b711c7,4,train
d951f13d9733d0f4,9,train
d957a8dfbc0d8b38,9,train
d95a28528fb057af,5,train
d95a69d1d97c90d7,1,test
d95cabff4c97fe72,2,train
d9724f6855d0f2bc,4,train
d979a1cfc48bd92f,9,train
d97a83c22f55d45c,5,train
d97a9018f38d6825,9,test
d98ae18316a23bd0,0,train
d98da0c0917d08a9,3,train
d995dc99524acf81,4,test
d99b806fc3e385ce,2,train
d99d89ac81c4862d,4,train
d9a0800302ddc6e0,0,train
d9a46fd02c05ced1,4,train
d9a6a4d4bea8c017,5,train
d9aa2feae35d604e,6,train
d9ada2792c8202e6,2,train
d9b2235df65312a9,1,train
d9b28d1283f2aec9,3,val
d9b5d05a4b395740,7,train
d9b8b5cf241595b4,3,train
d9c246cbd603df03,2,train
d9c2f72be500e5ae,7,train
d9c64f2a73b62ba4,8,test
d9cf3764e7a4fb49,9,train
d9cf551e71c97e45,9,train
d9d8661e30e360ab,4,val
d9db68e15d32c141,6,train
d9dc1397ee236de4,5,test
d9df5bf0928084b9,9,test
d9e7122b3c53945c,5,train
d9e838195d850841,0,test
d9eb98ae4b4efe79,6,train
d9edade983eb1ee0,6,train
d9f0f5f68dc6f183,0,test
d9f24e2269f8c631,2,val
d9fe9d159e365ae0,1,train
da04081c11b8eccc,6,test
da04f6acfc827dfd,1,test
da0caa80e80af0cb,2,val
da11a6ff5bd4d71e,5,train
da12d992d3a105da,2,train
da1396280091e870,1,train
da15a6bacd938b9a,9,train
da1ee7af7404d2ad,4,train
da2209727a905d8d,9,test
da31c7f263131d6d,9,train
da387bcbc7fb6b7a,3,train
da397e90b8752580,2,test
da3a277d36400fa1,0,test
da480f28123257cc,8,train
da4aaeade9bb75b4,4,train
da4b4c62fd64f14c,6,train
da536d637a31cfee,3,test
da56b1dd875e01ad,4,test
da58789bd0df3d06,6,train
da59e564b1d98d3d,8,test
da62daaf4bd9d4f9,9,test
da638451f3349475,4,test
da6a0d60de8c753f,3,val
da6a33a9b5b7383d,6,val
da6ac3c374b4cc9a,9,test
da6ca4d401217c1e,9,train
da6e13cabc88ff03,8,train
da6f18fa6300782c,1,test
da76400c2a83b0a1,1,train
da7d41b514f11c14,4,train
da82002d3fe0720a,0,train
da88514ab7da2ad5,6,test
da8aba864c3b2631,6,train
da8b5f1645a11783,7,train
da8ca467eff5653f,0,train
da90badc42a42cef,4,train
da9cc094e91af528,9,train
da9d4dd48276230c,6,train
da9d64b965b0a0a9,4,train
dab514d97d75ec87,2,test
dab5d26d87eab2df,2,val
dab8b7fbaae42b47,2,test
dabe17aa22d649e0,4,val
dabf2d55a572db5c,8,train
dac6427bb9b29c2e,4,train
dac91e548dab2885,9,test
dad29a8e9692794b,9,test
dad928d2920c1801,5,train
dade05bee57b1a12,1,train
dae059411ec8cde5,1,test
dae5d537fdbd4b81,0,train
dae9b6fea54fbc5b,8,test
dafe291965020c1f,0,test
db05b816dac72165,0,train
db140aee82bae481,4,test
db19457a89fbb368,7,test
db1a697769fe21e0,3,val
db2177a910113c25,6,train
db299fe35314411d,5,test
db2c75875a12fc07,7,train
db31582b00533217,2,train
db3168f74a911608,7,train
db4f245b2bf535df,4,test
db551a0505b8e9d2,4,test
db59da557cbb59d7,6,train
db59e6f45e776bdc,5,test
db59fd958f4b2a4d,4,train
db628ee0f44c9c7d,0,train
db6d2703cd30b97a,2,train
db802b2582cb256c,7,test
db94a3d294b11db4,1,train
db97f05e365c459b,3,train
db9ce72a6fca6675,9,train
db9de783b8803abe,4,train
dba1929bf5609e5d,5,train
dba5ddc86bbf6d44,1,test
dbaa656a8e9c78f4,0,test
dbafb115b07625a1,8,test
dbb2379415e4522f,0,test
dbb3e7d82b1ff32c,9,test
dbbaf5a4c75ea71a,1,train
dbbe91b052996731,2,train
dbc4f445366d86fd,5,train
dbcc20d964b63690,7,train
dbd0fda6c265e8bc,3,train
dbd261380cd12bb0,8,train
dbd2bff08673ed54,0,train
dbd957cf163aac0d,2,train
dbd9a9853e84b73f,6,train
dbdeeb8ee9eb85c6,8,train
dbe009990e16a4ba,9,test
dbe50102f9f7269c,0,test
dbec09f8060720a1,7,train
dbef1e75c0e00a6e,7,train
dc070d7933b6865b,9,test
dc0870fa27c5c848,5,train
dc0a1ac134bae1ae,5,train
dc0a9f85a0d254f8,9,test
dc0e44942b9fd664,8,train
dc1080fc5548cc4e,5,train
dc1fd674abc86e51,2,test
dc21b6842b09131a,2,train
dc25538ba8190ad4,8,train
dc2c3fd73a171ddb,2,train
dc30295212a19d5b,9,train
dc3602c24754a8f9,2,test
dc36a1c765cec73f,3,train
dc3b69b782f948fb,9,train
dc497903641b930e,0,train
dc4dad80c4bcc5ed,8,train
dc506503ca5e92b2,4,train
dc57d95763ba8f96,3,train
dc5e2b3abc12560f,8,train
dc5fd96fa886b40a,9,test
dc62fc85496e617d,6,train
dc72bb19932ff641,7,train
dc7c54b1c908ada0,0,test
dc89cefec1c4511b,9,test
dc8dc501d7235ef7,3,test
dc92cbb8c7b5567c,3,train
dc93137e5c8652e6,9,train
dca5f86af47e1904,0,train
dcaa9eccc6134c56,1,test
dcb49de152c947ab,1,test
dcb69725c09702ba,3,train
dcc4e60f58dcdb95,9,train
dcc5ae983807e1bb,8,train
dccdf068c081f67f,0,test
dcd4b64e984d72a8,6,train
dcd6a48d388613b2,4,test
dcdb09bedc088686,8,train
dcde2a818f83a6fa,9,train
dce439cf7ddd36ff,1,train
dce47239fe07ae77,7,train
dce5ea7f99d7cdca,2,val
dce62db2c542807e,7,train
dcebcd321d453297,0,train
dcece822e49d2598,1,train
dcefaf247d85103c,4,test
dcf310c3fc43eaaf,2,train
dcf88cdf1e166b72,6,val
dcffb769d98cfbe9,6,train
dd0812a0f285c648,2,train
dd08562ac7ef825f,1,test
dd0943f96be16af9,1,test
dd129978acbc745f,0,test
dd14243d6bebcbcc,9,test
dd17435539e5fbab,8,val
dd18756343468a9a,2,train
dd1bd0f83a398146,3,train
dd21a35046d88ba1,0,train
dd2215940dbb7a9b,4,val
dd2281babb258b75,6,test
dd22af0fbeeb6046,6,train
dd254f55bf7a3c00,8,train
dd27c270ca14a363,8,train
dd307cbdcf3e0bb3,2,train
dd374cf8686ff568,0,train
dd3a222657e27f7f,1,train
dd3b4b3179056698,9,train
dd3b82cfd87a10c9,8,train
dd3bfff49ee568b1,9,train
dd48b3affb986eb0,3,test
dd4933e671867cac,1,test
dd4bf624469e55b2,6,train
dd51e17b4826cb7a,6,train
dd54c4e046c6f972,4,train
dd5ad79b4e945b65,9,test
dd5c69fcbefacdd3,4,test
dd63325010abdf39,5,train
dd698abfac50b913,6,test
dd6cd0be476872d6,2,test
dd734f6fcc7919cc,3,train
dd78debf20d5b124,1,train
dd7e99713a56a9c4,9,test
dd801ffbd80ccf4b,2,train
dd97221a45621218,1,test
dda3ea551c1c61d8,5,train
dda8d86802597a3e,2,test
ddb0a78017a5414d,8,train
ddb697def1927f39,5,test
ddb92f48554c91f5,9,test
ddbd6ce385254578,7,train
ddcb3e828a85c708,9,train
ddcb54ad594dc8d3,0,train
ddcbc6b95d8d41f9,2,train
ddcf5b5372d649dd,5,train
ddd44cf1329b2ab6,8,test
ddde085385e5460e,6,train
dddf153b5530d5f2,1,train
dde1aa008d90e1ed,7,val
dde224177fee5ab1,7,train
dde5b4888a3eda29,4,train
dde747cfe4ec2660,4,test
de0240f2ddb379df,8,train
de09310a55028d59,1,train
de09eed4afb1909f,0,test
de10633535b28bcc,5,train
de152ee31b771c1f,0,train
de15335c23adbac7,4,train
de1879c8f4010c80,4,train
de1b341629e5f5e8,9,train
de1f84bb4fd6eb7f,4,train
de21c9b4a67e4ec0,7,test
de295aaec6373d4c,4,train
de2a35b0f9e73d53,9,test
de2ce8583174f0f6,1,train
de313b07b5369062,1,train
de315d597b397e8c,0,train
de3a4b3da5912a59,0,train
de3e15e451cca8b0,9,train
de3ff918bb93358b,2,test
de51d2d7616c23cb,3,train
de51d5bde1d5f40d,6,train
de5fb8caa2fea9c4,5,train
de5fcecf8c7b3841,6,train
de6518b48da58483,9,test
de663e68623c5336,6,train
de6c6ff1abfe473a,2,test
de6cc07baf8fd604,6,test
de6fb45d76d9631a,6,test
de738ff2a571bc4c,6,train
de7897d910f760f1,8,test
de7929f3aac2a353,2,val
de86e6379d20ca2a,4,train
de8fae26499b7fa3,7,train
de9664c1d15f9eb9,8,train
dea50d866e35bc98,3,train
dea79fb338a859ca,8,test
dea8d8d90ec676d6,6,val
deb311b9bd86c020,8,test
deb7ec73bb8759e3,9,train
debfe5a5457b6672,3,val
dec49bb8c00fd799,3,test
dec68ac75eb4b6c8,0,test
ded62b82a495778c,5,val
dedda0f99d55f2a2,6,train
dee01d1ce04bec18,3,train
dee73a728bcc7491,1,test
deeb30f06bc2d789,2,train
deec621801ed6100,5,train
def71760574db288,4,test
df0043fa030d6e6e,5,train
df02df1bf504c507,0,train
df1849c05e9e2a4d,9,train
df187355cdaa67ee,9,train
df1876cd031fb85a,6,train
df1b3214abf6e830,6,test
df1bc1f73dcadc42,6,test
df1dc4a0d7655577,5,train
df2c4ef86379b055,5,train
df2f44150dafa77a,7,test
df3108af7bf15f33,8,train
df32ec7b9f40601e,9,train
df331f1d53831020,6,train
df3f108446978c71,0,test
df4daff2def38b00,8,train
df4ea8cd865c6633,5,train
df52320bf245ae34,2,train
df584f83ded38b70,3,test
df62caea507587a1,8,train
df6d0b150a13c7b6,1,train
df73066ea4756236,5,train
df74bf7571df03ff,5,test
df777119e648fe2c,6,train
df867b093745aedb,7,val
df8922418b68194d,1,test
df8d1cc0914eeb20,0,test
df8f85da35fbb79e,5,train
df958d7340ee3514,7,train
dfa4fc3e1ec2f2c5,0,train
dfa6ba1ade2785b0,0,train
dfa70a74b1aa6b0a,7,train
dfafc7b92081a6a5,5,train
dfbb66ede47b3f5a,8,train
dfbcb019977d1089,6,train
dfbed40b01108d9a,1,test
dfc221cf1ffc9069,4,train
dfc8056110005386,2,test
dfca4e1b4a7e08ed,1,test
dfd04b80b7e81345,5,train
dfd28f3ed668ae2b,5,train
dfd80105714a035e,4,val
dfd87d0978e578c4,1,train
dfddfb6239779a38,7,train
dfeca334e680ed0e,1,test
dfef332d6a2da2d1,7,test
dff1c424b2e5fabe,1,train
dffad8f0622ccb93,0,train
e00a7b14c398926c,6,train
e00adf8e9fb4fb45,7,train
e016c2fb041c10d1,3,train
e01b890b18d23041,0,train
e01c8f675471f30b,8,test
e01d3bceb54391a9,6,train
e01db27afd67ae9e,4,test
e022523e9c0135c6,0,train
e02429f21f4a3a5d,5,train
e02506be84f361af,4,train
e02a979dbc086075,6,train
e03541d5b7d66780,2,train
e0385fe0fc5f55c9,3,val
e03a536574bc8a5a,2,test
e03f6d5a7cdca4fd,3,train
e0406b75a13bd212,9,test
e04110ce2cc350ed,1,test
e04675622aa7ee3d,1,train
e05102a3e8d5f3d4,7,test
e0512709e77dc24a,8,train
e054bf1b016a4021,3,train
e05d337c65e7d5f4,2,test
e063daba37d6dbb1,8,train
e06813d0be4e7472,3,val
e06ea90dde38f589,2,val
e077e328c8710818,7,train
e07a716274caf377,4,train
e07d2cd0e51f0cf3,5,train
e07e28a1379ea277,9,train
e085e2e154748961,5,train
e088dc6cc31ba28b,7,test
e08e94965c502caa,0,train
e090d65b7dcfd79c,4,train
e091e4c2d5584103,8,test
e0937618b93a7791,1,train
e09978d9be8bb210,3,train
e0a07cf489ebcedd,8,train
e0a39863e3c52da9,8,train
e0ac1df720f6ec44,9,train
e0b32a7c1b7cc76d,3,train
e0b5d19c4fc5fd4e,8,train
e0bbd302748e17eb,2,test
e0ce46fe32eec579,1,train
e0d3b0f0cb538297,1,train
e0da15906c5344d0,3,test
e0e2a1aad7313c64,5,train
e0f4250156314d0a,2,train
e0f55c8ef7a33e7d,2,train
e0f92150bcad42af,7,train
e0fc9ddf7e0393b5,6,train
e0ffbdc84982010c,4,test
e103bc613fa0a005,3,train
e10c1774534e2595,6,val
e10d166f956dc55f,9,test
e114b197eaf2a773,7,test
e11548e9295c62ae,2,train
e11b1270fc343651,9,val
e11c1ed8da336f63,4,train
e121878c6954f80a,6,train
e1223238478feb9e,4,train
e124a0e56c97b0a2,5,train
e12c6e6cb552c508,5,test
e12ca808df3a6303,7,train
e12d03439b02bab8,0,train
e131446cbff594a3,9,train
e13a3b64da520a6b,7,train
e13e51bea210aa80,5,train
e1481f0eb65f4219,6,train
e1496494fbc5e39e,2,train
e153151bd9238640,9,train
e15f9cfe7236df32,2,train
e16cfb01ce1e89fa,4,train
e171f7a580a5ea4a,8,train
e174587eebb1b43f,8,train
e176a43d65970c1c,2,train
e17885422930b971,2,train
e17d45dfd96eef80,9,test
e18334a0e24fad81,1,test
e18396849c62e17f,9,val
e184f646f34685d9,1,train
e186b28124bef004,7,train
e18831ee4018d9bf,3,train
e18ce38c54f6ea41,2,train
e1a2ea4bc43f6494,6,train
e1a3de7d2b637030,1,train
e1aebeb976639d19,4,train
e1aee2f766070150,8,test
e1afb55c71e5c9b4,2,val
e1b75f5e69341d91,9,test
e1c97367899e14c1,5,train
e1ca36c696d02363,6,train
e1e45b615b835716,8,test
e1e5c0287df2eaae,9,train
e1eae0094b79d838,5,test
e1ebd4e7ee0fed8d,0,train
e1efd7955394c42c,7,train
e1f053e14bdb221a,8,train
e1f1f283aa6c6dbc,1,test
e1f646d999b08187,5,test
e1f9a12314d9e80c,3,train
e200c07defe2ed36,4,train
e2024c461f74828d,3,test
e2031bd6c751daf4,3,test
e204f5e5ebf782d0,1,test
e2093f9a2c28dcf5,7,test
e20e70c38a93b36c,8,train
e2179a0a7c78edac,1,train
e21bfd839f2fdd93,8,test
e21e61c99a48eb97,2,test
e227e531dba465f7,5,test
e233b103c08850ce,6,train
e239177d99cb7c33,0,test
e24e1aca07b25805,6,test
e257e3122d89ac37,8,test
e2592d2bb8149af9,0,val
e259e0527cbce4a1,9,train
e25b08eb4dd9a663,4,train
e26267b929c74fc6,8,test
e2705ab8be16373e,2,train
e271c9a0f6f42a27,3,test
e279cffae1b93af9,9,test
e280c58c059a076e,7,train
e2820c3c2a2880f3,3,train
e2a0cd41f53cb079,3,train
e2abd4b8def60e7e,8,train
e2b2c01eec3871d6,7,train
e2b49ad93a95f77e,0,train
e2b60603b1cacd8d,2,train
e2b7e00e58becce5,4,test
e2b8d0c59fc651b2,3,train
e2c170e7ad846a52,9,test
e2c54915f52ee6d9,0,train
e2cceaf1a99ec86d,0,train
e2cde88309ca852f,8,train
e2ceac82db32243a,0,test
e2cf643052369502,0,train
e2dcd9fcdf5ffdc8,5,test
e2ed818a9ad9b978,4,val
e2f65813bba60001,2,test
e2fac59082ebf5e4,9,train
e300d4c324c8ee32,5,train
e304eb263456b30f,1,train
e306dfe5b6a499c8,6,train
e3082c5a782850e4,0,test
e30e6a42e7cfc116,2,train
e30fa228e8fd5927,0,test
e313bfb776f0f9dd,0,train
e314140ca17f3b5a,8,train
e3154fa4e719d2c0,9,test
e321ff14e0f88fdd,5,train
e32403b7b95bdb48,6,test
e325197410692804,4,train
e325644abe7a9712,8,train
e3278030e7378511,2,train
e32fced26a86f35b,5,val
e335daa7cc972832,0,test
e3384fd472b315d6,7,train
e33aa2cd06dd99f0,2,train
e33c8e8aaa9f4dfe,6,train
e34aecffb1cde920,2,train
e3527b6bc5044ede,6,train
e35486e41b0e0300,6,test
e354fad8bd861f6e,9,test
e358d4afc7286985,3,train
e35b7dedbf4ab8ab,9,train
e3651be2d451a4e8,5,train
e3654fe245fb310d,6,test
e365bafcaa07bdca,2,test
e3671f53afecfc74,1,train
e37ccd232ba225c5,2,train
e37fe9d76479da50,8,train
e3804b8dfef7a4cb,1,train
e383611f541982d5,5,train
e387de0db6f7dc8f,1,train
e3987204ef59d783,5,train
e39996569c043faf,0,test
e399af0f4a828fe7,6,test
e3a2f431a6f464e6,9,train
e3ab165e735ee0c1,3,train
e3adf348a7593b01,0,train
e3ae63ee013b0b0a,7,test
e3b0daddeb93468f,4,test
e3b2b2e9e451a7b9,7,test
e3b3fe50f84ce8bb,6,test
e3b52fe1d36703a3,2,test
e3b7c6f9bfad7b43,2,train
e3b8ab40aff332c2,8,val
e3bb71dac8174678,8,test
e3c07c030b5a25fc,2,train
e3c8d6f5908a88db,8,test
e3d49f0b2e7bf26b,0,test
e3d9332b096401e2,1,test
e3dc92742868dfa1,6,train
e3dd76566553128d,3,train
e3df577a97908d94,4,train
e3e2113fd57c3f01,6,train
e3e61d355979e7fc,0,train
e3ee07266a000a1d,7,train
e3ef06d4f33055c7,3,train
e3f4c56b94bb959a,3,train
e3f85a8e8d57dd00,7,train
e3f92495f890decb,2,test
e3f99a26161d130c,4,val
e3ffe7663d928a49,7,test
e4080cce05cc3488,0,test
e408e033cfeb2f0f,4,test
e4092e02e8521af2,8,train
e40ca20b99f6e9b1,7,val
e40cf58b1a3450e2,8,test
e410b533809bfc03,5,train
e414d83e085cef5a,4,test
e419eee156893249,6,val
e4205d0c7788e531,4,train
e42106b26e5bcf88,2,train
e421250509e53499,7,val
e4278dc616afc155,5,train
e4287a7d5b4af226,9,train
e42978c316ebb79b,0,test
e42e53fd4aeacc71,6,train
e42efa18f8a19804,8,train
e434f227194c54fd,0,train
e43732e70e8585d2,1,train
e445e21205009509,2,train
e446be4033bdfea5,3,test
e449b8bc90821a43,8,train
e44a39371c0dd287,2,train
e451c4370b8bfcc2,3,train
e4541592ca0ab82f,9,train
e45a4156f219ddf5,0,test
e4638003ad279ec7,0,train
e463d1cf4d0cb6b5,6,test
e46533c8714cc9da,0,train
e466c753fbd6cf69,6,test
e46be9e2a7e6753b,4,val
e46c10fe789b6b7f,6,train
e47ddb7821528f47,6,train
e483d445ca6e2be0,6,val
e484ececd498b64a,6,train
e49525af530a6c66,5,train
e49a8a6a3d2b602b,5,train
e49e6a71ba91cb81,2,train
e4a1ce12c50ebc48,3,train
e4a28681c0d0fd34,1,test
e4a59774693ad1f6,9,train
e4b42096ae5f9a9d,3,val
e4b52283ceb818cf,0,train
e4b6443d4dc7a0c5,6,train
e4bcda85d5c2a937,4,test
e4c113e18ab9d633,5,train
e4d3a2aebcbd763d,7,train
e4d9f411f3b07de4,7,train
e4dc2ae6482e944e,1,train
e4e0bf88a737e02f,9,train
e4e221210df32fd2,3,train
e4e2215af7cbc12a,3,test
e4e84f44e1a465d9,6,train
e4e8bdc42ab05619,6,test
e4f63f72bd1038d6,9,train
e4f83e301e0b1d6c,9,val
e508724a45128253,9,train
e51b7e22153dbf09,8,val
e520ab0072c5a2ba,5,train
e5251beb679621c0,4,train
e526db1cb4ce1bee,7,train
e5282e5d2c55ad70,1,val
e540cdf35d9f22d7,3,val
e544d0bf5819c196,1,train
e54782d769d05bc8,2,train
e5479ecef57f31bb,4,train
e54933696244ac9b,4,train
e55184453f658dc2,2,train
e554a051f43bb367,4,train
e55ad943a10f95df,8,train
e55e08e6dd4a730c,3,train
e56a8f05ff87394d,8,train
e57c232ac16bad53,4,test
e580ca2ed0e7ce23,7,val
e580e8ad488d168c,3,train
e584ed9e7c093894,9,train
e588edfc6da4c637,4,train
e58a6eb5211bbca3,6,test
e58cc57faf43bea3,9,test
e58d37f196894385,9,train
e591389b2816e201,2,test
e5a0c116e7731d52,1,test
e5a158b7eeb9354c,2,train
e5a2ea775b342e1f,2,train
e5a5da05be2b34a9,8,test
e5a8969b460aee1c,7,train
e5ab92f9edb44101,4,train
e5b4455329171865,1,train
e5cb9d3e169c9b8c,9,train
e5cbc42d34ba5804,7,test
e5cd9249609fa730,8,train
e5d1d09fcd4c75f3,3,train
e5d62ab3aa20497c,4,train
e5dc080edf5ca17c,1,train
e5e02d018ac49053,5,train
e5e0ebb26b288b52,3,train
e5e6bb8ad14e2ae0,4,test
e5e783160556f39d,6,train
e5f8b8fb5ed18b44,2,test
e6059e4f6c53ca2a,0,train
e608249f48267a01,6,test
e60a2cdaa63c0f25,6,train
e60ca4acfd0e37f3,1,test
e60cf57c30762b9b,4,test
e6286e5a98b3f278,8,test
e6297dcfb576b32a,1,test
e62a6f49e57548d2,5,val
e62d4e3ceb6dae49,9,train
e6311f2c39596e38,5,val
e6369e43651dc4fb,8,test
e638594fdc578988,2,train
e6391c765d3b9fea,8,test
e639ece88217ee2d,7,train
e63c588ac78c083e,1,train
e640686b1359818e,9,train
e6435180834b0cf0,0,train
e6503c83ef5a810e,1,train
e65390f3f994ceeb,4,test
e65d5c636a3b86fb,2,train
e6607b3c5ee00f9f,6,test
e666bf7aa29cab4f,2,train
e66f03576f2b99f5,3,train
e6704ac64ff71450,5,train
e670692324a26e1d,8,train
e67258e0aaa5f83f,4,train
e676f25ad0fc69e7,2,test
e67f18f2a717f9e5,5,test
e682c5a80494fcfc,4,train
e683a5ea8bbf0f99,7,test
e6887ea20d1dbbb1,2,train
e694d87bde4fe06c,5,train
e69cc538490b2acb,5,train
e69fbe69e56afe3b,6,train
e6aa9e157feeb11f,5,train
e6ba46d059e3504b,5,train
e6c9d21aeeda4465,4,train
e6d0736ecf2a0413,2,train
e6d205867a005ee3,3,test
e6d4977407beb622,3,test
e6e385cbaaa28665,0,train
e6e3f6a666a8d309,6,test
e6e513aa8312ba07,8,train
e6e54c80271110ed,2,train
e6eb10eff8fa5900,7,train
e6f050c64b3aa168,6,train
e707f86026a655a4,0,train
e70aa988045c819b,2,train
e7125c438d2ae084,6,train
e7172326dce39361,8,train
e729a5f6f7b2defc,8,test
e738b0c592050aab,8,train
e738c2f3ce9740a4,4,train
e73af36202d19b75,4,train
e740247d59fa00b3,6,train
e74bcbd7a303f1b2,2,train
e74c3fb9cf344c1c,4,train
e751fde141ac6533,3,train
e7562e0789f07c1c,8,train
e7573b96113f3e9d,8,train
e757dbe33e0e1fe6,2,test
e75c6cbb6cf2f506,2,train
e75d4885714afd25,2,train
e75f0a42f488d782,8,train
e76bd45b44cb3e25,2,test
e773ae578b6942d6,1,test
e776a601a1bdc98d,2,train
e77b6ed56fe6e401,3,test
e77c774905532b8d,8,train
e7807c42e195c81c,6,train
e78158adc9ce76af,9,test
e7898970aa15d3ef,8,train
e78a935ec26c8561,6,train
e7a21b558003a9c1,8,train
e7a33f266c78d71e,8,train
e7a46fb38cf964d7,4,test
e7a6be227f97f2f3,5,test
e7a74afb1d3fb0ce,5,test
e7abdd8453ed05a0,4,train
e7aff97fb4fcc8e2,8,train
e7b22387bcb19888,1,train
e7b2507f45ec800b,4,test
e7b2c3f6e272853a,8,val
e7ba550501118b9b,3,test
e7bc8737f55e0d7c,0,train
e7c0f1b4cf4fa712,2,train
e7c678e1dce6036e,1,train
e7c8eb479539138b,3,train
e7cb4f147ed10261,7,val
e7cf1e145e22c604,4,train
e7d62e1a754728aa,0,train
e7dbaab6fe1fee6a,2,train
e7ef92d6b6d4a0f7,4,train
e7f01a000a390e46,5,train
e7f649f8a6bb42d6,0,train
e808c5797d21d6ea,4,train
e809f6b480ef97ff,5,train
e80d4acf03514772,6,train
e81325c715af145c,9,train
e81b94500cdd4317,4,train
e825b34aa28563e6,2,train
e82d987ba06e8747,9,test
e82e581383b931d8,4,train
e8315b5ecd55c68d,3,train
e83508acf1c420ec,7,test
e84add433d25e732,6,train
e84dee8ff2ab4bd0,9,train
e8547bfbc314c801,1,test
e85ef06fc2b75552,9,train
e864e35a731f026d,7,train
e86718b83f365074,0,train
e86dfa3b5c05bc23,4,train
e87516f38b732041,4,train
e876c66db167c4b6,3,train
e879ad56561e5d96,4,test
e87dd6690dfc3a14,6,test
e88081a0b86f7398,2,train
e8828f4d36750792,9,test
e887cd5862b4220f,6,train
e88c35a9372210ac,6,train
e88c5bab535bbccd,5,test
e88cb80d4095f95e,5,val
e89900b23a66aa97,6,train
e89bc4f199aa32d7,5,train
e8a1ed07dc12ce49,4,train
e8a21bac75c7686e,1,val
e8a9c0f186e8ec8c,1,train
e8bb030fbf68cb76,1,train
e8bce2a8b543c429,0,train
e8caea96efccbe32,8,test
e8ccf3ad39ae069e,7,train
e8cd8334fa398559,7,train
e8d14b57756a07fc,9,val
e8d1c668e8d6e726,8,train
e8d295beed794b48,2,test
e8de41552c94cee9,6,test
e8de76b44b17ed76,8,train
e8df325080d8b8d7,8,train
e8e07d1a1db63462,9,train
e8e1c7067e0bd8e0,0,train
e8ed2926640f356b,0,train
e8fce03c3c37ea11,3,val
e90627f2ce37534d,8,train
e9080c6319f09376,7,test
e915548983fe206f,1,train
e91941786471fd15,5,test
e92245ae22e6dd32,5,test
e922db50f3760712,3,test
e923a5a88891300e,9,train
e92680a2001d74fd,0,train
e92783249f8c5f82,3,test
e928dd9933476e35,4,test
e92f4aa0ccdb6e07,5,train
e92fe55593be036d,4,train
e93a5cb12129c70a,6,val
e944943765b27fb2,5,val
e945235545a408e4,3,test
e947ad849ebc9b81,7,test
e9486a63a9e56402,0,train
e94dd8d48554b0df,8,train
e95833116266b71f,6,test
e95eeea2fbf7511e,4,train
e962ba6b58a894de,1,test
e9655c17000f6dcc,7,test
e96af69b2543b107,8,train
e96cdae93077314e,6,train
e976fbe799999c56,3,train
e97c98866c27ddcc,2,train
e97d6ab920f2b0c8,9,train
e980a9fdd0d36977,9,train
e984a49308caef09,0,test
e9889c55b6c2a631,7,test
e98b6cfa16b6897c,9,val
e98df967eb53489e,9,test
e9926529770f8d47,8,test
e99cb9724d90b75a,2,train
e99db9f9aaafa96c,7,test
e99fe1f4d953720b,6,train
e9a6df5fd4603f38,9,train
e9aac0330ee544dc,6,test
e9ab06c8f5e82db7,1,train
e9c72cca8eb1b43d,6,train
e9cf0e82708fe305,5,train
e9d568c772b7cafa,9,test
e9db3def3d82c2b5,3,train
e9db8639c6f09907,9,test
e9de000549712b58,3,test
e9e9ea5738fb96ab,1,test
e9eefeb19cb4ce02,1,test
e9f648d0c5e994d2,8,test
e9fa216a50855174,0,train
ea0e81d20d36644d,0,val
ea11631b947c83e2,6,train
ea13933f5e66bbd0,8,train
ea13a0ac59eec9f7,4,test
ea13bc0d19013ede,7,val
ea19cc16bcb2f33d,8,train
ea22e4f120b2e790,6,train
ea2987dcfc0f575a,8,train
ea2a244274994837,9,test
ea37eec1d0b76688,6,train
ea38c647cb02f4f3,9,test
ea3e8f34d627706e,8,train
ea43354dd337262e,9,train
ea4498b79ee4a06d,2,test
ea49b7cb06c05924,4,train
ea4d646c3aa43227,5,test
ea4f74f04804228c,0,train
ea504e121b094cbe,3,test
ea52931f72da8e5c,3,test
ea53a7a919f46799,6,test
ea53f1bdbdc2d22b,5,train
ea5453d7d83167c7,2,train
ea5c0662b706ceaf,7,train
ea6ac94d97a165d7,5,test
ea6f39304bb6fa21,0,train
ea715f545f5ff46f,0,test
ea73373f9f62f4e3,5,val
ea7875adadc1256e,0,test
ea79209d63580fb0,0,test
ea79777fc4671574,5,train
ea79c1ea4249e9d8,4,train
ea7c8aafe810b015,4,train
ea8ca177b23eea20,3,val
ea8dcbb71b3b5f38,2,test
ea8e3e222308642e,8,test
ea8faa545d116029,4,train
ea8ffa4340ced5dc,9,test
ea928de611eb15f6,9,train
ea9671988005a09c,9,train
ea971cbdba221e66,9,val
eaa0645017ab92bf,8,test
eaa774f8b97d2774,9,train
eaab1b368dd6add1,9,train
eaac476f2fb38dd7,4,train
eaae830dbce6a35b,9,train
eab219268da2badc,0,train
eab58ae5741f1ad5,9,val
eabab8ad10009c79,9,test
eabbd68b95f3cb9a,7,val
eabc875b2d5afa63,6,train
eac4d657e0f3464a,9,test
eac562c0ee28fdce,7,val
eacad164e1e0ec34,9,train
ead1a50870b12d13,2,train
ead58ae4b3a27d7a,8,test
ead6e53eeb93e293,6,train
eadced83389f703e,4,val
eaddbebcf42cbb54,8,test
eae7bd39154d8f65,3,train
eae8c7feb08b6566,5,val
eaea6af944e44c16,4,train
eaeacfcefa3daea9,1,train
eaeece2021308933,0,train
eafa6737f4f8e634,4,train
eb00d5d65c12f67f,9,train
eb015a847ce9b662,9,train
eb0b38dbe698f002,5,test
eb0be340b688b553,7,train
eb0ceb6bb11106ef,8,train
eb0f3d42d288cbd9,5,val
eb137735f2357717,2,train
eb1a222072ecd3e2,2,test
eb1e07dd1c14809b,8,train
eb1e57b3f79302c6,8,test
eb1e5865b50077db,6,train
eb2ebccdc2e8b75d,8,train
eb30b3eb73b24701,8,train
eb3309f9e794dc4f,9,test
eb3d8232db3521f7,4,train
eb3fe2b4bfa03a33,8,train
eb405d7351c77456,4,test
eb43f17be3939c8b,4,test
eb468ae37f9f5539,0,test
eb4716fb2cb6f5de,1,train
eb544757bb0ba9f1,5,train
eb55dee506e3eed4,5,test
eb58bcb65660b73e,0,train
eb69795c85e05a89,3,train
eb6ec0f84e0af20e,8,test
eb7720cdad3748d7,3,train
eb7a7983285c266b,1,train
eb7cfb5f91b9a028,2,train
eb878b3f1077efdc,4,test
eb87a1c9f111181b,5,train
eb8ad29cec27ac2c,6,val
eb8ffb829fa791dd,5,test
eb95e854a75229f9,0,test
eb96a7bdc8416de1,7,train
eb97c83598566a8f,2,test
eb9e5b17b64c4bd7,2,train
ebb9ea0a0734f4b6,7,train
ebc50f2e4c661822,7,train
ebcab186df7432e3,2,train
ebcbd7125383b7b5,3,train
ebd2f33f2814a126,6,val
ebd54058dc6c845d,8,train
ebd657e2cf9bd09a,1,test
ebd85d55ec7273bb,3,test
ebdaed23898484e9,0,train
ebdbbfdaa0b06038,2,test
ebde88ebf2c85c45,4,train
ebebeb2413cbf025,7,train
ebeef9cf50475be3,3,train
ebf2822b225fd073,9,train
ec01cf4c9062c0f4,3,train
ec0dc17ece47e033,3,train
ec0ee84db7d0e8c0,6,train
ec1be86b9fb0dfe6,3,train
ec24dfe8bd9b662b,4,train
ec2be91604aec994,9,train
ec2efba7fc39e80d,4,train
ec3942ba652d2622,6,test
ec3bbe1420c8edce,1,train
ec3be13ff7ae6154,9,train
ec3d9d117566904a,3,test
ec431f0239946585,9,train
ec43eeedbbca0dcd,8,train
ec49f84456054cd4,6,train
ec4cab6aac995d5a,8,train
ec4d40fcb999d131,8,train
ec503bcaad576e6c,4,train
ec5359c177b2a236,2,train
ec5685768482d6c2,0,test
ec56bb8cc5295572,4,train
ec58ae04e38e7290,9,train
ec59a972e5bb3e25,9,train
ec6481ff74531517,9,test
ec7073dc983d8f9c,7,val
ec7fff276f25de7e,7,train
ec8e36661f1fda73,3,train
ec9654a42da2656c,1,test
ec984d7ca782da52,4,test
eca5ebc004899cd6,0,test
ecb1672134a57769,4,train
ecb19803227cc26c,6,train
ecb55bf63c15b546,6,train
ecb86505c00bfb0c,9,test
ecb8c0e3cb7b1454,9,train
ecb97cfd49561622,2,train
ecbd9d5387509213,1,train
ecc47d1d01ca2fd9,5,train
ecda0fc6c23e1e1c,6,train
ecdc03271bfbb012,2,test
ecdeac9811dab3eb,6,train
ece99da8d73b30c1,2,train
eceab6b83bd8a916,5,train
ececb68fab171372,2,test
ecf01be32d884058,7,test
ed037768290f5d33,3,train
ed0c982b1d5069c8,3,train
ed0e6db3a7650455,9,test
ed1312225f945890,3,test
ed1400b975550401,5,train
ed151c61f2c471ba,6,train
ed1ea4d15c8c1b7a,0,train
ed1f18b89b0b8a7a,0,test
ed21dd6d1d360c2a,9,train
ed2e7d4386c256cd,2,train
ed31a8979856d12b,0,train
ed37d1c4704ddf78,1,val
ed3a3333c5f6ea99,9,train
ed3ba99552be1c1c,7,test
ed3caf6355741016,9,train
ed3ff72cac46e52e,3,train
ed40489a6118d0ab,9,train
ed42e4f3dfa9ac4b,3,val
ed4490489665fbb1,9,train
ed4bf8b0f2a9433e,4,train
ed4ca3e2c5d27b72,1,val
ed4e27c99ae9c477,0,train
ed4ef9e09572c520,5,train
ed4f89f4e1fcf32c,2,train
ed5730cd8cebdbfb,8,test
ed5c8005bed68449,5,test
ed5d8cc507c5fc62,3,test
ed61ab9aefa3dfbf,9,train
ed6934a6e7ff367f,9,train
ed6e43d116e436ef,9,train
ed701198b6489b02,9,test
ed7419b5a6e36244,8,test
ed7ce18adbf5058c,4,test
ed8119cadc9701d6,7,train
ed8121d4d9784b26,6,test
ed8394a69a2e15e4,9,test
ed8ca1eae6bd5565,4,train
ed949a47e1fecc3f,1,train
ed960a69cc3f5621,7,train
ed97156189300129,6,test
ed9768329815a5e0,1,test
eda03b9e21a794af,4,train
eda1971e4257416b,7,test
eda516b7bede2921,8,train
eda6952e851e6bca,1,test
eda8c5f96213379e,8,train
edab62572919cfd5,9,train
edb1091215e260c0,8,test
edb14d3171c3b4f6,9,train
edb1807598f90708,0,train
edb2d58c81745f8d,3,test
edb9073732568b8f,7,train
edb9297def5d8310,3,test
edbd8c3096fb91e4,5,train
edbdabfcea9ccebf,9,test
edd21037685b12ec,7,train
edd488a5cefc1034,9,test
edd759657142b6fd,1,test
edda1fbb61455dbe,6,test
edda4f5e04ad0d25,6,train
eddd3aca0aa0dd2b,9,train
edde3a1fbb24f736,1,train
ede11bf5d9ac3125,3,train
ede85a330c6ba3c1,6,val
edec717d87fa5bf1,3,test
edeee65014b402e2,0,test
edf07f73b454349d,9,train
edf6e4cddf499288,7,train
edfebe96ad79e430,0,train
edfede6b95057d3c,9,test
edffc1942aa74cf8,6,test
ee149c4abe7c9321,7,test
ee24c24abf55637d,2,test
ee2a2936c4488e4b,1,train
ee2b5d2df7b495d7,7,train
ee2d39891ff61954,0,train
ee2d42648287295e,2,train
ee318d8f431a2c1e,3,test
ee343417ed7b5cc5,5,test
ee3ccf2cb36b728f,9,train
ee461de988592044,6,test
ee47a0cdb344ef4d,4,train
ee53f06a6df7c0ea,0,train
ee5c2297711e9b20,6,train
ee5f23aeb66e8382,6,train
ee61d95358939b93,9,train
ee670a8793d561ab,6,train
ee7c83e025947780,0,train
ee803891f71afed0,9,train
ee8573cdb388756a,1,val
ee87331bca175a0e,1,test
ee913a2e2085e350,6,train
eea018bb82a86eff,1,train
eeaf71e9e64a2985,4,test
eebeb4b799987eee,4,train
eec5ddd0c0c218fe,2,test
eecbfd72d5453005,4,test
eecdd7350be12336,9,test
eecfe3d2e1f773a7,4,test
eed0c08ea3ad5baf,5,train
eed126f65ae7b205,7,train
eed569a73d9063a6,5,test
eed6c02cd9ca618c,1,test
eede4c22c8675279,8,train
eedeb9791249df61,4,test
eee091b27efaedc8,7,train
eee147d981cde243,4,test
eee4bdcd23c34635,0,val
eee4ef3eb0a42097,4,train
eee8c263198d5cdc,6,test
eee9408e7b44cb95,0,test
eeecc68d507eafc2,3,train
eeef6dd12335d372,3,test
ef020ced7bf118ea,3,train
ef05a0c3e717d762,1,train
ef0c3643a7320121,4,test
ef0f7a3154ae0fb8,5,test
ef1268866ca04e85,0,train
ef1277682fe21a40,8,train
ef152160946caab0,3,train
ef17d045c250a283,9,test
ef23bbf08c2d32a4,5,test
ef28781fcc31ea03,7,train
ef2a6ba621b8f714,8,test
ef3152f8ff968955,4,train
ef32b707ab6134e2,4,train
ef37bcfcdc155d25,5,train
ef395d66f02d4a7c,5,train
ef3e022142806e9f,1,val
ef3eeecd9c5abd9a,2,train
ef42a78e6a7abe4b,6,train
ef42fc462d2f84f7,2,train
ef476355ac06bf66,0,train
ef48096e970b2177,6,train
ef49e55964094bb1,8,train
ef4a4678f8796e6d,0,train
ef4a7b668ff97e84,2,train
ef4da30fa12bf9ae,4,train
ef55ab29460f6f1b,7,train
ef5613692a9b1340,7,test
ef5c60e6c49d91dd,6,train
ef62a00c0a72e2e6,3,train
ef639639d69a8c7f,2,test
ef71788ba68a9b35,2,test
ef7d53843440339e,7,test
ef81eb39fc8722af,2,train
ef8970ff4d265788,9,train
ef8d4207b8ed935d,4,train
ef92a128e9386c8d,2,train
ef97dcc6e19f7605,6,val
ef9b2746bbf8aac8,8,train
ef9fc5d0a707a2d9,1,train
efa44a08a83a16ec,4,train
efa7ab0e15ffd26e,6,train
efb3a090bf1792f6,0,test
efb3ee4e0f2fc994,6,val
efc272dc7c516330,5,train
efc6e888bf34a76b,9,train
efc993a0f20972f2,2,train
efc9a99c87f670ea,4,train
efcfa0e202cd6bb5,4,train
efd8a5d945bf6a60,1,train
efdb386638cbb355,5,train
eff38f8977a16985,7,train
eff5f88f545f253b,2,test
efff2712f00d4959,9,train
f001b1753bc57969,4,train
f00297389ee595c5,5,test
f004340fd7365028,7,test
f005cb4f4fe3fef5,0,train
f0060aa4523a9cc3,8,train
f00a5066be5f4174,0,val
f00a759c8998ae09,4,train
f011af8840f9ec6d,3,train
f016468894a6b7ab,0,train
f0243ceec372cd51,6,train
f027d7b785aa3681,7,test
f02ae2726a50b6e6,2,train
f0422dd9dae566dd,3,test
f0459d3df4a20b0f,7,train
f046edb94b10b4f3,7,train
f04d96fb032dbe47,8,train
f053592aed773fb3,9,test
f057a4084b80114f,7,train
f05b3b4fd4129dbf,0,train
f05ba7091d33f9be,9,train
f065d6b683b83354,1,train
f06bc658da3f8b00,0,test
f06bc8b9db384af0,5,test
f073b1cc31a7661e,0,train
f0759a94deecf2b2,9,train
f0770dcfa0f1f82a,9,train
f07bd83ec6f9741d,7,test
f07cd3c7526d8150,8,test
f080d85c902701f8,7,train
f0824f5606fc157b,7,train
f082f67e9e13d486,2,train
f0914c8204c81489,0,val
f09ec7fb17f07909,3,train
f09f1ce7a96b0892,2,train
f09f44abf62b5c35,7,train
f0a176dcfc2b5eaa,9,train
f0a3b6575b2760df,4,train
f0a52381d764099a,3,train
f0a5c94b60dfd1ff,3,train
f0b553edb9323a7e,4,test
f0bc5961ea8e1187,5,train
f0bc5d720849703f,8,train
f0c847c9e9855559,2,train
f0d044fa1b501108,4,test
f0e9ed5ebbe0b101,8,train
f0f988c3d8e9d789,9,val
f0fac30cdd071653,9,test
f102c94ac0564540,7,train
f104c3921cef6798,7,test
f1074c531806697b,3,train
f10cddb5dc595698,9,train
f11670ec730302ef,9,test
f11da79982dc5f59,6,train
f11fa807519d0981,0,train
f1225a241889a36f,5,test
f1258a1b59c724ee,8,train
f12a4822e201444a,0,train
f131ca81f626995e,7,train
f132f290ecbce7b5,1,train
f13f464cb1fd3aa1,0,train
f146fe317405b97e,9,test
f14fca2c2d66239f,6,test
f1513c4f74c0ef48,1,train
f152f301e4dcd88c,1,train
f154389a6bb22832,0,test
f155565620023440,9,test
f15d2ed762fdd12f,2,train
f160363cc956b25f,4,train
f161ec8b87406488,5,train
f16f06ca7bf19da5,9,val
f16fe1f1caff5a01,6,test
f171c49d05c88659,3,test
f172a04495f8036d,9,test
f173f494253860e6,8,train
f18176fedfde5d80,3,train
f182c66f473b351e,6,test
f18c82e61da7eba3,3,train
f18e81e3fd1f33fa,4,test
f19cb0f7ad5ac9ca,5,train
f1a00decc9e97b72,1,val
f1a1ce78a1073c96,0,test
f1a4469d4a04b969,3,test
f1a88a0a3c5f526c,3,test
f1ac6692a4cf34dd,6,train
f1b086942cb951f0,9,val
f1b2e1e92d93b065,3,train
f1b5e318ed48e5fd,7,test
f1c430312d298dfb,9,test
f1c61c856a116ac9,1,train
f1cb2104e75619cd,4,train
f1cd67747b2291bd,0,train
f1ce1392784bd24a,8,train
f1d0524bec9f91de,6,train
f1d839824fc50caa,0,val
f1e1f65bdf554e80,6,val
f1e631f3c0faf4d8,7,test
f1edb4463afe982b,9,test
f1ef1a0e329f2684,8,train
f1ef63062bc9b832,2,test
f1f63264c379c55d,3,train
f1f69e0053d13168,2,train
f1fa8009cf3b4591,8,test
f1fda0225fa6acf4,7,train
f20259e14c50f6c5,6,train
f20316aba57d010e,5,train
f20b4ba6a564718e,6,train
f210d4aca891eba1,0,test
f216b02ba8b5c7db,3,train
f217a31dacfc1077,1,test
f21b46ff1348001f,6,test
f21c8d509d37918a,0,train
f221595180a47595,1,train
f2219295cad1015b,7,train
f22b3250ac9a67aa,6,train
f22b4cc170d4f254,3,test
f22c76ba4ad81366,2,train
f235ca7cc9c5bab9,8,val
f23a84bef7cc24a0,8,val
f23b22db11c88932,8,train
f25177006e614dd9,3,test
f252012135987d11,7,train
f25362e820968c41,1,train
f25692458de201ee,6,train
f25a924a8e0df88e,6,test
f25bea69e7dd6ef5,1,train
f260d70d6cc875c1,3,train
f26bdb0fdda5da8f,9,train
f26fdd1ab939b9dc,0,train
f27002d97a9d099f,4,train
f2701ae9666920dd,2,train
f27109caa8defde9,8,train
f27ec300df9d366a,3,test
f28017f65482ae47,2,test
f2844d6e04062bd1,7,val
f284eb585ddebdd3,2,train
f287d52388fdb010,1,train
f2a06908dc3d4f33,8,train
f2a70d371d3f4a6d,7,train
f2a85524a7de3b54,2,test
f2acbbe12c05217a,0,test
f2b0e312e2727540,6,train
f2b3a22603e044e6,4,test
f2b6f2318ae4e717,6,val
f2b8658b029522bf,4,train
f2ba2641bb84d935,9,train
f2c992202998847e,8,train
f2caa4f9a7e2fd3d,6,train
f2cd4a9580dcd471,5,train
f2d82734f426e003,7,train
f2e7d2c88bb0ffae,5,train
f2ecbcc798854a67,6,train
f2f4215d50b86cb2,7,test
f2f4c83697cd3fe6,3,train
f2f821100e30b0b6,0,train
f2fe7d22ae4138f9,8,train
f2ff2250686437ac,7,test
f308fad3e85367a1,2,train
f30e83efc87b7159,4,test
f310178a804398a2,4,test
f31234a9921f8038,0,train
f31abd27a494c375,9,val
f31bd80b71cd657b,2,test
f31c28125cf93625,6,test
f31c558bc33bb333,8,train
f3207a5fad9c12ec,5,train
f321ae375440228b,9,val
f323b08ea7d287f6,5,val
f325378ab61c1377,8,train
f326438e7e8651ac,1,test
f3265104f8c9c8e3,7,test
f3318e399a54d45e,3,train
f3328f5927ecf895,7,test
f3389a8033b608b1,0,test
f33960a8d97d1c1c,0,train
f33c79743de65f31,1,train
f345927586c96700,9,test
f35e0f019cc28fb5,8,train
f3609a7e4a77489c,9,train
f36b707827a61ae9,4,train
f3724ce08dede3f8,1,train
f37a96a8e4a8d14e,0,test
f37ba4397f9c50db,2,train
f37c5cb8c1a04c60,4,test
f3802df0fb6e5732,0,train
f380dd812643cf11,8,test
f3849719920d468e,1,train
f3852f4626d3ca5b,3,test
f387e289be4cdd90,0,train
f38a497aa8a4debf,5,train
f38b055671a5c243,7,train
f397744c23fae7bc,4,train
f39856f5414c8f71,8,test
f3a7d62d21c106f0,7,train
f3b15cf36a567db5,7,train
f3b3a47b4fe2d512,1,train
f3b87fb5856d0e10,1,test
f3c511cf41d2faa7,2,val
f3c555539bd12e43,5,test
f3c56f97d2df817f,1,train
f3d4dca8bc99d638,0,train
f3d86084b5dc8df8,9,train
f3db581ad4e6bc77,3,test
f3de1bdebf141e13,8,test
f3e0f5796f6ed78b,4,train
f3e412b8e4445ff7,0,train
f3ef54b85ed1cc5a,5,train
f3f14f3ded917c03,4,train
f3f7f205cab54e49,9,train
f400cc50868a7d02,0,test
f40399dae19f2035,7,test
f4076b53e6f933c2,7,train
f40f3273f8b5bd1f,7,train
f4123f46f80ce860,8,train
f41ad35240899265,3,test
f4209ecf8d7971fe,5,test
f421eeb0cb3d1cbd,1,train
f424e9e4799e1270,2,train
f42a775a584a6ed7,5,train
f42ba3a54ac89fb1,8,test
f4303ca825cb46b9,0,train
f4321459c0faf3f3,2,val
f439b0b42cb233a0,1,test
f43c483fc729b401,0,train
f443601f0f2a33a5,5,train
f4482d88472549c1,7,train
f4543002c8081d8a,7,train
f4676b92ecb8f731,7,train
f4679ae81b463c16,5,test
f4781dfba18febf1,9,train
f481d22af363bb5c,5,train
f48806c9ab8a02ae,7,train
f48837e74e514c4b,9,test
f489704a3d58534d,2,val
f49174c619c8e9ad,9,train
f499fa8271618438,0,test
f49c369508e22254,6,train
f49f20c1cfbb6966,2,test
f4b1a958d0e99e3d,2,train
f4b1c11acd604c1d,0,val
f4b1caf575259455,1,test
f4c663aa6a060126,8,train
f4ca8475664cbfd7,5,train
f4d82f2714b86783,3,test
f4eec962a8bdd12c,9,test
f4f444cc0426c612,0,test
f50121304e8db358,4,test
f507211c27fe0749,7,train
f50c1f54c9ce50de,7,train
f510fd9c17d42648,5,train
f52217ea96f82258,8,train
f525b57822415a97,3,test
f52606955edf557a,3,train
f52a4fede4d0788e,9,train
f53abe102c4bc944,7,train
f53be31cbf1fc2c7,1,train
f53c47b5436a1b1a,8,test
f53e1034d98de3b0,7,train
f54869f6f294307f,8,train
f54bf02b7fdb124e,2,train
f554860eee69b173,8,train
f55b79f81db29806,1,val
f55c419969bc06a2,3,test
f56010d05ccd476c,7,train
f560cbb3f76ea5be,7,train
f5659c1e80f0e386,9,train
f566344e5a1a0ae8,0,train
f567785437c018e7,3,train
f5684c9676cbc5e5,9,val
f57704adf84a3b9e,1,train
f578ca5acd075610,4,train
f57ce2937f6eea34,9,test
f57d3953a1a439eb,6,train
f5873e43f375f9c4,4,train
f5883aa431a550b8,4,train
f58a8a40da60874e,6,train
f598939e097a4a91,4,test
f5993678c34fec70,8,val
f599fb6ba473eca9,9,train
f59c15fb908ab4d7,8,train
f5a1cb2672be69c4,8,train
f5a39d8fa479bc82,9,train
f5ad389ae2ab63d1,9,val
f5b0595dc71d52c6,8,train
f5b12823005830d5,4,train
f5b2cc4ac8bf6d04,8,train
f5b357994d0682da,7,train
f5bd968a9e57fd5a,7,train
f5c1c1193f67b97d,1,train
f5c26f8ef05936e9,9,test
f5d0ea3b6ffd32ea,3,train
f5d3238cc64b95a4,6,val
f5dad8829ff579b1,2,train
f5db0b17737ec2bf,3,train
f5de4660605246be,0,train
f5ef05258326a79e,8,train
f5f5a23ca7f1ab80,1,train
f5f6776bf409e800,2,test
f5f71c97e65e56f7,0,train
f5f969940731b047,2,test
f6009077249e3fd2,1,train
f604cb9f5ed0584c,7,train
f606816f42eeb64f,8,test
f60d7a51142eda5e,8,test
f6121b7285be1ca8,0,train
f61220c3bdd24300,0,test
f612b80d75f7a0c6,1,train
f615f6448ca2d894,6,train
f61cf86b4e376c94,9,train
f61eedd8f0b3eab7,9,train
f62361422a8ab341,2,test
f62c2b088cf7fffd,6,train
f636220436ce80c5,0,train
f63882930556efc4,7,train
f63d593548e2037a,4,train
f6420c68c182856b,9,train
f64c52289cf5486b,3,train
f64ff65829faa9fc,2,test
f6503bc6f914f5f2,8,test
f65f127c9d2866f1,2,train
f66427ce917ce405,0,test
f66761721ed1e90d,9,train
f669fe68bc31129e,9,train
f67418e733139353,5,val
f6786173e6f61b3b,3,train
f6789834621205b9,4,train
f6829cd3418369e3,4,train
f694e73ed214f75a,0,train
f6951dd647323083,7,train
f6965b9a77bbe6e3,7,test
f69850245ea0d4e0,0,val
f69c57a617e2c757,6,train
f69df9aa5119e76a,7,val
f6a1f9bc1cf432d5,6,train
f6a565afb0730a46,4,train
f6a7331c8f9cd722,3,test
f6a7def1c93608fd,3,train
f6ab43ee5b90cf4a,8,train
f6ab47f5dd0a6970,0,train
f6abadd850308a84,0,train
f6ae990b7a987ce7,0,train
f6b5ec688975f9c5,8,train
f6c4bd1c7fb69edc,8,test
f6c4fbe60a1f9f4f,8,train
f6c8ce433108bec3,9,test
f6ce5a7dcc963608,6,train
f6cfacd4c07bb9c7,3,train
f6d11e421d5071a4,2,train
f6d1dab38e9b60fa,9,train
f6d20a12b6442854,9,val
f6d950bfffce1bf5,7,train
f6dd051b0c417863,6,train
f6de0be31458336f,3,train
f6e0a3168aa5a826,8,test
f6e762f8826694a8,3,test
f6ec4b83222cfb76,3,train
f6eda0cd544ea162,4,test
f6f8b98ca39b96a0,6,test
f702a45ee529cac1,3,train
f70ee898b45c4812,1,train
f716467f57f71073,3,val
f71c92d7dfc3efe3,4,train
f726b680fea65544,6,train
f727d4e6c3975fa7,6,val
f729ee939222eff3,9,test
f737623d622178ee,0,train
f737840015002450,5,train
f73c00fbb9d03f7b,8,train
f74291a6758f710c,6,test
f74918156726312a,6,test
f759bf1eb8499cfd,6,train
f761cb649dd8daef,5,test
f76b07d4f575bf5c,7,train
f775675edc274642,7,train
f77de06c2720caf3,6,train
f784249e50fcabdc,8,val
f78727132f5457f9,4,train
f7887b3d44e2c3ce,3,test
f79127a20e4771e4,1,test
f792a4013c194996,6,test
f794d77e5c87c0e9,6,test
f7a3205f0e162fe0,0,test
f7b57a719035061a,3,test
f7c52c50e8902616,3,train
f7c6ea01b63f3990,9,train
f7c7942d0b6c2674,9,train
f7dddd40ddda4486,2,test
f7e73dbe1d487121,8,val
f7eb464c00ae09c6,7,train
f7ecf808d40f260f,3,train
f7f10e06bae6821e,0,train
f7f961aabb073bd7,6,train
f800954a9b1bfbd9,3,test
f80117d744fc5b72,6,train
f80a583081099162,6,test
f810e42f1a02f6a1,7,test
f819d30dc7363c7d,3,test
f823457acf928e94,7,test
f82d126ed9ca722a,0,train
f82ecdafbd2c93a0,6,train
f830513f895912f4,4,test
f831040ccda55820,8,val
f8317ea885320b57,0,test
f833915bd6b5f519,6,test
f834911726a5aaa9,4,test
f83a54c0314084c3,7,train
f83f0e61a094bdc1,8,test
f847e9bd7f71c263,5,train
f849b98efe624fa7,3,val
f84d4dc1e0dd6d5e,4,train
f84e02b9d3e094d0,1,train
f850e450002fc709,6,test
f8576f197d786569,1,train
f85f4ed71cef9d49,0,test
f863aa8aecea7597,0,test
f864a17923b753ad,4,train
f870630915ffb201,5,train
f873d03d4d147e21,6,train
f8757835b1e18f13,3,train
f87748334c62ef8c,4,train
f87a6610b90c8167,4,test
f87e4f03d371ff49,7,train
f887f504d9c35eef,4,test
f88a3e32596fc6e1,6,test
f88dbb680c764b94,2,train
f8911b55f23a6be5,4,test
f8929690b1006e23,9,train
f898b7868812ad82,1,test
f8a0e93929ebc913,7,train
f8a6db9a6e232aa5,6,val
f8a9d75850638b69,6,test
f8aab419e8ec9aa7,6,train
f8b07442657319ef,5,val
f8b39455b30c8f3e,5,train
f8b71fc80b75d073,0,train
f8b9b3aff36d69d7,7,train
f8bc8286262c828a,0,test
f8c4edb26e659466,9,train
f8c763d469eb66ea,4,val
f8cd3ef3755b9035,8,train
f8cec57c56625078,0,train
f8d0de1989bd615f,6,train
f8d2488b1081da36,0,train
f8d9299233220341,5,train
f8e11bb8a0047b87,2,train
f8e33e7f399f3243,2,train
f8e3a0089ae24520,7,test
f8f59fcf237882c4,6,train
f8f67b5a0860758a,0,test
f9030d2123576593,2,test
f90611c04eb41852,6,train
f90d1c00996301c3,1,train
f916d305a9b12225,3,train
f919dc3b49b94646,8,train
f923f9403496c970,7,train
f9350fe739fbc214,3,train
f93c46b810a9aabc,5,train
f93edb9ebfa2d5b5,0,test
f944097629677480,8,test
f9458baa367bcf59,1,train
f95393e25d6acb51,3,val
f956bb0aa339ba8d,6,train
f9581daff1a85e13,8,train
f95ecc96f6ca2dae,1,test
f95f13aee237ef67,8,train
f95f433b87fdd848,0,test
f961641dbf000ffc,4,train
f962a8c17298f410,3,train
f96aa1930aca8373,4,val
f96afd552b417d87,0,test
f96b7731df96b96b,2,train
f97323c7057cb92f,0,train
f9764abd922c8e5a,1,test
f9771c8f77b44bca,0,val
f97c3d36e94ce165,5,test
f98a36aac69077bc,8,test
f98cd0d7f3f12907,4,train
f992b68bada95c61,3,test
f9963ba08ec41fbb,1,val
f9a612ce9d2d77e7,2,test
f9a8ab4d7b0d804e,5,train
f9a9f94e8fb80e7d,9,train
f9b2cad98c7e3008,6,train
f9b394e2478a3ec9,8,train
f9b42d16f6a028dd,5,test
f9b78ecb2ea12197,3,train
f9b8c1f862945441,1,train
f9c304dd0e51dd19,2,train
f9d3655c9980d166,1,train
f9d5fc80a35f9d3a,8,test
f9e28aeed2951ce6,9,test
f9e46e35d51b7bc4,9,train
f9fd5bde80c95062,1,train
f9fe951941b84a63,5,test
fa0058c91e7ccd5c,3,test
fa084a13a8005e39,2,train
fa08980698df5603,1,test
fa0a10751f5541ff,4,train
fa0bcc97e231d154,4,test
fa11cf7aa3e0cf43,3,test
fa135d307f8b2ead,3,test
fa1ca38ca81da740,3,test
fa1fe4f5c809fc8c,2,train
fa240118d6d40d88,1,train
fa255b0eebf56ecb,7,train
fa268dc484143766,3,train
fa2a40b02b5e94d2,1,train
fa3335c8a313c20c,2,train
fa34c43834b5f1c0,9,train
fa3937cf83f6e629,6,test
fa39a8e5663e9bba,2,train
fa3f91a1002ffb7f,6,train
fa4619d20a12ac55,5,test
fa4b1bbd30d0d5b7,3,test
fa4eb32fa897aafd,4,train
fa509aa0ebfff6c0,4,train
fa57012c9e415343,0,test
fa5855dd08e83aa3,5,test
fa5c2585895378f0,6,train
fa60152910b0abe7,4,train
fa60d305955bfa02,1,test
fa641f4aa1119766,2,val
fa6a8321d56817e4,7,train
fa6b238c74608b1d,5,train
fa7207ebd0934375,0,test
fa7930920eb52b8d,7,test
fa7db45c0915e6b1,9,val
fa870ce84b076f06,6,train
fa8b5627301f0e52,9,test
fa8bf7fecc1556f4,8,train
fa96acca232b9282,2,test
fa992009254072ae,9,test
fa9e503ae23de04c,6,val
fab802fc1ec3e79e,4,train
fabdcfcf9a44a09c,0,train
fac0624508647969,7,train
fac267c36614942a,0,test
faca27f627d31eba,8,train
facf8654ca00be17,8,train
fadb86dc8f447a24,1,test
fadd9d3282e85871,8,train
fadf57f1ae0c35df,4,train
fae42655d4f23346,2,test
fae61ca779f1b6ca,0,test
faed1669282c5a2d,4,train
faed50d7c7f0bd9f,0,train
faef4186b5f9a7b9,5,train
faf806646e878900,0,val
fafc6a87cb338164,9,train
fafd8d67044b1c58,8,train
fafda2e12cc7643e,8,test
faff36f35cb0b088,8,val
fb012fc4132bc225,5,train
fb0636b5134a68bd,8,train
fb0a859f07f0d4b1,5,train
fb176a21eb0f249e,6,test
fb1ed21684b050e4,4,test
fb1ef244e5e46290,3,train
fb21afb2ea59643b,9,test
fb229a78c7b72e9f,4,train
fb2d96d2c1452158,7,train
fb30d99b1828664c,6,train
fb311a621b143ecf,8,test
fb31881b4d09efec,3,train
fb33c5ce46be280c,0,test
fb35660bbd4df61a,8,test
fb41d38bbac72494,0,train
fb4f690280cc428d,5,train
fb51b451db130355,1,test
fb6275d02547ea59,5,train
fb62e16d33e9ed36,7,test
fb69d710ece7e07e,0,train
fb6e72faa7509f36,5,train
fb76f56274ce63b8,7,test
fb79c65d35e7597b,9,val
fb7edb0d7702d3c1,7,train
fb82d1f1535a1ce0,1,train
fb868cedbe2370c9,5,train
fb882e736184d2b8,4,test
fb8a75e98b08b604,5,train
fb931852933cdb9c,0,train
fb9c9179fe973b95,4,val
fba38786baf9db18,2,train
fba568aa82eab1b6,2,train
fbb51c3b7dcae6d0,6,val
fbb66c1952b250b7,1,test
fbb7cd2b8084f3a2,7,train
fbbac1367b332883,1,train
fbc276334b372185,9,train
fbc8354ac0e4c973,7,train
fbcd0f8328bd48f8,2,test
fbcf99386e69923e,5,train
fbd33d71c42d08ff,3,test
fbdffea011f59933,7,train
fbe1a5d7e39ebcbd,7,train
fbe2885f7f02615d,0,train
fbe4f81a3526dc32,3,train
fbe8ce632a71dfda,9,train
fbe97bf221d0d4f3,6,test
fbeadd4e2e6b7b11,4,train
fbecb59007f166e2,2,train
fbedfe557de10e36,9,train
fbf22d04f8993623,2,train
fbf66154a623e957,6,test
fbf70d4f9088a461,5,train
fbf83b4977a68085,9,test
fbfa8743d7fc5b42,2,train
fc002a7819c4a3b3,1,test
fc04345decb463d5,5,train
fc059de60b995a5a,2,test
fc117a376a1e3c03,4,test
fc21eccfddde5fca,0,train
fc255d1bb15e0749,4,val
fc28ee233374d7fa,5,train
fc2c0fa74f550e9b,3,test
fc2fd9d734c20846,2,test
fc366e328c52b591,3,train
fc4c26d23d24e554,2,train
fc4ccc05690a9430,3,train
fc52dd120e960e4c,1,train
fc65011d8e0bca8e,2,test
fc66fdfcce565297,1,train
fc70dd3f8b6353a1,5,train
fc715dda84e717e2,0,train
fc73376dd580cbdd,7,train
fc738102a334be0d,2,test
fc77761b0b662111,6,test
fc870f6265c4d1c2,9,train
fc8def2f3636a473,9,train
fc8f662bd1170106,7,test
fc8f91ce5b69650a,1,val
fc929c082608db35,4,train
fc9d31fbbd3bf49a,9,train
fc9ef19b7b3c7669,3,test
fca44b2dd4a1bebf,2,train
fcaa015769f4efe5,6,train
fcab26f7e63a8009,5,train
fcb1bbed646fa318,3,train
fcb1de306e51b149,1,test
fcb2adf09713ddb2,8,train
fcbbe6f39e1ef34f,0,train
fcc049daad606821,5,train
fcc08a463ce9fcbf,7,test
fcc476475446f3aa,6,train
fcc5f66df0ea3a58,5,test
fcc7e58c01499f97,3,train
fccba2a497be47df,4,test
fcd152e4a381fbcf,3,train
fcd36cdd928df06b,6,test
fcdc35f0955c4fc0,3,test
fcdd6415170de556,0,train
fcdfd2896e084dcb,3,val
fce1f247d05adb09,8,test
fce50c7b25beff97,9,test
fce578b0716632ce,8,train
fcec25b052e0c060,5,train
fceda02777813560,2,train
fcf32844a0fa7737,2,train
fcf435ecc2c7bc9f,3,test
fcf46a23f5dd21c2,4,train
fcfd74f06184f955,3,train
fcff9191776c4324,5,train
fd00e72dc367b428,7,train
fd01bb6ad1179b4a,9,test
fd036b9701c836ed,6,test
fd0a8c4d6235d0b7,2,train
fd1074a40e939510,7,train
fd1a321a2394daf2,8,train
fd1ab41281d0c329,9,train
fd2c9796b8f83fd8,4,train
fd3085866bb18dd5,1,test
fd3c79151e1ec4b9,4,val
fd3e69ec9e6d351d,1,train
fd3f836e777d213c,6,test
fd44fc07c556cb2a,7,test
fd560e22ddd2d902,7,test
fd57ada6f794e7d4,3,test
fd5ab12f1b663f1a,2,train
fd630e85c32528d0,4,train
fd69595613317df9,3,val
fd6b842f7f043bd8,5,train
fd767cfeddb415af,0,train
fd8527dbc82282b0,7,train
fd8d4ca5a943abf9,8,test
fd8f27b964cc537b,1,train
fd9044f55b34018c,5,test
fd9051b75e3fb1d7,7,val
fd9453cc402a4899,4,train
fd9dd75536db1b9d,9,train
fd9ed288fa25156c,0,train
fda63c54654f8339,3,test
fdac5004188b2734,5,test
fdb2da99b4cb8219,3,train
fdb9a002a32d940f,3,train
fdc0bfad1ca0f848,4,test
fdc1423dc02a3207,9,train
fdc2ab0f3b92a392,7,train
fdc6ef128a597ae2,9,test
fdc7285361183a90,7,train
fdc822c3c3549e7f,2,train
fdc9a5f5877c0fc9,8,val
fdcbc79ac86dd697,2,test
fdcc7aeea1602cc9,9,test
fdcfeb7eb66e40c0,0,train
fdd0ba6507edd5c1,7,test
fdd2d043ecf272a4,0,train
fdd54e1557ae4534,3,val
fddef4e83e7f79fb,1,train
fdecca8387ee71ab,2,train
fdfd922458f63f0d,9,train
fe06db3eec75a01a,9,train
fe0df961695d8ad3,8,test
fe0fda9702c58e16,9,test
fe15cf376b6e45df,3,train
fe178b1283d98c5f,8,train
fe1908c538b5b97e,2,train
fe1ea583a2907641,6,train
fe227b5cd856df0c,8,train
fe227d651c1272e6,2,train
fe26f19d313f6f95,0,test
fe2718487eb2232f,1,train
fe2d38536f3d0e1a,3,train
fe35acc7888a52d4,0,val
fe3ebe697250b163,5,train
fe40a73b463b7f26,4,test
fe4a88a30c041c49,9,train
fe4bdd5269137b7c,0,train
fe55030ff3d5a977,9,val
fe58a9eb5a832b68,9,train
fe59abb9696fe7f2,9,train
fe5e28600733f73d,1,test
fe5ee544b12d677a,3,test
fe616767e785e7b9,5,train
fe62daa5a8b6ffcc,6,val
fe63285cf3f22e9c,6,train
fe672e1ed98199a0,5,train
fe6e20337564512f,8,train
fe708d9f3d2b5c3f,0,train
fe79b76190c6119d,7,test
fe7e0c2b86a42f95,1,train
fe832d2058c1284b,6,train
fe8c71735cfc987f,7,train
fe90a7d3475b829b,8,train
fe92c2482ffdfc5d,8,train
fea263f45cd01c30,6,val
fea4b046cd13e342,3,test
feab30a3e982c1d5,9,train
feb4f80d90c3ae14,4,test
feb912ced4b99674,1,test
fec83a4eefed150e,6,test
fec8657e5261a276,4,train
fec8d4ba4184c013,2,test
fecea55e0558f63a,5,test
fed208b1e65e86c6,9,test
fed494d5f81f4a27,1,test
fedb2ce79d38a9b0,2,test
fee42bd160a6c437,5,test
fee9ba9751bdea70,7,train
fef63efec59effb4,4,test
fefd9e2df0b4091f,9,train
ff0440d330f4cc2b,4,test
ff0782b6cbc174e0,1,test
ff08fe215d3a03a3,5,train
ff09766891505a7f,1,train
ff0c87b2e21307f5,6,test
ff12be3dd3616275,1,train
ff150f317705cf41,8,train
ff1a292e162880b7,1,test
ff1e99350bcfe23d,1,train
ff1f6482acc79a40,7,test
ff25d79d856cd4d3,4,train
ff273a92fbab8c95,6,test
ff2df02702164b75,3,train
ff37b9a06a5e5e55,5,train
ff3d27e4e5341455,5,train
ff3dd340ad75742d,1,train
ff40a4b3f859020e,5,test
ff488c67ecc41459,3,train
ff582c938a6b8b81,1,train
ff5ed6f424163a85,5,train
ff63f01692f04bce,1,train
ff6448408b265324,2,train
ff727ed8f826a604,0,train
ff7320f2b6c0e8bb,2,train
ff740057bdb7d3ce,8,train
ff782ad2a7e8723e,2,train
ff83c91d59155b8b,1,train
ff95610f849df0d4,9,test
ff9c69dbc7f71ca2,7,train
ffaf7f348fefdf53,3,train
ffb6e249346f3c50,4,test
ffbdfc615cc0a73d,4,train
ffc091de743f6055,6,test
ffc6493feb4fa0a6,1,train
ffcafdb7948c4674,3,train
ffce7c72aa0d5edf,9,test
ffd00b7ae8524e9d,9,train
ffd666508d652299,1,train
ffe47930bff2d00a,8,train
ffe9750986503f10,3,val
ffe9be89d908b319,5,train
ffe9da72a72522cd,1,train
ffea876109208327,1,test
ffec286aecc8c612,2,test
ffefc559a17f52aa,1,train
fff2ad7fb9b79669,7,train
fff82b97966714b9,6,test
ffff8ef239fcbe2d,2,train
