stable_sample_id,label,split
00031a5c9aa914c4,4,test
000c333abaffdbc1,9,test
000e7b28d5bdcd60,9,train
000e7bd35beda28a,8,train
001d89b6eeb04c01,4,train
001e07a3f9fca565,5,test
001e19f1a6058533,0,test
001e52f6aa8a4c80,1,train
001ef8de8f5f7c2a,8,train
0028ab5872810569,6,test
002be0baff865145,7,train
00329a2c9a855735,3,test
003793f74133fe44,8,test
003a56380278d052,4,train
003aa51fa3c202f5,1,train
003e709646aaa05f,1,test
004869cf054bd8cd,4,test
004b77dc750d38c2,5,train
005357780357a2dd,6,test
0058a4d6a5eef216,5,test
005cf0114c1f0504,9,test
005cfe8b93cae8b2,1,test
00689af543a055c3,7,train
006fcae76e2ccdb7,9,test
007d5a8b3a630bcc,2,test
008779b524535b6c,8,test
008bac7e94c160ff,9,train
008dea503862af7e,6,test
008f09a6c3c613a3,0,train
00936b9e21f4ece9,0,val
009a183371d2cd7b,9,test
00a293241d513d69,0,train
00a6219edaff6760,1,train
00a65b370d6650ab,7,train
00af9bc6455673d8,9,train
00b5f605d4894bac,8,test
00be0b8e9a89bb91,2,train
00c0e0bf74d9fa67,1,train
00c191746eea53bd,4,test
00c1b5f19ece11a1,2,train
00c91b9479362f2a,7,test
00cb5209316f591f,3,train
00cb6dcaeded31c2,9,train
00cd973512997ba8,0,val
00d68a4a487b0dff,0,train
00dd753f9e00b43e,0,train
00e307437b37b74b,4,test
00e5ba331ea69e8a,2,test
00e9ab5798ea7b13,5,test
00ea1494f391ca83,5,test
00ef6ffd9564364d,1,train
00f60aa8986665ee,0,test
00f6d4ca427b4a39,2,test
00f7c1f827ea6818,5,train
00f7e708a38b645c,5,test
00faf7945fda7bf2,0,train
00fd13cb069aa4b3,9,train
0101e8c7caa3234b,6,train
01022e97fe017cac,3,test
010b08a53cf84651,8,train
01120fbf4525015c,7,test
01142fa78366d5da,6,test
011e6eb050f58abd,0,test
0125409fa453c95b,9,train
0127107618a4be5c,7,test
012b8060d387307d,3,train
0131ddf60eb86596,6,test
013298cb59627200,5,train
0135e15e66205e01,0,train
0139060e3e26b4fb,1,test
01427b618c5ea6af,7,train
014eb19db2e09f07,0,test
014edd12038c5d3d,9,test
0153a182f1eca38b,2,test
01545c265232d43a,3,test
0159034dd16913ec,2,train
015cfe2f5bd46903,7,test
015ff3dab4611715,4,test
016118860900df88,0,train
01622e0cf36d609a,2,test
0164ea83c64d686a,2,train
016ba7d88910935e,0,test
016c39b49b951e86,3,train
016dd9f84d8eb995,0,test
0174c3ee42c5f4f6,5,test
0174cab2a54bbf70,7,test
0175e1de1bea36f0,9,train
01763174239769f0,4,test
017e138203029ba4,7,test
017ec62b8b50259e,7,train
019116586117075d,0,test
0193ca60733e1bda,0,train
0195805b8ebe4053,3,test
019ae91610949467,2,train
019ec3ef825039e6,0,test
01a2e40e92f7576e,2,test
01a6297c7d605785,8,val
01adc191dfa7b09d,8,test
01ae1b2a02958ab1,8,test
01b1ee5feb5cacf8,4,train
01b8dab074d708a9,6,test
01ca2c70b38d64a9,0,test
01d6d913c4569bec,6,test
01d75bf109ca24e5,6,test
01d79b67711614c5,0,test
01e5e32810ef228b,1,test
01e70d0d7275558e,9,test
01ed96cc13979762,9,train
020207e500f7598c,1,test
0208ec5f52a3ebcd,3,train
0211a6b3c2884cf1,2,train
021f97a0d6314dc6,6,test
0224ec227ee95b66,0,test
02255cd8ae97c25c,7,test
0225d1e79e86aad7,9,train
022612b6631c3834,7,test
02280bbb0c46d79b,0,val
022effd9f2d8da23,2,test
023136c6e776f2d4,8,test
023313e99e9c22c0,2,test
0237e7bba8e5d49b,6,test
023974962436eaa7,0,test
023cff26b677e2c9,0,test
024dcad082ad02a6,9,test
0255c3fd7e05627c,3,test
025c78794e3e9c39,4,train
0264e8e3920bb5ce,8,train
026be7030b001941,2,test
026d489cd0dedcdb,6,train
026e0bbe0464b68d,2,test
02797bb0d7b7c254,6,test
0288afa4efebeba9,1,train
028ad70e5202552e,2,test
028d7e55e5b3de0e,2,train
02939686b22f7395,8,train
029a72d54b3a88f3,4,test
029feaf592eed807,5,train
02b06b6631762fc3,1,train
02b12ba7da1217dc,4,test
02b7db9318985e7e,9,test
02b8e8bae05bf090,1,test
02bcebf80fbfd4a3,2,train
02c217bfa075e8e6,4,test
02c35aff296de219,5,test
02c3f8fa5f8ad3a2,8,test
02c478bdd18193ba,4,train
02c76cfd73f7891e,8,val
02c9332f65867062,3,train
02d48f852ba02f85,7,test
02d7735c863beb57,9,train
02d8e368b2eb2189,4,train
02e48c11e55d93f4,3,train
02ea180abe1f7671,9,test
02ec16ddb43da0c1,5,test
02ee8b21f4e85b5e,0,test
02f2028c1ffaf7b8,3,train
02fb0ee3708c40f9,1,test
02fd8e01c76c0747,6,test
02fe7add9817c54f,2,train
0302c27713e83db2,8,train
0302ea511ab6ca36,6,train
0312e6186f06ef9b,3,train
032b3a9efd2b270d,7,test
03362d6126c1b78a,7,test
03372b3203162cef,9,train
03379fdd49f8e135,0,val
033dd9eba1d80afc,5,test
03441d9449ff3eaa,2,train
034b925e4dce79f2,9,test
034c710ee8542266,7,test
0350805d330a4b49,7,test
0354f29c703322b7,5,train
03553392156d5789,2,test
03568fe9a361a8c4,8,test
0368f1620d0eaae4,2,test
0375840bded1b311,5,test
037890e09ff2a876,1,train
037957cd00a55fd1,0,train
037a30f70eba93c1,1,test
037ec287d8dd6bec,9,test
038264189b40d8a6,2,test
038b9ceee07fe4ee,9,val
038f932c18a2b17e,0,test
039518827793fbca,1,train
039f002ed1c9f227,9,test
03a353666f3e89b9,6,test
03a6a6150f3eb91e,6,test
03abe15c9cb8f5eb,6,test
03afb85328bc915f,3,test
03be6492838f103a,5,test
03c38a958994fcea,7,test
03c3f2f3306c2668,5,val
03c5eaf160d83d66,1,test
03c5ed55a471adea,4,train
03ca34487070c0e5,6,test
03ca98933369474f,2,test
03cfbd8c1b6634e8,4,test
03da374ae894a231,1,test
03de5b32afeaab27,0,test
03e47ec45b132119,3,test
03e992c67912a8d0,1,test
03edaf355c48c4b2,5,test
03f00c94418bef07,8,test
03f97fcd5d6933ca,7,train
03fca6bb64998021,5,test
0404a1b31b782041,1,train
0405d07e7c76347b,9,test
041d2502f8393734,7,train
041f58156e804223,2,train
041fd6ba154c2e6a,5,train
042019676f1cce81,9,test
04220a0617caccc2,2,test
0423595b1f100f63,2,test
0425aff861f9bced,4,train
04288d9f0a0b16a2,5,test
042d9ce5eff58316,9,test
0433f6fb159bef3e,8,train
0438851106a15a17,7,train
044620a7552538b0,7,train
0452efd97a6575c7,6,test
0453afeb9f5b53a0,2,test
0456c668df4c7295,4,test
0457e994f9b4d068,9,train
0458e3aecf4d4c3f,5,test
045bb5eb597d8921,0,test
04630f4ce879f602,5,train
046455e2d1d80f97,1,train
046beb4022f3fb0b,9,val
04737ac8db5f6be4,0,test
047b7de201a23189,3,train
047ca38faa27ec3c,7,train
047dd351af9df3a4,4,test
047ddf57fe5692b0,3,test
048227bbf4d7ad1f,5,train
0484a5a11b7869ad,5,test
048f74354e5eb413,3,test
048faf6a9091dcb5,4,test
049a4fbb807b1b6c,5,test
04ac97f990e4536b,2,test
04b78ee5f2f0de7f,8,test
04b78fcbf2a234bf,6,test
04c0373f3f74145a,5,test
04c87501ed9fb251,1,train
04cc54ad8fa0aec8,9,train
04d3de5ce101a98f,5,test
04da76365d6a882e,7,train
04db3d2144bc54dd,9,test
04de4e1bef59dff4,9,train
04dfd528ef3ed297,0,test
04e4332034023a9b,4,test
04eb118000839e66,9,test
04f639079d6328bc,0,train
04fa94ac0467619d,6,test
0508660c5c661a97,1,test
051b39b58d3c0ce4,9,test
05260917b0bbdd20,0,train
05299bbb84148f50,6,test
0529f817a8ea5ec2,1,test
052b2a92c5be4fa8,2,train
052cf607b4ddbc96,9,train
0533c70370f8b93a,1,train
05361e9aef087ed0,7,test
0540b8b6ab5647c0,0,test
054a162cf0ac60a5,7,test
054a192dcab90048,9,train
0553d50f62bfaf44,3,train
05553663fb53b3fa,7,test
055d338f312cfc09,3,train
055e4673de775352,0,train
056366b3cdf76596,7,test
056379b094761767,2,test
056fd57a1fdba0c3,2,train
05731ce7ad09aa61,6,test
057e27e094b769b2,6,train
0582cac3af982e75,0,test
05885450f666300a,7,train
0589ef919db9833c,4,test
058cb59da6bc8d9f,7,train
058f1846e64a89cb,9,train
059131e72bff3524,0,test
0591b06e96f360e4,1,test
0596db2e5e8d0adf,4,test
059a3cb156bd9805,9,train
059de42aa3452213,3,train
059e37c0dc7c8b99,5,test
059e57ba8db8a50d,0,test
05a0d1347a46d153,5,test
05a18d6a5039a2d4,6,train
05adeed3e44c5dfa,3,train
05af7aeae7e253c2,9,train
05b9c531b753ea57,2,train
05bebde7906daa98,9,train
05c2cc60d36eea4d,0,test
05c3345e4bada401,1,test
05cf5062b4022b8d,1,test
05e618500a5bd096,7,test
05e62460e37681e4,1,test
05f1dbfc7656d151,6,test
05fdee799f20dc8d,5,train
05ff23e70ab9bf72,9,test
0600f367d2122bed,7,test
06064fdbb025f8b9,1,test
060899b661058016,8,train
060c74b2ecc5ca9f,0,train
060f96ef65e18283,0,train
0612d7b34239edae,7,test
06191e60d9f7ac65,1,train
061aa424ce80916a,3,train
061f3f359fb5110e,6,test
06259ab4ebd6b50f,0,test
06263205c63ba0f5,2,train
062762036b4a4fcb,1,test
0628c040b9ff04d4,2,test
062bd0e61e558573,2,test
0637f28ef7aa0bfa,2,test
06439ac64d2e9cbe,5,test
06471b5ab4a0fa8e,0,test
065bcf84bcfcd526,0,train
06629694eade14ab,1,train
066862ffd0311eae,8,test
066b1435e5d53763,5,test
06705e03c7183303,6,test
06764c5564c9d7b6,4,test
067883d91cf0061a,9,test
067a3e8de41fbfea,2,train
067e24e1ec74b52a,3,test
0680cb73508f74a3,1,test
06897700a64c41e5,0,train
068b8ef1b217f53b,8,test
06914c63c7e25a3f,2,train
069743fb41aa8b7c,9,test
0697a6abf540f56d,2,test
06a9e9d1c64720e7,4,test
06aaf7230a47a697,4,test
06ae23bceb0775db,3,train
06b2b454e449208c,1,train
06b87a739c322236,2,test
06ba8b70f0745b17,3,test
06c9424aa00b84df,4,test
06cc0070cd3fad94,7,train
06d097ba93857ef9,5,train
06d41979b389a71b,1,train
06d67dd15ede7073,5,train
06d77a8700f9a125,9,test
06d8a37dae07031b,7,train
06d9a67bad157cfb,1,test
06dd226f287b31a6,2,train
06de1ff4411a878f,0,test
06e1f28e9e62d65e,8,train
06e2944bc5af68cb,7,test
06e7fb261a355b93,9,train
06e977c81628e19a,9,test
06ed317f669f7bb8,5,val
06efe00671d9bd16,8,train
06f21d549f8901c9,0,val
06f277f90c398e56,9,train
06f3a627cf0868c9,5,test
06f6eff55ec520be,9,train
070351507c7ef5b7,5,test
0704b8de3ed6a833,9,test
07081da404ec15c2,4,train
070d666886c3484a,1,test
07114a9fa4f2a23d,0,train
0713584c56bdfa59,7,train
0717be3b78900a4f,9,test
0719b28580360c84,4,test
071cff90e0d45378,5,test
071f9f5a4e0f5224,8,test
0720823e3b079c46,0,test
072236e886a09f52,9,train
0736c5c6f3dd6bd4,0,test
073ede5fcfee636c,1,test
07431d3aacc9d9ad,3,train
07476a759ae959ae,6,train
0748b118728e8265,8,train
074967ce90d18342,7,test
0753a6d5cbcf3c82,5,train
075c6d5344267026,6,train
075ecc4e1f0ab36f,9,test
0768cfbabde470ca,2,train
076bc6be577d1c75,0,test
076fee8dc8a5b3a2,3,train
077106f4815f6fd0,7,test
077880d773e3707d,8,test
077cc01e59c041f6,7,val
0786e6bd22f0a104,3,train
078e4e2ca6ad0152,1,train
079abe7925ac7e09,0,test
07a88db2385b7b90,7,train
07c90885a0253f2c,3,test
07cbfea405d1ad61,7,test
07cfb1a390507334,4,test
07df9f60f090b978,8,test
07e2d3cfe3b32be2,0,test
07e39ac416e7b524,6,test
07e5f7d33ccb92cc,5,test
07e631abba7f6cdf,3,test
07ea7abddae83d94,4,train
07edcc1f8168af02,1,train
07f331db1298447c,4,test
07f668f70079fa07,7,test
07f74a96e6160d4a,7,train
0800cc095fb86600,4,train
08056eab4a7d1c45,0,test
0814eddd106017dc,7,train
081b40dc09121362,4,val
0824192c37f763a4,5,train
0825f8d0fc9f48d8,3,val
0827934982062dd8,7,train
0829247a5cb069aa,8,test
0829ba062decf840,5,test
082c69b97db9aa79,0,test
083dd267edb6dc1b,1,train
08509d1df3785549,6,test
0851fc9b23e0381f,2,test
0858bbb47034f854,0,test
085a16551b08a5b6,2,test
085a37230dc6bc7f,8,test
085d21449f40d232,0,train
08610e178293d813,8,train
08644bd2aa6e7ca7,7,test
0868cadd15640599,0,test
086fd8c143929474,8,test
0875c95cb5261277,6,test
087a85628eb79b9b,2,test
087df70095d44483,6,test
08873300db7a526c,1,test
089164b5457255cc,2,test
08963300e1d995b7,3,test
08a6c099838cb5d9,8,test
08a9a2817da0fd33,5,val
08b3430344f4e539,9,test
08b684846445e49f,1,test
08b7b322a1bc8cdc,7,test
08c01d40b0613f65,3,test
08c65679d6d41948,9,test
08d519f7739a2973,7,test
08e546ab023fd1cc,4,test
08e8269b78da0101,4,test
08ed6edb9501d0b1,5,test
08f0c58f0cba19ad,4,test
08f0edd9b9c84a86,6,test
08f66c88290e003b,6,val
08fe6ee3dd97e359,6,test
0900aa9e8a941439,2,train
09010d513d95445a,5,val
0902dd712236e9e4,1,train
09038792129f4ef7,4,train
09045fea85dd51b3,0,train
0904635c07228826,5,test
09064ea197bc1b8c,5,test
090c2b5d681d0030,6,test
090d16627efb120d,7,train
09161d9499dca61f,5,test
09162d8b1f054f00,9,test
09174fb6411b1822,1,train
0918869698fb3304,5,train
0918ffc410c23c94,4,test
0924c4747b029b33,4,train
0933c7b7196ff8a7,1,test
09355731139baded,9,test
093b050009f405f3,6,test
093edeb0bf937783,4,train
0942011fed75e015,0,test
09426a4e46daef26,1,test
0943220093417e15,1,train
094fbb4e86c97ee7,5,test
096002fa7b59bb2f,8,train
096500150d08aed5,5,test
0966abe231b9158a,2,test
096ee12025a44d69,7,train
09751295b18854f5,2,test
0977b8664f3f002d,5,test
098490c62486da1a,8,test
098feaebc3b6b5af,2,test
09907ef6cca33942,7,test
09911445eccd393f,4,test
099639c64b169397,0,test
099c91ae2fc2ee53,6,train
099f31f6d41b3a5f,1,test
09a57ebe2dd5bfec,6,test
09a70d76e3a1c687,7,train
09aaa28ff26ee827,3,test
09aaf45a62cb1786,3,test
09ac28b2abb7f4e6,0,train
09ad984393dd67f9,4,test
09ae9848c2df41bc,5,train
09b06c5ced155a15,4,train
09b2dde6ef480b57,7,test
09b4fa5ca24fe80e,3,train
09bae85875728b58,4,test
09bd5993a0c2044a,5,test
09cf29f2d12c1fa5,6,train
09e11861b18aebbc,8,train
09e6c12085a7990b,5,train
09edea5da836a059,3,train
09f847199ef75ccd,4,train
09fe498f5d745fad,2,train
09ffc2a1cd8fb615,9,train
0a0553904e2ca9b8,0,train
0a193700ba7f4f2c,6,test
0a1f5e096b1e9e9b,3,train
0a248e1fc27ddc77,4,train
0a28eb40ed1d3a66,5,val
0a332c4bcf24c66d,8,test
0a3b8d8b601c6bba,1,test
0a51f86b2b695423,0,test
0a5318ab316e826d,9,test
0a5369db10441fc3,4,val
0a54e03d0178f432,5,train
0a5858f5a5aa5c7e,7,val
0a5b9fbd455c13b3,2,test
0a5edd0173fd46aa,6,train
0a606f9a4b278a41,6,train
0a6183c42531b7be,3,test
0a62ac5d0ac8a59a,7,train
0a698ca85dc7919e,3,test
0a69feb84744020d,8,test
0a6ce92e2d5df42f,9,train
0a7300bc8e359248,1,test
0a765a8a5c857ebc,2,test
0a834c35d19da5c8,2,test
0a86c259e71fb204,1,test
0a88105b28772c02,2,test
0a9590ef395e4c94,3,test
0a98bf485f9e9354,0,test
0a9f5f335bce5518,6,test
0aa637d9191b751e,3,test
0aa72071694d6921,3,test
0aab4df566402ddd,4,test
0ab3450608a06ca5,1,train
0abab9f42eb1f55e,6,test
0ac19aa97ba25f55,6,val
0ac4f7be62fa8b19,8,train
0ac55a70f50735b1,9,train
0acf2b929f7ac662,5,train
0ad47bcca0f37ade,4,test
0ad70d27b4f9f30c,6,train
0ad733b2d290503e,6,train
0ae7b532715d1810,9,val
0ae97091d703f9cc,2,val
0af4d44e945d7bf8,1,test
0b02e4d346e4ed71,6,test
0b069f6f8008fcd5,0,test
0b17e931708cdb8d,3,test
0b1f8cebd4bea384,6,train
0b2103d9909ff218,5,train
0b221ca075645d54,6,train
0b2c441231d1774e,0,test
0b2d7fb1b9950a3d,4,test
0b386d71c305a138,8,train
0b3b5115dd9d85f0,7,train
0b43466ea8560ed4,0,test
0b450a14c96fed94,7,test
0b47cce6ba695a4b,0,test
0b4a419764c0cd86,2,test
0b4dbae5c7247c28,8,test
0b53e62364f8cc99,9,test
0b5872253599be35,8,train
0b59dbe807efdd5a,2,test
0b5a8b4f74b22ff1,6,train
0b60dc6f60058cde,2,train
0b61c7b92d9c67d9,5,val
0b62318ff5f132b0,3,train
0b62e8f5ce177d1f,8,test
0b665d67d92fbe88,6,val
0b70bb741adb9460,7,test
0b7338425af1da32,7,train
0b74b4156af89cc8,5,test
0b7aa2f157447786,3,test
0b86ee6bca32c610,5,test
0b89ff2fb8309db5,6,train
0b8a69eed42753ba,6,test
0b8be597cdc57efc,2,train
0b8f0cd236743422,3,test
0b901a84415c57e8,5,train
0b978018d524adee,3,test
0b98a925939e8851,7,test
0b9eed8a3f763947,1,test
0ba8991a5b5b6ba5,2,train
0bac09df73cbee1e,5,test
0badee0d43427a5b,1,test
0baf40dcd18ea15c,5,train
0bbc56e46d0f9a81,8,train
0bc50dc3db0a4688,1,train
0bc97362a96a31b2,8,train
0bde5cfd7ae30db4,7,train
0bdf8fb6ddd06409,8,test
0be1e8fa3956168a,4,train
0be620e61622e5f1,6,train
0be8871f2dce4f33,6,train
0bea17990d41ab26,6,test
0bed450ba4f10d84,1,test
0bf078bb1957163c,7,test
0bf5e1ac5f133119,3,test
0bfa7bded2bdfebc,9,test
0bfe122c575c89a1,9,test
0c094632daec9924,3,train
0c095b5cbe7b189c,4,test
0c0de586575546fe,1,test
0c15619849b89bc5,8,test
0c159d75f50ad96c,8,test
0c16a8562f2102f3,9,train
0c17eb7fef3c00ca,4,train
0c17f5fe983d0d16,9,train
0c18a0992828bb17,8,val
0c1dcac22d2def76,4,train
0c26aba3161a59b5,9,train
0c270e2cbb26559c,9,test
0c27d9d85a1d7a30,7,train
0c2eb5e2933976cf,1,train
0c334e7f4026889d,8,test
0c39e3df9c97d551,7,train
0c43987d4758049d,3,test
0c49722781c8abeb,3,test
0c4ed040dc01bd67,9,test
0c4efd3b58f4e1a5,2,train
0c52a6074f467a4b,4,test
0c53a77657d2353b,5,test
0c551ad688a7e4d3,0,test
0c55a4081d4cf7e6,8,test
0c57390f2d10716e,8,test
0c5e6df3dab7b493,4,test
0c5f75404ef69a43,5,test
0c64738fe3cfc695,4,test
0c6da091372ef96e,1,train
0c72285c008182e4,9,train
0c76bd152da30f56,8,test
0c7fa058a2370566,1,train
0c849b7d9df6d5a5,7,train
0c869831b8c96570,6,val
0c8bd92accd70b52,3,test
0c9348c2d954f702,4,test
0c971c2f23ed1300,4,train
0c9a59ab9a790f78,8,test
0c9d8bd5073d9526,9,train
0c9dd1baecfebdb7,2,test
0ca0edcab0098e8f,2,train
0ca8eb3797caabd2,7,val
0caa021ce4e66106,4,test
0cae49779a78b3d8,5,test
0cae54361b76dd9a,8,test
0cb00895d07218a9,1,test
0cb56e5a2ea6e839,0,test
0cbd802070c26bcb,2,test
0cc289d74f3bc6a7,0,train
0cc3d009685bfe84,3,test
0cc9af34c2a06858,3,test
0ccdd428625ad998,8,train
0ccf8916e2e2dfb0,8,test
0cd0a184ae332492,8,train
0cd3ddeedab69a54,4,train
0cd5f1accae33bac,9,test
0cd82fcc5975ee81,3,test
0cdad51446db89d9,4,test
0cdd62a7b06fa45f,5,train
0ce4c8bef290decd,2,test
0ceacce6b3035194,5,test
0cec876a23137e4a,2,train
0cf8be754d0e158a,4,test
0cf948b6a266295e,9,train
0d016bebead70ef8,3,val
0d094edc1b464ac1,0,test
0d0af5fbe827b582,4,test
0d0fa9a3c5059822,2,test
0d127300e1fd6668,6,test
0d1435ec8bba891b,0,val
0d17aa34071dae7c,7,train
0d1b6b4fb7a431b5,4,train
0d1dbad1835465ab,4,test
0d24f7a2f271dcd2,7,train
0d25895d09fcdd32,1,train
0d2ba0d0e87efc47,4,val
0d4c5733de5c131a,2,test
0d5421f7eccbc15f,3,train
0d5f8701679e91be,8,train
0d60112781b82583,7,test
0d612ba9e647117a,7,test
0d68e83847df36ce,1,train
0d6c0522f9218b3e,8,train
0d79ff3be04ae700,5,train
0d7b0cfce722ac00,9,test
0d7d70261964fb9f,0,test
0d864d13778f135c,7,test
0d87d9a0cf4dca81,5,train
0d8af074c02045c4,0,val
0d8f0e6442b14cf0,9,test
0d9a1f9bd81152e6,0,test
0d9d6ed22953671d,7,test
0da5024be8d9479b,5,test
0db463cbe4ae425d,6,test
0dbe94dd3a28a39c,5,train
0dc4d721dba2f83d,3,test
0dd3bbb5e0f814df,5,train
0dd7c8917910dbe7,0,train
0ddad3818462a9b3,1,val
0ddb7ef47bed97ac,3,val
0dddc39b89ec19c7,0,test
0de7a1c6f6d4c23e,5,test
0def98f15f1f67aa,1,test
0dfc305c1f2ae076,9,train
0e0159054d9425c2,7,test
0e01e1147658042d,5,test
0e0385914c798705,0,test
0e07d1b137369bee,9,test
0e0970ae84c28825,6,test
0e0e161622975f2e,9,test
0e16a1143fde3bb0,5,test
0e1a0f8172192182,6,val
0e20ade3ea7f6901,8,test
0e22afd1db92c509,7,test
0e236f80e785ce7b,9,train
0e26267ad3600dc4,8,train
0e26a753c56f4c68,6,train
0e26fd6685ff84c8,6,val
0e2c2f8bc7f822c6,4,test
0e2db665abbebfcd,4,train
0e3571948b0ac8af,0,test
0e3f39c3a330bbd1,4,test
0e47e6699a8d2edf,1,train
0e4e7a4f098d75dd,5,test
0e55f41da63b3f1f,3,test
0e59aeda1e39038a,0,train
0e5a5b541e527812,7,test
0e5f172c6230338c,3,test
0e62b985375e051f,6,train
0e67fe4d5f2431b0,2,test
0e7a00170f969a5e,3,val
0e817f5358e23931,9,test
0e8326feeb95851f,7,train
0e8a07285d441dd5,1,test
0e8b8b0dac1f892f,7,test
0e9498523c9d560a,0,test
0e95924426541b10,4,test
0e95b19a9d36e655,6,test
0e9b36fabf9d5be7,8,train
0ea6e89f825e898f,0,train
0eaff2053f84e7f0,6,test
0eb2dd17446f6991,3,test
0eb8442006972e54,7,train
0ebcdc3f800b6532,2,test
0ebf3fc64580c37d,4,test
0ecbc203e61541db,0,test
0ecd04d9bbb7bdbf,4,test
0ecf374bb4aaad54,2,test
0edc772e286ab67a,7,train
0edca3ef3b563e8b,7,test
0ee4d46bf9e18366,9,test
0ee5eedcc7b688d6,0,test
0ee6b5fd99791e97,8,train
0ee7c01b4cbdc9ab,9,test
0eed886f060c0da7,5,test
0ef04c8e2202a708,2,test
0efb23fd6890869c,2,test
0efb47f0138f3c45,1,train
0efd358d588ffd0e,8,test
0f0263cee2fdc223,3,train
0f02659210fe56f0,2,test
0f0528dc1c750263,5,test
0f14e418edeef9f8,1,train
0f18cb90db3238c3,6,train
0f26ab58739d15e9,2,test
0f2788989d17292f,6,train
0f39ff2b70f6e76f,4,train
0f3b4a0a4544710c,2,train
0f417322aa676bd6,1,train
0f4f925a1b9380e8,4,test
0f536db252f1b6a7,6,test
0f53ed27d5a97553,5,test
0f5d9f3d2e101a8a,8,test
0f60b8952a808d2e,9,test
0f6d7f1fc4c99703,7,test
0f92697d7a81435a,3,test
0f944828cc9a9c6b,5,train
0f9b00cc1a39de97,0,train
0f9ca61c92afbb75,7,train
0fa2e5f04e96598a,4,test
0fba501f316e0dd1,9,train
0fbaa386113aab4e,5,test
0fbd01f403c76783,0,test
0fc7160791dda6c9,7,test
0fc9265258e29021,8,train
0fcbf946db0c54bd,4,val
0fce00492d345645,5,test
0fd336093c4394fe,3,test
0fd725fbb7514510,1,test
0fd90e0c44fa3303,2,train
0fe4e8f754abde54,5,test
0fe9d75609b87f7b,8,test
0fef136a65a1ade3,1,test
0ff2474cf3f6a755,3,test
0ffe29c594780708,0,test
10023f52247ebe9c,1,train
100427f8688cf906,2,test
10045481e374bddf,4,test
100bcf8811bc9256,7,test
10110a991df87be6,5,test
10179c9428bb7646,6,test
101884028043b82c,3,train
102df8766d1f54ad,1,test
102fa6f814bda5c2,9,test
10325a480ec94e8b,8,train
1037c30a184c6a81,6,test
103a718934a49a18,8,train
1041a5d01c1cbdda,6,test
1046a9181499353f,6,test
104b6ba46efe0cee,5,test
104ce3fe24995acb,1,test
10508c4ed92f82b1,7,test
10578f687f690fe4,2,test
1058ae38db07ab76,4,test
106b632b7b54c368,7,train
107022a01819caf8,7,train
107061a991ca7b66,3,test
10736e74456e4fea,6,val
1073db668a183f03,2,test
108380127bd56bcc,3,train
1084a95e17947f65,9,train
108592f0ec199eb1,4,test
109051f793e58ef4,7,test
1099f7fdf25c7bde,4,test
109cc5016c0341db,8,train
10b27d763f5e3795,3,train
10b74223cf4d0ecb,6,train
10b7c23b538b539c,3,test
10bcbdf8875dd17e,2,test
10c1f2129005d584,1,train
10c4742ea42f857f,4,test
10cbcb1900cb87c0,6,train
10ea70e4c57ad779,4,test
10ec93541039879e,9,test
10eebf7809f101aa,7,train
10ef3434fb82d8da,0,test
10f654b2beba281e,2,test
10fa36f110858ad7,5,train
10ff0a2c9214523e,7,test
1107da5083c73c6b,8,test
110c0289312d3ae9,2,test
110f3ed7fb12cda5,2,train
11121f4bb0a96fb0,9,val
11181c3af47c5944,5,val
111d80a7fd4d8d53,1,val
11232bccb2ddbc7c,1,train
112824f40f147fb3,6,test
112c0d1affa74383,9,test
112dada9fb99b037,0,train
1131e51ab5f813e6,4,test
1140163da1d332a6,8,val
114ca34d2d1e934b,7,test
114d8a3989c3a582,3,test
1153e632e4a4c538,8,test
115410bc4eb51d5f,1,test
11596a763f2323b7,5,test
115b03cb710a29fa,6,test
115ed26a3da38b43,7,test
11623fbd8563721c,3,test
1162acce4f9ca2d3,2,train
11666cb5d6cbace1,5,test
1167e228fcbc411a,7,test
1172b64eca833cc9,8,train
1173244c5d5e746b,2,test
1181e48a205ea272,0,train
1187bb908e19b389,2,test
118fcbbf47c3bd40,3,train
1190e9a96a3e5d3d,8,test
1191286f90c0bdf9,4,test
11a227ab9a48fdb8,9,test
11a3ad251214df00,9,train
11b51fd7f8ab4c39,1,test
11b8ea1da0944f24,1,test
11beb1266f1d950b,8,train
11c4c92e19c458ab,7,test
11c6104b49d96b82,0,train
11c657f6986d286b,3,train
11cded36672d229d,1,test
11d6f10b72bb2a18,9,test
11ed4cce5587bbe3,9,train
11efef00baff3b83,6,test
11f12dc546f12c4e,3,test
11f479579dcfcaf9,2,train
11f4c560c5348955,1,test
11f6921e61e2815d,6,train
11fa7a017de1c7b7,6,train
11fc277abcab2f6f,0,train
11fc7ffeb06f7ce5,5,train
1201eb8d453696fe,9,test
12080ddee8ab9fc2,3,test
1212c9f88a3465c3,1,test
1213059c37b9ebb5,7,test
12144682d22228ca,3,test
1218dd467567bd4e,7,test
122a65cfbb2af8cc,4,test
1232aef8ebd3d0f9,6,test
12362cd7f5658954,1,val
12387bb291710597,0,test
1249e01dc274ce04,3,train
124ace96c578f553,6,test
124e0d93bc11dc5b,3,test
124ebb11885c64d0,1,test
12517afc7151d286,7,test
125192980d71801f,1,test
1251ff13a116f391,9,test
1256742b221c8a06,7,train
125b0e014c4c97be,0,test
125e0e9c556ebe91,4,test
1260ff47f1cabf4e,1,test
126d3c9e74535de3,1,test
1278f0cb2ff7230b,9,train
127d3fbd61086954,4,train
12865c12cb720985,5,val
1286bbb2fca728d0,6,test
1288ee43e8b6026b,6,test
128d50592c286d17,4,val
129a15a188d12d73,3,test
129ce00fdfe94946,6,test
12a0668bca3497a3,5,val
12a54c7fed4aa377,4,test
12b04d788dab9ab0,7,test
12b178e3733036ed,4,test
12b536d623eaeaee,1,test
12b73e4d57d3c1bb,6,test
12b7ca9b2e9f79db,7,test
12c1ba0ab4eae478,2,train
12c887a767c2bfa3,9,test
12d4f3942ca74bb6,5,test
12d703fd8648b8aa,6,train
12d8c971af3b79a8,9,train
12d94115814ea306,7,test
12f6bfac1582b318,8,train
12f8635df3350fdf,4,test
12fece0d0281945f,8,train
13002f14f93a07c5,5,test
1300cec587ae3e94,5,train
1302ad6f9cca9255,3,train
1305183c12d0e136,4,test
130840b6c68cb9aa,1,test
130c62257164e404,9,test
13131e78a0a4c592,6,test
1313b87b9c2c2f9c,0,train
1316902343e99ba5,5,train
1317e4888545108e,5,train
131adbede8355f82,1,test
13219ffee4bb91a9,0,train
132c0a9e3bf7db3d,5,test
133139ab58b0c505,2,test
13332df99f1bd9d3,4,test
1345e5e04f522b6b,1,train
134831698744391d,9,test
134b9c40c8c43e28,4,test
135082df359b4e88,2,test
13511cb860fe3510,6,test
135e8d69a4368162,0,test
136e35bc4ec8b345,3,test
1370369260788b8f,0,test
13741c17d2060799,4,test
1376510fcaffc814,3,test
13766d26ab4cc9a2,9,test
137cca2b9ef0f369,5,test
137d18c96fd6a76d,4,test
1380d8cfc8352778,3,train
1386830b5e741795,7,test
138b3ec4aaaf5d58,5,train
13909c8e667ebd1b,3,val
1394f5b34838bf4b,7,train
1395b2c55249db65,6,test
1397771f901edf83,9,val
13aca6031910e4d8,3,train
13af7b86a2c01465,0,test
13af7cf537de3626,5,test
13b0171f8c467049,0,test
13b246a0df6d325a,0,test
13b959054dfb24ec,5,test
13be40c52faf32e2,7,train
13bf7626ba4df703,9,test
13c2a9701f926afb,7,test
13c999dde8e111e6,6,train
13d29048b87e374e,5,test
13d7abe75d0119dc,5,test
13da046bc52f48a1,4,train
13df7d21b6033c57,1,test
13dfa18edfdec464,4,train
13e168e391983ea9,2,train
13e2b3a2f977bc21,0,train
13e50a712d5659bd,1,test
13e53d8e84fecb31,0,val
13ea1a33de823377,6,train
13fa765a8dfc21ca,8,test
14057a49ad29d271,0,train
1407ec227ef4cbce,3,test
140883722ce687cc,6,train
140f9bc711083761,5,train
1413488b0e12ec0d,6,test
141c453ebde70aeb,7,test
141e4f9781d1b462,0,test
14254e38c84c85d6,8,test
142e83b4a4435f80,6,train
14306a68c10cadbc,7,train
1431ee24907e86cb,1,train
143c1b4f996f69c9,9,test
1444c78f7b6bfacd,1,test
144f1b992c2ae29f,4,test
1459a38cc84cef7a,7,test
146df5cfbcd7d997,3,test
146ec7fc51041a54,0,test
14709bae999253fc,4,test
1477594f29d91f9f,9,train
147a6d59e712f513,8,test
148301aed996621d,5,test
14850a31590db3f5,3,test
149a192b6ea45d9a,5,train
149ce1f3282c3e8e,9,test
14a0a293212732ce,2,test
14a49b8f6c8dc9da,0,test
14a4a8fe713473f9,0,test
14ac23005dde3ce0,1,test
14acca9f0b347618,5,test
14aedf670125c63c,6,train
14bafc7eaa597b61,6,train
14c275643a1d0473,3,test
14d9692e80c4027c,9,test
14e1d178b51201a8,7,test
14e24204e9ac085a,4,test
14e39ecc672e6efd,2,train
14e9557b9eb07cfe,1,test
14eee50071177d61,9,train
14f87c62fd7105bf,3,test
14fa65da70f95465,3,train
14fcb6cb750ca410,9,test
1502f7e53a444b6e,6,train
1504b1c27cacf1e7,3,test
150bfbc86263cd9d,6,train
150f4becccb099e2,1,train
1513edd21fbf3d36,3,train
151c66fcf1aad5cf,4,test
152676f98d1ff9bd,0,test
152746433104f576,1,train
15298fed29020aea,6,test
152d9ac5cfae1fc6,8,train
152f90a9a22c6b7e,2,train
15388f3df93131d5,6,test
153e8c49046ca8ba,3,test
153f9e4015ac5bfa,5,train
15437123828be901,1,test
1547d72e33482306,4,train
154fbeb1e82d5558,3,test
1555967e98159187,0,train
155cd49d1746e4a1,6,test
155ce12c1cb10100,0,train
1560476d5aea47ed,6,test
1565d580031266f1,8,test
156adf311ce370b4,1,test
156c50b20a1d3562,8,test
156ffafcbfa8ca66,6,test
1575c929c2aa162a,5,test
157dc67b3c2f6c1c,7,train
157fa581492f6bfc,7,test
15821c69e85feaad,6,test
1595be8e76c354bb,5,test
15983332d9916b32,2,test
15a094d0220f1d0d,3,val
15abe7a953dad073,4,test
15ac521c9a2d8ec4,3,test
15b6c83f25bbe2fe,4,test
15b7a73e33f37df0,8,train
15b8423dbdcc3615,5,test
15bbcf899a24a05b,6,test
15c04e0f76b4e874,3,test
15c3c1e91f734e56,0,train
15c70ad141f972eb,8,test
15cdf9dfdf75baf9,9,test
15ce66de31382efb,9,train
15cfcdbb0b7ca8e3,9,test
15d52a8c24c85187,7,train
15da3a8ff06b9f3e,1,train
15dc78e6b76713fc,6,test
15e452a1a6f26a2d,9,train
15e62702549acf7f,6,train
15ebd213d6cbf763,6,test
15f17850f1e83b20,8,train
15f35e2dff881eb2,1,test
15f55bd7abc2f071,0,train
15f59f50deeb6bea,6,test
15f609631ef2b98b,5,train
15f7a2baf57fc67e,2,test
15febd08b0cb4729,8,train
16015e78a927949e,3,test
16066620ab9b4e1a,1,train
16086ab91dcd430c,7,train
160fa07424d4a449,8,train
1611be31cf64d100,0,train
1614eb93fd286881,9,test
1617760ae1850c29,8,train
161c368913a0fb08,2,train
16210b7edf54bd4e,7,train
16214255fb28ae6d,5,test
1627ff2f84b2d97a,5,test
162dda2f64cafe54,3,train
162e0233358288c1,6,train
163205f3e5caff14,2,test
1636077bd0de7e70,7,train
163980b2436b15c4,0,test
163c524189df77a9,2,train
163d662418f93c40,2,val
16410e9749c43bb0,6,train
1644c6d2ed10bef9,5,test
16466ec20686363a,2,test
1659c7407f2c92b6,0,test
165a1be9eca09dd5,2,test
165aa1a90035134d,7,test
165bde280a82dd37,3,test
165fdae75a665306,2,test
1663c86f6745747a,4,test
166d0deb69070653,1,test
166f1dcadafd78ae,2,test
167465c08a1d2bec,2,test
16776d8a02323559,0,test
1679ddacab6f5fda,9,test
16830a046301c4e1,5,test
16a40e9d0fe1872f,3,train
16a42c0cfad8b897,8,test
16a5e4d0062c4192,6,test
16af0671422ac506,6,test
16b2aab456b541eb,0,test
16b364aef7b17a0a,6,test
16bdc15f88a8d361,7,test
16c9ece31879563c,5,train
16cf5c7e2b1d24fc,7,test
16d3ed2eb821b3ce,1,test
16e4ada6d7a546fc,1,test
16e556a9844e07d6,2,test
16e64335e4f70ba9,2,train
16e9492c9cf2c99b,8,train
16e9ece3c81d765a,8,test
16ed99e082d6bd2f,0,train
16ef38ba599a89a7,9,train
16f175a81e59c9eb,4,test
16f41bc8d5add474,3,train
16f50dd09e32a5fa,5,train
16f71aef8d623ad8,5,test
16f8f13fd66ba11b,7,test
170070b6461f19af,1,test
1700895fdc415e8f,9,test
17042c0fec4ea0b0,7,test
17042db438e00943,0,test
17045d15077fedaf,5,test
170d1c319cf80f01,4,train
170d4c4c627b6079,1,test
170f568c94481fd4,3,val
1717cdf3d111649a,6,test
171d0ad95a130707,2,test
17208ad370caed1a,7,train
1725251ea9e26d61,4,test
172bb24e84e846e2,4,val
172db61e198d792a,1,test
172e9ab411d5597b,2,test
1734022acaa02bae,4,test
1738f7fc04f138bc,0,train
17399f6113da0645,8,test
173d16a4d662b1b1,1,test
173e6bd3f3e55662,7,test
17429a746c4a5747,0,train
1743518cebb3e423,3,test
1743f3a37bd807ce,7,test
17448e9bb46d1757,4,train
17451c8478180e16,3,train
1749ba871db0399c,8,train
174d2b5b316f382c,4,test
17533d17b1fb0367,2,train
1754ff0f99937b3b,4,val
1759d0bd321bc504,6,test
1766a7a60ff00fec,9,train
1771cf17746a9c64,6,test
1774eddf2bb3d1f1,1,train
177dc04aee20c717,5,test
178574ef727950d0,7,test
178d88ab3ae410d4,7,train
178e027beddf3cbc,8,train
178e2c4936e6402d,5,test
17924b0c1cae1fea,4,test
1799e21fca4a129c,0,test
179a5f17f1cf0857,3,test
179ea4fffbdcb109,9,test
179edc55a468a412,7,test
179f755429d80057,0,test
17a137d3fcea92e8,0,test
17a531a7c7de1801,2,train
17a5ed6a10292f5c,5,train
17ad03d47bb50d54,1,train
17afedb4e2a75cc6,8,train
17b975a4eb3276cd,5,test
17b9f9b7620882a2,7,train
17bd52292e00b73c,2,train
17beeabbad17a642,8,train
17bf481250e058b7,3,test
17c616e931716106,5,test
17c8695ac753e322,4,test
17ce47e7a0b9ff63,5,val
17d466e72a4a256e,0,train
17e1ac23618c407d,6,train
17ead6159a703533,7,train
17f4c752969f5184,4,train
17f518e0d3e80781,6,test
17f58921bac47a14,2,train
17f8b7e85c09232c,8,test
17fd985686654b2e,2,test
17fea93ec58ce333,6,train
1808de77ad6184f9,7,test
180aeeffdebb29e9,0,train
1812bf632117f049,5,test
1813ab7e14bac79b,9,test
1813d29212e6a8d0,6,test
1830ebb4382e4f8d,9,test
1839235e770c534a,7,test
18471525231810d6,5,train
1848ab580d7ea0c6,9,train
184a5ac97caf148a,9,train
184e80bb09e515e7,3,test
185227e74edecaad,6,train
1852d34fdfd49410,0,test
185744565ebc94b3,6,test
18593d4022c706e7,6,test
185ae06b814ebc8c,3,test
185c120f026021e1,0,test
185c43d47f311911,5,train
185c8c8172783054,7,train
1860eade19b2872f,1,test
1861322f0f35b940,1,test
186f47328269a907,2,test
186f7a66de470373,1,test
1878d83dbbbc3ec7,4,train
18804abd10cb4917,0,test
18824a1f47322935,2,train
188a5332dad74fff,3,test
188d380143b37c60,9,test
188f645b8424d020,3,test
1896e902f7f60c48,1,test
18a22537f746f36d,0,train
18a38a5898c7595e,0,test
18a3ab02ab1f3f4a,1,train
18a6c7352ba2d507,0,test
18a9e6070ac27669,4,test
18abf56cc5b26725,0,test
18ae1b0f2c7e3b46,9,train
18aedd2afc046af4,4,val
18b34554e6f72105,3,train
18b576dbdcde2661,2,test
18b7a1a96e627a0b,7,test
18ba3a91d48992cc,3,test
18c0d2d1050da6f3,1,test
18c2bf3de9d47ebe,4,test
18c42ccdcccf504a,4,test
18c62ac87476be2b,3,test
18cb7539842f2790,7,test
18cd0d9f8447044a,6,train
18cd54b54d5a2ba5,5,test
18cf7cf205bfc6d2,3,train
18d85b1a525d2ab7,1,test
18d95d5c6cf9ae40,5,test
18dfe4520cc4713a,2,train
18e98eb38a6fd510,6,train
18ea5089f79a62f8,7,train
18f270ee8f9fd26b,3,train
18f324bfe48bb3a5,1,train
18f9fbc728aee848,4,test
18fe79afe7c12ddf,4,train
18ff274b0c1f9485,4,train
19054ba28614b0d3,1,train
190aaba9c64304a6,1,train
190b674b2f36e63e,8,train
19170f222e8a8efd,8,test
19190191ad506f8b,9,train
1919131e2be3e3da,8,train
1923a4a262f2981c,8,test
192a20a6b1274084,0,test
192ef637fd15207c,7,test
19351fe142f8d169,0,val
1937e59059118cc8,9,test
193c46b42c9c7a7f,3,train
193c9c444c4223c4,1,test
194b320c4c72dc10,1,test
194b7cd28d698268,0,test
194bcd79f1e10ec4,4,test
1955433f4e6f3141,9,test
195de4db53498cba,8,test
1967c81bfdfa75f1,5,train
196a598dba098943,9,train
19712ed5305f0eee,0,test
197275448a8431d6,6,test
1972c863455fcd8d,3,train
1972ddeea8165a01,4,train
197350eddb23f0d9,6,test
19749b9375f33dd1,8,train
1977145fde88d204,8,test
19774bbd584ba522,7,test
197ec04d42fcd535,6,test
198538827dfdb9b9,9,val
198c2c1e5dc372a5,0,train
198e8058be800c21,0,test
198fc2d8ecfb27d4,9,test
199023649d19a955,9,test
19910055ac006425,4,test
199a3192b70cd9d7,1,test
199b6717ea4a5b48,4,train
199c026d7be344ed,7,test
19a65bee0cf273a9,4,test
19ad6bf71cee7e12,4,test
19add0c92d822593,6,val
19b534be41c39193,3,val
19b7695a6ec5d9cd,9,test
19b8768b65e97562,4,test
19ba2d4d98f9830a,5,test
19c1dbccad5072be,7,test
19c35f95c2962188,3,test
19c561a6264e8bd7,3,test
19c74f63c129953e,4,test
19c8268175d2b996,0,test
19cc3478826ec140,9,test
19d956692d788a8b,2,test
19da227b0a8f077b,1,test
19e6120a94ac96f2,9,train
19f06fcad256f95c,1,test
19f0d0ada7c9e91a,8,test
19f0e7807f8b74dc,7,test
19f75241fdf57854,5,test
19fedb37a297fe34,8,train
19fff90673ce0d97,0,test
1a0ab07db3bbd107,0,test
1a0b00beeddf839d,7,test
1a0f242dad7511ed,1,test
1a18d6346f58fcba,8,train
1a2a1408989bdebd,5,train
1a2ca24915790312,5,test
1a2e981fee23b5b8,0,train
1a3db3b0d2eb76d6,7,test
1a3fc163d077fb6d,8,train
1a3fd8dae81e9ef9,8,train
1a40f79507992f54,9,test
1a442091dff25b95,2,train
1a497500cb9d052f,9,train
1a4a14664ec3cb85,1,test
1a4aa1bfa5d8b4b5,2,train
1a4d8a032a834bee,4,test
1a506567146e7d0d,8,train
1a555ac50bcdfe2c,0,test
1a5812e9502784b5,4,train
1a5c20b5e053baa5,5,val
1a627f747070ca20,7,test
1a692a96751485ea,6,test
1a6e84fbd33b5d72,4,test
1a74d6f08af85cf1,6,test
1a75d6b66f19f11d,4,test
1a767c2bb7149c1f,5,test
1a77b61bba9bbc08,2,test
1a77e0fdd751915d,3,test
1a77ee2b129e90f1,5,val
1a7c9f8932ca7068,9,val
1a7d49b911e1b82f,2,train
1a7eb6cdd5d8b233,7,test
1a7f2ffbc46db59d,9,train
1a83ea64368f27ac,6,test
1a8449e68d9e7dcb,7,train
1a84b6ee917d651d,7,train
1a8ff085e394b95d,5,test
1a93ebf42a1a25be,6,test
1a94e8581718eeff,3,train
1a9596633218e258,6,train
1a98ab551d00e74f,2,test
1a99e6dd957d132a,4,test
1aa3cca72f422176,2,train
1aa95f6489d2b549,1,train
1aae211f487143f4,2,test
1ab30fdd37b4c7df,5,test
1ab4afe82eb04b6b,0,test
1ab5dcc29fbc54b2,8,train
1abbe61613ce0d20,6,train
1ac250bffa401cc7,1,test
1ac324264257c361,1,test
1ac9e5dac76a63d0,3,test
1acd8b7d1dc3d89d,8,train
1acdd06aaa09a6ba,7,test
1ace0a76609d85d6,8,test
1ad555892fa36983,6,test
1adf555d68f49e7c,4,test
1ae03ac843faa4d5,9,train
1aeaee1e6436cb86,9,test
1aeea039566d3e76,4,test
1af092c728046c6e,1,test
1af095452e30aa52,2,train
1afd45ce01edc1c2,2,train
1b0a69395e2e8e2e,7,train
1b0bb75aedebdb59,8,test
1b0ccbe121b2774b,4,test
1b0de50ec1841b8a,7,test
1b1745d0116c1f47,4,test
1b2311e6862945b6,7,test
1b2fc6cc8d44622c,7,test
1b393b5fb41e0a56,3,train
1b393cfd684cf399,2,train
1b3c4d4d6d960995,1,test
1b3dda1b700cdc62,9,test
1b50b0eee776d277,5,test
1b51be149f412213,6,train
1b568e67a61c0117,7,test
1b5ae7e4c69219c4,8,val
1b5d72f8ce659c16,1,test
1b5d8f9fd7ba4676,2,test
1b6505fe14953e25,5,train
1b6667b65c8f6418,7,train
1b68c73dbf1d4693,2,train
1b6b5c6067d1e866,5,test
1b6e18f2f161404c,7,train
1b75a506d9990ca4,7,test
1b7954c3944ce17a,9,test
1b824d720a7c7370,2,test
1b857fd5a5344cfe,0,train
1b867b8649cccc65,9,test
1b8bae2554b018ed,7,test
1b9a2cc850f6e61a,3,train
1b9a6f01647c0347,6,train
1b9ec7969e708a5f,0,test
1baada623dc11124,7,test
1bb347c3d3fcccf2,7,val
1bb94179ab0a0386,1,test
1bbf8f1d46768129,4,test
1bc38178fc75cb84,2,test
1bc5612f726fe353,9,train
1bc5fb6963b8b2ad,0,train
1bc66a2d92bfb80f,7,train
1bccd60c0926c168,1,test
1be2640418dd374d,9,test
1be537e80520c2e5,1,test
1be5aa4efa10d9cd,0,test
1be9ed49d627d9a9,5,train
1beba78ff019cf02,9,test
1bed6ffcc9d0ed53,7,val
1bf0029edaeeb033,3,train
1bf0cb3fec3cc6b0,7,train
1bf589b12042688c,2,train
1bf6ff2aa271de37,8,test
1bf8f8967e4eaa21,4,test
1bf9136d3601f2e9,6,test
1bfb3208474983b4,8,test
1bfbed2a3aa3b36e,0,test
1c0988fe744b7758,5,train
1c0aebe3cd3c74a6,0,train
1c0bb0101f7095fb,8,test
1c18da545b037c1f,5,test
1c20622902557f3b,6,train
1c27eddf17d7f2a5,5,train
1c31785689c7b4da,7,test
1c324e7530dbc9c2,5,test
1c372f220d17a6fc,5,test
1c395ef4663e4b87,9,test
1c3f7ad2838f59aa,1,test
1c40522ec8dc8dfa,2,test
1c46f06354c159f1,9,test
1c47b23bf1ba836d,0,train
1c50cf3cff47a223,4,test
1c57c34aad1af329,3,test
1c5ed5011637dfce,7,test
1c6265402a0bef13,7,test
1c6c907f9c376984,3,train
1c70baad174477c4,1,train
1c732d9b477fd96d,4,test
1c740e0b0e33db20,8,test
1c75e81a8621a0e1,2,train
1c7a3b76d2be0cb5,2,test
1c7d1631ef8b0234,0,train
1c80f169c885c8ab,9,test
1c8147620ba73c2d,0,test
1c88f11eec91cb54,3,train
1c8d7cd510f6a8e4,3,test
1c8dc22b337c6eac,9,test
1c918e0c6bda9da1,0,test
1c9499927cafa5c1,3,test
1c95837039ce9a5f,3,train
1ca726ef16f1536e,1,test
1cab3b97049c6817,7,train
1cb04a5f46e550fe,0,test
1cbaa5105319377d,1,val
1cbbba2f9a82dfc9,8,test
1cc2a3374c762e08,4,test
1cc8a095645f802d,6,train
1cca2093dffc246c,3,train
1ccbc78b7d500ac6,2,train
1cccd690b3794f04,7,test
1cd29f14cbb31dec,5,train
1cd654d4b196352a,0,train
1ce139f13aa9f8c1,5,test
1ce2f85494bca214,8,train
1ce72db14fcaa1db,2,test
1ce9b97b0df69daa,3,test
1cebbf9de20c3b49,9,test
1cef23c41ddc05b9,7,test
1cf28f57c0e6b451,3,train
1cfbd0a7b46a2169,0,test
1d037f086f417241,6,train
1d0c25eaf5f7f19f,3,test
1d0c3ceebbdf356d,6,test
1d0e20d57ce266bb,1,test
1d0e783a2d20c7a1,9,test
1d111f5b982a2229,9,test
1d12289703dda518,5,val
1d188ff7e1a77ed7,6,test
1d19ae5341b3d361,9,test
1d1dbf7c30af5cf2,6,test
1d25bc043aed084f,9,train
1d32f35a666b5220,8,test
1d37075a27323ebd,3,train
1d3a5d493f37f2fb,6,test
1d423ea10204e697,6,test
1d46b9264694653c,8,train
1d5036cbc091d1d5,4,test
1d54758214aa62a3,3,train
1d5629b2dd2af015,3,train
1d569caf6ad7db61,1,train
1d58dac42c30ada2,2,test
1d5a0c210578841a,3,train
1d5fdebc227bb435,7,test
1d6183895c6ea721,5,test
1d68a5a610a51b2b,4,train
1d767ea4164beea9,4,train
1d79d2ea7c490de0,1,test
1d7dddd7f5365ae9,3,test
1d839823677ea7ef,8,test
1d849ec5916a47e4,1,test
1d84c166ab3b79fd,2,test
1d89a3486e79a693,6,test
1d9667fc7122fba3,0,train
1d98d57ea3929b77,2,test
1d9a4d945374453c,9,test
1daf56a6be90cebd,5,test
1db5827c9e599fa8,5,test
1dc59fdeee6b8963,2,test
1dc6a675da7448d8,0,test
1dccdd604906fc96,3,train
1dd684830a73fb25,2,test
1dd68bdbc53725b2,5,train
1dd6ec7e2088ef05,0,test
1dd75b7767cccceb,8,train
1dd9a1d3c220ac3b,4,train
1de4d11ad94f58d7,1,test
1de8a5f469e88a05,8,train
1dfa976f1ae43bb1,0,test
1dfb124025c82185,7,test
1dfdc0897a122c7a,0,train
1dfdd57bc2457e98,2,test
1e013067664eb68d,3,train
1e02696ecb6d7fb6,8,test
1e0380ac367a420f,8,train
1e06b0728624e535,4,test
1e0ce0526d5a7ad4,8,test
1e0ef3dc2b49b242,0,train
1e1079253d29c4c9,4,test
1e12996adc127fb6,3,train
1e153199bad236e5,4,train
1e184c3d4666a27b,9,train
1e1aa21c81f78474,4,train
1e1c38918da94dc7,4,test
1e1e15adc0f7e57f,0,test
1e1f74b33155b6f3,7,test
1e21a927de793fb1,4,train
1e22966b032fc5e8,6,test
1e283f1e4d6e2c35,2,train
1e3122860ede39d7,0,test
1e373767ddbdf302,9,train
1e3979bf5f15ab3b,5,test
1e3b37b0eaf1447f,0,test
1e408b04ff699196,1,train
1e430241760aab2d,0,test
1e4b457e2e76d996,4,test
1e4dbc3efee06467,5,test
1e55ce0aa90f6cb9,4,train
1e55d5f4b31eba8c,3,train
1e5891c4b328f136,2,train
1e5ba9ecd8f0fde1,3,train
1e60b8dea99f10db,5,train
1e6a0b1053b61569,1,test
1e6fa4f1a9b1a591,0,train
1e73629946321df9,3,test
1e7cf1813861704d,8,train
1e7d2504585b92f5,3,test
1e830e050792258f,3,test
1e893e1e5b601728,9,test
1e89eeb3916cd061,4,train
1e8a37549bd95ecb,4,train
1e8abb89071ad874,1,train
1e8d9290cea2625c,1,val
1e98637a57732f72,6,train
1ea19bf49e9e256a,9,test
1ea32e9c8ec8532e,6,test
1eaabaeab69d0a4d,8,test
1eaadbb6a50ec040,5,test
1ead2bc78f0e2d22,4,test
1ead7fae2c97fb66,0,test
1eb0f27b32528f6b,4,test
1eb105db483c9edc,4,train
1eb3ec6ac8e37321,1,train
1eb54bbb1e011a64,3,train
1eb7a8244c05db4a,7,test
1ebb73cd206bab64,0,test
1ebed80a48ad6329,9,test
1ec07d8bed90115d,8,train
1ec4fda631779954,7,train
1ec7a75144d37161,2,train
1eca1e8e5a47d7aa,4,train
1ed873cb99eb352a,4,test
1ee0b3420762d94b,0,test
1ee15089db52c372,3,test
1ee8db8410551268,4,val
1eeb8e37695c901c,2,test
1eee1a3af22f1866,7,test
1ef451dadcc2bdc1,2,test
1f11d2903db60ed1,1,test
1f17af54bb5fcbdf,2,train
1f1bc99c5759f4a4,2,test
1f1f2d2daaa3bb7e,8,test
1f25700675608047,7,test
1f28f0378ef0fb12,3,test
1f2992ce2853188c,4,test
1f32cee341de6b7b,2,val
1f34f3aed1115011,7,test
1f372f55c33652ed,7,test
1f37eab895414c46,5,train
1f39ecef8f701218,2,train
1f3e7e1bb5f8c5ad,5,test
1f3e9ded02b3fad2,8,test
1f44d9d9bbdf0ae5,9,train
1f4566652bc5548d,9,train
1f49e24c93dcf037,4,train
1f52ac240d630920,6,test
1f58ebce52a13df1,7,train
1f5cd03911d87fa7,6,train
1f6fb078357f5261,1,val
1f7353ee1998c86a,6,train
1f7adde888dc3953,2,test
1f8344224b3116e4,0,train
1f89aba29e2d5cf1,6,test
1f96d25a50f097ef,1,test
1f9ba7fa6624f1ec,7,test
1f9cf688de3c74c8,5,test
1f9e6022793dbf78,2,test
1fa11fd22361425d,2,train
1fa20d874585711e,0,train
1fa7c8e950744db1,7,val
1fab293050b97fad,5,test
1fae8b68a0c4b04f,7,train
1fb07b2f511ae632,5,train
1fbac9cfdff4b404,7,test
1fbaf31fac79a1f6,7,test
1fbd06052fec70ac,7,test
1fc200a6d86974f7,4,train
1fc24ebf707a1580,5,train
1fc422af6632d43d,1,test
1fcc8650db8236c5,1,test
1fd11741c0f1db3f,4,test
1fd9e81a99c3fa84,4,test
1fdb530f010e2cf9,8,train
1fde61f8aacdf795,7,train
1fe11a8e1ddbad64,2,train
1fe17767a0cfe0d6,4,test
1fe2c520ed768aa7,9,test
1fe44deebdcfc52c,2,test
1febd747706fff3e,1,test
1fef0258ad6db468,7,test
1ff4466c0377e444,1,test
1ffb38aa75bdd5cc,1,test
2003d5f2aa51110b,6,test
2007fa25ce4b2f63,9,test
200808c60effef10,8,test
201abba6560d023f,2,test
201cc93bbf1d7bf9,5,test
202483c71c3bded6,2,test
2026333cde1950ee,8,val
2026952769b070ac,1,test
2036802d3d558bf6,7,test
203aba1b27778c8b,4,test
204255965d9d5896,1,test
20429327ea4349b0,7,train
204776ba066eb033,2,train
2051c8abcad52b72,5,train
2054a66678197527,7,train
20596b8c3072195f,2,test
205fa8d04dd9e38b,4,train
206112a53c97794b,4,test
20611ba1d11a9cf8,7,train
206698300b7ae928,6,val
207089b18dc11464,6,train
2076fe852e15de9b,1,test
207d36d5b365cfe7,4,val
2084bf3d3656d081,6,test
20864a867c5f8453,7,train
2088059e2c82a820,9,train
20883242d3473ad3,4,val
208a47501a937ee8,6,train
20a46945d03d08e6,3,test
20ab5a2242352313,4,test
20ad2223e3b8406b,2,test
20b2b3e2734ba823,0,test
20b34ad9190a8919,6,val
20b3af95f975ecb0,8,test
20b3dee8857393f5,3,test
20b4c9e5e09aef4e,6,train
20b7cf900d216535,2,train
20b8172cfd3527f4,1,train
20c407b0e7903f4e,1,test
20c7ee0a40eacd0f,6,test
20d5736469943c9b,1,test
20d72030ce30629b,0,test
20e2dbedbb623f86,8,test
20ef5faa494f7731,3,test
20f30fb3d52cd94d,6,train
20f3e4b3f9760f94,8,test
20f5a28695e1adc1,4,test
20fb8b21c115b777,1,test
20fb9b780f6a59d8,0,test
20feb13884cdd6c3,2,test
21146d07300afadd,4,train
21187910b5c708a2,8,train
21199158548f111d,3,test
211b8337bbd520f9,9,test
211c8b243d2c90a7,4,train
2121103c017ac4bf,7,test
21219ec554a16f74,8,train
2123937909b431d5,6,test
2128ca22ee76294d,4,train
212c4f662fd8998d,6,train
213090d5eaf671d6,5,test
2131491fee5ce0e7,2,test
21321d59e1b78e55,3,test
2132ac9b42db0364,9,train
2133ae078aa59496,5,train
213450ff1e19a0b1,8,test
213828df46f21efd,1,test
213adbfa58109063,8,test
213c5df878aff97b,6,test
213d0158c19e79c5,0,test
214c6c589fe53717,8,train
214ce3db50c8357c,9,train
214d706f73bedded,1,test
2150679d9d83351a,7,train
215db8125bbf52e1,2,test
215fd59e0b8d28b3,3,test
2164c3d5204e3e2c,6,test
21706cf038d99736,1,test
21831ab31c67b0b7,8,train
2184fb5105a6c966,6,test
21850c9166036f47,6,test
218cc24b966af2c3,4,train
218e32ee968c1bec,1,test
218f929de0762b17,5,test
219482563a3ebc29,9,test
21ac804cd2706c1b,2,test
21b133545db2aace,1,test
21b518aff25eb01f,7,test
21bb12cea0a7670d,5,train
21c35d2736a6a8ca,5,train
21c61da31ef642a4,7,train
21c77046cb6ace8e,0,val
21cea864ad05b9df,9,test
21cee4f3550a2bda,5,test
21cfce8df2381afd,1,test
21d3588990f4bca9,0,test
21d52bd501fc5468,6,test
21db0c260b9655bb,8,test
21ec9906181c99ac,4,test
21f784df547cbc02,3,train
21fb3877f0153f78,1,test
21fe3ca4d1c403c6,9,test
22012fe1a5e237c1,5,test
220349dda6d579af,4,train
2207637efdf717a1,2,test
220952593d893d62,3,test
2213856add1e74ad,4,train
2216dd28b0c590ce,7,train
22177ae998918ff6,7,test
22187e64cb550a47,2,test
22356d6adec8edca,6,test
22385284783399c4,7,test
223fee56b59512af,1,train
2245b7abd9c990d5,0,train
225704983f3a0ad7,1,test
225d97a97a3a5671,0,train
22845d5c8fa0e9c7,4,train
228a29edd75395d0,6,train
228f97644fffacfa,6,test
2290d6b38e34f14e,5,test
2291db0ad0ae015d,1,test
229624762a4e83fb,1,test
22afbffd81cc0b86,7,train
22b13cbfc0e53185,4,test
22b1ca419f2993b7,7,test
22b20f94933fe1b7,0,test
22b702c09ad9f8d4,5,test
22b7e3e34e1a113b,2,train
22b7ec7a2019c5c3,3,test
22c340bc4f6ce862,6,train
22c3fc76ae59e669,3,test
22c7d41a383468c9,9,test
22d1afd37bc0a817,5,train
22e13a5c2564b941,7,train
22e89914cbfe4c5e,3,test
22f0e67473d417e5,1,train
22f4f942340f769a,3,train
22f5dfcc5fa9647c,5,train
22ff0c6d8e780364,3,test
2309d44b26fc04af,6,train
230c8f6d6adc815b,3,train
23150552bcac1757,9,train
2317c22e8dd92ea4,0,train
23189bdf23f979cf,7,test
231aeb17d6af0d42,3,train
231fb801743e8fcb,9,train
2321247e5eb6549e,5,test
23290242718baaf7,2,test
23300e7a456339ac,9,test
23359dfa618e70cd,3,train
2348faad62de632f,6,train
234a9919335f5229,0,test
234c26614e49a73c,7,test
234c47fbdb813324,2,test
234da5d1909f35a0,4,test
2356e5b74fe293d6,5,test
2357a136ec0f411d,1,train
235a531497a5c6e4,7,test
23620fb67c1ecf7a,6,train
236277f5cf6f45fb,0,test
2367739f2e7c9e70,7,val
236f7d517e38b9c0,2,train
2376a8076b57b610,5,train
237a20134bdf43bf,3,train
237b10cf7d74a146,5,test
2383908a5ff8acb0,9,test
238bab1ddfe969db,1,test
238fc28752189e8a,7,train
239339c45c208d58,5,test
239662d66d38f89d,3,test
23969197cf5375d2,9,train
23a2e3f44ac250a6,4,test
23af4aba105138d7,0,test
23b1772c3bf1c4c5,3,train
23b92b14de4728f6,9,test
23bc0f620dbf391c,8,test
23c320f899fd243d,0,test
23c34d0bf0cc69aa,0,test
23c64a801514d146,5,test
23c771c0615d9555,1,test
23d0da7ca446e777,0,train
23dac0a540cb540c,1,test
23db355247c6b9a8,3,train
23dbd583d5232b54,1,test
23deff2c228b9fb2,4,train
23e3af46d1cc19af,7,test
23e5a9e2c3d30084,5,test
23ec0f1d961d1fd9,5,test
23fdb094e0b48b79,1,test
24083f28c315c000,1,val
240a0b4dbfca0ccd,7,test
240adc91cf7b98e3,3,test
2411937e977c9eed,9,train
241349f5a0aa1c0c,1,test
2414623d6add51b3,9,test
2414cb8f2f9131e5,0,test
24179dcddd5938ec,8,test
2417fa366eeebae9,0,test
241cb170bc324e7c,3,test
241d0e86e131a804,7,val
241d5f2827f33754,2,train
241ea69b57ae6f19,7,test
242167f6b0fe9261,7,test
2422863b0f751c14,5,train
2425611a0d2c2b1c,4,test
24266d534c418beb,7,test
2430d4993b1f05dd,5,train
24320efed9632056,7,train
2435740ff3aca20d,9,val
24368d4d356185b6,4,train
243af591055a5488,5,train
243e30792ff80138,2,train
24412d099c4c70f1,1,test
244b095bd585cc9b,1,test
244f36581a8cf5c4,7,train
2463159ac13da6cf,2,train
2463aff5bd1bf4c2,0,test
246d5ee11c923f85,0,test
2470fde8ec7b7a8d,2,test
247721024f41eb64,8,train
2483bf99c6e6edcd,1,train
2484aa0c96706bd9,8,val
2484c6c9997393d9,7,test
248b493e3f26e90b,7,test
24915e67c69592e6,5,test
249a6b66f6d88fa9,3,train
249b55b3ffd32d74,5,train
249cbf7d81cd9b25,0,test
249ef89e41dec782,6,test
24a69a50e22aafb4,7,test
24a9611e3ae6d890,1,test
24b0c30863d7b320,8,test
24b64a5501b5284e,7,test
24ba6bb9a03ba580,2,test
24bc12a1d4f5d1f3,4,test
24c3b72e913bf192,9,test
24c594df1afa3c32,0,test
24c7554767e69e81,9,test
24ca066261502fcf,6,test
24cae93b7d9d4620,9,train
24cbfe05e3e9ce9a,4,test
24cfbd47f9fc872b,8,test
24d43ff7e8fa6d3a,9,test
24dbacc932d55a04,8,test
24eb160c5fac31f4,2,test
24ed13828837a3e6,1,train
24f3ca33aeffa5b1,5,test
24f703220cc07e61,1,val
2503260e9d6678e8,2,test
25063a3b6c4e8bc3,4,test
250b0e6366e77be9,4,test
250d8cdf5a2824f1,0,test
250eacd51cc4ebd8,7,test
2510e28aee15628a,8,test
2512c09c1bfbd0c4,8,test
251368376a6581ca,8,train
2514d477ca6c3658,8,val
2515453aa8e856a9,6,test
251ce8e2bfbab524,7,test
252fa7bb6260b8cf,7,test
2530e4397b86792a,2,test
2534c2dcde13fc3d,1,test
253de2d340fba55b,1,train
2542e88eac0d45bc,5,test
254544edfd988408,5,train
25490aac3534b958,2,test
25490fbf25866e8a,5,test
2549fce811bc0c3b,0,test
254aa19a9876f5e4,9,train
255129774a0e27a2,7,train
2551b40b83745291,6,test
2556b1538f6da3a6,3,train
2558bb04b908f011,0,test
2559abf0b5198ed4,7,test
255e05c7604b8620,1,train
25670a815f4059fb,1,test
25696886d72f8c5e,4,test
2570c2afe531093d,2,test
257149913fa2ba98,9,train
25798df75b8db4cd,8,test
257bbbd886bf2909,1,test
257e3adbef282f4f,6,train
257f3d6fdeac25c9,0,test
2584ccb4596a64f7,9,test
25863b707ed58618,6,test
258e8980f37fde09,4,test
2597525c2328eb1a,8,train
25a390c32048df4b,1,test
25a639b17b1fa21f,7,test
25aec52d070a72a2,3,test
25b5c2625b391e46,7,train
25b6db4d1818faaf,0,test
25b81235b98d649b,1,train
25bbf75f2800ca95,1,test
25bcc81e7dbfd71f,9,test
25c485701ed8f1fe,2,test
25c687e59e71743c,8,test
25cd0023adc1c4d0,9,test
25d1bb5b9b287256,0,train
25de201b65bd7151,4,train
25e3b26e269c30b0,7,train
25e43f8c838338e0,4,test
25ed86f94ea9c60c,3,test
25f207f1e1b0eaf9,6,train
25fce4603299a071,0,train
25ff341528d8b122,9,test
2605010fd4e9d214,5,test
260ace24427e1e56,3,train
260dd3de0b78d978,5,test
260fe9cd4368ae88,4,test
2611318c50cc3f2b,1,test
261201f5dccb86bc,2,test
261247211557a4c0,6,test
261e8fbc2995dd69,5,test
262143d1b817fc3c,5,test
26247802e5a0c586,5,test
26259e4869c22471,6,test
2626a14abd61df25,6,train
263475fa1abfda56,7,test
263a9904cccb66ab,8,train
263dc0b5a3ef9b1e,3,test
2643373d48d310f6,6,train
26459f9228efec05,0,test
264732b867e01153,9,test
2654289b85337097,8,test
26566066960958ce,4,train
265968dc8b605bf0,8,train
265addbacdd440d1,9,train
2668ad945db8b18f,5,train
266b6c019622ed86,6,test
2672b2b5e7e260a8,1,test
2673e857e195cd2a,6,train
267400e4c46df76c,5,test
2677532463590cab,9,test
2679b7b7d1d1b09d,9,train
267c4ff86a743529,0,test
267cb7f3f71638be,3,test
267d8a2674c4682b,8,test
26818a8fcbb632eb,8,val
268421c8f9572c24,7,test
2684889eec7575eb,0,train
268d782ebc282e02,5,test
2693b4074f403796,2,test
269b1754dc10adf3,4,train
269e53a3857ac5f7,2,test
26a239756f02ee0e,2,train
26ae82f06013ce7b,5,test
26b6f14e98185346,7,train
26bfb02abdf744b9,4,train
26c709dd19a65eeb,8,test
26cb527c7ca5ca30,4,test
26d6c5fe046874b8,0,val
26d722928fc3f391,8,test
26de0b2893e2b262,3,test
26e31d93d6a0203e,2,test
26e60f8c34a7552d,1,val
26f134e667b4da9d,3,train
26f5bdb36e8d2070,4,test
26fd7ee7bb6081d1,8,test
26fdfadd7295eacf,6,train
27032a2004db885d,5,test
2707ffd3fce1ba5e,5,test
270b60160a5e56cb,1,train
2719080af47e36df,9,test
27206fbd7a1417d0,7,train
272bbea02f2c42b9,6,train
2732b2d67ef0c925,8,train
27377ec1feceedb5,1,test
273eb9720c0800d6,8,train
27408b4d03f13a73,4,test
27441869ce1e3219,0,train
2749a0424483f8ac,6,train
2749c4b921e77bfc,9,train
27528570b5e82f3a,7,test
2755babeb0edee7c,5,test
275601f903b76b34,7,train
275a3a0d3217831a,6,test
27609b5996049c83,5,test
27625f33e3d10e40,9,train
2764204572f8bf86,7,train
27683e14b7819378,4,test
276e9d72b2294f3e,5,train
277310e3f02b3eae,1,test
27736ffcd49aff36,2,train
2777aee062752a0d,9,test
2778d1fc079cb039,6,test
2789b78ca3e0950a,4,test
2792ff7068ec5321,3,train
279f3798ad38ef19,6,test
27a2c23e57c15b12,6,train
27a2c8a761e4e2b5,6,test
27a866e7c9d51a5a,9,train
27a94d328feb1d8e,9,train
27a9d68d46216a8c,8,test
27b34faa894affe3,4,train
27b6fe0498cce08f,3,val
27c21e11695f3808,7,train
27c5da92512c4421,8,test
27cc175e50a727b8,9,test
27ccaedde87b48c5,8,train
27cf7eab3695bb89,3,test
27d18a899214bd79,4,train
27e44e8ee22d2ac8,7,train
27e817339d4b6401,6,test
27f0b5b6a112c3bf,2,val
27f9d3beb93aa2de,3,test
27fa9a87b4cb9807,1,test
28010d7f78261869,1,test
280162c9b3b66b39,9,test
2803eca10f5f6c8a,3,test
280a98c72b8d131d,9,test
280bd2150e441090,9,test
280cfba1b92671cb,0,train
282958bf66f0e2ca,4,test
282dc8053809a788,0,train
282e654b0a683443,3,train
28324745ada79a18,2,test
28390f611ac3ca14,9,train
283a5fb2a50c3f05,8,test
284400a61017cb46,6,train
28441d2a93ea528b,6,train
28444feb4f0da6e4,3,test
2845df32a31337a3,1,test
28477be7a7e1ff4b,0,train
2849c717fa31b629,2,test
284b37e44bae1f87,0,test
284b91f8c5c684b6,6,test
284c8c8e9d230ce2,5,test
284dde1b537735c3,6,train
2856064be32e4b6c,9,test
285de1bec9effce2,2,train
285ebdc75a9f7dd4,4,train
2860a3cacd9b669c,8,test
28612126310761ab,9,train
2868348e5b1dd20a,7,train
28688d5b1e518acf,9,test
2877cc66e96b03eb,7,test
287a3f2925dc0fe1,5,train
287b060143a7004f,5,test
28804e9d692738de,3,train
28844eb26bc84834,3,test
288528a12e9210f4,5,test
28878e27ff544c42,1,test
2895cb0d7241260c,6,test
289f33f2bb0613d2,3,test
28a5a1fe944a2ad2,7,test
28ab2a7a9e859ae2,8,train
28bb0ef5b39b25f3,0,test
28c221dca0dd8058,2,test
28c73cc65bf660c2,9,test
28d057db7c45bb26,8,train
28dfe14e00eecb4e,5,test
28e11db71eb5310e,5,train
28e86c53218519e3,8,val
28e91532dfce91ae,3,train
28ea79875e02c467,7,train
28f453d64193819d,9,train
28f4c2850902e1b8,3,train
28f5a428b1affeab,8,test
28f9173fb9100839,1,test
28f958acae375237,7,test
290395a77a5a4dec,7,train
290541091e9e5845,1,test
2905b168761463f2,4,train
2910c2fb04bf6db7,9,test
2917481caf40a076,1,test
291ab8927a0578f2,6,train
2921a311f2fc3309,2,train
2929db8307ff2d5d,8,train
292ae2440bdd26b1,9,test
294b97c7c4a01d59,9,train
2954d720f253d3b6,8,test
2958456eafb6dd70,9,test
295e7dc72a39b806,4,train
295ef2ef3dbc4560,3,test
29657765ce709259,5,train
2966829b3a9f580a,6,test
2966860965739cc2,5,test
296b8ff5ba66fb11,7,train
296c7d7e6cef9a78,2,train
296f06eb070f5605,5,train
297081b6e87271a7,6,test
2974af3664566fa8,5,test
29789dade2defd4f,5,test
297b387f0815a461,2,test
297bf1cd33601374,8,test
297e48d758770f34,1,test
2983b8d3cd2da2c2,2,test
298698a2f8fd1560,0,train
298857ceda80cbe4,5,test
29895b4c23a92b6d,5,test
29966e718909dece,6,test
2999ecc79d3ac611,2,test
299e1aad136aa948,1,test
29a6d2cbd8dfbfee,1,test
29b8255695bcff80,3,test
29b904caabad7f07,5,test
29b916741f2129c1,9,train
29c90b48557e75e3,9,test
29d32e772870fe2f,7,val
29d506c34236cb76,9,test
29d95fe42eca648c,7,train
29ded8191c46a3b6,3,test
29e3369d6214fef6,4,train
29e5ddd185a45ff9,6,test
29ec1833e592957c,2,test
29edcbf6a8ac5b81,5,test
29ef86b094df10ab,3,test
29f24953e9233db6,6,test
29f31ccddae667a7,5,train
29f87fdc569f97fe,4,test
29fae7aeda67d743,9,val
29fce161b4970a72,7,test
29fe5fa4862c6fc9,1,train
2a08268e78334914,6,test
2a0f8067fe81d514,3,train
2a101ce72ae6d877,3,train
2a1041358ab99ccc,6,test
2a13629618664b02,8,train
2a18b0dd8342015e,5,train
2a2389f9d1c01731,7,train
2a2a2f66dc0067b5,6,test
2a32351ac8dc7dbd,6,test
2a34ce0483dcd288,2,test
2a4422f87d0f132b,1,train
2a4446f8507431ca,1,test
2a4705350b891732,4,test
2a48afa3591a112f,1,test
2a492bbb4e5c4a7f,9,test
2a572de06e650967,5,train
2a621cc4fff0b556,8,train
2a65b561e183aa77,3,test
2a6bfc94e5b78c2a,0,train
2a714b30f53e418f,1,train
2a74d7bfb61c1d26,0,test
2a7aef539a5003e2,9,test
2a812605af47c508,7,test
2a83e3bddfa98218,9,test
2a888aa719effb1b,7,train
2a8b023499ccf90a,6,train
2a8f348133b91856,8,test
2a9281968ab26b43,6,test
2a9755f54fadb54a,6,train
2a9aa9749e11c137,8,test
2a9e82ee39fe884f,1,test
2a9fcb333815a8de,6,train
2aa293f6f04fa004,9,train
2aa4cb833a6409ec,3,test
2aa81b3a99b6aa64,5,val
2aa87538b3598a07,7,test
2aacf36addb8dd2a,4,train
2aad3c4b44e48b6c,7,test
2abfa7241df8ae4d,2,test
2ac5898f91cf4007,3,test
2ac6a9bdb1e4b238,0,test
2acaec57a89d423a,8,val
2acf0fda100d5325,5,val
2ad7b28aaff2b82e,2,train
2ae4d5c418b59ea9,8,train
2aebc526db68727e,0,train
2aedceb5b5836388,8,test
2af3e3afc4ccddd0,2,test
2b0349720ae48eb9,3,test
2b0432242362b89a,0,test
2b06c57360ea3def,5,test
2b08eb2079791995,4,train
2b0e496ee38e3b7a,7,test
2b123f2f21c001f2,9,train
2b13ccdca4d13d49,6,test
2b1a4f4516bde5ca,5,train
2b1f0323a1dcd233,2,test
2b21072596de7023,8,train
2b22431c9d3ed6c4,7,test
2b259bd9176b8afe,1,train
2b2ffb1255f69b88,5,train
2b349bb171dbc8b7,2,test
2b356fb9bf025438,2,train
2b37207ee484300e,3,train
2b39dfd4ff3ce714,1,train
2b42c509142ba437,4,train
2b480416424154a7,8,test
2b4b8d61cb8cda8c,7,test
2b532e26e23b5942,0,test
2b56db8b1aa8142b,0,val
2b670863ec522155,2,test
2b6b22f3c72bf074,0,test
2b6bb574629b59e9,2,test
2b6f1ee6fb167ff1,0,test
2b85b535a9ea995f,6,train
2b907d7f9c6b7723,0,test
2b93e0edd6fd4e02,3,test
2ba0584a5e4fa091,9,test
2ba6b5a75f1e8b81,1,test
2ba718a711a71cb9,1,test
2bbdfd30470b7ad2,8,test
2bc3d1944e4b2f4f,6,train
2bc9898710c09aab,1,val
2bcafbcebe66bfed,5,test
2bd3612a5e510f64,0,test
2bd846d4429b8ee6,1,train
2bd8c3eaffb97d63,5,val
2bda2e6983fcc1cb,8,train
2bdb3ae772140c56,9,test
2be797d6797ea740,6,test
2c0177a2aedff197,5,train
2c0c4371fd85ea17,2,train
2c0e11845fffb11c,8,test
2c0fd0877ed275be,9,train
2c1229357b6c8785,3,test
2c134bb204ff91cc,2,test
2c162dc509eceafa,3,test
2c19a82d6aeb3c97,7,test
2c1e04decc159768,6,test
2c228ecb15c497fe,5,train
2c26d0c073195ed6,9,train
2c29d9c37593a355,6,test
2c304a17e1e4b263,7,test
2c31383e36240ade,6,train
2c3371de8c252170,4,train
2c38105d53098ff6,9,test
2c3d2dfaffa3ff72,7,test
2c3eca81c7c49e04,8,test
2c4cd5fd89e53ee7,5,test
2c58c0af725a3f4a,8,train
2c5c112f2d9ffe26,5,train
2c5f7c309888ea37,8,val
2c5fcca31a42bfbe,1,train
2c677d55b5f7c9a9,0,test
2c72b9b302b87b1b,2,train
2c88bfa93372c7f0,5,test
2c9313d817acaf9a,5,test
2c98d84aae3b6b81,3,train
2ca6670e3b844854,9,test
2ca892de398f91c7,4,test
2cb6715e4c500d7f,2,train
2cbaad690a62bd55,4,test
2cc6b49ae87cd3db,8,test
2cd15af7cec2f700,5,val
2cd1bb2bf4ba690a,5,train
2cd32ad85ed12ab8,2,test
2cdafd15e7e3a5ed,4,train
2cdb1761e678d02c,7,test
2ce0c72a5896c984,5,test
2ce24a385f21f4ec,0,train
2ce575e81e10fe8a,0,test
2cf14627400e70af,5,test
2cf265ac3d4b494c,7,test
2cf37efac5037606,0,test
2cf3dd39fb8f475b,1,test
2cfa7c1ad84a20b4,7,test
2cfc22499027c9d9,2,train
2d0252c6a1b2e0de,2,train
2d08579b8e2f8cff,0,test
2d0951666895a97f,5,val
2d0dadfe3b10d821,7,test
2d0e2fa21de53484,5,test
2d1242af4d803e59,3,train
2d19154e735fb6cb,3,test
2d1c20258206a765,3,train
2d1f039f3bcab0a9,3,train
2d29fd8e066a4ce3,4,test
2d382078829d11ed,5,test
2d38cace2042a651,1,test
2d3be072af66ffca,5,train
2d486b2f25d9da41,2,test
2d49cb8654702bff,8,train
2d51886ab6a96faf,6,val
2d52149fad9741c7,4,train
2d52e4de13156f80,6,test
2d53f9c2808afeea,1,test
2d540a95645450e8,5,test
2d5798a1a2ff118e,3,test
2d5b3b96dacf8453,3,test
2d5ebe3df8ec65cb,9,train
2d679764204a8eb5,6,test
2d6a6ca23d8f3452,9,test
2d6b7ad3baca69fa,6,test
2d6ebbe7d4c8925b,3,test
2d749d424963997e,5,test
2d7689a96e0a745d,4,train
2d77e1fbc98e41a2,6,test
2d79e2c0ee527ad5,4,train
2d85b611d80496c5,4,train
2d89868ea767b26a,8,test
2d905b85b9cc8aee,8,test
2d9135ac10fe6c62,9,test
2d913fafd729a515,3,test
2d9a405659dd1c94,3,train
2d9be345c1d4533c,8,test
2d9fa1a630d7b2de,5,test
2da124c91b12bd94,1,test
2da3fe55a7874735,7,test
2db0071db3a5b2cc,2,test
2db5834408fb17be,9,train
2dba8ec62cde83ea,7,train
2dbfd1925a974e0e,8,test
2dc4916daecb78ad,2,train
2dcb3804c253059a,9,val
2dd49bb6fb99e62c,5,test
2dd4ec9284a1a49a,5,test
2dd6a03ca7ea6ce4,7,test
2ddaac01e9133b11,8,train
2de62225f4f9b163,0,train
2de75c5139baa286,7,test
2de904df6d86b4ba,9,train
2dee737cbab68235,7,test
2df004feb5a393ca,5,test
2dffdfa94ea463f9,1,test
2e0357e4cdbfbba5,8,test
2e03ed7d9749d24f,6,test
2e07f087bb474f56,8,train
2e0ab23106919011,5,train
2e10ea468f22c637,2,test
2e10fb4391a6d152,7,test
2e127efb4b8ba1f8,4,test
2e12f5bf30da161b,0,train
2e1498cc619504bd,1,train
2e2d81300e0a52cb,0,test
2e33e69c2e15ee69,0,test
2e3bf4f332a722ee,7,test
2e4104a6bdd3235c,7,test
2e446fd5c73eb766,7,test
2e4ec325c5ec4e4c,4,test
2e53c328275ea212,3,test
2e59ecc5c91ea41a,1,test
2e5d36002802b350,1,test
2e5f0b73f50d692c,7,train
2e65d450ac0bfce1,4,test
2e6604017f4a636e,0,test
2e6ac30938ce8185,6,train
2e6d0e886135d6c5,6,train
2e76591eaa35b435,7,test
2e798e3b70bbc1c7,6,train
2e807e0363090dde,3,test
2e90f30c1d98d818,8,test
2e940353cc644779,5,test
2e956b7146524e4a,7,test
2e962fd7a9cae5f7,4,test
2e980c299b6f183b,6,test
2ea8b47badf52118,2,test
2ea93bf33915b220,0,test
2eaead24689fc5b0,7,test
2eaf270d43388441,6,test
2eb370d109956b34,0,test
2eb6a717fff18544,2,test
2eb7baf135582277,0,test
2ec5b61cf75b289e,3,test
2ec7efee78b483f0,3,train
2ec86ccd1d2fd8dc,5,test
2ece77d71ac16d8b,9,test
2ed4daf4c8d196b7,6,val
2ed517530a6c184f,0,test
2ed5738865fd160c,2,train
2ed6fa6c803845bc,7,test
2edc7d1e77c51000,5,test
2edda1d4acb2e1ed,5,test
2ee043918268a57f,7,train
2ee19a4c529b5260,2,train
2eef479a3444b393,2,test
2ef874aa55e9d7d0,1,test
2ef9a146ae5ee1c6,0,test
2efcccc6a174074e,0,train
2efd377187c1a072,7,test
2f0d2fc99021de58,9,test
2f0fb636a1857338,5,test
2f175728e09fbc8d,3,train
2f1f4a728349f2ec,2,train
2f219b865fa63bea,4,test
2f27f207685c5cc7,1,test
2f285da2523785f8,4,val
2f29f883a7ea1e01,6,train
2f34108ab6fb4a32,7,test
2f374dc0e0c94298,4,test
2f3cea83f83e2c0f,0,test
2f3eeba6e0a22208,8,test
2f3f4dd2879f35eb,0,test
2f53899d6087792d,3,test
2f55a87ef37137a4,1,train
2f55efe507a29da5,1,train
2f5fd396b148f38f,0,val
2f6336fd49e397fc,5,train
2f642e1c5fa144ad,4,test
2f69c051e771a895,2,test
2f798dd0c3b1c20e,5,test
2f7aa88130abe40f,8,test
2f7ca85845a3e001,1,test
2f88947163c23f07,5,train
2f9275c8a0205da9,9,test
2f94c255f6705960,5,train
2f96187566d1b644,4,test
2f9d1518ffeebd07,9,train
2fb23fae1edccb98,6,train
2fb41365a9feebfb,3,train
2fb474c546989cb6,9,test
2fb7fae2f05fac3a,6,train
2fbca20217634486,1,test
2fbfdb5d1f6c1354,3,test
2fc5c8c516746296,1,test
2fc5ee0a20ee665c,1,test
2fd5897b131f80ea,7,train
2fd87a3865c9048d,2,test
2fda7c94f3cdbdbb,4,test
2fe863cb8bb4d3b3,8,test
2fe9dca148bdcedf,1,test
2ff0b125b9b2ec6b,9,test
2ff0dcae5bbc7ce7,5,test
2ff5c4fb61739c3b,4,test
2ffb9d9df2fe196b,3,train
2ffc0c470eba04a3,9,test
2ffeb49f03040b85,2,train
3004563ad9ec5790,9,test
300fd2ae3462b61c,1,test
301694db922d92fd,7,train
30181d05d46e28ae,8,test
301a5da8ce59b67e,1,test
301c990e3ae33502,1,test
301cb4d7af2fca6b,1,val
30250509733d0443,4,test
302b10bc2616b69c,1,test
302d586b4adc64e6,1,test
302ef922a066d02e,8,train
303169786977f026,3,test
3035f5264ad94a39,1,test
303719f1102a6b14,0,train
303922a05cec58bf,3,train
30408638aa17445b,7,test
30433a53c56c940d,7,train
30572c49ee8cdc2e,4,test
305f5ddd89fb1da3,7,test
3062b07fd857d0a6,9,train
3074f0a3adaca692,0,train
30773fe3726becae,7,train
307a5468ff5cb368,7,test
307f47d8adf4e623,4,train
308720c5fb780883,6,test
308796e6e2c049bb,3,test
308e38a2e3d79db6,9,test
308ee01d6e71d9ae,1,val
308f06566a88eaf1,9,test
3092e4d8bec2614f,4,test
3092fbc77dae30e3,2,test
3094c989707b8b5a,0,test
30a40c7113ed3334,6,train
30a4e280beffdd15,4,train
30a72b0b56356cfe,8,test
30b9720b456b91fa,3,train
30c0a8c7db685ce2,1,test
30c4cd0ec6109a83,3,train
30cae8019c4770e0,7,train
30d9cbb2a5a0a674,9,train
30dbfbd99ce151fd,0,test
30e04e8a2e867a9e,2,test
30e1598dce834363,1,train
30e17985e05651d8,0,test
30e5e67c47fa265b,6,train
30efa38f8610d211,1,train
30f30cb097761fd7,3,test
30f49bdbe4194555,2,val
30f54512dc6efb95,7,test
30f56a88bcc23162,7,test
30faa0cba349b740,7,train
30fd662481519dbf,1,test
30ffe6e2c5378a74,9,train
3101e55935ead85a,9,train
3103d883ea67df0b,3,test
310ac80ffff6f69a,3,val
310cc8824692c642,0,test
3117c3117c5cb943,1,test
3118472e2431c54f,3,test
311b7d8167d6c774,4,train
31215a7ac03fbb75,0,test
3127d98ef941f44c,2,train
312a0978799caeae,9,test
312a4edb7e8e4c26,2,test
312bbd38d23b8585,6,test
312f68c96ba056c9,4,train
3132a8c98c761b6d,8,test
3133f971286d18d1,9,test
3138aadb09d4fde2,6,train
313e3fbcc7355065,7,test
313fdda69a364a75,7,test
314bf6de6ca45e86,9,train
314d95d4e285fe43,5,test
31503f930fc789d3,2,train
3151ea67580bd209,1,test
315291e9467ef25a,5,test
31596bfe36dadafd,4,test
3159ff441d3ab1f7,9,train
315d35704dd48208,8,train
316b57003ec916ac,3,test
317398f1c2565e50,8,test
3179afdb3e06971f,5,train
3182696b513a342c,6,test
31829ac420dc14b2,3,train
31896a1ea258e754,0,test
319475d581258412,0,train
3195575f89bffa4e,8,test
31967a2e3dd48ded,5,train
31a7ebaec57a3d9f,1,test
31b4ca49acdc4b34,2,test
31bf75c3576e3271,9,train
31c49e8341ef3465,6,test
31c5f96baf52d4d8,8,test
31cb2c6b1f25613c,2,test
31cbcd9e06b174a1,4,train
31cda2a007d62786,6,train
31dd9214584d3f86,8,train
31e8177f225af4cc,1,train
31ee7d7a4dd512a3,8,test
31eecb7ebdba5487,0,test
31f097ee28b64818,1,test
31f0d3739b6f2306,3,test
31f2fa9a6ddbedea,6,train
31ff6927b6945eae,2,test
31ff78b5ff07ba1d,2,test
320db3eec96527fe,6,test
32249301b961af05,2,val
322c931ba95ca3a3,2,test
3231147fcc9b78f6,3,test
323355a93aac523c,2,test
3233e49b6057ebfc,3,train
323639cd4557c303,6,train
32371eec3e21ee16,1,train
323945d754a46f11,2,test
323b45f73756e591,7,test
323e2e992c96164c,9,test
3243b66a903442a6,0,test
3252a0778e8bcef2,6,train
326117e4f4a0966e,5,test
326581adadd148b0,9,train
3270c1ec5f9d0217,8,train
327a915f44f4c4d0,6,test
328046039908332d,1,train
3281310b18ca3a6c,9,train
32860be98ba0760b,3,test
32894205a8910d66,2,train
328a2fe7836d6e92,9,train
3290c623c7cfcc1b,0,test
3295ed97c579a286,4,test
32972b259bf4eb1a,0,train
329730fd35f27102,9,train
3298428c2d482611,6,test
32a304df23d5389d,8,test
32a40861516d838c,7,test
32a40c180a6abcaf,4,test
32a70abeb63807b8,5,test
32ab2d5a709cf2e2,6,test
32ae9472d50fe00c,7,test
32b6c35a50d7f70e,1,test
32bea703b8818d12,1,train
32c3745582ca0a83,8,test
32cbf2d119f4180f,2,train
32cd38c8713bb650,9,train
32ce30d5b8a96e4a,7,test
32d4a211471941e1,9,test
32d7a1ca536c3eac,2,train
32db4b40626df782,4,train
32e5290bdacbc3ff,5,test
32e641cb2245940d,5,test
32e6d45fa1054def,0,test
32e71db0b45ab6ab,5,test
32e96ba645408bc0,4,train
32ee7a80bf11bd07,6,train
32f29bb7c0b3534d,3,test
32f3edc1364f7f5b,8,test
32f479763b4881d5,0,train
32f790418b89549c,9,test
32ff392178adaceb,4,train
330cd642089cbe87,3,train
33129595f364d62c,8,val
33214a1453f59768,6,train
332687c57ebee320,3,test
3332e5554a3b4ac6,7,train
333350423c5ab101,6,test
33339272ca24abe0,7,test
333bd005ffc6b559,3,train
333f5c859cf8aa66,6,test
33474c1e927fe48f,3,val
334783ae6a55bb0f,9,test
3347d3087421ce2d,3,test
334ee4295859cc8c,7,test
33580883077b63ae,0,train
33585a5984164d12,7,test
335d4de3ae6eb4ea,3,train
336455fe58159ab0,8,test
33669ffbcd6a4dee,8,train
337632a68f50f23f,1,test
337cd66cdd827df3,1,train
33846e2965baf4be,2,test
3388c0cee0d8df0a,0,test
338fd4ca496ecc64,4,train
3391731e25e94877,2,train
3398bb6bea9e5f32,5,train
339e67b7526cc6a5,2,test
339e6d72a4a98821,3,test
339ef62ff87c6835,7,train
33a24650ec9cc78d,7,test
33a62385cc9386d7,6,test
33a6d6779c0ba4e9,6,val
33ac2a7c72ac3a1d,0,test
33b251b8422f6f26,9,test
33bb896966602909,3,test
33cca107df6859fe,0,test
33cf918343c7ddf6,5,test
33db3463d8b4b8ff,9,test
33de3eb98ca386b2,8,test
33e1b7bdb4b4a340,5,test
33e1d338c702434b,9,test
33e4ddf0b395003d,9,test
33e8b0042b82e677,7,val
33ebc61797e6cb8d,7,test
33ee47261b141fb6,1,test
33ee81cbe1a21479,3,train
33ef5db0465db021,3,train
33f6391d5f9ba048,1,test
340371bd168dbad5,2,train
34092a6be3309eb5,5,test
340f4a3eb12caffc,1,test
34157cb3549e87f3,1,test
34205276c461c194,8,test
342269fd084a5305,9,train
3422d945e7815e0f,3,test
34241edd50d1de85,7,train
342fe5e8763f2d18,9,test
3430ebb66657cad7,0,test
3434c214b8aeb232,2,test
3438852af584037c,5,test
3439e18228695170,1,test
343adec92ce329d2,4,test
344dcab99e8a5815,7,test
34518b5859be1450,5,train
3453412946e53b30,1,test
346569a2480aa194,1,test
3471ec71196dd76e,3,train
3475feed6cd7f9a4,1,test
3478346178727f16,8,test
347b068fb4a954af,0,train
347b9aa0d6d4d95d,5,test
347d8bc753100744,7,test
3484b59bf5c6eba7,9,train
34862af1106ad279,0,train
3486a27ec9ae0740,6,test
3488c675490b1ce3,8,train
3489ac38ca573f48,9,test
3495ac850c1c60b2,2,test
34a403e8bf9f68ef,4,val
34a539ff021d4441,6,train
34a7144f0b1d158c,9,train
34b25d81e1123e46,5,test
34b5c1af601443e0,6,test
34b9f4acecd6ab02,9,test
34c929a10c8ea294,4,test
34ca63968b8480d9,0,train
34cb2b9cde7440d9,3,test
34cf22d0be56ce5c,9,test
34d17eb0eb0ef398,1,train
34d3644378fa3ff3,3,test
34d47c4e2bf06f8c,1,train
34d96c93961edae2,6,test
34db5222f33cc803,2,test
34dddd6c9352b5af,7,train
34dee5ee62b95987,8,test
34defcabdee2783c,9,test
34e0070b03d79d3b,0,test
34e26d687149cdc0,3,train
34e64de97cde5e49,5,test
34e822cafe4abe68,1,test
34f1dc5febedba19,2,test
34f4ddc5332dd670,5,test
34f53899ebfa2347,1,test
34f95725e8fcaa5e,4,test
34f996223ecd79f5,1,train
34f9addf85781c9b,5,train
34ff7a52d8eff1ea,5,val
35041cf0c180fcd2,3,train
350ec07fab03eb31,7,test
35178651a4729067,1,test
351fd329329d9cd7,7,test
3531f24314ac23e0,8,train
35371cc3fe068b64,5,train
353812e575ccd0e3,5,train
3539f6f6115bc92e,3,train
3540de04c95240f0,3,train
3549d54e1407f786,2,test
3549f8dda548e84d,9,train
354ead412979d7e1,2,test
355a698a7b653f36,2,train
356078c9da4dad6d,7,train
35618fd523edb239,6,train
35648df49c8326db,0,train
35672bb09437feac,3,test
356893710830ce25,0,test
357395ff63386344,6,test
3573fab4355adb6c,6,train
357590e3520bcd9b,5,test
3578d8fefeec5a29,2,train
357b861e5a78477b,0,test
357bbdb12a23d044,3,train
357ca476f59314cd,0,test
357fd40aeba56332,3,train
358307c020dbee86,8,test
3584f0908f953a36,7,test
3587eda7fa405595,0,test
359246c1b98382ea,3,test
35960f578d5e7988,3,train
359b2fea597195cf,8,test
35ad1ccd029056a4,3,train
35b56ffe1bc35262,3,train
35ba0608784b5614,4,test
35cca643b0d636a7,5,train
35ce624ea4be47e5,6,test
35cf50b79ea8079c,0,train
35d46186983f7e42,5,train
35d9c8b42219cae3,6,train
35df2db17def8dbc,1,test
35e0997b22bc0dcf,4,train
35eb3262ca94c486,2,train
35f036e8fdbfac49,6,train
35f3a20d4fb112ba,3,test
35f3d5cdccec2053,6,train
35f52494e6e9fc19,6,test
35fb4bb4c4001e49,5,test
35fbde0878bf6a02,1,train
35ff6a04f235d330,8,train
35ffa74ec7adc178,2,test
36009ba250fd9ed9,7,train
360a23ef4d0dd0bb,2,test
360de196b6321c95,4,train
360e3ad7c3907b55,8,test
36133425b4015f06,7,test
3617bda3817bf63f,3,test
3618540e6ded41f4,0,train
361c2e671e35cdb4,6,test
361fb0a856bd5f9f,2,train
3622506d9431b878,4,test
3622b6ab1d5829dc,7,test
3627119fc857228a,9,train
3629f2fb4aec0553,7,train
362b46a23b3d0751,2,test
363f5e1575e7ab39,8,test
3647df9000cc2724,4,test
3647eae5cc4839ca,1,test
364a18782feb8805,7,test
364ce23ee8a8a9c6,8,test
36531c64917b79ca,7,test
3656015cc4aca573,2,test
36647c8e70b65323,2,test
36651d6de8f7dc36,3,test
3668ae46674a71c1,8,train
366f4ba4f9038751,4,test
366f94f86552878b,9,train
3678027064851952,4,val
367978765d522a74,1,test
367fb0fe7e9baf53,2,train
367fef35c9c22a58,1,test
3682c57bb28efc34,9,test
36880d21ae2b2f4b,7,train
368ff1e3c7e1e2bd,5,test
3692ba07aa5394f3,3,test
369a65d0fec7d590,8,test
369be05d48f212a8,0,train
369d327f25572f3a,6,test
369dc424d40ebf6d,2,test
369dec8e3ed0fa5c,3,test
36a6cf4e50b3fdcb,0,test
36a89f1f7dfb15c8,8,test
36b353e54bcb7ff0,2,test
36b55b9948347227,4,train
36b7930bbbf11313,6,test
36be9808143a2de3,3,train
36c095a4989a85dc,0,test
36c3279848a1910d,0,train
36c56e6b78796cb6,6,val
36c58ba04e5f4403,2,test
36c95fbd30975bef,1,test
36ca76e40794695a,1,test
36d936928ae149f2,8,test
36db60419f55bcfa,6,test
36e0e66c0a580d47,5,test
36e1d2656a9e386e,8,test
36e99ffb7867d6b2,2,test
36eaf6f967e356da,2,test
36f790b72bca9736,0,train
36f80e3eaff44b4b,1,test
36f9bc27167845f3,8,train
36fcfc045f2b2646,1,train
36fe41efe54fe1dd,7,test
3700e093b427a721,8,test
37042dc8c2296ce8,0,test
3704fc0642c7454c,6,test
37081e5f145a5c37,3,train
37197fb266942f1d,2,test
371d9615e01671c8,0,train
372151be099d716e,7,test
3723c49fe73eba46,5,test
372979023c9cd1ce,7,train
372f5a4b80c6cda7,5,test
3731a7aa624457cd,1,test
3732b35fd6ade9e6,8,test
37334ff45948d3c3,2,train
373390557bdede86,4,test
374248a3d31afcc9,6,test
3747ed4e1fe195ed,9,test
3749aa66ecd8eb82,6,test
374f5a1a78e9ee6b,6,test
374fc04e5c6b23e6,6,test
3751f7ee54c69a00,8,train
3754c62240cf9e7f,8,train
3756bfffab04ff83,9,test
375e1ac53d43250d,3,train
375fdf66f57a84b3,9,test
37603c80130257fb,5,test
3764e3485ea5359f,9,train
3766332a843ea039,2,train
3767914eec16aee3,7,test
377461ac9f299008,6,test
37762f85a08f9f83,0,train
37802f55f62dda5b,7,train
37850d6e5500df1a,9,train
378aaae9df434fd0,2,train
3791125b00e17f2b,3,train
3795426abc8d006c,9,test
37981b853be82916,7,test
37a2a1932f898ed7,2,test
37ada8da5fbdc6b0,7,test
37b0221085368a49,0,val
37b55b8e82d3cb43,3,test
37b5bd072f791463,7,test
37b6808e5f2fabae,9,test
37b6c9a67dc7ab4f,7,test
37be7adfe32093ee,6,test
37c4b42e5fe39553,1,test
37e0f4b4602e8414,6,test
37e66ddb1589d1b2,4,train
37e8d64fff3bd63a,2,test
37ea09eea4d7d4de,5,train
37fd9a6e04e65f17,1,test
38007af07b925464,9,train
3809ca8613155e2b,2,test
3818711acc44fce7,1,test
381e6981b7b1bf00,9,test
381f7c07e83fc559,5,test
3833078c3d2428b0,7,test
38333fc2ea55a2b3,3,val
38348647b9993b0a,7,test
3836334e782ed18c,8,test
383b141ea6ae128f,9,test
3841b756f39ad267,8,train
3843b868eb16f7d4,6,test
38477fc06a2f3b22,0,test
3847de9d36365b65,6,train
384817983b8bfad6,4,test
3857cd9c4d69ac91,3,test
385860fd2beaaf8a,7,test
385e0c60ebd88465,9,test
386830d008c7011d,1,test
3868df7107d53087,1,test
386e00179b1f78db,0,train
387257287190a7bb,6,train
3872c841d05cb5e9,9,test
3873e1cfbe69fd36,5,test
38777f3cec99abbd,5,test
3877a838c542dab9,6,test
387cbeda11e052d4,0,test
387fbacbdb9a14f8,6,test
388338ef7df2c259,4,test
38889238ab5a6bdd,3,test
3889b26e3cc0af2e,4,train
388d09600dd88fed,2,test
3892ff643d8ba782,6,train
389e18007cf6b5c3,6,train
38ae08806c993ac4,4,test
38b1c80cd67482bb,0,train
38b3d302d3ccedf2,0,train
38b58d84c9530e7e,4,train
38bf41a574d2ff46,5,val
38c511bd26365eb8,9,test
38cb743cd5a04e13,5,train
38ccfaf99494ab64,5,train
38d41d33dd67e110,3,test
38e48d8dbb197f5e,2,train
38f9af071865f7e2,3,train
3900996458c4a0d9,8,train
3907a388fb37cb39,3,train
390cdbb175452f13,8,train
391343550461a5ee,2,val
39156660444bc76e,5,test
3918df46894e75cf,9,test
39199c4516788587,9,test
391b9b6215775925,6,train
391eb80de7245972,8,train
3921066dce1e2bb6,3,train
39225a68107afcf6,4,train
3926398442846662,6,train
39273c86b789dcfb,8,train
392d4056c08697e4,4,test
3930d11cfa8d3cc8,2,test
393d9d7d3bffbd94,8,test
3940eb0063d0659f,4,test
3944fa4d997eca2c,3,test
3948c43eb9ceb89a,7,test
394bea7561106c07,8,test
3951272916779103,4,test
3954a9a6e2f3a0cf,4,train
3954e5abdd47a32e,0,test
39560f8071050c90,9,test
3957beb9d97b23ce,7,train
395d5bd6cb4393a5,9,test
3963b95244d35114,9,train
396baa2ea82ca17b,6,test
396f29e838983c98,4,test
396ffd8817c2dee8,1,test
397fbf1a981333b6,2,test
398103f528b0d5d1,6,test
3985cbff43c50e3a,6,train
39887ce60b8b168b,0,test
3988d219a7f1b651,3,test
399941ecf2defabd,2,test
399d269ecdd1d8dc,4,test
39a5d0e2c97ed36a,7,train
39a907aef7932ef0,2,val
39aaf14ce8ba8216,4,test
39ad90b6d9aa2068,7,train
39b1080e3e35ef7f,6,test
39bc4e32441729c7,2,test
39bce0ad056b2763,9,test
39bff5e4eafb98b0,7,train
39c23239a5a8910d,0,test
39c4295a2e5bd6ac,6,test
39ca0cf90d9bba6c,1,train
39caa64ab9def1aa,1,test
39d0a820192b81fd,8,test
39d1c8e8db3c37c7,8,test
39e092ee71d999f0,2,test
39e2a1e975de91f7,4,test
39e671dccd9a8b8b,5,test
39f49bd6f7888d1a,8,test
39f7213dbbbfe959,3,test
39fb92cde48950dc,5,test
39fe64e093c68c91,1,train
3a0802a2923fc10f,6,test
3a0e77e857091dc1,0,train
3a0f7bd5988ca88e,2,test
3a1d85e600ee136e,1,val
3a1dcbc842c6b25d,5,test
3a1f01cd5b150097,1,train
3a2a0f42333c3c64,9,test
3a2bac60d0100b1f,5,train
3a2d7d0943052bc6,9,test
3a344c49a424c1ea,6,test
3a3ea12008aedc9c,6,train
3a42bcc65aab99b1,1,test
3a4df4d7d60293d6,2,train
3a5009e40f0a716f,8,test
3a50920e77525198,8,test
3a6f8c782e980e87,5,train
3a719d1e3e3245ff,1,test
3a743197a0ce02f5,4,test
3a74ab49a0453e1f,8,test
3a7c37b55bcbc187,4,test
3a82a72090c8fe91,2,train
3a921c946fb731e4,3,test
3a9373b3471cff59,0,val
3a94ba1cb426b43d,9,test
3a958741ebf806e6,2,train
3a980798abcfa973,7,test
3aa119f5fdadd818,1,test
3aa7e683c007cde6,5,test
3aa817ec65603d83,3,train
3aab6a23b75909a3,4,test
3aac2528cf7847be,1,test
3aad9a02c6505a45,4,test
3ab0808bd0e278ec,7,train
3ab503904f6dd017,5,test
3ab674e223869245,4,test
3abae014c678e9c9,3,test
3abc068686f017d1,7,test
3ac0b67e32226b64,3,train
3aca9c0a75e5b20e,7,train
3acc9f3172893984,8,test
3acfc6f8d65e180a,7,test
3ad6d731514cfbf9,4,train
3ad756ad3f475eca,6,train
3adba73b0a2a7d3c,9,train
3adea9854f58bc45,9,train
3ae03bb5a363c042,7,train
3af2840f6563f977,8,test
3af2cfcf7148e905,0,test
3aff7ce81ff4e12e,3,test
3b0233675dfb0b59,6,test
3b19bfd5c1d33729,3,test
3b1af794230d601b,3,test
3b1f4878430a2770,4,train
3b21e56838e34b6f,5,test
3b249c8e61799cd3,2,test
3b279f22edc9fb2e,4,train
3b2c4615789266bb,8,test
3b2d69631cfa5514,7,test
3b2ee2f835598fdc,8,train
3b35875d78cb1539,1,test
3b3bc5d767d2f96f,2,train
3b41346ea495c399,8,test
3b461588fc717319,1,test
3b49002d89e11849,1,train
3b4fa84dd8a51564,5,test
3b51b7aa47548876,0,test
3b58fcf2dee10f9c,3,test
3b599abf0417d157,2,test
3b5b30dab3b45a77,5,test
3b6055f13faea4e8,4,test
3b6acbcdaa34a55d,9,test
3b74eb45714626de,4,test
3b768532b571a422,5,test
3b7795d4f6c575e0,9,test
3b7a1dcd57546e25,4,train
3b7b5b9b529a16ee,3,train
3b7f2d26965e699a,1,test
3b805bcb73a6d221,2,val
3b848c76469c5840,2,test
3b9a2784810ea8cc,9,test
3b9d60720344a114,9,test
3babc6e9877c33e7,9,test
3bad8e806d059c67,5,test
3baddc5e9244a485,5,train
3bae8b0a82907a52,7,test
3bafa9b99b34f3f3,7,test
3bb28bd351e71e68,5,test
3bbf6b3698adfa7d,7,train
3bcefd331adc2742,5,test
3bcf307ab32bd671,3,test
3bd2311392143155,8,test
3bd3021d002b4a12,0,test
3bd6b471cbe862e6,9,test
3bef375d3755e777,7,test
3bf00890537e6047,4,test
3bf18ff577d6dbea,9,train
3bfc2cd22ac20e4d,2,test
3c0322a7da915cc3,3,train
3c0aa7c81cffb7c3,9,train
3c0c9dbdebb7b326,6,val
3c15407e173e8be8,5,train
3c2233ecd07a0f84,6,test
3c243f63ae6f9a74,4,train
3c264770b61f6afb,6,test
3c2777243b1ef38d,9,test
3c2b411ba4ab5eee,1,test
3c2bb187613d8512,5,test
3c2e81d495db424e,3,train
3c3755b28bc2e480,8,test
3c3ef389ca2b9d0e,4,train
3c4176aae648a6ce,5,train
3c43ea9a7ec6d67f,8,test
3c53c4e981e209ec,2,test
3c643fb9689698d4,0,test
3c659cf21fb37b4e,4,train
3c6a34f1ab5b41c3,9,train
3c6cc4679a150ec0,5,test
3c70763b83295812,8,test
3c763d8be9bcd836,1,train
3c7d98d70d2ac27d,1,test
3c94d8c986674926,1,test
3c9aa513d69dc3d4,6,test
3ca3fdec7525738b,7,train
3cadda99d6556251,4,train
3cb04bf15c931b0c,4,val
3cb3d12d5d50672c,2,test
3cb4223897562fff,6,train
3cbb9ae87db0279a,6,train
3cbbefc8d0373775,3,test
3cbfd218ec52b063,2,test
3cc31afaef1bfa68,6,train
3cc42358173f1355,8,test
3cdb385de9471415,2,val
3ce3c036676b683a,6,test
3ce6050c92f9f38e,0,train
3cea2a8725bd492e,3,train
3cecafc0407b25e4,0,test
3cf1970e4120d3ce,2,val
3cf2ddbe859c2bcd,8,train
3cf491caf056887e,8,train
3cf576a3f588e260,5,train
3cfba1f534b96e18,1,train
3cfe9fdefc256467,1,test
3d001e958a0b16f4,0,test
3d119d64db826742,4,train
3d133a796d79ce77,0,test
3d1b7a297cfeae8c,2,train
3d20d43e04317939,4,val
3d26c68109ef2233,7,test
3d2c9acf32c5f051,4,train
3d407b9b7f8f72e7,8,train
3d42aa8ab409139d,9,test
3d4521c4cdc6ea1b,6,train
3d46b57984c7f23e,7,test
3d49f9ee4d2a652e,2,train
3d4d083418b08990,8,train
3d4d69f2fca9b2ae,1,test
3d532c5256ad56e0,8,test
3d535f8cb11eae19,6,test
3d541c589503c859,4,train
3d552e2fbd3819dc,0,train
3d56d3422b3e0d3a,6,train
3d5822dabd04257e,1,train
3d5ea0a55bd7b919,7,test
3d61a658b6a87bd7,2,test
3d6219bdb4ce0955,6,test
3d65989ce12921d4,0,test
3d682214f1239f21,2,train
3d6905e1ebfccd52,6,train
3d746183fef57fc8,0,test
3d78ad106ce45d79,5,test
3d7e49b3256c2afe,3,train
3d80cc27a0a6694e,6,test
3d81c063a0434b80,7,train
3d82b6def66b2871,3,train
3d8446287d933839,8,train
3d847b512a8ade62,4,test
3d89f065f1131c67,9,test
3d8e0b3491478e02,7,train
3d92db610f7f8c73,1,train
3d95c9169321a0f8,7,test
3d9918164c370092,6,test
3d9f80d0a394c9cb,5,val
3da63907ad3d545f,0,test
3da811d51195eee7,2,test
3dab36ea80fa5478,9,test
3db6a8e3bebf5563,9,test
3dc0a16cad6c9500,8,test
3dc5c5b1612a144b,7,train
3dc5e1c694384697,7,test
3dcab58312595861,0,test
3dd0e0779d2cdf9c,9,test
3dd4a2cff5d92d8b,7,train
3dd64468f81f956d,8,test
3dd7fbfdb484df33,6,train
3dde907b4bf2c0f2,8,train
3de76aaa3a71d8bd,6,test
3df86deb7f48b0f7,8,test
3df9edf207936292,3,test
3e12b0a392129289,7,test
3e13948adb536621,9,train
3e1471ae87200ccd,2,train
3e23e87133b7a37e,7,train
3e26efeae982c90d,9,test
3e294a926d176439,3,test
3e3cecfbf07ec55b,6,train
3e4e28bce2ff63f2,3,test
3e5015dc2315bcea,8,test
3e53ad022d56c5cb,9,test
3e545bf391cb775f,8,test
3e6127c710b50bba,4,test
3e61f67d3e75536c,3,test
3e648d47ebdbcce2,5,test
3e714fefa5a3cd05,2,test
3e7e2146542ca3bb,8,test
3e8707301b072cf7,2,train
3e897318c51ec4cd,7,train
3e8b48aa97d82f52,6,test
3e8f43d57bf3bfa8,5,test
3e927029ce16957a,9,val
3e9af9f82d75a014,6,train
3ea83774da6e524b,9,test
3eabf5260ae56d97,2,train
3ead3e4dbada19b4,5,train
3eadb6614e216b3f,3,val
3eb7bdfe1b9f0446,9,test
3ebc3f742b36f28d,6,test
3ebdc5b383b4416e,8,test
3ebedef68562b825,8,val
3ebfe523aa1f6483,0,test
3ed8408bcd7c4366,6,train
3edb2e23a18b38e7,3,test
3edf78e4f86c95d3,5,train
3ee3ec31543bea36,8,train
3ee710d2d51128d2,7,test
3ee73392e776ab3a,7,test
3ee7a531400f710b,1,train
3f03a73fa6072fd3,0,train
3f048060eca8123f,0,train
3f056aa91c2bc3f2,6,test
3f0704590e3344b5,3,train
3f08dda98cc12a51,8,test
3f0bac0e16e8764b,6,test
3f0d9f07eb77a8cb,6,train
3f1a6055cb5ff280,4,train
3f1f9641cdb61d79,1,test
3f22da71e10f133e,7,test
3f28a5f52326e1fc,2,test
3f29c42fdab5b1c6,5,test
3f2a9c24f5e524a1,1,test
3f3122c3afcc852d,5,test
3f3235dbc55df000,1,test
3f3547954c70e427,1,train
3f365df1ec64ac8d,3,test
3f3eb3ab1dff4c31,7,test
3f42e9a1bc9195ea,3,train
3f430f3525fbbd99,9,train
3f4396714f18cb0b,6,train
3f489cb9435d81f6,6,train
3f5422d662f93d60,2,test
3f5c2937ef63f728,2,train
3f5deefc7a760934,8,test
3f6a7dacf6a189d6,3,test
3f7e6150ab5f9988,0,train
3f81cbcacf691be8,3,test
3f878d294afe3795,6,test
3f919f8c425027d4,1,train
3f99063fe2754a0d,6,test
3f9dfe6738bbc99c,2,test
3f9ef2aa41d675a2,2,train
3fa10b9d6b0cd366,2,test
3fa314822aadcb71,6,test
3fb1d6743dc8a4ea,1,test
3fb331d1a8f8353b,2,test
3fbb5936b5562930,3,train
3fbbb031b9acc37a,6,train
3fbc6bc41ca9b53f,6,test
3fc29ba286e48ee2,3,test
3fc841fa23424eab,5,test
3ff21186731a3a93,3,train
3ff4f801cf064ef2,3,test
3ff7d985790c3b16,9,test
3ffae372f4329b4d,6,test
3ffd30269ccf101e,2,test
400149b1ec3f2a85,0,train
40051a5571e79f2c,1,test
4012ff8c62bef611,7,train
4014d52642501c9f,9,val
401e55dc65beb23b,6,test
4022c780746515c4,0,train
402ca718e191efe3,8,train
403bf317c7715d5c,3,train
404aa3d69a49b91a,9,test
406071fc254d2c65,5,train
407089067590c964,6,train
4072cb3e69c2b56c,0,test
4073617b4437cd45,1,test
4075dafc957fcf9e,5,train
4079e3bdf510a0fb,6,train
407ec99ecabc6ee4,3,test
4082836028199b2d,6,train
408662c8dd7b44ff,9,train
40891dc19b824ae9,1,test
40899ef7b62101fc,1,test
408dcd015750f8a3,7,train
408e783442585f4f,3,test
40984d79a7a0ab64,3,test
409c4e2dc263397a,7,test
40a44962fcd322f7,5,test
40a5ffffeb21b773,4,test
40b15df07f6a02f8,0,train
40b4a381011027bd,4,train
40b8c2ce3b12d08e,6,val
40bcc6f99eb9428c,1,train
40bfb0dfcf76060e,4,test
40c0adc80e207031,9,test
40c21718f37a43eb,4,train
40c64bbf02e0aded,4,test
40d4961680952f9f,3,train
40df8e30f41c5a33,3,test
40e2a1a360536520,4,test
40e6b69b729f4448,2,test
40ec7afa4e65f601,6,test
40fb25a3ac71637a,6,test
40fbbff981ba1740,3,test
40fc1f7bb8089d4d,7,test
4103c4a084fa62af,7,train
41043f00ac7f6d85,7,test
4106d0c139305cb2,3,test
410d7a5cb9727190,8,test
4119a1af0832aad4,5,test
411bf94cbb58666f,8,test
411fb73e3e719aa8,4,test
412808e2f4402fa8,1,test
413709ed7b80315a,6,train
413a58a5796e5fbf,1,test
41458650c7ae043c,4,train
4146bc02c2f305d3,5,test
414a252d35adc2a6,4,test
414badf5e364c23a,6,test
414e96f10942c66f,9,train
4150f7e7b97fd214,3,train
415b85fed4306e60,5,test
415be9359fe54b45,4,val
4163ce1efad6383b,5,test
41642e484b0de1bb,0,test
4166822d5ca0bc9c,5,test
416fc5088a3ae618,1,test
4178c23040c3eb57,8,test
417bd277329818fc,7,train
4182c1f965b96b9f,7,test
4184a8dc13e1a806,3,test
4185dd57c4f0ab73,6,train
418f66e477e0f2c5,3,test
41951d9fa06c45af,7,test
41a32aefd3b4a4d0,6,test
41a98652ee30f0e0,8,test
41c7927c20a7d43f,3,test
41ccf36ec6a3e723,4,val
41dbee5bf8777858,8,train
41e24897c97b5630,7,test
41e4f38688f30385,2,test
41e5d800f2ec7fa1,9,train
41e9ff9057d23fe4,2,train
41ec7d69a75f1ab1,9,train
41ed75c3c4974334,6,test
41f6d8dc1c66aab6,9,train
41f984d977c6b3b9,6,test
41fb7b8550c87746,1,test
41fe826039a95806,0,test
420080d71b82ae84,9,test
42008a070f151418,5,test
42057834ebfe53ce,1,val
42084ba4ad9d962b,2,test
42178935e260eadc,9,test
421b4d13708be23e,9,test
422f6ada3f2c4f0d,5,train
424941ed150654e2,4,test
424a51ec50fe0659,7,test
4250a9d1b5b43b45,6,test
4254f582ee700af0,3,test
42561159a0705cc8,5,test
4257981f9970ec52,3,train
425d83243c576fba,7,test
425f98e90f514179,3,test
4261fcf2b21d4406,7,test
42686d7094922d07,5,train
4268b7afc522d625,1,train
426b398a884a0104,4,test
426ccb0bd3b9429c,6,train
42786e2bce08633d,5,train
4278bd4f2a5fc6c8,3,train
427e2f3b9659fca6,3,val
4286c7ae52f38fac,9,train
42889ec24d867c60,8,test
428c88b42a11a1d6,4,train
428d3e719afa9c8c,9,test
428f30ff0ddd1df4,9,test
4297a0e49590fc18,0,test
4298b33efe937403,0,train
42a987f121aae28e,1,test
42af9ffb32d05c36,4,test
42b207f126516c9d,8,test
42bb4d272954f4d4,0,test
42bc1148d31fe229,5,train
42bce4a9a829c0cd,7,test
42be6434887cd95b,1,test
42c71139532a312e,7,train
42d2c542b8cb7138,8,test
42d5ed7946f22677,7,test
42d65cad54671d4a,6,train
42d7b03f47a0b60c,7,test
42d948b2ab9a649b,0,train
42db9c0dad9642b9,1,train
42e1141fdb88e1b1,9,train
42e7b3e5eead361c,1,test
42e7d1fd47c5d87d,3,test
42f3785983fa7366,8,train
42f6829c7ac7f1e1,1,train
4303a2016f82d870,9,test
4303de95932e61bb,3,test
4304d13f0c0fbe23,2,test
43064efde79c0a80,3,train
4307e07036752a83,9,test
430a53f35be1a1d9,0,test
4315c81df3e50951,2,test
43253a44b16c5f19,6,train
43259c0101017b05,2,test
4326e90fbfb30ebc,0,test
4326edd5edac9508,8,train
432c6eadf5877a4c,3,train
432d79e9fbb4c2b4,2,train
433013b5a40bc86c,1,test
4332fa68516acdb2,6,test
4337855280f817ba,7,test
433c0df444f40b57,9,train
433dba904cb53bcc,4,test
433e19629d82a480,2,test
4347ebf084b1e135,2,val
434f29da48116f24,3,val
4350dfb76835f87d,2,test
43513fed493c1d07,0,train
4351ee91e587378e,1,test
4354003b1efe936b,2,test
435e70e93b587483,2,test
43605e6bc3a5121b,0,test
4360bd738c7cdfbd,4,train
43621580a3106231,1,test
43672b937b85c2d4,2,test
436c0b851b6797b3,9,test
436c206ac872bff2,8,test
437de23acb51ab3c,4,test
43853d567b77b70d,8,val
43927e39e2c1d6b6,0,train
4395f99464216476,6,test
43980f2d9b3549f4,2,test
43af9735d993b7fb,6,test
43b1a9230d45d559,2,test
43b87ffbfef2bf28,6,val
43bb3f52143eeccd,6,test
43bf845e57179cbe,3,train
43c2aa01fab4bbd7,6,test
43c8692e1f3862d1,1,test
43c87184f8a83199,8,test
43c9725d575e70ff,4,test
43d20c6624be5022,8,test
43d251275003b5a8,9,train
43d4ebf8774c128b,7,test
43d62101c71fab6c,0,val
43d66d76df12df37,4,test
43dacf041db2ccc0,8,test
43def4a85385a3bf,9,train
43df581ea9093647,6,train
43e55cac527ac861,3,test
43e609defee161c1,4,test
43e642fdbb50debe,3,train
43e6f025bd48e133,4,test
43e84c408dfd90a8,2,test
43eb629e5f599308,6,test
43ed206531d48a22,9,test
43ef34d39165cd62,1,test
43f1da3c0b9917ff,5,train
43f4f19fac3c17a9,5,train
43fba2c7537725b2,1,test
43ff81a31c9b8509,7,test
4408a41ec6f2fb18,4,test
441c4db7f763834f,2,val
442439ae6e24f078,2,train
44249616ab97a337,3,train
4426807aebca8201,6,test
442a8518a135556c,7,test
442c1c29b10556f7,4,train
442df31c4d4a6368,2,test
442f1ac603ace6ee,3,test
4431c4c66c2da50e,5,test
44356256c6a26e63,8,test
44385749c50a8e08,1,test
443d1add86688bd2,1,test
44422da8c564b1ae,6,test
44488f30f5aca5a3,0,test
444c079c00d51602,1,test
444c985476e18cb7,9,test
444f1a4b382ba144,7,test
44558763351835ee,2,train
4456c94a31f3b172,7,train
445ba6584c275d6a,8,test
445e7ab9004155af,8,test
44691806ea3147ba,5,train
4469f93e694a6ca1,5,test
446a34fff4880981,5,test
446cf43b69495ebf,8,test
446d3b97d117a6b7,0,test
4477dcb0deeec7ce,6,test
447f6921578577f5,8,test
4482d052b6f7ac7d,3,train
44846ee97dbc6caf,4,test
4487b7ece30cb412,1,test
44886bfb5c6d7d17,3,test
448c0eebbf76959f,7,test
448d87ca8baf4974,5,train
449309d41b33aa13,3,train
449e9415821b7d67,6,train
449f1f3655bdda7f,6,test
449f5bc529e135ba,4,test
44a4b67c2afa4e48,1,test
44a6b0cf24bdb565,8,test
44b1341cb10da1c4,4,test
44b1bf3d19a7a24a,8,test
44b1ec2ee2134807,7,test
44b52f8d4dbedb28,2,test
44b8c387817dfdea,9,train
44b969f35d279f36,2,train
44bf187e38b25d11,0,test
44c16bda637a5add,3,test
44c37a9b8f15f477,5,test
44c8335ae735d824,9,test
44d2273bfb8f2eba,2,train
44d3ce31fe7ab865,4,train
44d4be94b137e361,3,train
44d4f2ee2e16d3d5,3,test
44d86c7ebe2ec3b4,8,test
44e060c698e6579c,0,test
44e0d356f89833be,2,val
44e5ffcc0c8e5f19,1,train
44eb6db5e2941219,6,test
44ee024666fc511f,9,test
44ee328d1e811434,2,test
44fa44b832035123,9,train
44fcadbf9645e488,1,train
44fe6d03d0bdcd1f,8,train
45037612a135143c,8,test
4507f03c7b501bd6,6,test
4515f918775580bf,8,test
4518e7128008813a,8,train
4518fd82d45e36d8,0,test
451a1478c6289ea7,9,train
45204568980480c6,0,test
4521e1e8c743742e,3,train
4522a876cc2c2c73,5,test
452a51505054ca61,3,test
452a98bdad4e0436,7,train
4537d86e3bfcc2a8,6,test
453a59156b727b2d,0,train
453ab8675acf6f17,4,train
453b8208bb48ae2a,1,val
4543bd223478a395,7,test
4548a132b132f01a,8,test
454ec121d090ed5b,2,test
455124e51edb7501,9,train
455b0d7a2d89a9a9,3,test
455b352ce686e252,1,test
4569145b8c9dd8e3,9,test
45722e273fcc1daa,6,train
4577003eac1f2484,6,train
457ff535049cabff,1,train
45837b1a9cc26864,4,test
459105e30b1ae0ef,1,train
4592219fd111e6fe,1,test
459362e734d2efd4,2,test
4596ed0a4875aa29,3,test
45988469ab8d4351,5,test
459e3ba75f153a38,7,train
45a33bef930f66b8,7,train
45aa11d6292a1181,3,test
45b58ee7c3c929b5,1,test
45b738dc22b3d259,4,test
45bd6e636f968448,6,test
45c183e3593e8497,0,test
45c1c808c64b60f4,7,test
45c5844e0b02391d,4,test
45cadc4f0b7e9085,1,train
45d1ba34942360fb,9,train
45d2b3c420170422,1,test
45db026f8abd2482,8,test
45ddfd58b763816b,9,val
45de1cc9ccdaa62c,7,test
45de23d7e7fb9ab1,5,train
45e1b03d10a3b092,2,train
45e2eb231bf2eaa7,8,train
45eb640f49c5f690,4,train
45f4179ea596958a,9,train
45fb246c94398c1c,0,test
46067999ac28137c,6,test
460c74698974661c,5,val
460e31ffc3c4aa28,2,test
4610969b2b6aff38,9,test
4611055bf4c3ea90,3,test
4611cf3eb0716aac,5,test
4614f9c75065506e,6,test
461bce17f0998a71,9,train
461e87e536c951d8,1,train
4621a606603032ff,9,train
462471c96495da8e,7,test
4634d02679cea0e7,7,test
4634d43fe408f994,8,test
4639774d3bd6624a,3,test
463d04c2e09c9ea6,0,test
4641e9efe4d3c005,9,test
464d9c98cfc6f59c,2,test
46501ef21a775ce5,1,train
465dacd3a1ff3576,4,test
466a5ac61effb178,0,test
466e1a943c7dd331,5,test
466e48084831b7b4,0,train
46713ed1a0940be3,0,test
4676898d176062a9,0,test
467ab5a80aa8261a,4,train
469837f92d0ec53b,7,train
4699a430795fbc39,3,train
469c439800adb99f,7,train
46a41fb97a9a19cc,9,train
46a498ac077619b1,2,test
46a671456701f648,7,train
46af15cab7748ca0,3,test
46b12ee655c1e1d1,9,train
46b434f04b192ec3,9,train
46ba14b7d4da6a5a,3,train
46bc5ec0b56e1a40,3,test
46bdf6cdebedc5e2,9,train
46c77ac25eae6dde,4,test
46cb2dd0095867e8,6,train
46ce0e5b7c5b38c7,3,test
46d79ea29e6e0166,8,test
46d9cedd0d0d23df,1,val
46db54ed24b7a3e2,5,train
46dfc76ec30aa81a,1,test
46f59ae6fc6984f7,5,test
46f65ac6e7948b93,7,train
46f6d9ebb4a7de8c,4,test
46f9d03c811d7a52,6,train
46fe4fcd9652ed29,4,test
47017c2d2a00220d,6,test
470d8d655e164170,7,test
471302f509504081,6,test
47144ab956c38040,7,test
47164bfb4b2d3868,1,train
4718917b09bd9c4d,2,test
471a17d15b000a39,1,test
471e0ed597fbd39a,2,train
472e81161697ab0e,6,test
47315cdc2184bac4,4,test
47341f58b8dfc1ce,6,train
4739125492181741,9,test
473a5543eae7db46,9,test
473a7194b4aa2406,8,test
4740446562690e25,0,train
4740fc8c0ac4f446,4,train
4745b2a8f2bfbe36,5,train
474a0c5feefff865,8,test
475019e3ea72d533,0,test
4759f619832ce946,4,train
475a5c84fa29e581,8,test
475cfc94e44038d5,5,train
47655e740e686917,8,train
476dd978b77d287e,2,test
477566b71cbd1522,0,val
4775ae7468aed185,8,train
4776359caa8b4d13,5,test
477914903f82c465,4,test
4785d421be541ba7,4,test
478685061d5aeabc,8,train
4787f5031a8af112,4,val
478ca116023e086b,3,test
4799a50969c82b69,1,test
4799da88b53c8f33,3,test
479c36892af0e237,4,train
479fe92e31cecf65,7,train
47a024c9c7ba2317,2,train
47ace871fa9fda4c,0,test
47b35abcd2991e65,6,test
47b518baf1e16fff,5,test
47ba5eca73b30891,8,test
47baf067cbe0536c,3,train
47c8a3545485336a,7,val
47c9b6e26413fefb,1,test
47c9e57ea1c6c562,3,test
47cab39c32420095,9,test
47cbbd14aab2704e,9,test
47d97adfd82e5d63,1,train
47dc115e0980aa69,4,test
47e44ac007e99868,5,train
47fcf6eb1f99d9f9,8,test
480b4e3d800281b0,7,train
480e5907e12bfe3f,0,test
48147de92e045fc0,8,test
4818d9029834811f,8,test
481c3e076e796b13,5,test
4821409c5eaf00cc,0,train
48269aa2eed96c95,0,train
482887dc102560c0,9,test
4829aaafaa492e8e,0,test
482eaeb46a6909af,3,test
482fc23887933528,3,test
48302dd4e77f78c2,4,test
4835b37bbee2ecb6,7,test
483818edef69ab85,5,test
484897ee1d2c663e,1,test
484d41ee9ec1c499,6,test
485ad11ef4eca459,5,train
485d6e207eadf5f5,5,train
485e862de5a105d5,6,val
485f2834ffada7f8,1,test
486051f1ef77bf74,9,test
48617314e86cc966,8,test
486694aa8cb1787b,2,train
48775ae6195fd760,7,train
4877de539c91a0b3,3,train
4889ab1c66d89f41,8,test
4889bdd387f4dbd6,8,test
488fa1bdd22c4433,8,train
48959a5588ac9bcc,9,test
48985b4744c5f3d9,6,test
48a937c6facbe83a,1,test
48c341e735fe454f,5,train
48cf50d84f5d2473,6,train
48d591f6a0b6ab53,8,test
48d828944af72d46,3,train
48d9b22714406078,8,test
48db2e2b07c590bb,7,train
48db7a5fce143f80,7,train
48dc90cef87c2f77,0,test
48ed4a26257db016,0,val
48f93cff8caee8f2,0,test
48fb41ea34c6a8e3,8,test
4912d2d59f827eb5,3,test
4918af141ea8cb1f,8,train
491a2d93e82059ef,3,train
491aa9ddf5a6870c,8,test
49258799e873a0ed,3,test
492760e3fdc085b9,9,train
492786d1da68db3f,9,test
492a45878f99a0d1,1,test
492e7b15bcf91718,9,test
4930df485e8c6555,4,test
4931a7687fe7d7cd,3,train
4931e36caf8ea2e9,9,test
4934e61f16c0d70a,4,train
493a40873464922d,9,test
493b53c644776c21,3,test
493bf29aa92a5623,4,test
493cb2481fdfe12e,1,test
494718fc2b78cbcb,1,train
494730b956c8924c,8,train
494a0ad80096bc78,4,test
494deaaf1c00f930,2,test
495104ac14768393,7,test
49514e16365fda02,1,test
49526e726eea0892,8,train
4959ba5c73a949c4,5,test
495a9963ff5265c6,7,test
495cbff2c54470cc,8,train
495df67547b2a14a,0,test
495f74dd336102a1,6,test
4962ab8c73d6a3f2,0,test
496582e1b92de6ef,5,train
496da07c7b4074ba,0,test
496ee24e78661de1,8,test
4972d4b22b51a84a,3,test
49753d81f097f465,0,train
49757e6109856ca5,0,test
497d409eeb7c9470,2,train
49807770ad622b0c,5,train
49931724c3832cc8,8,test
4995fec4881cdce9,5,test
499b3322ba5c9ff1,7,test
49a782813c5e9acd,2,train
49abbb7a9309794a,7,train
49ae9b6e519cf979,5,test
49afe7eb0ac0a1e6,5,train
49b133d5f3a945e5,3,val
49b5ec8ac5209a8f,1,test
49bdf9652ad49e4b,1,val
49c8f04f8579f6d4,0,train
49cd10a42915d275,5,test
49cdde706657a459,9,test
49d0eb61250d3699,6,train
49d111bca27ab60f,1,train
49d68ba9c70171df,8,test
49ddb4825a60793e,7,test
49e0773d912711e3,9,train
49e4867a04f78741,7,test
49ee77b6b5056e68,4,test
49f0fe833d77687d,6,train
49f279c3daabcd6c,3,test
49f6c2962bf8ba4c,5,test
49f916f020743103,6,train
4a054132b9169dd1,2,test
4a1f889b7c1035b4,4,train
4a2885ac628f7078,2,train
4a4d795857f41c31,0,test
4a4e6b4d9537a34b,9,test
4a4f0dc403c5323b,1,test
4a521aeb44844cab,0,train
4a5335d5ac01a647,8,val
4a562f71a3e3e8db,1,test
4a649992ec3fa95d,4,test
4a67abfdd21883a6,7,test
4a7de5a4a1cdb877,3,train
4a8573970e9f41c5,6,test
4a90e6d8ad97f3a9,8,test
4a9eb76c86a20f59,0,train
4ab17d52b0a4cfed,1,train
4ab8eb468af7814d,3,test
4abbfd0834b73b47,6,test
4ad09363f3c6b35e,2,test
4ad7358e6dd9bbdc,8,test
4ad73f75e01a44c7,4,train
4ad92962b0fa73b5,4,test
4ae60b5a50e4d015,2,train
4aeb720d75807fcd,6,train
4af060683919c88d,1,train
4afc5d9881514556,3,test
4afda3aa4590bccd,9,test
4b02c6b45e78065f,9,test
4b0687739690c988,0,train
4b13077053fd845b,9,test
4b1609477a6ea758,9,test
4b1d0a3d89a25e5c,5,test
4b323f8bdd1f5177,2,train
4b35a787d0e5d687,9,test
4b42e122382f47bb,9,test
4b4510a553f4a4b6,7,train
4b4f75631f4f0ca0,3,test
4b52375da3b237b4,8,train
4b5899e6cf0b0de3,6,test
4b5a5791e5f38e78,6,test
4b6004332b04902c,8,test
4b70551086aa32a2,9,test
4b71c4659787608b,0,train
4b74d339bc739423,2,test
4b790ad8c7e633f5,5,test
4b79aa9439585427,4,test
4b7da6015393ad44,5,train
4b85d5d39f9c26f5,5,test
4b8991c86d4bd1fb,3,test
4b95e0d316f884b1,3,test
4b961086f4ddf17a,7,test
4b9b547709d23798,6,test
4b9f060c7b8630fa,0,train
4b9fdaaccabd47b2,2,train
4ba2de5fb4fa6ac5,5,test
4ba6eb6d58e5fb47,9,test
4bb3dcdc48ca7ed2,1,train
4bb50c733d91a8c4,2,train
4bbc98c6f2b14d1f,8,val
4bc3d881c793f9e6,9,train
4bc513431f769f32,2,train
4bc8211cb7896e6f,0,train
4bc8c6fe355b0bd4,9,train
4bcd129343891731,7,test
4bd485bb0b78c934,7,train
4bdca2366f6d6ce0,3,test
4be0cf5887a1309c,0,test
4be30cda9b6b84e8,5,train
4be686265d2ef7bd,2,train
4bec83a1c203512d,7,test
4bf7b1e6cbcd42f1,7,test
4c071801f6dfec3c,2,test
4c0c39c498d9edec,6,test
4c1333d37d2c6910,7,train
4c14af6ed2252b60,7,train
4c198eb501569957,5,train
4c1fe70a066b1411,6,train
4c36aa309f0a7747,7,test
4c3891a73313f8f9,9,train
4c39992317058c46,0,test
4c3e785cc2acc6cf,2,test
4c42cf25fd6bda8e,0,train
4c42fedf67b46627,2,test
4c4809856358869a,7,train
4c4b7b1da7b228f4,6,train
4c552e24870f95ed,2,train
4c575d4da7017760,3,test
4c5ace07d3ed0e93,1,test
4c61dacfd6aebd78,0,test
4c73f127496d38ce,1,train
4c757e4254835d52,8,val
4c87d6478d86beaf,4,test
4c889804f6e35e2b,4,test
4c89505361f07494,7,test
4c94235b94cb75bd,9,train
4cab59ca5f1ef7eb,4,test
4cb7a56421c1e5c4,2,train
4cb922958a55fd3c,3,test
4cbe1c192ad041df,2,test
4cbff28aa08d04bc,7,test
4cc16122bb7da19f,0,test
4cc3c0732fd210b0,1,train
4cdace578b807950,0,test
4cdf7919bee6ebfc,3,train
4ce01cf26d1e553f,3,train
4ce106900bb0daa6,7,train
4ce7494b80528cb0,8,test
4cf371c93bfef0e8,3,train
4cf3d7da68c10177,3,test
4cfd96daa770239d,7,test
4d043fc0ff641859,8,train
4d05bef583c984dd,4,test
4d10f5790acd7af7,3,train
4d14eb1526a41981,1,test
4d17327d5fc96dc9,8,test
4d1af4adaab97cb3,0,test
4d1da3dca56315b8,9,test
4d20dd790c7b4861,1,train
4d2189bff556550d,1,test
4d22004270a98612,4,test
4d26d4c59dc4b567,7,train
4d284fbea54590d8,5,test
4d2a2223e72e7116,1,test
4d2bcb021a7f6612,4,train
4d347a4b11de9edb,9,test
4d437fef3cccc497,7,test
4d44d9c3dd08615a,0,train
4d505b41d82ec8e6,3,train
4d5076918cdc0446,6,train
4d5338ca857cd568,4,train
4d561a058dfc23cc,0,train
4d577ad665784db6,0,test
4d57bb99ab96d83b,8,test
4d5b14c7c798d120,2,train
4d5ea74673a80b45,0,test
4d5f36b1b9988730,1,test
4d61548f1c524eae,0,test
4d63732827d400cf,5,test
4d66d43bca651411,3,test
4d67e404fb7f4103,5,train
4d6b9ca8da7ae12e,1,test
4d71d5be4e17e1b0,3,test
4d724bef38682514,4,test
4d73ff23962e0e2b,0,train
4d7b8d7c7e24b505,7,val
4d9537161aa64078,8,train
4d9c85678a881d30,1,val
4db2c5800cfdc874,4,test
4db3d8454d56a69f,2,train
4dba0b8ae45d85db,1,test
4dc4637d553f2ba5,2,test
4dc4c37d7b86860c,8,test
4dd1d498bb705391,0,train
4dd242fe2689bcaa,1,train
4dd24e91205d8b1c,1,test
4ddbfe71589a01f5,9,test
4ddcf7c2b02dccce,0,train
4de864e83bb47833,5,test
4ded8987266deab5,6,test
4dedffe7a52216dd,9,train
4dee6931207b2dfb,5,train
4df1786f80df9ebc,3,test
4df38d4329a9fb74,4,train
4df6a83e51e985c0,6,test
4e120698847089ce,3,test
4e169fb5f64b80be,9,train
4e17520d05c3ef18,2,test
4e21e380c97b3a06,2,train
4e2b98baeafe49f9,8,test
4e3080e9b4088277,6,train
4e411d2765ad66c9,3,test
4e44f60f3d121f51,1,train
4e48f1335e973280,3,train
4e4e93f502ff66eb,1,train
4e5b1a910aebcbb5,4,test
4e5f6bce4434b6b3,4,train
4e61a6e7cbfaff55,3,train
4e635335a41ca069,5,test
4e68a404d993566a,6,test
4e6e3969530dccca,2,train
4e73f4bda7dab327,0,train
4e7747c9dfd4c537,0,train
4e778f146cf0c481,8,train
4e78fdc17e00ac7a,0,test
4e7decceec719811,1,test
4e800f8f85cb9eed,1,test
4e81f0f696b6891e,8,test
4e86b374fcbf1e32,2,test
4e8be259d392b608,9,train
4ea4e398402b073d,1,test
4ea5bac0c2de588c,7,test
4ea8adda304e5b13,7,test
4eaa989987fc70f0,2,test
4eada38ed740bca0,2,train
4eae2c8c9e648468,4,test
4eafa76083fc167b,4,test
4eb0ac6fd2b6ae7f,8,test
4ebd5cc4c636745b,2,test
4ebf844ae5f6fc39,8,train
4ec4e1ccc5236d11,8,test
4ec8b005b4018cba,8,train
4ec973f64c3be630,1,test
4ecc894c5c39f642,4,test
4ecf45332cbf0c15,3,test
4ed03a808885e139,0,train
4ed52c94d0cd81f1,3,test
4ee7343a2af829cc,2,train
4eee784ab4fdc63d,3,test
4eef1443dc52f7fa,4,test
4f03d6ea9acf47f2,6,train
4f089abeaa72764e,6,val
4f0a3acbe0297ecf,5,test
4f0c8b6dd70cfc07,5,train
4f1dd1261e9410dc,1,test
4f20bf841d1a9b2f,7,test
4f231b9011a70a47,7,train
4f26570e0ff415cb,8,test
4f2f15eab0ac984a,1,test
4f3251eae27781b1,5,train
4f3f980b0b113409,9,train
4f4017ef23761bb7,7,test
4f460976a056e8ff,5,test
4f46acf1defd2af4,8,test
4f4b382945f125a0,2,test
4f4b9fa8efb4aa4c,2,test
4f59a319418ce5fb,2,val
4f59d9f75c9cee30,1,test
4f5ba19f9256316c,4,test
4f5ef278b52ead69,1,test
4f69279bab548ce8,9,train
4f6a880df476e6aa,2,test
4f732567fd2910c8,3,test
4f75c800cef7d29e,2,test
4f7c9e6297d67fc6,1,train
4f7e13c818eec485,3,train
4f7f41e4b9684ae9,8,test
4f8197cebb5fca6b,4,train
4f81a5ea6e59b956,5,train
4f83343b04f41e77,6,test
4f8a64967db9d8a9,4,test
4f8f7c20ea54a793,7,train
4f90491690dfec42,4,test
4f924a57555660eb,8,train
4f93638d67c088f1,2,train
4f9c832b611dc38d,2,test
4fa03c78960bcacf,7,train
4fa050a35a8b56c3,1,train
4fad8fe717a72095,6,train
4faf1f8b517df509,7,test
4fb4d6ae0f57a125,5,train
4fb955b979417177,4,train
4fc21ed3cd5f6d9c,5,test
4fcdbf36fcc58796,9,test
4fcfa7f1acd10613,1,test
4fd18c901a4a762c,2,test
4fd99c183121a2f6,6,train
4fdda96b3a79c0ef,9,train
4fdf5c23405b0065,6,test
4fe4da439a07bae3,9,test
4fefe13b729e8692,3,train
4ff5a7c4b6a0c9e8,2,test
4ff6ac4705c9599e,3,train
4ff6dc08224a3b28,9,train
4ffe37ea6376e9b6,6,test
5011a9faa4c1b02b,0,test
5014a9320114c24d,2,test
501507ff7b3ad1ef,0,val
5017ee885925b12e,3,train
5019270c30ec37db,6,train
50208fd259d12cf5,1,test
50225237411756dd,7,train
5022aa7f25660def,5,train
50296d465b1de1ef,6,val
5029b6fc32e76502,7,val
502a83d5e91190d4,9,test
502e45af485bbacf,6,train
503abb37859b91ff,7,test
504b8481de998f71,9,test
504e8f04e8d6fb3d,5,test
5054cac23e6a1107,9,test
5058415a3ff3ee13,6,test
505d6873d3cc502a,0,test
506527c514ad9e1d,9,train
506a5f8fb563990c,7,test
506ac5ea636377c4,9,test
506bcf5fca4c044c,9,test
506e24319b02d207,0,test
50713b3aeb99dfbc,2,test
50773912e614edf3,2,train
507b6742ecdf2373,4,test
507d2d8b16b95f2d,4,test
5084bbb1b6b56c56,9,train
5087ff3ec10e8e5d,7,train
508ad3f7bb3b3a57,6,train
508cc817a8143e0b,8,test
508f6a802940c2f8,1,train
508ffd0455cbc409,4,test
5098d408a902e2c3,2,train
509b3f76b64d7998,7,test
50a3337d5020c031,1,val
50a8e59dacd770b3,3,test
50b1bf33657f1942,4,test
50b8dca414abeed0,1,val
50b9c71af82667ab,0,test
50bc44466a2c866c,3,test
50bd8ff725706ba1,8,test
50be986ee04386d5,8,train
50bf0efc705f7c45,8,test
50c0d4ec6c5ca8cb,3,test
50cbf75c52cc0cbc,4,test
50d10fb91d1ceb82,8,test
50d39c89e8bf682f,6,test
50db4c225f86d3c8,2,test
50dc7690290514d6,3,train
50e236e80e311960,4,test
50e2c34acbfb8e04,4,train
50f2b262014107b3,9,test
50f2d6fd03ff1991,1,test
50f3b9da72fb1e50,4,test
50f75c5d06e14680,8,test
50f97a63fcee09a7,6,test
5101e832b40650ae,8,test
5102738fee7b8890,4,train
51061336a6d79cb4,0,test
511188ccb578d1f1,2,test
51130a0680352d0d,8,train
51177b50a27ebf54,3,val
511b3b362f532496,5,test
511c2c2e5433c6fc,7,train
5120ca37eb690bf5,3,test
5120ce5ab979a8f3,5,test
5125f9540a3c6063,7,train
512a2e8207eb67e3,7,val
512c02e718c4701a,3,train
512e13659c49d680,7,train
513d32100b3f075f,1,test
51444cfddbafefb1,5,test
5146326c9c34584f,5,test
51499d0ae3263183,6,test
514ae3de7875d7be,7,test
5156c7c28b06486f,8,test
5162a628a73ca048,8,test
5164e83807673331,1,test
516cac5fc6225209,3,test
51747e9d46af1f03,3,test
5174bf9a8da6c9d3,0,train
517539544e2305cc,8,train
51850168a93c253d,2,test
5190f37844733053,8,train
51a18b5bc38f3089,5,test
51a8c24b9203c975,9,test
51aee01db5afa871,8,test
51b06cecac9b1bc3,4,val
51bd8d93ea61897e,5,train
51c1e0f89057a68c,7,train
51c4bf8524c2c5fb,9,test
51ccdddf6a87b0b8,5,val
51d441a9da87aa09,8,train
51d4ca0945a06a26,1,train
51d9945d96bf8367,5,test
51dca40a21214c3c,6,test
51df5e54d5b0ac65,9,train
51e006df515ae619,0,train
51e61b96120e5911,2,train
51e6205989e68f1c,6,test
51ef49f25d7b158e,1,test
51f5710958e6bd5f,2,train
51f9e12aa9772dc5,9,train
51fb7f2f2032ee7b,5,train
5200b60bbf439e36,3,test
5202ba7efe4adadc,8,train
520b8853f1ab315d,4,train
520c87fcfef98737,5,train
5226159909cb0567,3,test
522847c4c8748475,7,test
522853c7f97ae2c5,2,train
522bf646bd942b8a,7,test
52330da7e88e14ce,1,test
523327fd525b2de8,5,train
52464784d6e02c2d,6,test
5247ae6c1640d57c,2,test
524b426efb0c5507,0,test
524c74ddc2d05af8,4,train
525598b9b4e5ebd1,6,test
52570e9881bd8a61,4,test
52588ba6d2c548f0,6,test
526081d0745cfb0c,6,test
5266d1b5286c4388,9,test
526acd6c6d1fe991,7,train
526c6fad0297ab13,5,val
526cd1ced7af2511,4,test
52732ad9db3e5ba8,2,val
5275979c105b0eb0,6,test
52843f931997e21d,1,test
5288b0ae34932703,3,test
528c418945a76ac5,2,test
528f8b75b104b032,5,test
5291c28883bbf8e4,6,test
52921fff93a66d1a,3,test
52969eea39f4a930,3,test
529793cfc8712905,2,train
529d58fb83d28b1b,6,test
52a317eb8ec6f5bb,5,test
52ab325bd27efb8a,5,test
52b0130983eef953,0,train
52b05212741b5190,7,test
52b14c6c711c2be7,7,train
52b77107904567b8,7,train
52b7dad19eee0de3,0,test
52c3fbfd6e1847ec,9,train
52c704106301b6ba,2,test
52c781e3c3ca46f1,7,test
52d08e4ad868f5d9,3,test
52d0e847d481211f,9,val
52d6e47bd10de3ca,2,test
52dcceeadf2b7d6e,1,test
52dde4c569b86bdd,2,test
52e081bca942ce8f,0,test
52e3389474374f6e,8,train
52e3bb71eaa28d93,5,test
52e98c7f12104de3,4,test
52e9c9d868dc2ada,5,test
52f4833224a89723,6,test
52fd8fa5e825612a,8,train
5300d1a996d0fae1,3,test
5302c23ffa2459c4,6,train
530550015dcbe6c5,2,train
530cb941e93be570,4,train
5311d6e7ebf0de88,6,test
53160ef51466381a,9,test
5322d8bc77b0963f,8,test
5326551f5ab86d7d,4,train
53283cf89df89068,6,train
532fe291bc2ac62b,5,test
533218c807abe8ac,9,train
53359d642502bfcf,2,test
53392d1a6b0e891c,3,test
534bbfdbb62d082d,4,test
534d6b449df0e0df,7,train
53521f425ad144c0,4,test
5353c6abb21ad2d9,6,train
535bdb1567bee6d8,1,test
535c5fc66ca7352f,6,test
535f2a97700c8b2c,7,test
5362e29fd42816fc,2,test
536972eac0cd3c63,6,train
53697cd913ffbeb9,6,train
536ab3c65a078b8e,4,test
5377a6693bfd23a2,0,test
537eb77095c78d5b,3,test
5384622827380da6,8,train
5388dac62df2ac1a,7,train
538cbdd0f1c9e196,6,test
538f820f029beb1c,7,test
5394414ff9e11dfa,6,train
53abaf4fe9dea91d,7,test
53b4292274bbeb81,4,train
53b8aec4960d2635,5,test
53b9360a5ae11080,0,train
53be009e1587eb90,2,test
53c2aee8b6adb7a0,7,test
53c61e40c8a1a8af,4,test
53c8f37786b13647,2,test
53c95e03087b9d16,9,train
53c973244f2cd1a4,5,test
53cb9331774994e5,0,test
53d4cf4fdcf12b9a,4,test
53dbabdb2c117e89,1,test
53dfcee3ec791982,3,train
53e57dd5201ad5e6,9,train
53f5ce235fb0b591,7,test
53f91128422fdae0,9,test
53f95efeba844d60,6,train
540179d8897cb7f8,2,test
5402caaa5b3cb276,0,test
5406b9a5f81e67f4,0,test
540a838cbc4bc5ce,7,test
541055769c7652e3,0,test
54117dd3dfe16964,3,train
541571e5dfd611b5,9,test
541c741a89eb90ec,7,train
54212cf99b08aa60,0,train
54289ae30e01325a,6,test
542ba6169f11c7e9,0,train
542e2094b26a39a4,5,test
542f4943564051a3,7,test
542f81a8878b9574,5,train
54335a85a86abced,4,test
543e6fc4d5a6ae4b,0,test
54421daaa425ce04,1,test
5447d0a73bf6799c,8,test
54491432a4038edb,8,test
54551959abed5b31,3,train
545b152122dec7a8,6,test
546995a1a7d862bd,9,test
546c5ed0b0643d2f,1,train
547fb944c39218d9,5,train
54892200cf6e7993,5,test
549e776269115140,0,test
549f1d20021e5ad3,0,test
54a632368e21da22,4,test
54afbf5bec2864f1,9,test
54bc20f8f0cac722,2,train
54c453d5cada042c,8,train
54c57c231d1c619c,5,train
54c8b93ce2678e87,6,train
54d11014c282a0b6,4,test
54d5b2d8cc875391,1,train
54d782cd77baeb1c,0,test
54de011b4c9bce28,5,test
54de94a6f6838576,2,train
54e54507eebed32c,6,test
54ef234593fb08c7,5,test
54effeea9af09972,9,train
5506f40006c7bf25,4,test
5515f48305c8b364,4,test
5516b787df653a9d,2,test
551a3090fd5e36a4,6,test
551e24716074288c,4,test
5522676a0423c645,1,test
552654b1b1ebafbf,8,test
5529fc38f46da7a2,0,test
552e1f344619115f,7,test
5533301756551d89,7,train
554232649d0875da,9,test
55481de7dcc5f10f,2,train
5548d6ddb61c5584,7,test
554ac68b18f48693,2,test
554c51c5fb38a406,8,test
554cbfdee18a602b,9,train
55510f540118dcea,7,test
555697caca824949,0,test
555de1d24b4eb2ca,2,test
55603d9a3d51001e,2,test
5561f1cb688e7cf6,6,test
5562787fdbb700e7,8,train
5563636f18ff7b44,7,test
556c4fff56530e47,7,test
55742331a6c02901,2,train
5574f9457dedfe26,9,test
55796b6353072865,4,test
557adca512037bd8,1,test
557e9dd33ed03ee0,8,train
557eb0be0bf4636c,2,test
557fdff355e1bbc3,8,test
557fe942749abb98,0,test
5581c21d1ee09b66,7,test
558673607ca6baf1,9,test
558ad34bb6842848,9,test
5594c1db4aec051e,8,test
55a023295480a3a0,6,test
55a48b48c5d12284,7,test
55a976b56a4e2dbc,0,train
55aedd4331ff1233,6,test
55b23620a51e69f4,0,train
55b4cb2dbff986b2,9,test
55c473ec944d879c,3,test
55c5064a39084222,1,train
55c5698d3d8fc679,9,test
55c6d41b407a68ef,5,test
55c892592ab5167a,9,test
55ca5a455f941a7b,4,val
55ca845b5632fc9c,9,test
55cf429404600319,3,train
55e75e3519a16f3b,9,test
55f143baaae3bf12,2,test
55fce76466f2dcb7,5,test
5605c718c894ac7d,8,train
560ad413e0693f9c,8,train
560e4f65387670f2,6,train
5619202130f8b76a,4,train
561d7abaa23afacd,0,test
562337e920e4c3fa,4,train
56299bf411e14986,0,test
562c12679e325d71,3,test
562d16d1155b71ec,4,test
562fb79487e37d31,5,test
5633fbe6f862fec7,5,test
563e375085411971,3,test
563e3a96c83126b3,3,train
563f57b8fa059e92,2,test
564194cbb63220b1,8,val
5641f07cee4dda74,3,test
5643f7b38f5f3616,2,test
56495eb5f34a6bb5,1,train
564b6964fab0176a,1,test
564eea501e598dd0,0,val
5651be5a97d47848,8,test
56531e32c5c558b3,9,train
565931a467f06e97,4,test
56629d5a89a17694,2,test
5668f6e5d0207c80,6,train
566d5a12599e1a13,8,test
56750e3c1ab4eb38,7,test
5697da29ef3b74d8,3,train
569e015efb2f97b4,6,test
569eabb198a93865,1,train
569f5afe5ca1d799,3,test
56a16cf06fde3235,3,test
56b676bef28671fe,3,train
56b7fd420ade7258,0,val
56bb9d8460bbd19a,4,test
56bbe4a6fd4391ba,9,test
56c0227ec8db728b,0,test
56cc441adf5813eb,6,train
56ce39cd287da140,7,val
56ce941b20e2c5f3,8,test
56cea18626914328,1,test
56e529ae4b025d86,5,train
56e93cce24d86d4e,7,train
56ebfb5d1d2a4794,6,test
56ee61daeeb47e54,0,test
56f202b065367ac1,3,test
56f3d4c27d01dced,9,test
56f68b819ba72883,4,test
56ff88b2c5c3f09b,7,test
570180ff0e3eaaf7,5,test
57026d128f113f5b,9,train
570ee50ab18a0253,0,test
571175978ef79fe5,1,test
57123531cbb620ee,6,train
5716ed2ca994c98f,7,test
5729206a87ec4107,3,train
5732cff378127234,9,test
57370bcaf562fe8d,1,test
574333990c60184b,4,test
5745dbb370293820,8,train
5749492b53b47772,9,test
5753a2e53ccc31a8,0,test
575d0bebffe899b9,6,test
575f212c977d50b8,7,test
57636cb4237b7427,3,test
5768592994a17210,7,val
57714daf811b99e8,8,train
57781c2058667f79,5,test
577cdee7068a9195,8,train
5782c4182b495b84,8,train
578b172136a2126c,9,train
578f703e616cb8f5,0,train
57936c73714406d2,1,test
5794b235e26d1c05,8,test
57a1b06e74646014,2,test
57a9c03ddfe0e660,1,test
57a9c8fd362e656f,9,test
57b33c49964122a5,7,train
57b9fce8a657c487,9,test
57ba2b6633d45d3b,0,test
57baf306599f9b8c,9,test
57bdbaba96b5d6b6,6,test
57bfe135007f22d6,2,test
57c47115eefe37a0,8,train
57cba4bf8f41d140,3,train
57ce9c6e222f1b5a,8,test
57cef96c1d20c537,9,test
57d0a8a65ce6b5ac,7,train
57d1589c4ed29647,0,train
57d58895c368b7af,9,train
57d6569016994f92,5,train
57ea2252c6b1ac1d,5,test
57f105628e24f282,5,test
57f3a31dcbf4f64d,0,test
57f77b4692fa3acc,5,test
57f919404f1914c5,8,test
57fbc4593f8e88c2,4,test
57ff33ac1dad0b0a,4,test
5805c4f17f59354d,6,test
580799c65cb748e3,6,test
580a0c076cdfb508,9,test
580e645d501fc66a,9,test
5812c4fb1eb02d58,4,train
58194f4544d3e852,2,test
582011fa6780de84,4,test
58207ef3d120fe21,4,test
58229f0d8f7ed1cd,3,test
5823e4530f885d48,9,test
5826ac7048a65bf2,4,test
582b180536f3c285,3,test
58357acdda9ffecf,9,test
5837e066c156577e,0,test
5838e31520224ca7,6,test
5839b480027634c0,8,test
583b6544e9759647,4,test
583db7d6f6ce711c,2,test
5840cb02bb4e6238,3,test
58422a959f076e66,3,train
5842daea96228d77,6,test
58505514f5c6a5e5,9,test
585138be86b24dbf,6,test
58551a940cb204da,0,test
585d7d04459960e9,6,test
5867999de9e09523,0,train
58681c319aac87a9,6,train
586a6359abcc7ab3,4,train
586c6da64718daf2,9,test
5870f9b1587c1c5a,6,test
5878d1c2fdee957d,1,train
587ce394f301e61f,0,test
5881d98af5ab0527,4,test
5885be354a837767,2,test
58871c6ed25c3ce6,1,test
5889447a50891227,6,train
58895521739e6be2,8,test
588f15bce5a3c88c,4,test
58983b94a4cd3eef,6,train
589bb95e79dd72d3,5,test
589e5ff0a6665446,5,test
58a4b1992a307c69,6,test
58ac1579287b2047,7,test
58b15f6d0781724e,4,train
58b57d70f2b7f037,9,test
58c34250870c0306,5,test
58cbe8b22bd72f78,2,train
58d6d9461d485c10,8,train
58d8df5b786c8014,1,test
58dcc61cec60752c,5,test
58e233065a24d62a,0,val
58e2c57e19a8fc77,4,test
58e92acf02f0a1db,6,test
58f0a50a78e6cb6c,0,test
58fa907f1d9c4318,5,test
58fb5998171c3fc5,5,train
59032b190170ced4,8,test
59090647a97b15c4,4,train
590c0d29a594b553,3,test
590eee1c1674a76b,1,test
5911de4185ae59b3,2,test
592289abb3f00332,0,test
5925238a5c5d3408,3,test
592e7950f3643439,2,test
5931b8c0173e680b,9,train
593389d84cd65dfb,9,train
593574657df091a3,1,train
59368ac0fb6466f9,2,test
593a0272b5efd961,3,train
593d5ab8b7f53858,5,test
59462ef3f31bcf51,8,train
5949925a904c975e,1,test
595b4f0735249279,7,train
595e157405d35486,3,train
5966db5bfc727ead,7,test
5966fdac9bdd98e9,2,train
59680795cdbc1360,5,train
5968e67861e1ba02,5,test
59694772477072f2,3,test
5971cc04b76c11b3,5,test
59720fbcc80c18a6,1,train
597248676cc7f38f,9,train
59755c8ef1a252ac,0,train
59774b74ee60cea3,9,train
5979ffbcdc71681b,4,test
597cf6d9546e9b55,7,test
59822c47a07c6071,1,train
59895537595f5f14,4,test
599054d46c03dcde,5,test
5993c92afad83f1d,2,test
5994871c143c783e,2,test
5994971105da2704,1,train
599c01a5c36574eb,1,val
59a6f9cb3acc940b,6,train
59a9773ad95916a1,3,train
59bb374c91c450d5,6,test
59c3beee6cfbdc57,0,test
59c44a3865ccb779,1,test
59c469783796d1db,1,test
59c6feedd37ae629,5,test
59c78df352143c70,5,test
59cb9b67a20f6e1a,8,val
59ce6ff9a8336396,4,train
59d20e70711be61e,2,test
59d64830d3dbee77,1,test
59d6f24c54f731c2,9,test
59e4d7e346b29f74,1,test
59e557f31036ed29,3,test
59eca75edd1a49a5,7,train
59edef55fc32dacc,7,test
59f0b4036c2ba2c3,3,test
59f34b858154c33c,0,test
59f75b3fa74aaed2,2,train
59fc89a9b4eb5ded,1,test
59fd790d5c3d9f6c,5,test
5a007f6f8649dd80,6,test
5a07504f29b75561,2,train
5a081f601262073e,2,test
5a11a96cbbf3fa55,0,test
5a190e92f7cf079a,8,test
5a265d01be4d513b,4,val
5a29a5aa966367da,4,train
5a308738f1c7e00c,7,test
5a3131cd2fd2ea49,5,test
5a32f854219b942e,8,train
5a37620244dafc27,6,test
5a3b343059e51beb,4,test
5a3cf4c8afbd4e57,1,test
5a40ccec25b31498,6,test
5a4556840c5c30fa,1,test
5a48aef14a8cbb27,3,test
5a493c5e03efb3ed,8,test
5a4b4b548c5cf60c,6,train
5a54df0c0b7d7e01,4,train
5a5900042cafce5c,9,test
5a60fac9a15319f9,1,test
5a686a5b30372af9,8,train
5a6900cf1bd4c8d2,0,test
5a73c061101afce2,0,train
5a748ea1d131bf2e,2,train
5a7a049221b03cd8,2,test
5a7b220e6556cd11,4,test
5a8bd97a1666c605,8,train
5a908682bc1ae0d2,8,train
5a95a6b4c534c685,6,test
5a99527c784b83c0,4,test
5a9b8223cf909151,2,test
5a9f638d59d75ea2,7,test
5aa481f1fc99d723,0,test
5aa670b1c77eb549,0,test
5aa739f5a2d98fd0,4,train
5aae0aa7e1f21d03,8,val
5aae27a60c36b22a,0,test
5aaea1effa879d5a,8,train
5aaebe39b55e6260,7,test
5aba760ce44efc6e,7,test
5abfa7007a244676,4,train
5ac88b33f425fdb4,6,test
5ac8a158c8269fe1,9,test
5ae0baa8fedad360,8,train
5ae222353b0064f1,1,train
5ae2e0f07a72adae,0,test
5ae33d34d3b4bea1,1,train
5ae9947ef458af34,1,test
5af094fb5c074e3b,8,test
5af177256a5fa34c,4,val
5af738755f579b26,4,test
5b00819d65a7cc8f,0,test
5b0469ba7bf823fd,1,train
5b0d139f40f0cb56,0,test
5b0e952a531e8dda,4,test
5b0f364e08683439,5,train
5b0f75c646ec2d6a,8,test
5b1394139acc42a6,6,test
5b144796353fb865,0,test
5b1c72507f4cc8ce,2,test
5b24df7bbdf31ca7,6,test
5b28e0bc9b118ffa,7,test
5b2ce78bc550e3e0,8,val
5b354d5bf1bd7a4e,0,train
5b37ddf4d36d79a4,7,test
5b397e85b7695ffb,9,test
5b3a38f2fafca312,0,train
5b3c8dfa3a86799d,8,test
5b3ca3a38dceefe5,4,test
5b4219c51aad3eeb,2,test
5b421e40af67e6ac,8,test
5b43911a4362cc74,6,test
5b444e3937f2b3e0,8,test
5b4a6e8b6c079963,8,train
5b554212ebdcd7e7,9,test
5b590a88d020ac8e,2,test
5b5bd2e34d6e3958,3,test
5b632af2e6b40d60,2,test
5b644e0a61aa3078,1,test
5b679f8eaad9098d,9,train
5b6af7b5e429aeca,2,train
5b7195f539febe84,6,train
5b722611acc50bd5,7,train
5b723143e896da1d,8,test
5b82af11ca4d6ec7,7,val
5b83ce07563e3df3,3,train
5b85b0bd803c72b6,7,test
5b8eeb53ccc63d08,3,train
5b9190c6278284fe,4,test
5b936f61698362e3,9,test
5b93beb4938e608f,8,train
5b9dc743e016cd9a,3,test
5ba0a28f07c11348,5,train
5ba44085fa9f9c11,4,train
5ba5b22da6b5ac05,6,train
5baba7ab9e89d549,5,train
5bac5b880c541960,4,train
5baec90a81132879,5,train
5bb25b8955ff6bc2,5,train
5bbc9761db14e588,6,test
5bbf60dc9d278d13,1,test
5bbfa5938584f253,4,test
5bc766ea00517a70,7,test
5bce568744d51dfc,6,train
5bd09a0bf7d67533,4,test
5bda6f783df24e55,1,train
5bdc02bdbbfe1001,9,train
5bdf8f7a6f3efa4c,5,train
5be144bd8849c442,4,train
5be4597d4ad78f7d,4,test
5be817c6363937b7,6,test
5be9dacc95934625,8,test
5bf250857fedae6a,5,test
5bf2da2b4e238552,1,test
5bf5f24e97f75069,1,train
5bfafbcc89815c57,4,test
5bff816b19b91aea,3,test
5c0a80b277e16cdc,1,test
5c0af06881d330c7,4,train
5c0b3c9a20288702,7,val
5c0e6600da880c0e,8,test
5c0f165e8e28fa3b,5,train
5c1895d381f6a11c,4,train
5c2b31717f8e496b,3,test
5c2c39b5cbbe053f,9,test
5c2d3e665809bea1,7,test
5c2d4f1a502b5c8f,1,test
5c335b21a894cb9b,2,train
5c3984469a3bf605,9,test
5c3da8f4640cc800,6,test
5c3e2bf901805dcb,4,test
5c3f265417c55044,8,train
5c47d960e4d50914,3,test
5c4a375e22669367,0,train
5c4eb24677029296,2,test
5c5a75fe79d02c92,5,train
5c5ef0647d825d4d,4,test
5c66bb3b655969c7,8,test
5c6d3131b2fa88e3,2,test
5c6deadaaae6e516,5,test
5c6e9992b3612463,6,test
5c77ce6c8a8fd151,2,test
5c781bbbf20fb3e8,8,train
5c785408c25f09b0,7,train
5c8e584c564341c1,6,test
5c980af90dcaa7a5,7,test
5c993aac1703a2ff,6,train
5ca283f0705a3c73,1,test
5cab0a24bd4b66b7,2,val
5cae872e88adcb42,9,test
5cafe116210d05d3,6,test
5cb38f4bdb0ef4b8,1,test
5cb5ba6cc7007811,4,train
5cb6c497634d8cee,6,train
5cb7d05887e90205,6,test
5cb8e873b0784d0c,8,test
5cb9ed2cbb72cc17,1,train
5cbe96189419bc7e,0,test
5cbf504963f2cbc4,9,val
5ccc69e6920c7a01,4,test
5cceeb6c1114c417,5,train
5ce2a0a166cb1c49,5,train
5ce6b44d371ab104,3,test
5ced050e2e33cb08,3,test
5cf01da01a870be6,9,test
5cf12de9a0bff1c5,8,val
5cf36116ec921cb0,1,train
5cfba5a6f0160994,3,test
5d0e5130cd7f0a05,5,train
5d101c4992464727,0,test
5d2cced84bb5b376,4,test
5d31a7aa93785d3e,0,test
5d36ccf6868f7b75,0,test
5d3bb444535d563e,5,test
5d3faf82aa37f96f,7,test
5d403a7e10b1bd97,4,train
5d44ab2c9395f696,8,train
5d495975a4c3df2a,6,train
5d4eb6d7bde9e781,4,test
5d50a64156c503e4,5,test
5d52478f7724ff1f,0,train
5d5c9309f6762e26,1,test
5d692de52274b463,8,test
5d69cd61fa354c66,5,test
5d6cc1ccfaef2c26,1,test
5d704192e22449cd,1,test
5d74e4d2f191f200,9,train
5d7d708e5e49c2ef,5,test
5d8aec617aa6ebd5,9,test
5d91407dd5127410,0,test
5d97d2cf4a553c83,5,train
5d9a2f178b342192,9,test
5dad5d1ea3ad401f,6,train
5db01d73b699f96d,7,train
5db2415f92e40ad0,6,test
5dbb72ecb816fcc7,3,test
5dc281f796283f6e,2,val
5dc439eb710cc6ee,6,test
5dcb81ae68516adf,0,train
5dcd3962be614c6d,6,test
5dcdab3eb4d11ae3,9,train
5dd010eb190d32bc,8,test
5dd3d5c6657524e0,1,test
5dd4b19e5a5d904b,8,test
5dd4fc57c785f609,7,train
5dd63319ecfce506,9,test
5dd6faa38a189bf9,9,train
5de0eaeb809ec45f,5,test
5de62d44d943a411,7,test
5de6acb9b5782099,7,train
5df48da5ab4f2cb6,8,test
5dfc1fc296a93470,8,train
5e094b76f913d222,0,train
5e1223be69baa6d5,0,train
5e13805fd0ece008,5,test
5e14798a2723ff0d,2,test
5e18cfed0357ff58,4,train
5e19447e1da7df6b,0,train
5e22fbbcfcef2089,6,test
5e29fb31b214a170,2,train
5e2c4c7c86baa9ca,3,test
5e34d5a9eea04112,2,test
5e3ff46a2a662504,3,train
5e4632484d13aee3,4,train
5e46fbfc8f173862,5,test
5e4798fbe9bd5673,6,test
5e490ffcb2faeba8,5,train
5e5d4d8a5caf75f6,9,train
5e5fd7a4840a33ae,4,test
5e6bd1cca0eb575d,4,test
5e70e4ae3637f53c,3,test
5e7bb57f23380178,4,val
5e830232250ed92d,7,val
5e831c8ca60b0bbb,8,train
5e83aec8e3413b1a,6,train
5e8921e89bf57675,8,train
5e8c94ffe2b178a9,0,test
5e90939016ca06a7,1,test
5e913ce32cd4b32c,2,test
5e954f5b7d2d999c,5,test
5e9b9591f1ddfacd,3,test
5ea52f8219535d1f,2,test
5ea6b8fd03229b96,5,test
5eafdea09853cbfd,2,test
5eb0ee6aa08a1643,8,train
5eb76bedf18cb543,3,train
5ebc3bf73e651900,7,test
5ebe57191d146a5b,9,train
5ec46ffe3fb575b8,6,val
5ec51f1669ed91a8,6,train
5ec67aac8124d50e,1,test
5ec7532442c97395,4,val
5ec93394b92b3085,2,test
5ece2dcc2c667f0c,3,test
5ed4616671f9a212,0,test
5ed6a1ed3ac01bc0,1,train
5ed8500519e6d4aa,8,test
5edd71a9adeb09bf,5,val
5ee0528926119030,4,train
5ee057b9d6e55a27,7,test
5ee6aac48cf192ad,0,test
5eec00f06e6092a2,9,test
5eef4d3371470eb0,5,train
5ef094485551dbff,1,train
5ef0e3bc9c0092ba,3,train
5ef1174f3351925c,0,test
5ef2fe84a71ecd55,8,train
5efafaac5267941d,5,test
5efc096beca3b5ad,5,test
5f03244f61e21eef,2,train
5f063585eccf29aa,2,train
5f09c41a23693c78,7,train
5f18cd9a67820be7,4,train
5f19b0c4b33a45ee,8,test
5f1e53702a842523,8,train
5f20e9e722577c72,0,test
5f26c8c651409dff,0,train
5f3b5a7534f620d5,6,train
5f3db0fb5dd64285,8,train
5f3e7554c0194c61,7,train
5f448c5834e506c2,6,test
5f4a30b2192eb3ad,6,test
5f4b7b4a1279e134,2,test
5f517768e4fca439,0,test
5f5caa520ef795e0,6,train
5f601a09354a14de,4,train
5f64f1e54a868cd3,1,test
5f68912b5a85d7e8,2,train
5f6bab5beeae5038,4,train
5f6c0a16fc0daf5c,4,test
5f770c717609bccb,0,train
5f7b490c8e3b692e,7,test
5f7ddb5fa5715e71,8,test
5f81bcf094c60a53,0,test
5f834a19f9867fa7,6,train
5f85233ee53b8fde,1,test
5f879eeb6c6ea44e,6,test
5f8b37561fd0bad1,1,test
5f8bbf53d9419630,7,train
5f914dc2ec74644f,7,test
5f91fe98e4ad5628,6,test
5f99c1d05fd8500e,7,train
5f9e6898c6a0dedf,3,test
5fad1c596c5c829b,7,train
5fadfa5a0eac240e,1,test
5fbc2562b3887266,8,test
5fbc59bb466f55e8,2,test
5fbfb2062896463b,8,train
5fc28c95fb6bd730,6,train
5fca0e8fc9912d8a,8,test
5fcf8c5a885c8b09,0,train
5fd1ac03f8bb29a1,5,train
5fd5148063f8a86e,6,train
5fd9ee809e69fa8c,3,train
5fdd7640b13ba101,7,test
5fe0a87d569642f4,2,test
5ff07d9f28404b9d,3,test
5ff4e01b616160a7,4,train
5ff5fe88f358fcc4,0,test
5ff65d11bab81473,4,train
5ff8286e2b32a713,6,test
5ffa651d7f3abeee,0,test
6004ec54f9457d0f,0,test
600cdce30a4825ae,9,test
60107b6d847dc02e,6,test
6013260925f0cfce,3,test
60276b633cd60264,6,train
602996c956d25347,4,test
603d9648e8f92b6d,0,test
603fdace1fe3cd75,5,test
60408bcafdca0a00,7,train
6046137f595ce513,7,train
6047c8ccb4fb9077,5,test
6049c89d00ba4c59,3,test
604e0c08e8f11478,5,test
6051685e2f7f944b,0,val
60533f50e5253f2d,3,test
6054417518de2865,1,train
606190d56eb85d00,8,train
6065d598eeb34430,3,test
6073e001c0565633,4,test
60868f5b2a168968,4,train
608b58ad9642b7b2,4,test
608c58f6a41dd1cc,1,test
608fe3181500fc88,7,train
60939ae822f9bf9b,1,test
6096658815f2274a,1,test
6097cf9af36e5642,2,test
609a313a06fe244c,9,train
609a820fcb8561d5,2,test
609dadac0d03a4f6,8,test
60a57951d288d884,0,train
60a6ee428a620709,6,train
60a9996820777982,8,train
60b545c274d20bc1,0,train
60bed7dc788c44c9,9,train
60bf05f276cb4d4a,4,test
60c2f8fb4bfbc501,4,train
60c5572724cbeb81,7,train
60c8c20d650a7754,7,test
60c968b2f655bbe5,9,test
60ccc70b13fc14f1,7,test
60d07aea54bb9535,8,test
60d3c7d0024a8e81,1,train
60d4876e34e507f3,2,train
60dd81a6ac686a6a,8,train
60e49642e9749dbe,5,train
60f767e53ad5e430,6,test
60f8ab085ef31dd4,4,train
60fa7ed8dca0899c,5,train
60fccc2e79ca0132,3,val
60fcf76e40c61540,4,train
610413faf5a5388c,2,train
610efd4cf99523e4,6,test
6111e543e5a677ba,8,test
61160855b6374030,0,test
6116d737a8bcfafd,5,train
6119b0cc01c508aa,0,test
61267c656d5e7c64,0,train
6129132fcb73affa,4,test
612aa6318ddc3522,1,test
612d2ca0740f81a1,3,test
612e9d638262d104,6,train
61318dd331d744ed,9,train
613f77f4becd9884,2,train
61575cf40ce998eb,6,test
6159266330283018,8,test
615d2c8ea46bfbec,9,test
615dc5c51dc2bda5,3,train
616518621d418542,2,test
616c0d143fe5f41b,8,test
616eada4bd65b796,3,test
6174a44b84f9a875,3,test
617b1d2d9c16024d,1,train
6180b21efaadd1c7,4,test
618634a842d4c2b8,6,train
618ac81cd9fe1058,4,train
618b363fa23312d2,6,train
6192c9634758bb6d,7,test
61987243e86746f3,9,test
619b21a45255c48d,4,test
619cfb192b795bd2,0,train
619e394b237cbe0e,3,test
61a370143a3ad930,9,test
61a90de28c4bfbd6,9,val
61a95f4aaca00084,2,test
61ac5f5b58fe9503,1,train
61af307f576e98e0,4,train
61b4b6f5c4848d98,0,train
61bba8eb074efe04,6,test
61c38c0e31c2798a,1,test
61c396704e00728a,3,test
61c5ccc401ff9d91,9,test
61c7feaf0a5015fe,3,test
61ca17c2f96ece5e,7,test
61d57ab4ffc7e6f6,4,train
61d99ce17c36fc3f,6,test
61da64019f536696,3,train
61dbb0559fe65e1e,5,test
61dd34c8aa9cacfa,1,train
61e3c268b1a51dfa,2,test
61ede1122035c0cc,1,test
61f0b3cdad83a112,0,test
61f13a9a46fe2291,0,test
61faf23e2da73c91,8,test
62011dabbd47a88c,1,train
620190a1806ca60b,8,test
6203bccf05f81048,8,test
620408b3bb344fd9,9,train
6204d5ec7d957d40,9,test
6209ed8e922e734d,7,test
620af5a5d4cff38a,5,test
620b47d26144d804,3,train
620d3b3ea60a4609,6,train
6227ccdfcde61a8c,2,test
62348a91806715db,6,test
623d7035a862d46d,7,test
6243764f0f1bdad6,5,test
6243a8004b7f544c,3,test
6252e590f7998124,8,test
6257d04bd3c57f43,0,train
626f6408f6798df3,3,test
627493541a46a0b0,3,test
627b759d3387cb36,1,train
6286d4e4c7c8f785,2,test
628a0f54a16c5c33,0,test
628cad6784b11f77,9,train
628dde01752681ed,0,train
628e11440c52f92d,2,test
6294b741f01bf8da,6,train
6294bba58258c37d,3,test
6299f3aac9392df7,3,test
629a9c78900982b5,0,test
629df6dbeb657459,2,train
62a4b41e92229de9,3,test
62a5198a7f6c97b5,6,test
62a62d587529dd2f,3,test
62ad97b0fc2d8042,7,train
62b3f4808474c65c,2,train
62b5f926f2ef056b,7,test
62b6280c87c43ab2,2,test
62bb871e83b642cc,3,train
62c0e1d96c310409,2,test
62c2353c320248fb,5,test
62c4eb88914590b8,4,test
62cf3eaa2f805dfc,4,train
62d314d27c84fe37,3,test
62d4e288d0e3aedb,6,train
62d9e908d5e81ef3,1,test
62e0500128c8a0ff,5,test
62e70abd6d8417ac,4,train
62e762185595fee3,1,test
62e798d59ceaebcd,4,test
62ea9baf84fa080d,0,test
62fa3cfa016e6266,6,test
62fb0677170e75d2,3,test
630019bc450fee1a,5,test
63004c7fe62ba74f,3,train
6308148a7ac4c841,9,test
630cdefbaea94b43,6,train
630ceca6f45445d3,4,test
630e6da745f1e628,7,test
6310d314cd7b007c,2,test
6312fd9eafe5f7c7,9,test
63136cbcbd501f4d,5,train
631715bf82fe772e,8,test
631889266b0d647d,4,test
631d1f7ffb83c43a,8,train
631f042a9165cf72,8,train
6321f63e70b350c4,2,val
63292f93dcf4db52,6,train
632aa183d1f6cbce,8,test
632e12fc58474087,2,test
632fcad5f006ad29,5,test
63302b55b089e3af,8,test
6331c4ee17e95da2,5,test
63350310f755f2ff,5,train
633d2be2fff6761f,4,test
633ee2d24e1e0bd3,9,train
633f79ca8b2687c4,6,test
634377c57ffab0fb,4,train
6347861ab7fd3239,8,train
6354846ece071196,2,test
6356cf535f342086,0,test
63598301d3152e33,3,test
635b5a8ae43fbcef,4,test
636c4cf053a9a5ab,7,test
6370455c2bab66b7,5,train
637c55ff8862f1f1,1,train
637c59f3ce213e51,7,test
637c8755eba9a90e,6,test
637d2f268fc7b672,3,train
6381ce054db8a93c,7,test
6381e990a44fbb1d,6,train
63823b82898cae3d,6,test
638646779c7f8877,2,test
63871c3a95873ac1,9,train
63885c01d59a74e8,0,test
638907bfbdccab0a,5,test
639743cc1bd34f57,9,train
6398892503ff78ed,5,test
639c5c65553f6711,7,test
639d8d36210b7757,8,train
63a0685e212735e7,9,test
63a1eeb0a5efa65a,6,train
63a30a9beb03cdc0,6,test
63a70a193c272c1d,1,train
63a926c0db597968,7,train
63abf888b01448ce,4,test
63af44e2f747c77e,0,train
63b0d3c6fc4084b4,5,train
63b4c2b96166cc15,3,test
63b7c3e9440a530f,1,train
63b880eecd163ebe,2,train
63ba9bbe9e5444d6,5,test
63c7f7d9e229e59e,5,test
63d3286468713d82,6,test
63d51453453e7e3a,5,test
63d70a68f21c8649,6,train
63de2e7050a9864d,6,test
63df1a43cfeb06d4,3,test
63e04b6ffc08ebcb,6,train
63e61021f6532e49,0,test
63ec9b76e3d843ed,1,train
63f9a6053ac02b87,4,train
63fdd4c9e047097d,7,train
640e0573cdddba17,6,train
64107e0c34fa7b5d,1,train
6413e04a372b5e9d,0,train
641565c1664265eb,1,test
641891c82354ed2f,7,test
641b86f9a29b0ecb,4,test
641e92c61cfd8cd3,7,test
642f9f95b9dda46e,0,test
64421bceef2180fe,6,train
644a738ecaf6708f,2,test
644aa4002db5765b,7,test
644c5c16090a6696,1,train
64654ccbd32a9472,2,test
646c77977fc2c836,3,test
6472014a8e2a1d96,5,test
6476eb79c5045ff6,1,train
6479dbeabd52f581,9,test
647c2e71631417da,4,test
647dc3025b5d2588,4,train
648dcd6ffee3c0e0,3,train
6494a23ce701d60b,0,test
64950415b7e31184,4,train
649681c4dd5b7fca,0,test
6498b2e9ae80084b,5,test
649da24f7b6df732,2,train
64a6dcfd2d3b8205,5,test
64ada3dc172e856d,8,test
64b5db37f7093526,2,test
64bc163bd18a4519,2,test
64d53b58537599a9,2,test
64d95aa9b3fbcb04,2,test
64fc51eb9254b4d0,2,test
64fdba9bee45106a,1,test
64ff5ddafc130558,1,train
6500c0141bbf7981,2,test
650448b91f7d717c,0,test
6506a1455f6b0b9f,1,test
650782361ec9fcc2,1,test
650be0aac3a79b5a,1,train
650efe34ed4cad8d,6,train
65117fce1716da79,7,val
6517e184477e2958,0,test
651b64afaffa1a74,7,test
651f081127947a5a,2,train
6522355305faf885,7,test
6526f09a733cad40,1,train
6527ad0e5dd0c9eb,1,val
6528411760b7095f,5,test
652880947380cf69,0,test
652d40eeb44523c3,0,test
6532338a148cfb25,5,test
65365c792104c317,6,test
653fc87c25113142,7,test
65521609609d1b76,3,train
656aa88c43cc9879,3,train
656d7eaf73b7dc3f,3,train
6571c54f794503ba,9,test
657355a1616e045b,0,test
6579b59f5199cc9b,1,train
65849b35e3788fa1,7,test
6587be9846ec2435,2,train
658fa790ef8272b9,3,train
65961379283d87c4,7,test
65a3b088f34a63cd,8,train
65a573718f31edc8,0,test
65af2d7ab0ccfbd1,5,test
65b162d4d7dfe649,0,test
65b4228f72cebc6f,8,test
65bb10fc06b740e8,8,train
65be1a1d3c92c00b,6,train
65c4c0929993f99b,0,val
65c7da59c5f31885,0,train
65cf25c01bb3aaaf,8,test
65d0276c486ef104,9,test
65d5d690d7dc76b3,5,val
65d8e0d59a1add39,7,test
65e4c8af18806832,2,train
65e762884c88f33b,2,val
65eac16e2d63c150,4,test
65f6c75b8a7114a7,4,train
65f8e54233bf8b99,6,test
65fc7011c2c55bb5,4,test
661454494965a5a4,6,test
6619b62ab6765b3d,0,train
661c502fcd40c0ca,8,test
6626f286c8aa68b8,6,train
662a21519228cac4,7,train
6638c69d93bc7a75,0,test
663acb56add878c8,9,test
663f4c3c1eea96a5,6,test
6647025a91b90ec7,5,train
664d5e14504cb405,8,test
6651401a5b1686ec,1,test
6665fa06fbc409e2,2,train
6669692ac7b23248,0,test
667e36b95e7e4cfa,8,test
667e8d90fca2334f,6,test
6680884ac4090fd2,4,test
6682c3d0443471b5,7,test
668411103c82c51a,8,test
668c9e0c2a697b5d,7,train
6698802bf5b462b4,5,train
66a5e028e1c1991b,4,train
66a98bdbf700a38f,7,test
66b21eca6973dd3e,3,test
66b3a741d125fb98,2,train
66bbe84989c3ba21,2,test
66bfb73af604fc3a,1,test
66c1130963674b81,6,test
66c472b675ab2199,2,test
66c747830d0fb52e,6,test
66ce89a1db98a78d,9,val
66d90ba89d298f2d,1,train
66d9ae263655c090,9,test
66da249d62e46a4c,7,test
66dc87871af7a297,3,test
66e0453e8173138b,3,train
66e1fb6488a3a325,2,test
66f83dc21e0bcade,8,test
67048c09b68fe175,9,test
6705ad07a5d011b4,8,test
670d461adf322603,3,train
6715bd1ff1f0429b,9,test
671f273d48f6dbae,9,test
6722297c35e5fd08,7,test
672267a2c698de19,3,train
6725e23393efbcbe,6,test
672bdf80215d9140,8,train
67378e9ab0141cdd,0,test
67396ea620ac76cd,8,test
673d892812502608,0,test
67403665605eef9f,7,test
6741314a2795d627,6,train
6742ea28c2ae5deb,5,train
67455fe2aad4b1f0,4,train
67583cf8d5f8f170,7,test
6759b4026082a9c3,3,test
675deba624fe0d28,8,test
675e890f06622102,4,test
675f72e0d6dcfc60,9,test
676d46ca29b9382d,8,test
676fb8da3aa290a8,7,train
677bcb8c59144411,7,test
678580bbd7b7af09,4,test
67870166d81be271,2,test
678931cabb2fc76c,0,test
678a7fe78c5b5235,7,test
678ce203d185fefd,7,train
67921b18c5de13cd,0,test
679ad8df4ede2f23,9,train
67a183e181dae5a2,3,train
67a1c3e3bb699e9c,0,test
67a23d162a017fe7,6,train
67aba0d16e6df19f,9,test
67ac287b22846620,4,test
67ad72272f9f2e81,9,test
67af006c4b65859f,1,test
67b1a69053306875,1,train
67b96c1d082fd8bd,8,test
67bed129ed848b27,1,train
67bf52a4eae2b553,9,test
67c6582e4abd4da4,0,train
67e51e981716a407,4,test
67ee6963eb14f861,2,test
67f06bb5ce5c7d33,0,test
67f249410dda5871,8,test
67f3e7d7a3040e7a,3,test
67f47646ab55de99,8,train
67f51cba0b47acf2,1,test
68004bb910da0516,7,test
68027b2bde3057ef,5,test
680859ccd82b42cf,7,test
680c3229a359235d,8,train
680d694ee289ffa6,3,test
6816ad2c36cfb91c,1,test
6816e13ae85e0346,2,test
681767203d122cd3,5,test
681f0e1c45968d18,6,train
6820f069d1e39851,4,train
6821178075cca177,5,test
6829f9bd01181ef9,7,test
682fb8c28be66063,0,test
68382154297bad27,5,test
6839299f5ac38aec,3,val
683b8c3d53e6a1bf,4,train
683ebc3403b652ee,0,train
68400a43fd5dfcfd,2,test
6845aa0fb0d5cd56,4,test
684ff9e9090675c5,7,test
6856576e12615dc3,8,test
6859e703170ee147,9,train
685cfa5229b4eea1,3,train
6868c1c210e0c132,0,train
686bdb649374f7dc,9,test
686e2e59b0fe8963,9,train
6872fa05f7a48e7a,4,test
6879a6b5681c590b,8,train
687b8b1efd1f11c9,5,train
687ff5beeae75bac,7,test
68843ac5b28a1291,9,train
688f7cd7f27e4866,4,train
6893b4f370ee415b,6,test
6893e0e0f966e720,4,train
68978290dc177d12,7,train
6898840ef3337da4,9,train
68a0f72fe08a1eaf,2,test
68a5132a56460f84,8,train
68a65ebc10e8c0da,8,test
68a75696c54c2e53,9,train
68ab091e72cf0550,7,train
68b2df4f7d77f190,6,test
68b573f4e200fe02,8,train
68b811988a160ca6,7,test
68b87da80822546a,7,test
68be35e4946f254e,6,test
68c0502de0b16b38,4,train
68c56f5cd20ad341,2,test
68c56f98026f4d1a,1,train
68c68b395481014b,2,test
68d8e4a420579299,8,test
68e4be8e4bea9c07,9,train
68e62abf259156ec,4,test
68e73c955c5efed3,9,test
68f1d686ad4822e2,8,train
68f6936fa9139ded,8,test
68f759f31eeb82be,2,train
68f7dd00f7313f1c,6,test
68fda65a18bd13b5,2,test
690138cfeb0589e2,4,test
69063c311bf4c549,2,test
69073dec692bbd95,4,test
6907d34541820149,9,test
69147caba18952dd,8,test
6915665e5924a658,5,train
691ae26d58c256a5,4,train
691f4bea559b777b,5,test
6923accb165b2bbe,3,test
6927def739112369,2,train
692bdffe6ca34aaf,1,test
692c0cb55a2720d3,9,train
69337091d0d4a130,0,test
6933a0dda4ec8eb9,5,test
693eb955d3bea83a,9,test
6947a13a7996a0a8,0,test
6956e09347cbab5b,9,train
6959a552aae256c5,4,test
6959bd06c367a655,5,train
696714ab3f9d411d,2,test
696f02c1a309efc1,4,test
6977f1db01ca666b,4,test
6979a6504434dabe,0,test
697b6eb2b16ab890,4,train
6985f76ce51ee4fc,8,test
698af6cbe4a2e5ad,9,test
69996373e7a57933,7,train
69ab3d0cfe64dce7,3,train
69b30215b9767277,3,train
69b6067e3fd71685,7,test
69bc54c388a04f3b,7,train
69bdded6055e8dc1,5,test
69bf5257ca77d5bf,4,train
69c9c45ec0ef2e5f,8,test
69d8703a23041f92,2,test
69e09818f881ece3,2,test
69fa6504b8f24801,3,test
69fd2fce64b12fbe,5,test
69fef2e0f11f5948,8,train
6a02f225921c627a,0,test
6a045b0f09bf1f01,3,test
6a090bb6859411dc,1,train
6a0d7ceabfb562ec,4,test
6a0e1d3ed255af4a,5,train
6a10ca1fef704505,5,test
6a112934c468726d,6,train
6a114b0fe72a0c8c,4,train
6a138b07d5556af4,9,test
6a15172a89d7d0b7,6,train
6a24b98376cf3f38,4,test
6a2ae0262c8ac2e4,6,train
6a32e2370e4fad54,3,test
6a34cf81dbb7eb03,6,train
6a36f2b5c06968a4,6,test
6a3917987bdfddae,8,test
6a3c5e40c57b7b85,6,test
6a4a85df99a573b2,9,train
6a4d9ff310bd6737,1,test
6a50130cb53bc044,5,test
6a510a908fa64417,9,test
6a5246cd84d7cc42,3,test
6a5755354223df2e,9,test
6a5c62a665cb7052,4,test
6a5dfde855943e81,2,train
6a5fd55ce91a662e,0,test
6a671597b63b42d5,0,test
6a67729537c4d87e,2,train
6a6c4830636dd2e3,0,test
6a74075cc62a6084,6,train
6a75d0d716d9e812,0,train
6a8155ffc60a4e2e,5,test
6a829a4d21857daf,4,test
6a86a84b9c83a024,0,test
6a8dc6ece765fcb4,7,test
6a8f78b79ddecea4,0,train
6a97073539cd58d5,3,test
6a98cc8f451aab5f,3,test
6aa55559c80e9cd6,3,train
6aa9e461b66e3fb4,2,test
6ab99f33f3af5414,7,train
6abb66bc53a05d80,5,test
6abee6a9758f2bc2,9,train
6ac0088da5168c5e,1,test
6ac122a526cf7a8a,7,test
6ac1f6c2f17af37d,8,train
6ac8ac78639445f5,4,train
6ae20da1470497a0,1,test
6ae5ccd4dd49cbe9,3,test
6ae78924a87d5da6,0,test
6aebe547dfe5c5ba,9,test
6af4cbad1f4f0244,4,train
6af72d271f01e182,5,train
6afdb8599858cfaa,8,test
6b07e6bb53702737,3,test
6b144392bdac329b,6,train
6b15aeab0f1f2754,4,train
6b17c9fd48bf8e75,9,train
6b193cfb87f1bb13,2,test
6b1fb581bff5cd41,0,train
6b20dd5292552b9c,7,test
6b2c45af2831a228,8,train
6b3745d35903031a,1,test
6b3812e8750ce3cf,9,test
6b3bb232bc684f52,0,test
6b463ad6dd9c76fc,1,test
6b467e1aab51a4ad,5,test
6b4be23e86b3ae22,5,train
6b59487eedb88d07,2,test
6b5a979a3b348c7e,1,test
6b5af19a1850b754,0,val
6b60ad972dbd71db,5,train
6b61aedceab1e463,7,train
6b64fe09f8584bb2,5,test
6b674a2da6c985df,1,train
6b68120056c08822,0,val
6b6accd21a1f6a86,0,test
6b6b00b72d9dbe62,0,test
6b71f5b0ce01c3f2,0,test
6b8aea5ce8266cd5,2,test
6b8cebc5c8693e4d,6,test
6b93ca13a6afed2b,1,test
6b952371bf5e7f69,7,test
6b9d164280e6341d,8,test
6ba3ffc110c23bdd,8,train
6ba46b3a19dd4e2c,5,test
6ba66d12e35e0132,6,test
6ba99f9b3b38eeb0,3,test
6bacf93a3a79a23f,4,test
6bb64bfeccfa4959,7,test
6bc24f81d3f844b8,6,test
6bc285b0bccf1530,2,test
6bcc20bfe04badcf,8,train
6bce5424fa58c1a8,3,test
6bd3db245ebf6df3,1,train
6bd9ae82834a8870,8,train
6bdc8218bb4f1112,2,test
6bdd301fa81b65c4,8,test
6bdedf2ae1fb3c70,3,train
6be2a366d2bbc1ae,6,test
6be50902e5b38b60,0,train
6beac2f9830e2a55,8,train
6bf3e3fba365d4d4,8,train
6bf791fdd94d0461,9,test
6bf928f090f070ab,6,val
6bfd9f68f1058d5a,2,train
6c03a0c67c7c2a4b,0,test
6c04c21cc00301ac,9,train
6c0646129aa91db5,5,train
6c06da731e0b4942,6,test
6c0dde13073a1cd1,3,test
6c11cbb4001d22d5,1,train
6c13b96c3d2a2feb,2,test
6c1e844fb312fa2e,6,train
6c251868461bfb63,6,test
6c283c122d415fb0,6,train
6c29f2e2b30d1120,5,test
6c2b8785ac0b50c4,3,test
6c2bf117d3d68870,7,test
6c2ffa43ac245b05,3,test
6c375115faf408b4,4,test
6c4ad08e4401036e,6,test
6c534869ed2bd825,1,test
6c55338a5e3278a8,4,test
6c5cb6d181294836,5,train
6c703a7ea19c819c,6,test
6c732ec0b98e7654,8,test
6c76e6b59ee4c75d,6,test
6c778237524ab7a7,9,train
6c7b5d4e7d1d866c,3,test
6c7c2eb87150affc,7,train
6c7c400c771c54b9,5,train
6c7cda07b22aabe3,2,train
6c8e6f9eadb510f4,3,test
6c90d0a47177bcc5,0,test
6c91d8c04971362c,4,test
6c94c446552ef0ac,0,test
6c94e105689ce2a6,1,test
6c95819e26f06c76,2,train
6c973ab1361cb164,1,train
6c98c107aeb303f0,3,test
6c9be2cd38eb6b7c,6,train
6ca5cc3c39ae3762,2,train
6ca7e9e6f3c81ea3,0,test
6ca938ef8b9aefa5,9,train
6ca94e37412727d6,0,test
6caa5f569089b2b3,5,train
6cab035a5b7a5a94,0,train
6cc7d99fd1fbdbfd,6,test
6ccbab0dbe62725b,7,test
6ccd8fb1cc19a0dd,5,val
6cd04428e087ec15,9,test
6cd2e7ee80b764c4,2,test
6cd3f5f748dbd3cf,5,test
6cd71f3de43963ad,6,test
6cdc09e662889ce6,4,train
6ce1bac52d932ddb,8,test
6ce908c9db5a4d1b,8,train
6cef958e39c92ed4,9,test
6cf29c89204c328c,3,test
6cf6a86981293eae,3,test
6cfa8d0567186d6c,5,test
6cfb56ec3e9f7fb6,1,test
6d069602b9cecf09,0,train
6d0b49416fe46c47,4,train
6d1e603b36f8e5d3,6,test
6d1e7d80aad76004,3,test
6d21679b4f97d7c9,3,train
6d231a022db81ba4,4,train
6d25d11d27e0dc13,5,test
6d312e3a42527869,7,test
6d31b357dd390f5e,1,test
6d385bc273ffbde9,8,train
6d3b7da28aa842e3,6,train
6d3db89f4572cae6,1,test
6d4226244ddc20e2,7,train
6d43e28c1a2776ed,8,train
6d45204a7f098503,1,train
6d479ed1a6fb4606,5,train
6d4d39644b4d87c1,1,train
6d505225a41d42f7,8,train
6d52ba1f1e29aa94,1,train
6d547f80108b7722,9,test
6d5cfb8fff9c342c,4,train
6d5e48f124ae2ea6,4,test
6d6328fef20a76c7,5,test
6d687b2d869f937a,0,test
6d6a89be7160bdb5,3,train
6d6c7604ac5ee119,4,test
6d6f189b0ffddc8c,4,test
6d70d0964bc801d4,0,test
6d760703dc862ec2,9,val
6d762534f4aca617,6,train
6d80643358961ede,9,test
6d8390623534b5b5,3,test
6d83985f69a787b4,2,train
6d96f9d4f4c86ad6,8,test
6d97c1a0f5148b90,6,test
6da07194adf7df80,7,train
6da89613bd6b80d8,0,train
6dab286b9144cf4e,0,test
6daf95e1aa549058,2,test
6db1a5c3fd65c7e2,9,test
6db3827f0c6e3ffd,1,test
6db4691cc32db1aa,0,test
6db89bb69c6e150c,8,test
6dbb492cc5669f8d,2,train
6dc38c435a270194,1,train
6dc663867ac2ea61,5,test
6dcd493f895f1f56,5,test
6dce4ab0654fa172,3,test
6dd2859b3b73c2d9,5,train
6dd3f9986096046f,8,test
6dddcd0d381adc01,8,val
6de164d27f2e5c37,9,train
6de3b8dd8700f3f1,8,test
6de6b4efa1d40925,6,test
6deb70ba2316d01e,3,test
6df09d19873af24d,8,train
6df168254e67588e,2,test
6df323f9652ae389,2,train
6df44a2197df5c06,8,test
6df6386bc4ea2728,7,test
6e132fee23fec3be,2,train
6e155748f566ab61,4,test
6e1af30b854b5a41,9,train
6e1ba6f40b173130,3,test
6e226a84c0224128,4,test
6e23f3ba8b7f9f01,6,test
6e252faf1433e0a1,6,test
6e2870ec269e08e9,5,train
6e2a3155c9014666,3,test
6e2df1e50372e1db,0,test
6e35eeb6f59ac586,4,test
6e397af152a12fed,5,test
6e3bcd45ea12baf4,9,train
6e5629859eff3f1f,7,test
6e59107f4f075c60,4,test
6e5fe99c53bbc343,9,test
6e60fdde6a033e38,4,train
6e615f1b36706c74,5,test
6e6664a65eff1653,0,test
6e6866ed915f06ce,9,train
6e6cb852a1689f7f,5,train
6e712686ad33f0ef,9,test
6e79d5ea3e295d81,4,test
6e7a3b1b8b687687,5,train
6e7ac155cbb9b834,9,test
6e7e8dcf0527f141,4,test
6e811b870ee323fd,0,train
6e85ae69162af991,2,test
6e8fd10a9459ac4c,8,train
6e9ac84ad135a961,3,train
6e9c25eac19cfa73,3,train
6ea5c4791692286c,4,test
6eab9f3aebe85685,8,train
6eafbcd605e1e5f5,5,test
6eb58f8eccc38b2a,3,train
6eb7e379601422aa,7,test
6eb9e916bd63ea27,4,test
6ec00be8ad7b915b,1,test
6ec08244df28e319,7,val
6ec2ae7bed0974eb,9,test
6ec67e626ffa5cc9,9,test
6ec7764aa4d27c9b,4,train
6ec78e9331387c1e,3,test
6ec967f1bb11e6b6,4,test
6eca5aac7100b01a,0,test
6ecc5f6ef2c2ad01,8,test
6ecd07165e65e4b8,9,train
6ed3894946c56deb,7,test
6ed5289a4c98b1b8,4,train
6eeaecf0b9497789,2,train
6ef31d9a5db3c4b0,2,train
6efa4e8b73509f14,9,train
6efcff9834567b70,5,train
6f03bfbddcfaa274,7,train
6f0642efee11da5a,3,test
6f077ebe1c364f03,9,test
6f0a0a183103fdd8,8,train
6f0bdd0e6ad1a8a2,0,train
6f109da8a5fa8d9d,9,test
6f1b147590d0a4ef,0,test
6f1e1773c1b2a711,3,train
6f289e0105eb48fb,1,test
6f2956bae66a8c27,9,test
6f2a405c30b9d1fd,6,test
6f339d790df25f0e,9,train
6f34f9d371ac2ae1,5,train
6f36fe1f365ea193,1,train
6f3e698cc6dca129,2,train
6f3f4012d606364f,9,test
6f4251cf43e0e2dc,1,test
6f43cc7d77217df4,0,train
6f52026f1e6e9ac2,1,test
6f5b6e2c86d4a076,7,test
6f5cb2a222408d2d,8,test
6f5e4e3264b0b34e,3,val
6f6490252edf9424,0,test
6f66e29e2f99aafa,1,test
6f6ee30f58ff97df,8,train
6f72f8e598d3a9c5,0,test
6f798b668702dc12,6,train
6f82ad738e6e1f6e,1,test
6f865e0b140a5921,5,test
6f8b45a4496da535,8,test
6f9320167c9c4976,7,test
6f951175b76e6bef,2,train
6fa37a6ad23b594a,4,test
6fa8ead52caa0947,1,train
6fad08ba01215b96,4,test
6fb0651984dac568,1,train
6fb5a717c38aa019,9,train
6fbb4cd58b2d1b70,4,train
6fbc0cf0c05906b2,9,test
6fc13d8dabf8c073,9,train
6fc6cef829bccb2e,0,test
6fc8a9026f937ec5,0,test
6fcc22e4ab1abbd7,6,test
6fcde405f31fc5f0,7,test
6fd65e4bbbb93119,8,train
6fd7122ecca01772,5,train
6fd883329ed87aa4,8,train
6fead8c2192c7cd1,0,test
7000d8b8443807af,0,test
70014f3b860b7ec5,1,test
7008ac7e2bc46569,5,test
70146fff6302fa93,7,train
70164dbc4ab9d2d7,8,test
7018b7b6503df1c9,1,test
7019ce0a7ab06d0d,4,test
701de11e1019014d,2,train
70223bdd4c25962b,9,train
7031a09894039792,1,train
7039262c557ac78f,4,test
704ad1147263b6ad,4,test
7052306d5af50bbb,7,train
7053e61b1404712a,9,test
705b83e42ab6ba77,2,test
705bb980929b9388,1,test
705cb608c1856410,7,test
705d565e071af43c,2,test
7060b3590658c312,9,test
7061275502557369,0,train
706b30f7ec2d780d,6,val
70739f794366df7c,4,test
7074fd1b94e96e56,6,test
707b1a77e1a1e244,8,test
70828b95e5f9a27b,8,test
708a33b7b96c7426,0,train
708d22c380ba4395,2,test
7090c20b4fd2cd17,4,test
709879c858f31ce8,9,test
709be41054ad2b43,8,test
709dd95b88d299ed,9,test
70a706eda422977d,7,test
70a76ccc8b6abd3a,0,test
70aba4a523817b49,0,test
70ada729f099bdd2,8,train
70ade13a843a718d,1,train
70b41d8dd7d162af,8,train
70b9cad3d6eaf9dd,0,train
70bc54ca61b3ebf7,4,test
70be1726c4bdb5d9,7,test
70d285c7545ce41f,4,train
70d68d555ca689d1,5,test
70e11226cf163b4c,2,train
70e46c3e412f3d6a,0,test
70e671e0d0608747,1,train
70e6d51baf1b4e73,0,test
70f094a4a46268cc,7,train
70f3d3fdb4e2a65d,7,test
70fe07af977b3ce4,5,train
7100a08ec15513f5,3,test
7103b5d403b38440,0,train
71042ea438c8538b,2,train
7105a7a75f3c4e26,9,test
71064c11e483e2ce,5,train
71090723f78ffebf,5,test
71192692c5dcb210,1,test
7125c3b76d6ea0ba,7,test
712866f1193758c9,5,train
712f3a2d396b581e,6,val
7130626958c5099b,2,test
7134414a0f776403,1,test
713d5873b5a12193,9,test
71442915a1c2bcc8,9,val
7145178b68ab74d4,2,test
7148c7120ad0e1a2,4,test
714a909983c0cbdb,0,test
714b2a1b4f2410f6,8,test
714f8e4513536de3,4,train
7153f67849f74c08,8,train
7159d825ba76a601,9,test
71644e5ada9808fb,6,test
716554e07733f932,4,test
716978fb9eaba016,3,test
717f5ec10f8438ee,1,test
71802153356345cd,3,val
718bd94dff58a108,8,test
718e3d215b8a16a1,5,train
718e4e011c06d195,9,train
7198c6e4be788618,4,test
719addc8324ed24e,5,test
719c96847263f47d,4,test
71a2074926f82f16,9,val
71a217dd3fb879fe,3,test
71a30488faf017c6,0,test
71a4585c93955f74,5,test
71a974d3a0c1a707,1,val
71a9f6d8c6ff37fd,9,test
71b2b753ed01a072,6,train
71b7a3c97393d77f,7,test
71b7a5c5133f4d18,0,train
71b896bd9476d5a3,4,test
71bdf8e4fdb85a93,6,train
71c0a5f608a56870,0,train
71c0e80dd385593c,7,test
71c1071d64d34211,6,test
71c51fcaf0ab6ce5,6,train
71cef23e6e78824e,7,test
71ea5bad5a81ffac,2,val
71eb8a348c4bfc79,2,test
71ee0287793f8441,8,train
71eeb2e47b7c8f90,4,test
71f084de9241f90f,7,test
71f2bd9c04d9195e,5,test
71f38d864d52880e,8,test
71f48777cde72ac8,5,train
71f7b87a3bad84bf,1,train
71fa7b9a4288cbbf,8,test
72055d7515b3cf98,6,train
7205c3156f07f6fa,6,test
720bc205b7f7b2d9,4,train
720bedadfdcbbbba,8,test
720e5aeeacb6cb61,4,test
721299fc1b968db7,2,test
721cb621fcda88ad,9,test
72218fe753361718,1,test
7223a493238d0068,8,test
722b26a76f3e22f2,0,test
722ecd0d0a4b6bd7,2,test
722f8659e1e9cc86,1,test
7236d33da6e82fdc,0,val
723bbc8c938e3f91,0,train
723f5496f3e55160,4,train
72426d82d622880f,7,test
724d8f550674e638,3,test
7252dc139b961d7b,5,val
7264291deb401b6f,9,train
726877f1bd6364b8,9,val
726dacbd26c407b1,4,test
726f93abd7dc8be9,2,test
7274ac18c1a4b787,6,test
727a54c1139a7716,0,test
727a8d45d65d2180,0,test
727b6df0e80bc677,5,train
72872d05fe30e3fe,7,test
728b9dc2caa22145,2,test
72a2b34748ac4581,4,test
72a8dd1024025e00,5,train
72afefdd8dff14b0,4,train
72b20eaca290c854,6,test
72b241c0490f731a,4,test
72b3ee1f1fbb1536,3,train
72b8e119721dec30,5,test
72be8de67545cdae,1,train
72c5a021f350c3e9,2,test
72c8d4357b432462,2,test
72e9bb359214b381,5,val
72f5636a64b36578,0,train
72fbe87ba1ead863,6,test
7305e2781cdee482,8,test
73094f84b2ff6511,1,test
73125b499fe468df,7,train
7312f09764713c7c,6,train
73169ef662c6ff60,1,test
731714c72af6d3b7,9,test
731fd5e08fc1d0a2,4,train
7330ed7b17211e41,1,train
73364d466aa6e3f7,0,test
7337e9dd34314379,9,train
7339a92afb4304ac,0,train
733a8b53c66cbc8d,6,train
733aabce0fb0d654,6,train
733ffbe1bb5678fa,8,test
7342eddd9d4cd55c,3,test
73457d5a6cf051b7,9,test
73476a2b7fc67cea,5,test
735f17b8292819e5,2,test
735fc4d7aa0d98bb,2,test
736458a62d6b73af,8,train
73645a76329fbf26,8,test
736a85575c5203d1,9,test
736af9026f690b71,8,train
736e77540929baf1,0,train
73734407a25bf6ba,9,test
7380e06a8fdafe4c,1,test
73815633eadc19eb,0,test
738d9e5e829a0930,7,test
738dea096cbed433,9,train
738f42154c770b78,2,test
7398c397224f4aea,0,train
73997ed57d13662a,4,test
739d3a8fdf5d992a,8,test
73a0a7e8d71f2ab1,4,val
73a3e8a9ed4b4f85,2,train
73a62ff016cc8c5f,0,test
73aa6eb88424b3c0,2,train
73b2a11d4520ef1e,5,train
73b31a8e394ac882,9,train
73ba069aa78fb792,0,train
73bc2baec443da58,7,train
73c1312e3e512130,4,test
73c43165fa3091ff,6,test
73c5362edca7ecfd,2,test
73c816f2be1f5e8f,5,train
73d8ddeac1711b12,5,test
73dff86b8a3dccc8,7,test
73e4620d2127517f,0,test
73ec44d25909c3e8,3,test
73f0d67620f4fb77,6,train
73f749ffe32b3fe3,5,test
73f84451b3c7b9f4,3,train
73f9515a9704f3eb,6,test
74021b25bf53dd04,0,train
74022c2d9dafb599,1,test
7404bbfdcb275262,4,train
7405578ac23087ba,2,train
740557a468d4702b,1,test
7408664d57552fad,0,test
741fa74024cf48c0,5,test
742bba52a263c659,0,test
742c6fa4fc4c3d8d,8,train
742e5bb010f9e2fc,8,test
743082be1f68caef,9,test
7432c86fbb799085,2,test
743425c0f4663c21,9,train
74367e0907d90981,3,test
7439edd014a5000d,1,val
743b36afdcc7c4cd,4,test
743cede3e72ab454,1,test
744261be3401d96a,0,train
744e121e0c8eb9ab,9,test
7453da9a4f295934,5,test
7464da758f47b76e,6,test
74651b095bc88743,9,train
746d8e8af3bffba3,1,train
74768af2963315a8,8,train
747972afa96dab5b,1,val
747d0e1ffb03a723,2,test
747e90a24a8d5f14,4,train
748568cfe0fd8be7,2,test
7485866ac72ad835,3,train
7494fce770bf9eb9,3,test
749ae5564c6d35a4,5,test
74a3b88a5a4aa140,5,test
74a5cac10eb45c80,7,test
74ac4c811e380c68,7,val
74b335d2e5dd7bbf,8,train
74bbede0638d1edd,2,test
74c1803142f1837f,3,train
74c8cc469069d45b,9,test
74c99b57bf518acc,5,test
74ca39b09649bf38,8,train
74ccd88e45fe742a,7,train
74dbe05c940d7340,8,train
74e1be609e58c80e,2,test
74f73008ab1685cd,2,test
74f889539f7d8561,0,test
74fb13e7ee46f2e2,8,test
74ff0320f551e5a4,4,test
7503b3141a948128,2,test
7509f633ede197ed,2,test
750c1b51b3e860be,1,test
75135af04d9efa44,5,test
75174b96ddf0b755,8,test
751b17b5ee7a5173,5,train
751c3d92789e3faa,7,test
751f713d5cfbdf04,0,test
752a015d7852d2cc,4,train
752bd6b8403df4ce,5,train
75328a679bc91b15,3,train
753609b009cf27aa,9,train
753e6f97fd0d6092,9,test
7540b202f144349c,9,train
754e75168bdb37ba,8,test
75510a2bfc4a5a00,4,train
7552f5cf7b88b881,6,test
7566c293f1344df5,5,test
756cfae577bb1357,2,test
756e95b3c08e6114,9,train
7579cc4fac9e9ded,7,test
757a539078a3378c,6,test
757b3ec2185e37af,1,test
758c0085b3f368e9,8,test
7598d1486189350e,8,test
759fa551a769802f,9,test
75a3440c17bc1728,5,test
75a3c5f05c00a522,7,test
75a434769ebcfa49,6,train
75a84fe80c32a5cc,5,train
75ab1eb8b8eb11e6,8,test
75ae5b040b0783be,1,train
75b103ebe59af547,2,test
75b509efa44f9abc,5,val
75b519a0eb643b8c,7,train
75b76def709b6dc3,8,test
75bd43c478db6893,1,test
75bfba37908db39f,5,test
75c0e79e2ed9695c,7,train
75c1f00dbafefd6a,0,test
75c58141be2bfe6d,2,train
75c7693a27cc2dd8,4,train
75c84223532c0c3b,8,test
75cce43f8e83bf7d,7,test
75cfff5f8c7bc15b,6,train
75d1fab96755e72a,4,train
75df1c5d9a7e21db,7,test
75dff3825a68ac9d,1,test
75e19a3aa7f5d196,0,train
75e33c063712d061,9,test
75e4648b2c17fae0,5,test
75ea60b48f7c1bda,3,test
75ef3e05e28986bb,8,test
75f054e649ece0ca,4,train
75f2d8c1dde69e26,7,test
75f31d9b4857521b,2,test
75fa63f66da50c3e,7,test
75fc2e0d12be72bd,9,test
75fc358b0a1799e3,6,test
75fd73280758b4b6,4,test
760473859fb0ceda,3,train
7609b0d449d808df,4,train
760aedb36d85a377,8,test
76124ce5a410ecc3,9,test
76129bf3bbec4500,3,test
76133c9c1ca96a6c,2,train
761405ab9f154e32,6,test
761aa05b038ff752,0,test
761c4db82bc9ee17,4,test
761d712ea5d3ea3f,7,test
76239e10994619c9,2,test
762a8ff514726418,2,test
76311d43ce67fe88,3,test
763b70b37e90fb68,6,test
763b94fa20bcbcd0,5,test
7649b9a47dfcf155,5,train
7656431ad413f81d,5,test
7656c9cdac4c0519,3,test
76580f02d2b2e707,0,test
765b30be07394f01,1,train
765dd5710b9a07d8,2,train
7661a98c59bfedc8,6,train
7663086d939b6fda,0,test
766f37b78020e6cc,6,train
767baf14dff4f012,3,test
767cf460f251ce66,1,train
7684bb073e836b91,9,train
768561d0708cc8ef,6,test
768821ebfd32b2e4,3,test
76886715a881b254,5,test
769092605679ca67,1,test
769e0ca01ade18bd,6,test
76a1c80a2df9ed03,2,test
76a65f09c1a5ad95,8,test
76a948e2b0715e34,6,test
76ab29ac79392f07,7,test
76b4d58eaddbf16f,5,test
76b5e0ec57d39621,4,train
76baf5fc053afb28,5,test
76c03b080d0ed030,4,train
76ccc9fd32c78a08,5,test
76d18e1f143cc52a,9,val
76d488ae695dc39a,5,train
76d54ba46a558816,6,test
76dc7df45abcc833,9,test
76e1b562eba24613,0,test
76e52f92e75525a5,3,test
76e990d07cf4d08b,9,train
76f3e71cd3b84115,7,test
76f524d3834a7bee,8,test
76f8c0341ebe6563,4,test
76f94a512fe8d83c,7,test
7700c4419c1a9740,1,test
77021125537e9f4c,0,test
77045388ee4205d4,1,val
770a3149116d41b0,2,train
770bcd0b57f25d5f,3,test
770e0fb754409139,8,train
770fa514115ae8a9,9,train
771a32f33ad59f7e,8,test
771ba600e216f09d,0,test
771eaa4042689e27,0,train
772a903cda0d6799,5,train
772b60acbbc58870,6,train
773709c05cd255d4,2,train
773b17fd37d5470b,5,train
773be165cee4388d,8,test
773c7e9e7f3d166f,8,test
773dd356e119cb6e,6,train
773dfa2b45362db7,5,test
77429874bbb2a654,9,test
774927e45b46e2ab,3,test
774bd81349e2f3d7,1,test
77516567bcb2158c,4,test
775660f20a08f4da,1,train
7756bd389c4cadf0,6,test
775a3f87fe1bf42c,8,test
776d77d4aefc4532,8,test
7772815e85923be6,3,train
7774be4a5fc3faef,2,val
777659fa89ca21ac,0,test
7779a7df99cbdb1f,1,test
777ab0c344770d03,8,test
777f6f8b56a51ad2,5,test
778931eb9f278580,8,train
778cffb69a95799f,4,test
778d98c535e83e8e,6,test
7790469e5a7cb149,2,test
7797673dd3d2766b,8,train
77a0f280d6bbf66e,5,train
77a757a94222fc25,8,test
77a8a38094a4e2b9,9,test
77b8be6c55305a1e,7,test
77ba9d845a3ff5f8,5,train
77c0e5be08679cb4,3,test
77c5d73d129e1cd9,1,train
77cd1db2a66f05af,7,train
77ce9ec2cb206d42,4,train
77e073c67a61e6f0,7,train
77e7d241d6c6d5b5,6,test
77ea7df15481d388,8,test
77eb88688112f546,5,train
77f1b11100af3717,8,test
77f7073707eb2860,3,test
77fcebd946baed4e,6,test
780b0460375a3910,1,test
780c8d556809c59f,5,test
780ceb97d47e1aed,0,test
780dd6d1d309b4c0,6,train
780df3daa7c060bb,6,train
781007f774b89579,2,test
7810212f995af65f,0,test
7816c13c2a7d0b66,0,test
781e28454d0150e1,6,test
7833508f6007354c,3,train
783bc3ade75a5568,8,train
78454cf1157b42c1,8,test
7848388ef276c02a,6,test
784aaec18401c4c7,2,val
785e63e11d74ef26,7,test
785ef7162071d57f,6,test
785f8073c5744fdd,4,train
785fec8dccaff525,8,test
7860ee72a34ca2ab,3,train
7865eb0bdd994147,9,test
7865f995891a48e1,6,train
78674c12dacdb07b,0,train
786ac5959036e1ab,2,test
78743071bb7bf70f,8,test
787742a88119cfc5,4,test
7877be82b219caf7,1,test
787fdf1e315465c5,9,test
7880b401120bc02a,5,test
7885107bf3007dfa,2,train
7885c7ca9d44030f,8,train
78889d9d755b562a,2,test
788a735bf6f17c83,6,test
788d05053d3f1045,8,train
789b4da68589aaa0,8,test
789c7b1336afc54e,5,test
78aa264373443127,6,test
78acea7d45a4ca8a,7,train
78b0481bddb6d430,9,train
78b2c68730047418,9,test
78b8f1c30ce36eb2,5,test
78bc720d7a836fbb,2,train
78c30764c2b8633a,3,test
78c5ed0b990aebc8,6,train
78d3192c23ce6116,3,train
78d82c4a1f8286d7,8,test
78d8e80c1d126624,4,test
78d9bfb259c96aa7,3,train
78fe5917a7b06041,5,train
78fec4c93b08df12,5,test
79038649d55fcec4,6,test
790a3078dee7c472,6,train
7914a76ea380a6ce,4,test
7914ca6cc576907e,4,test
791715f03582385e,4,test
791a19ee4dee0d37,8,train
791f032a896e6393,3,test
79205ca27be56b20,5,test
79250a32d8c26849,1,train
7925c14cbd771208,0,val
792fa8a2ff940aa8,8,test
79364cc9c3fd37eb,0,test
793a41b60c7c053a,0,test
7944e937a61144a6,5,train
7947db7544d028c8,4,val
7956fe63e726dc57,4,test
795cbdee36b31c95,0,train
796991db4bc2e690,0,test
79741a211a8a1562,5,train
79789eaa53f4781b,3,test
797bc1347f170a70,5,test
7986c4fbc576eb8f,7,test
7995dc72babe62f0,0,val
799ad2d905f5c5b2,3,test
799fb91a25096174,8,val
79a5865acdcb96cc,4,test
79ad07e5a0e96052,5,test
79b2e59b38aac2ce,4,test
79b6062559be4b66,1,test
79b9ae06d4280cf0,5,test
79ba7866882afc4a,7,train
79bd002d2ab58022,4,test
79c4d26c2b7ab5d2,1,test
79c9a62f74eb67bf,4,test
79dcb050255ffe46,5,train
79df7ca127578e3d,3,test
79e2061189d43ac4,4,test
79e2e9b38fb7b815,1,train
79e3fe0206e78541,3,train
79ed8686be35c525,1,test
79f00f7ae3f3c124,3,train
79f11dd23b90360c,8,test
79f2876273351205,2,test
79f618307445a56d,1,train
79f8754114985174,6,test
79fd5723e91b3622,5,test
79fffe69cf62d77a,5,test
7a01e4866e3c2e23,3,test
7a117fe9a7906ee8,1,test
7a12c1644b56e828,3,train
7a12e1b04799d14b,7,test
7a12f9281bfebb8f,3,val
7a14e3b791665007,9,train
7a1b913f766a53bb,1,test
7a1d165041d292f6,8,test
7a27e0a47e19aa24,5,val
7a2dbfd6ba2c391c,1,test
7a322c70419ef23b,6,train
7a3d703e168f0f91,1,test
7a40d1896c25f44c,2,val
7a425fd060d94cee,6,val
7a472078b493eef1,4,test
7a4e19feb7ac19d1,6,test
7a50e9b56b772f90,5,test
7a548ed524816a61,5,test
7a57170c036bc77a,9,test
7a7d2541728e0084,4,train
7a7df30ba58db12d,7,train
7a7f4bba8966caba,4,train
7a8091afc7950d31,7,test
7a83a80541127e59,0,test
7a86b59cf009fd6c,7,train
7a89f2125ead53ec,9,test
7a8ad0671eb205b9,3,val
7a90312b8fbe641f,7,train
7a9647748a714de7,9,val
7a97c0695268f1a5,4,test
7a98b8262289a17c,0,val
7a9a531743fadb7d,9,test
7a9c52a8a6d2c183,1,test
7a9cc2dd0c76af47,0,test
7a9f86e26e6fc171,7,train
7aa460eb63821f19,4,train
7aab36f755350c7b,6,val
7aaf8bb8f44ebf6d,6,test
7ab55cc0a9ba2767,8,test
7ab868b0d7bc6e32,2,test
7ab91e6e58677e4c,4,test
7abd4a393fd15a9f,6,test
7ac14888afca87e5,3,train
7ac443b6e20d37bd,8,test
7ac4fa1533d94664,9,test
7ac6d8d3a5d55fdb,5,train
7ac9c450dc688b3b,4,test
7ad07628b2bf2a97,0,train
7adb22785d1a78c9,4,test
7ade5a9053db3e0c,2,test
7aecb79ae6900f7c,0,test
7aed6b287f2ed375,6,train
7aee234740296b9d,9,test
7aee4e37e12f4f51,6,test
7af520d08a3528dd,2,test
7af5d1853a3af3a4,9,train
7af9a1a7fa632e75,1,test
7b02cd025b046d02,5,val
7b0ee91ea856b0a3,8,test
7b11b89bc40d5ad6,5,test
7b2c4018e43b250f,7,test
7b2ebc4cdd4cea36,5,train
7b39c808d41bb37e,1,train
7b3a06dd24005408,3,train
7b3c884e72f4ece3,9,train
7b40efb6729c830b,5,test
7b44d30e095b7327,3,train
7b4e3aef144851c9,3,test
7b52f52925afd585,8,test
7b544e5ea0f8cfc3,5,train
7b5672d788ba5c7b,1,train
7b5c678a1a1cc6aa,9,test
7b64d21a464d217b,8,train
7b6dc6a682b57756,1,train
7b6f1029c5356924,6,test
7b7a756fcb207229,9,test
7b7b50f90ab4922f,6,test
7b80901077b348e0,9,test
7b83ac49c8a7dda4,5,test
7b88aababfd571cc,4,train
7b92ab6f58176d55,4,train
7b93c979aaad3ca9,5,test
7b9aba2f0e184add,1,test
7baec163b5d70e72,0,train
7bb426ab40e35b8f,3,test
7bb465e7270e26f9,3,train
7bbfa97e80521117,5,test
7bc87946288eae75,7,test
7bc8adadac29df2b,5,test
7bd4d2dd6ac0e534,8,test
7bd56e4178d134b0,2,test
7bd76e1fe93076f5,4,train
7bd9354dab6fa52b,5,test
7bdfa0638628ad13,0,test
7bdffa5906b4086c,4,train
7be17d8808219e3d,1,test
7be706654f686f83,2,train
7bf2d46a98f60208,2,train
7bf60e297517eb3b,2,val
7bf8fa67d6d2cbe3,8,train
7bfc9013892d7295,4,test
7bfd76ca0f7abb28,7,train
7bfdffee7265aad9,7,test
7bff5db13336f026,5,train
7c01a4c4b925d8ea,7,train
7c0af86e963a9f9a,8,test
7c0f93619b3fd2e6,6,train
7c142ad5f4434aef,8,test
7c14758cd237810d,7,train
7c15beaf187da505,4,test
7c1a1523235a4267,5,train
7c2240411fc5ead3,0,test
7c26e379c458ba36,8,train
7c2bb74f7599ac1a,9,test
7c40e02f22be45af,4,train
7c49e1d1b6b7d532,8,test
7c4b785e36d856d1,7,train
7c4c58bdabe4f6e0,7,test
7c4e8e9b820c14e0,6,test
7c50256fb1756ffb,8,train
7c621fca7e2c9291,0,test
7c6322a88df1cd92,6,train
7c66365278ee660a,2,train
7c696c62cedf7e1e,9,train
7c6edaec99a49b58,2,test
7c6ede4c2210f155,0,test
7c78a5300ea39f3a,7,test
7c79b9c88ce3cc28,9,test
7c83b38984bab5c8,3,train
7c865bcba89c068c,1,train
7c87168d6299822a,5,test
7c8e6ccd416bb6fa,8,test
7c93131126d0b03f,3,test
7c9dba3c3fb720fb,9,train
7ca399239ca5d527,2,test
7cafa91ccd0dadd3,4,train
7cb317d84411b24b,6,test
7cb6787cdb60e74a,3,train
7cbabf00091b2b0e,4,train
7cbcc73a2612fbd7,2,train
7cbd59fa7c150b2c,6,test
7cbe5b7c36f58c0b,6,test
7ccb4d34cf6d388f,0,test
7ccfd02a125ff8de,2,train
7cd06ecd254afe98,9,test
7cd7b47a732c4e54,0,test
7ce510c60dae4d0e,8,train
7ce536d7cde2df9c,3,test
7ceabb287a3d7f0e,5,test
7cf1d749f9735348,5,test
7cf45c8daeb19efc,0,train
7cf6c42bfd0b9550,4,test
7cfcd10a4981e16c,1,test
7d022fa00f0b7ea3,3,test
7d05b05c41f29bc6,4,test
7d0f1038ce2bf511,1,train
7d16f3e0f12ad513,0,test
7d1a755b02f38b9f,9,test
7d21dfde2f71d246,5,test
7d2564ea9a6aab5e,0,train
7d2bbda2c2d3bda3,1,train
7d2ca1b093bd46de,8,test
7d33398140c313ae,2,train
7d4664ba037eb781,3,test
7d47543a7550b11e,0,test
7d5043e18481bdde,6,train
7d53f7e2aedd3862,6,train
7d588edb88ba447e,8,test
7d5f98601c361416,6,test
7d64a11c1c03f62e,7,train
7d6fc5aa2b228970,7,test
7d79dead48ea6bc8,4,test
7d8c6acdefad9c03,8,train
7d9e74eef68b49b8,1,test
7da2843efde17469,1,test
7da870fae06c7c15,0,val
7dac97373dbd0f9d,2,train
7dae49590391b041,4,train
7daef201033003da,5,test
7db3353a476bb308,5,test
7db40e44d28d4d7d,8,test
7db6e0a0503f2903,0,test
7db7861e5682990c,7,train
7db868f27d3ff984,5,test
7db9e383df5afc71,3,test
7dbaf3383685c77f,1,train
7dbc5c21a711137a,0,train
7dbe246ddcec4266,6,train
7dc4f477fa07783a,7,test
7dc7648c86b3e6cb,9,train
7dc9a2e2d491e91a,2,train
7dcfc4298fc6dc43,4,val
7dd624391a261d20,3,test
7dd8456db0833382,7,test
7ddf9f9ae4d698ab,5,train
7ddfd0fbf957fcfe,2,test
7de4b14c3eb274e1,2,train
7de9be86b2f0b99d,8,test
7ded583b1be6b74c,2,test
7e00d009e1345da7,9,test
7e068eb6e7e5247e,9,test
7e0728aaf073c54d,5,test
7e13a2a3e4d59b3b,2,val
7e15fa394d1f3db7,1,test
7e19929e54a0c850,9,train
7e1dd8906d490093,2,test
7e1eb2f7212a06f3,3,test
7e1f9e55ad6389c9,6,test
7e21aa0a5dc53126,3,test
7e25c8f14b34d636,0,test
7e2f17f406ca7545,6,train
7e32bd1b26a723ae,5,train
7e346f5107363a08,1,train
7e391f3302d11dca,1,test
7e3ec864bd6da8e2,7,test
7e51af8015792dbe,7,train
7e534d56c1ab3a6e,6,test
7e56b2d15ff94241,9,test
7e578082aa558ca2,0,test
7e5bff4f1c12ce05,8,train
7e5da67000aa9372,4,test
7e5ddee1a52396e1,7,val
7e5f491db7a2e949,5,test
7e5f961255251147,7,test
7e5fd841c8d65a2e,9,test
7e61d2fc4dfc0426,3,train
7e6529acc17c090d,8,train
7e6e19861556f677,9,test
7e7379bb7cb82559,7,test
7e7ac54c17599acc,3,test
7e7e605b655ccb64,6,train
7e7f27a1fa364584,8,test
7e8a1c31dc6663d6,0,train
7e8cfa75e8abde5b,5,test
7e8f08f9c644aa34,8,test
7e92d2371e17f8cb,1,train
7e94a809823fa74b,6,train
7e9e9923f0ad5c1f,4,train
7ea357fe480809ec,5,test
7ea9b522e35f1f7b,8,train
7eb76d5ffdc51c8c,4,train
7eba04be6b96e2ee,6,test
7ebcdf0b01ac28f2,9,train
7ec45d4b3f49d8fe,8,train
7ed25345ea4c3406,3,train
7ed499ecbc1391e2,4,train
7edb7658dc199e8b,7,train
7edec846f4199049,9,test
7ef1858a5ba32556,7,val
7ef1ab93eb9ed71f,1,train
7ef20c7824c6c60b,1,train
7ef36e58b9815e8e,2,test
7ef4a3cfd51eb7ac,3,train
7ef5ca123fd8e787,9,test
7ef670598c7d6545,2,train
7ef791cdc2642e3f,1,train
7efabc15879c7775,3,test
7efd880b408de78b,4,train
7efdd573ddb1a1d9,7,test
7f04e9879704d4d5,6,test
7f0d5b024b2b3926,2,train
7f0ea086042093a6,8,train
7f13643a76cb5b16,6,val
7f142d9bcff9085d,2,train
7f167a6cee78d395,0,test
7f1b4180bed5521e,8,train
7f1b47916807afc6,9,test
7f1b6192c2a3b13d,7,test
7f1cb15bbd6bb07a,7,test
7f21e25614832947,6,val
7f2c25d4aff478d0,4,train
7f2d1c038259b70b,8,test
7f334e0c1ec1685d,7,test
7f340450e8f523ea,8,train
7f392e35aa09dfdc,3,train
7f3b6f65389c4a0c,4,train
7f3ba10357367673,0,test
7f4893b6d1df1e46,9,train
7f51d5ac2f8f7ef1,7,test
7f59355dc450c487,7,test
7f5bad3ca0e71d4c,1,train
7f60fd02ee3aad64,0,train
7f62db32bff68a59,0,test
7f644d2b58dd99b1,3,val
7f67ade99d70cdea,7,train
7f6d00ad5b03d5e8,5,train
7f6db1dc30cbbec8,3,test
7f6eeaf07e9b6800,0,test
7f70a7b8c4b88f59,0,test
7f733cec5c46369e,3,train
7f73f31472735048,4,test
7f7ccc77a39d8f70,5,train
7f84ba09cbc283cf,2,test
7f84f7d2c4e4f66d,5,test
7f9cdf96513742c2,5,test
7fa4c1294edaca7d,1,train
7fabe7862cfc0e2d,9,test
7fac7805adf5c19a,2,train
7fbd1241d3893279,1,train
7fbe42d0f3e80ec5,9,train
7fbf8a596de6055e,8,train
7fc8e155c86b4541,0,test
7fcb1a150eacce03,8,test
7fce24deb500c7da,5,test
7fcf97b239596ef2,1,test
7fdfae73e91caaba,6,test
7fec95183c7ea16d,2,test
80021bbfa264e741,5,train
800a1dc2561da1f4,3,train
801131f4a49f9520,2,train
8011d36289b78375,3,test
8014a6fa11ef299b,3,test
8017ed798bd93c65,8,test
8018837eb4c24a02,2,val
80191388accdf2f2,7,test
8019cf9f5ac5cceb,7,train
801c9b1ed5748912,8,train
8024149b136b20bf,5,test
80311c94973c537d,6,train
8035d5a4a74562ba,5,train
80377b1c0108ccb6,9,test
80386e1c2e4a3f54,6,test
803bc1f2bb2bd997,1,train
80407cd12bdaaf36,3,train
804260f15ff229f2,7,test
80426848ff6fdc1b,3,test
804917e637a8a7a8,6,train
80491d9ea61a0e5e,0,test
804ebe26bfd21d31,8,train
8053b7edba42dc93,8,test
805a0433f4caea45,2,train
805d5a7970318290,8,train
805f3aa5833add72,7,test
806753f17d40cd3a,0,test
80758ed4c2c4ce91,0,train
8077030c58d12945,2,test
807b42f31d9613a1,3,test
8086e873e00d6933,0,test
808f5f2a1239250d,7,train
80961a1bfc6b2f23,6,test
8097ba4a62d44954,0,train
809e565a23724534,3,train
80a0a668b27197f6,5,train
80a2696ffcd89bb8,2,train
80aebb0353aee92e,9,test
80af4ef8aae0bd07,7,test
80b705b8716ce757,4,test
80bb7ee0800a4d0d,1,test
80bbe0f6d5f249b3,8,train
80c668b33f46d562,2,test
80c7246d24d79be1,0,test
80c8128f454d7dac,7,test
80cc67a3f5589171,7,test
80d1d2fa2f115ba3,3,test
80e0f87a32675261,5,train
80e6e015688418ca,7,val
80eced0419321f21,8,test
80ed0253cb0c8ea2,5,test
80ef6ff34b537682,8,train
80f5f129c5227e2b,2,train
80f7c1f910420961,5,test
80fd1cfb4904e80f,3,test
8108efb3c63cfc15,5,test
810b42376a481875,1,test
810c53d19d0f92f9,8,test
810f411b23055f6e,4,test
81109c9cb7c4bb05,9,test
811489273794145c,1,test
8117f15ac3297c13,8,train
811fb2c8ec6f9c0c,8,val
812d74e0d9cb39bb,4,train
8134f526e10ad439,5,test
813bcc0b7fb8a1db,2,test
8140b57eea5a9974,0,test
8148d8e2a91b3a91,2,train
8157608e2e21181d,4,test
815d75d885c2f1f8,6,test
816274e674b5bc3f,5,test
816825bfa5179e8d,9,test
816a8203cb6e21df,9,test
816e1e68ae60c9e1,0,test
8170ba9a99f5ee6b,2,train
81797b1d32db481e,3,test
817d2623b4431848,0,test
818ae6febd48754a,7,test
8190a784bb7fff4a,5,train
819291168efc8db3,8,test
81a33da36b82e805,3,test
81a5dd82bec3eb2f,7,test
81af65773c76beda,0,test
81b04c65b300b3cf,0,test
81b22da4e8c8f862,0,train
81b8ba5940898bb6,6,train
81bb30edff478808,1,train
81c072357a8173a2,6,test
81c8474885876788,3,test
81d2a340ac2ec5d0,6,test
81dcca90247744ff,3,train
81e3f5d0e5699a97,1,test
81e8221491895378,9,test
81ec4440bee5f001,5,test
81ed92c2c6c9bb83,6,test
81f3eb1b7e14c77e,8,train
81f448d179ebca31,6,train
81f73adda08d9f55,0,test
81fce646d3d4f8bb,4,train
820770f112933dc2,8,test
820ac6d5dc0a03d8,6,test
820c01d774b122e9,8,test
8212b008bdb58244,6,train
8213711b68f5d357,8,train
82149ec35273572f,3,train
821ae25fc63b47f0,6,test
821dbaae2c51ccd4,9,test
822a66ab79de5a86,0,test
822ed5885392e972,8,test
822f05505d52a539,5,test
8236520ebfd585cc,8,test
8236938026f53e8c,7,test
8238d1406fa68a5b,6,train
823d14f8d09ff782,8,train
823ee4e41731008b,6,train
8244660b00caf465,1,test
8245adfeaf500221,2,test
8246fdd854b29927,2,test
8247e29902b40b0c,0,train
8249cc4585591f25,3,train
82545e578eb8c80c,1,test
8259e55833308c5a,1,train
825bc4e420408622,1,train
825c50cb10799971,3,train
826056551c6e0d78,8,test
8265c88726bdda7c,4,val
82691a0658f1b9ac,6,train
826ab1b2f7a757d4,1,train
826d36716cfe6a6c,3,test
8270faed4a50943e,4,test
8278831b78b11730,4,train
8285c3d52cf9776e,2,test
828aa84d52f0f3be,1,train
828d4c638df12d37,6,test
828ee6e42c98c63e,4,train
828fd833d496b5cc,8,test
82939630708b4dca,8,train
829703c24d291cf7,1,test
82aef97058febd8c,2,test
82b1939b527be8a7,8,test
82b806d19e2d641f,6,train
82bb10dac307ae1e,0,test
82bfca55227cce2d,6,test
82c97ee73c970364,0,train
82d58b53bd0878e3,5,train
82dbe8a9af83eced,9,test
82dbf1d088d0fc05,2,test
82dd250ebe4ed24f,9,train
82df661d3d355c40,7,test
82e8c19ea2ead727,1,train
82ead8fbcde69bee,8,test
82ee60d4da1e225e,9,train
82f29984abf293cc,0,train
82f7ca6b744cdc92,2,val
82f95442a91e354a,9,test
830bd5a42e8d0d6d,5,test
8311cf168aefc349,3,test
8313bf532db74805,4,test
8313f7f833395409,4,test
8315e2d474be7132,2,test
831d7251311b5989,2,test
832229d95862d200,1,test
8323b3485c3386ff,8,test
832a5dc751f3e881,9,train
832a99d7a493d119,4,train
83340d0af7e4205d,0,test
8335fa4b731d9cb3,3,test
834055db92effaba,6,test
8340f83b679116d8,0,train
834195d0867d369d,3,test
83423d2d33d4c1f7,7,train
8355fb9bf536f164,3,test
835a4eaff06940c2,7,test
835b1028a44a391d,4,train
835bb5c4cbc62148,6,train
836e20be2a25fb14,0,test
83773238813f0e2f,1,test
837c0957c1bda1e8,8,train
837dd80b55f64455,4,train
83870fed6758ad68,8,test
839195dcc24774f5,5,test
8393be50cbf2cdf1,9,train
839967f317737659,7,test
839dc9ff23e03bc1,5,test
839f1291016d0365,2,test
83a3dac38acacf92,1,test
83a4a6dc47952ac6,2,test
83afc69e8897494b,4,train
83bec46949dbdd29,9,test
83c5a2729b25139c,6,test
83d0925719dfbd94,1,test
83d212ae3aed15f3,4,test
83d3798bd78283a6,2,test
83d3e2b419cee347,3,test
83d3fd831fcd0b82,6,test
83d59ec28ca25a44,8,train
83d854524e51e83d,3,test
83d90099c52c5815,9,test
83e7b2b4735b2e40,9,train
83e93b877387feac,7,train
83ed96dc0cf72313,3,test
83f19b3fd6daeb74,9,val
83f73ead014359eb,4,test
83fbf8c34f731442,3,train
83fdf59be4a416ee,2,test
83ffdc6fecda496d,6,train
84016d79ee53d73c,7,test
84069f5273a0d8a1,5,train
840dcd16e7250462,8,train
8411ce340f04e0ca,7,test
8415e4260386e8b5,2,test
8417bbf0b84148eb,8,train
8419b7ecd0ca4bba,1,test
841f8a89003e38fd,9,test
84208ff34ed1bf2c,3,test
8425746911b138dd,9,train
8426bf2079c3b098,9,train
842a16448af19a95,1,test
84333e9b4862bf06,5,train
843937f88fb34fcc,3,test
843ba37f5199b514,1,train
8441515e97159892,1,test
8443cdcbdcabc740,9,train
844a0490feb49ada,9,test
844ee45f9c94e91b,3,train
8450efdb4e598d34,7,train
8451e3764d003f60,5,train
845ca647aaca6cf4,3,test
846ca62cee4653cd,4,train
846f492b250564fa,1,test
8473c4bf092537aa,4,test
84804d56b8b792a5,6,test
8487e63822ce92c7,4,test
84952d837348aa97,1,train
849b334325220776,0,train
849ce8b04cc562f5,5,test
849e1e3afb70bbe6,8,train
849eb0183d95d808,8,train
84a2c9841fc8edfb,3,train
84a3a54bb854e920,9,test
84b0ddf7c676a4a2,6,test
84b1f4aac18dab2a,6,test
84b9d4813c719a32,0,test
84beefe660b9b0e2,7,train
84c17578207769f7,5,test
84c4c0b24f4a8ae6,5,test
84c7933df8a3f337,5,test
84d69c3f839b5b2c,1,train
84d955ee7486d101,5,train
84db4fde8934454d,0,train
84e0c3d4451a95a9,5,test
84e15abdf683a5c2,9,train
84e7a7614fb4d500,7,test
84e96e3510d40cd9,1,test
84ebb4adc3e48109,0,val
84efb3f09aaddf67,2,train
84f4a7d346cb835e,9,train
84fb1611689a7a5a,8,test
850cff1161979dc3,6,train
850dae8ffc1df0fc,3,test
850e8fc8bffbedd5,2,test
8511f07d940acf3f,1,train
85127269e4a453f9,9,test
851ffdeb68b0265f,5,test
85267d290852d562,8,train
852818a1accca121,2,test
852863f6e655e30f,9,train
85296af309f4315e,6,test
852b7ecf81b7533c,5,test
852da58f81c06991,7,test
8530ce6ea16edc5f,2,test
85332ca4d4a544a7,9,test
85342eed6ddfe83a,7,test
85405d3122364f02,2,test
85410da7a6b20e5a,5,test
85433c9f4e1d8adf,5,train
8545f5d21df63bf9,8,test
854b56e388ffacd4,0,val
8558a146cc521c9f,7,test
855fbc504ca0d4db,2,train
8563fb08e352fce7,8,test
856921157de15748,6,test
85768bb2ef5db25f,4,test
857b62348be6453c,0,train
857f123c1ad0b8fa,5,test
85818ead0dd146b2,6,test
85879a65962f2826,1,val
858bf9bee17e9d27,1,test
8590744c2ee2f193,9,test
859963edcd766dec,8,test
859ebf62cc3c5430,3,test
85a0c0ddb46140a9,2,test
85a33ddf0f90f211,6,test
85abc02fc463a8df,8,train
85ae1573297ba697,8,test
85b0a26afade2e15,9,train
85b5846c75dc17e3,0,test
85ba28ff5333e146,6,train
85c554a75ded0cb8,2,test
85c5db80d5fa696a,6,test
85c6dca49ab09319,3,test
85c8643a3cbc83af,5,test
85c941046a2c178c,8,test
85c9c47049d51828,7,train
85d0c51e02a95802,0,train
85d0cc363370452f,1,train
85d469adeda8f237,1,test
85dd48ff651b5cd4,7,test
85de32438b7cc30c,5,test
85df64b0256e8634,4,test
85e063a92d632e25,1,test
85e1f522f940b5bf,2,train
85e50c5e339a650f,3,train
85e6e4a5acf294eb,9,test
85e76774dc8fadfc,3,train
85ec65a2b720781a,9,test
85ed7307cbb2a78a,1,test
85ee96d8bf4ed349,5,train
85ef89f34fa22962,9,test
85f03d41d55f6075,5,train
85f498342522b020,9,train
85f549ef795bae36,1,val
85f7880c47a4110a,1,test
85fd96b20889e8a3,6,test
8601899c153060f9,8,test
86060254cbe11ea7,8,test
860da6ae9062e147,5,train
861128505edd64c8,3,test
86130f5453dc9613,0,train
86178b1e34bacaf3,8,test
8618fef6798f7cee,9,train
8631af8e9bacbb20,4,test
8636812e65e1c368,9,train
8638fb2f2c677882,7,train
8639a2cfa3f53287,9,test
863a86d2a6382661,1,test
863cbc1920637b1e,6,train
863e97bb1b207f85,1,train
8640d1cf88f8dc7e,9,test
8640de7bf072c796,6,train
864215439c5acf12,2,test
8646e0ab9adc72bc,0,test
864a201b6155b29c,1,test
864cbc4846919acd,3,test
864d6945bc62a2f9,5,test
8654b96c152cba83,7,test
8655f50ac5430ab2,9,test
86586f5026462135,2,test
865b0569eb7d727e,0,test
865d5e8ec2547412,4,test
8665bec5481fabc7,9,test
8668cf55fdd9aa3e,5,test
866c02d5c100cc75,7,test
8670faab64598a64,6,test
8672cb6a6a1a1dd9,0,test
86781327512a65aa,8,train
867aa4453f1fb3ea,7,test
867b605777520e36,7,train
867faea5399dd583,5,train
8685e10c3469e7fe,4,test
868d3b8038fbee34,0,test
8698213ca830916d,1,test
869f28d604131d99,4,test
86a1f236f8b40522,5,test
86a25e81e1855418,2,test
86a42ae9befa2240,7,test
86a9bba5f06b2193,8,test
86ab26d6cafa8ec4,6,train
86b2a41d40cb3644,9,train
86b3422c4655039a,3,test
86b6cd9a0cf263be,8,test
86bd8de385ab9a89,6,test
86d476153d9d979d,9,train
86d834edb9bc2abd,1,test
86d9d4397d34c176,5,test
86dca1b058bb6c61,9,test
86e25f94ce4b0dee,5,test
86e50c34e6f44582,9,val
86e9bd06fd68e517,7,train
86ed3ebd7696cc08,5,test
86ef7b492b4631bc,7,test
86f1d03ffd38b8fc,2,test
86f6e7e997b99320,7,test
86fd2d17c36e8c28,7,train
87058074a04c1679,6,train
870efa4124e5c855,9,test
8726b59846dd7497,0,test
8728e890d75d6dcb,1,test
872d11fa17db9f55,2,train
8732ba3f35ad409d,2,train
873313ef36aa2bf8,0,test
8735230b43f83655,9,train
873e5fb929b1d4e5,5,train
87406732d7b8aad9,2,test
874a87fda7452b57,1,test
874dcd965c4f702d,1,train
874ee10caad7fe5f,2,test
8753d67182de4691,5,test
8755357d912531cc,5,train
875cdd7bd8a138f1,4,test
875d84e405cd8c93,4,test
8763ac8963fad144,7,train
877183645407688b,1,train
8774f1b3b7c00f28,0,test
87816d979c5aa0ab,3,train
878218ae71584229,1,train
8784985a48e38841,7,test
8786cf0bf3892da6,7,test
878c83a61688180e,8,train
879415b3ec964b9a,6,test
8794faa5dea27639,2,test
87970dd12fc7bb4b,6,train
879a7f175e44acc5,7,test
87a08dd044a7425a,0,test
87a3a612032ca976,2,test
87a62dd1edccb5fd,7,test
87aa06713f70636b,3,train
87aa5e809406057e,3,test
87b4950443b5f2f8,2,test
87b5620e6c330d2f,8,test
87ba49c8ff1bde00,9,test
87bc1ce51941533a,0,train
87bdf91ab6ba7cf1,4,val
87bf23d7e4505c59,3,train
87c3a33b769a9d1f,8,train
87c99a1d2b814557,4,test
87cf8fef1004e851,3,test
87e313bdce8c8da2,3,train
87f02b57e2efea49,2,train
87f2b2519ff6dab1,9,test
880010dd43587503,0,test
8804b4c2d1050ee1,6,test
8809d6e70c64ef73,2,test
880bca6896da6323,6,train
880bf3092b51c301,8,val
881bd2d96abb9c5a,5,test
882bccf270614953,9,test
882de493fe6cfaed,9,test
8830b91df28cba19,7,test
88397acf6d346488,0,train
884500c307fca55f,6,test
88538dad5e3b8f5f,3,test
8854ae296f8f75be,3,test
8860e2c5a5f1c93c,8,test
886da50758ac0c35,2,train
88794240a4e6980b,1,test
8882c5dcbffc7f34,2,train
8882f87404e46e59,7,train
888631233f72e579,4,train
888a4bc01c525e21,2,test
888e5918dc86d84d,2,val
889896cc8b9b44d6,1,test
88a4cd2b99db3199,4,test
88ac7d8c11f32284,3,test
88b0909700b32878,4,train
88b0cba31dcbfc41,0,train
88b41f2a2fb96374,3,test
88ba27aef2f2fb1f,6,test
88bd305d36ba3cf1,7,test
88c60a46a9d3eb68,9,train
88c7ed15a73c7cf3,8,train
88cd50ee9248d8a1,4,test
88d0e7e4339cab09,4,test
88d4cdad9b313760,8,train
88d54df4bdad74a4,3,train
88dba7a66b9302ea,3,train
88e84580a8357556,1,train
88ea0a7c946322fe,9,train
88efc0029f2393d2,2,test
88f3d67b33d5f287,7,val
88f949d8712f614b,5,test
88fa67715176e59e,8,test
8900e93005c88e88,0,test
8907a87b5a9aea40,6,test
891793dcdb7e12d2,4,test
891a1f1f28f617b9,2,test
892195606c323abe,5,test
8931c88b5e1b2ba3,6,test
89348c5f9d9f9ac8,1,train
8938e6c7319b1cde,6,train
893d43c5f23ec9fb,7,train
893fad39cec47d0d,8,test
8949c75d37e30c6e,5,test
894d0e23e6df29b4,0,test
894de282ffc65665,3,test
894e614e8f8a52f4,1,train
894eb03ea10d59ec,5,test
8956be6a8f09f71f,9,train
8959535582f33329,1,test
895b6ed6489a8fac,3,test
895bf7cd8bc74409,7,val
896440f91c69b987,9,test
89693249f20571ba,3,test
896bde384b467add,1,test
896e9957a2556bd9,3,train
89787c622911e3ba,6,test
897efe0e49283380,3,train
89806fa03a3c7a35,4,test
8982b66601d2d508,8,test
8983bb7cda9a7090,1,train
8984bbc6b95e757a,6,test
8987e3266eb0e773,0,train
898d61c3e2673221,3,test
89954c2ee79a0379,9,train
8997a71687c84860,4,test
899843f3195a1431,5,test
89b2f68128deb7ad,5,test
89b3e0336b1a201d,0,test
89b866e2c6564d1e,7,val
89ba284d1a5041d1,8,test
89c317d2615aaf98,6,test
89cc55a1a2be17dc,1,train
89ce5913a392ae26,1,train
89de9f1706a8068b,2,test
89dfbe2cc52d0bcb,0,test
89e342437dbdb3bd,7,train
89fabbf60f9cd8df,7,test
89fba0b8671943af,1,test
89fc309e54d4adb0,8,test
89ff8063a79cd018,1,test
8a0509294c922681,3,val
8a0884b4a8f8e3dc,4,test
8a089e8add905343,6,test
8a0d36fc153d2542,4,test
8a0f6f70f596e149,1,train
8a27cb436588e949,8,test
8a282ffd1086f1ea,9,test
8a3a051dc10daa0f,6,train
8a41131bbbfccdb2,1,test
8a4f28713eb34083,2,test
8a50c98ec4fabb5a,4,test
8a51262ef3d67e44,9,train
8a5134f1f196cc83,7,test
8a6746c9dd5e927d,7,train
8a6bd3466b66f1f5,8,test
8a729331cda298ba,5,test
8a773534c4b1e9ad,9,test
8a883a8b6d5fa156,1,train
8a8c7df7f948dacc,7,test
8a8dacf09d359b45,7,test
8a8f1da8fb37ba7d,8,test
8a8fa35ab4919a58,0,test
8a900bb3a1aa4ab5,6,test
8a9b354610290bbb,4,test
8aa37961b6a5c967,4,test
8aa8154e49935604,2,test
8aaf0f23f48bb28e,0,train
8ab0657e6447bceb,2,test
8ab5d01bf600fc89,7,val
8ab93d23801b084d,6,test
8abd6b693b8aacb0,6,test
8ac949e1852be1ac,8,test
8ac9e61a0534114b,2,train
8ad10bea043bfc45,0,test
8ad6ef41b5fa231c,7,train
8adc595435abbaac,4,train
8adc72e233e1490c,4,test
8ae7f09c3d4d943d,3,test
8aea2ef77697fdc6,4,train
8af7d498419a6555,4,train
8aff1aa14ea740d5,9,test
8affa881a8db79f6,1,train
8b000732697e358e,0,train
8b07f05975cbc095,8,val
8b11d1893aa018e8,0,test
8b1742832ebd5432,8,train
8b1a02d200b6876b,6,test
8b215f173c2a8b73,7,test
8b21e961141d1c04,9,test
8b2ad29e4ea63827,1,test
8b2b5e7a50d616fc,6,test
8b2e55d8dde94190,1,test
8b2f232423546241,1,test
8b2fa67c203d8479,7,train
8b3620486db3862f,1,test
8b36733258053768,3,train
8b3b64ce526532da,2,train
8b3c4c2f6c1bc325,7,test
8b41d72b5bc939f0,2,train
8b579e970150b2b2,6,test
8b62a650fe43636c,4,test
8b640120541e9acd,4,train
8b673bc0b7e537f3,6,test
8b6b8e5326de1f7f,9,test
8b6f6a06c76cd64f,0,test
8b71f1204faa7b55,2,test
8b746cdb0b9d701a,6,test
8b7f254fe25fcc9c,4,test
8b96f592db447310,8,train
8b9bed9fdc997c8f,3,val
8ba0461350abd595,8,train
8ba069e6c7eac4e8,1,test
8ba34e67ef89dc59,1,test
8bb0a423ce96d77e,1,test
8bb16e0bca2eeb2d,2,test
8bbd329fc4eddf20,9,test
8bbda62b1d87ddcb,7,test
8bc42d73c771148f,6,test
8bdc5372e8678e4e,6,test
8be07955a9b43709,1,test
8be816aeeac4604f,1,train
8be8b259d0b1e304,3,train
8bed8c05be52fe14,1,test
8beeaaf17ceed5c6,1,test
8bf6ce8db33a58df,5,train
8bfec5d5ba20c368,0,train
8c06ec961dcb3d8a,4,train
8c0768b3546c96ca,7,test
8c0799191aa98328,3,train
8c09246fc94aa50a,8,test
8c098c72f4460ecf,3,test
8c0a1fdd58e506af,2,train
8c0e4e611365b8f9,6,test
8c0f9e2aac62c29e,5,test
8c12d5220703ab3b,4,train
8c14f3dcb7d4b3e8,4,test
8c1c2414289590ba,3,test
8c1d4d39abdd4061,1,test
8c1f0f6b87ab0bda,1,test
8c26b602e2a3c215,3,test
8c2d55184dae3dfb,8,train
8c2e3947214358f7,1,train
8c3129247fec8e76,8,test
8c35f802168dad98,9,train
8c3637a5b0de76c6,1,test
8c3c4142adeb4f72,4,test
8c43a7d9aca39748,4,train
8c44209cbb953247,2,test
8c47411ea9c18017,1,train
8c4d12605d66baae,7,test
8c4fcc70e8e4570e,5,test
8c5438fddce99ad2,1,test
8c599038710cb689,5,test
8c5dd9468e25da02,3,train
8c5e461959cfcdbb,4,test
8c5ed56882eff66a,0,train
8c65e410984e58d2,6,train
8c6d6512e8d85287,6,test
8c72b3cacd9b032e,4,test
8c7679fe4e4d7b06,3,train
8c7b1bc407e17982,6,test
8c7dfd6fa0834c5f,9,train
8c7f79874930e806,6,test
8c8218499ddf36e7,5,test
8c844e9996845023,6,test
8c87e39e0754a96b,9,train
8c881922ff280aba,4,test
8c8ae448b833bcea,2,test
8c8dbbe31caa8b8e,0,test
8c92e35eecd068be,6,val
8c97830ddbd0ca07,1,test
8cab557c377c4647,2,test
8cab71678006a19b,6,test
8cae4575e10b3b1a,3,test
8cb1153af78014d8,2,test
8cb6a2fa2149021a,8,test
8cb7d5c4e558cade,5,test
8cc04991ed250920,3,train
8cc475a33cf3df0d,4,test
8cc6d043225e4211,7,test
8cd22c2c3bbb1e38,4,train
8cd6e71f1eab6899,0,test
8ce0f1dff729f276,1,test
8ce4f7ebe3108224,5,train
8cf7641cf435969f,1,test
8d0771fd8a13257d,4,test
8d086919d2fb9c51,9,test
8d0b7c5145aadaaf,0,train
8d11c2c601a565bf,9,test
8d1240c74ad3e483,8,train
8d131562fe58f6c6,3,test
8d17e894130ae35c,1,test
8d28bf6f8f1647c0,8,train
8d297685aef8b9ac,6,test
8d2a504ba73d4e14,5,test
8d2efc1510091ed4,9,test
8d2fa61aa6ef4c0b,9,test
8d35975db17d6d93,3,test
8d36a984a44e219d,1,test
8d39d0893427610e,2,test
8d3c6fca730ea00e,5,test
8d43b7b620beaeef,7,test
8d4732d6b97f3251,4,test
8d4a10237c155f2e,0,test
8d536828cdb7e383,3,train
8d5a7da48d6f36d8,9,train
8d6e24fb7662c51d,2,test
8d79ef62b0808581,9,test
8d84f6a036f79134,1,train
8d86b9bb5b35a0de,6,train
8d8826fccbf74f2e,4,test
8d89c6b911594557,4,train
8d8f285346e7bd51,5,test
8d9215d854bfcc27,5,train
8dab3b553cbb2e0d,6,train
8daff83d52cb442a,2,test
8db05bfd1c795642,4,test
8db247772f836800,4,train
8db795ff4e74b1a5,5,train
8dc55e0e9f234337,3,test
8dc5b717b5d835ad,2,val
8dc5b75cc4ca6378,7,train
8dcc1032a6ebf31f,4,test
8dcfaa1461ec3246,5,test
8dd23b073da54e95,0,test
8dd34367451e46e7,9,test
8ddc3422818f8b8f,3,train
8ddc40f839e75697,3,train
8ddda57dabb5378c,3,train
8de1a1b21af8716c,3,train
8de6704f4402d96f,1,train
8de91d4df9d740ff,7,test
8deaadf1311920e4,8,test
8def68c093461af9,6,test
8e1317e7b0b87ef1,8,train
8e1779eedb71673a,0,train
8e18637160d087eb,6,train
8e1b41ef4b8e59dd,2,test
8e2f76e1772effbe,4,train
8e35000c4d2bd0ed,8,val
8e38941b1094ae6a,9,test
8e409996ad2ac838,4,test
8e47bd59070a6020,9,test
8e4a2e3612a5fa9f,6,test
8e52784fd5c5ae32,9,test
8e574df19975e1e3,2,test
8e5988bd30301ff8,0,train
8e5f3d48bbd26e49,2,test
8e603a565603abc9,5,train
8e6f104ddd938634,6,test
8e730e72aef60818,2,train
8e788f2f935b4450,0,test
8e7cae09da759e38,8,test
8e7d3aec2a4253ad,1,train
8e85f72ddf3b6b09,8,test
8e8759f2f1d98f1e,1,test
8e8a48b0012ec74b,1,test
8e8baf88008911ff,9,test
8e8f1e748877b5e1,2,test
8e9952282f6d6ce0,8,test
8ea1a01cc9da9648,9,train
8eb63c70eba91e8d,8,train
8eb89dbbef860fa1,8,test
8ebfdc9cb73c66a8,3,test
8ec296fc7c7cd854,0,test
8ec6d3803d32a1a5,7,val
8ed0782bfba146c3,5,test
8ed0fad75f4906f9,9,val
8ed5a5d73dc2daf5,5,test
8ee114888a7f2185,4,test
8ee29dba9d50992f,2,train
8ee47623263f3296,4,test
8eeb560089582bd0,1,test
8ef3fab10bcc2f2e,1,train
8ef6485d1ef2ecf9,0,test
8ef91b69a81feb43,5,test
8ef9b0930f62e931,5,test
8f0171cb2093f926,2,test
8f0213cf01ae3b38,6,test
8f024db49a4181bb,7,test
8f030c93585e82a2,9,test
8f0dbcbcbacb97d8,7,test
8f11b2dbb4dc773d,0,train
8f137ff1a148cdda,0,train
8f14938a63b4fe52,5,train
8f155455325a183c,6,train
8f1f0b8ee662f477,1,train
8f225e0021f5b14a,3,test
8f252335938a2aae,3,test
8f27ce8ced929f48,6,test
8f283a68c186f91f,7,train
8f29f07e027c7fb4,8,test
8f2cb2ec6601f2e3,7,test
8f2cceca7fd52cda,3,test
8f348530ae53a923,5,test
8f470a65e65876f3,1,test
8f4c266cd85d6869,2,test
8f55ba7bd059f03d,3,train
8f59d16f52a99b54,6,test
8f5c5f78333b7c37,3,test
8f6d9461695353a9,7,train
8f74183eb213132d,9,test
8f749b8e51428ea5,1,test
8f74c65638d21502,5,train
8f7af2d7d5a5d8c4,5,train
8f7e5789aa2b8655,9,test
8f825db8d6a62f8b,3,train
8f84d5ebb5ed4b65,5,test
8f8ae563f920c299,7,test
8f8c44c2b4a3b26b,1,test
8f8c90f22fced5d2,8,test
8f98ad70227a1e7a,8,test
8f9e2cf297dfd9a3,9,test
8fa3700f71808dad,1,test
8fa469d301e3f82a,6,train
8fa8f7c6c5b5a5bb,3,test
8fac81cde03285d5,5,test
8fc036034c2c7f57,5,train
8fc2aae430486af1,5,test
8fc4c74efe38dee9,1,test
8fcaebb59c50be59,0,train
8fcb3b5fa6181395,2,test
8fd2b7ee3f98af4f,0,test
8fd7c1d914820620,3,val
8fe211de14d6acc2,7,test
8fe653f35f47251d,4,train
8fe6f314806c33f4,8,test
8fedba4f74b13c50,2,test
8ff01acaa2f6deda,3,test
8ff42831010c13d9,1,test
9006c3a5a60c2f02,5,val
9008d9febdc7445b,2,train
901570a749b7d684,7,train
901710e782ecc6e4,8,test
901eedd321151aac,2,test
90240843b051e94d,6,test
9024eef3e28e05fa,7,test
902b0aad0521cada,7,train
902eb9fff9d029df,5,test
90324eafaadfe4e7,0,val
9033b6d60b4a6d13,1,test
9037cba50115ef82,0,test
903c2a8322bff024,9,test
9040b3c904d7e554,2,test
9046cb41d99615bb,8,test
904cc247e7b3a85b,9,test
9052b6e007862b36,6,test
90539c18a0ead039,4,test
905861b64e1b5285,5,train
90618fdca08b913c,7,train
9063304374ccb44b,5,train
9069300dc913698f,3,test
90697b2e212effb4,1,train
906b2f31d5debad5,4,val
906c17155da9d4f6,2,test
9073a76eadb933ae,2,test
9086eec47ab29304,2,train
908bad7cc1b2a7ff,3,test
90907476d3c5d283,9,train
90935e9d8d16e71f,8,test
909bd709bb422800,0,train
909c2a7ffeebdcdb,7,train
909fd97c1f66d8c0,7,train
90a1e07eafac6710,7,test
90b262b0832596aa,7,test
90b6b5de51ad7564,6,test
90b77684edae434f,4,test
90bb78bf9266b05a,0,test
90c1e1c897da17c2,9,train
90c5e18eb12850eb,3,test
90c75b49b920573d,5,test
90c88de80aa4a4c5,5,test
90ca1e8595dab17c,3,train
90cb3d91f32bc957,3,test
90cdc82106d299b0,1,train
90ce10b9e41b22ec,1,test
90cfce0debf36e97,7,test
90d24eb122dc8f36,2,train
90d527086b731c7c,6,test
90de01625683e240,2,test
90ded7173d22d1f8,3,test
90e3f1fd07599799,4,val
90e43297831001ff,7,train
90edbb84023ea15a,1,test
911014af5141dbfd,1,test
911573dfeb6fe11b,9,train
9116a41bd60796b2,5,test
9117072db842255c,7,train
911a1e5cd5e83706,8,test
911aab638f309427,4,test
911d956a15472b49,3,train
911f4667a1dcc54a,2,test
911fb6a8158aa764,9,train
912497ac53b35c64,5,test
91252e4bfe190e14,7,test
912544609afc25e8,4,test
9127d9c2cf0a7236,1,test
912db3696ab96818,3,test
9133baf09117c559,0,train
91341d0c7d848dbc,8,test
913849b8ff541cb1,3,test
91629a4dc353bdbe,6,train
916a80bb9e6cf727,7,train
917155e21ee4c331,8,test
917c0df502c2a4ca,7,test
918484f6d2fc9855,3,train
9196e43b4b3af220,0,test
919820cad77df224,8,test
9198640e9fe112e9,6,test
91a04a32855db389,3,train
91a6c2ce988d25a9,4,train
91ab73e3e6417f7c,5,test
91ac897ec39b2682,0,test
91b2cf948254fcb9,2,test
91b8ceeaa6874966,4,train
91c33ad4e988a59f,6,test
91c7bcb5e89a7454,9,test
91d2c0b3002f8674,7,test
91d3c4bb9d8e0a6c,1,test
91d5af5a7f6b8703,7,train
91d63a83c11174e9,1,test
91d9b26f3dbb7db6,2,train
91dbb71d3b1b109a,2,test
91dd2999044be4c0,9,test
91e6e9e0b5d31ad1,9,test
91f32ab867224d6f,3,test
91fb35db7d5368dd,1,test
91fb5b8ac1cd5e8e,4,test
91ff33468cab8462,6,train
9200e3749139d94d,1,test
9200fe28d81e0e98,4,test
9203daa1b2384310,3,test
9208ccd4b6b31d82,4,train
92123c8844a661dd,3,train
9224d924c38a81a0,4,train
9229206cc4d8aefe,9,test
9229d700fefcf1ca,3,train
922b77578f0462a5,1,test
922f069084c57eb5,8,test
923069fce511aaa0,8,test
9233ad2a65508346,0,test
9239b52d7736f404,2,train
9246f8bc35c47f62,1,test
9251aa43da2c8099,2,train
92587d9382ff6252,2,test
925ad9b9b4a376de,9,test
92607d78c1045195,8,test
92633972aeba9809,4,test
9265739a0c2dcf68,6,train
926704b8ab3ef117,3,test
926ae3f3ab427ec2,1,train
926dd7703d15dd67,4,train
92705598e1b98730,0,test
92744dc72ea61f5f,1,test
9280fdde3e2b5877,6,test
928287214fdf6041,4,test
92868778bfb8fb1c,3,test
928b52048edee974,4,test
928fb9397bb319c3,5,test
9292012a850b76c0,9,test
92950691b6d5b799,7,test
929ed93f4c604b2c,5,test
92a63d9c7ea02736,7,train
92a930a62ba21895,1,train
92aedb48fadb3bd9,5,train
92afce69a675f490,4,train
92baab71c7e39633,6,test
92bc21ac7e659a79,1,test
92d1bba11b15fdc3,8,test
92d37d2bfd272eea,5,train
92db0e71174020d1,1,train
92e76e78dc69a3be,2,test
92ea5580b81b88d1,0,test
92f7493f13ed01fa,5,test
92f7e4a2ac519c3a,9,train
92f834ae96789de3,4,test
9303f3cc1f93c467,0,train
93042e44dc7ec2a5,6,test
9308d0bc8f03f553,7,test
9317bd2f3d711c84,7,train
93278a891a1292b7,5,test
932e3840123abd74,4,test
93356d690372b978,4,train
9335c3bacf62a5ae,2,train
933802e4104f8e17,7,test
933d0e5dcc1b6a99,3,train
933d2a5e7bc2e9eb,8,test
93484b08e00664bf,0,train
934bec0558b5af3c,8,test
9355466674768fed,6,train
9358d874b257a510,8,test
93655d6f3b24c92a,7,test
9365e641f5d13b70,7,test
936d936de6c2ae69,1,train
9376ebad099b3da0,5,test
937805cc459754e2,7,train
937d2da35823a497,2,train
938612ff17d7a7dd,8,test
9396b8b63b689eaa,2,test
939b9a78d2ee6361,0,test
93a13c3b65742960,6,train
93a789d765431bb5,1,test
93adf88b6adc0d15,5,test
93b46c1f70d5931f,2,test
93b56c8a145af853,4,val
93b80a37413f1d1b,4,val
93c44752f4afbd7c,5,train
93cb8a1cc63f577b,2,train
93d07a5674228404,9,test
93d0a21ad63f4422,3,test
93d97af30ce6b705,2,test
93da371f82e2337b,1,train
93dcaab3332e3ecc,3,test
93e2ba786a6f548f,3,test
93e2c5dfa5115406,5,test
93ec502dd0d9cff3,5,val
93ecc609a354ca47,6,train
93f71aedcc7e5f11,7,test
93fac782c16649f7,1,train
93ff9b2cdb1a8b30,4,test
94042584377a9397,4,train
9409269ec4d0a7f1,7,test
9409a1062a68123f,8,test
940b84b5da4a67c1,1,test
94229d57c7ef76a8,4,test
94295f6a2ebd0513,0,train
9429ff4ddef6a789,5,train
942c72946ff155df,6,train
942c9de5e81cf5c3,4,train
9434e5194fcb34e7,7,test
943a43649ac33574,0,test
943cae6e837e14ea,4,test
9449586043077442,4,test
944cb445763afb18,8,train
944f9eb28dbb700d,0,test
9458153273bbc626,1,train
945a59f625419cb5,6,test
945e82cb885da340,6,test
946073bc2f254dae,8,test
94611274963339fc,4,test
946a5e9a0955735f,8,test
946ae09a40c95798,6,test
946dc6f193ce2b45,5,train
9471904a49bb173c,0,test
94748823964125c6,3,test
9475c2fb9194257e,2,test
94788e427cc314d0,6,train
947ef2e6033ca58c,4,val
94825463ce7e0a89,7,train
948f4f85d4fdd0bf,0,test
94927cea982d8485,9,test
9494a8a94270f85c,9,test
949a6c7f88789f3f,0,test
949b231b0fdac9f9,9,train
94a10c0d2555b2a1,2,train
94a30aee55521a7a,2,train
94a4001d174154e7,1,test
94a4fad8c75efd60,5,test
94adfab53d3de302,8,train
94b0eef81d15075a,5,test
94b17e26b1b9c5b2,3,test
94b3ae40cdf7dca6,5,test
94c203958befdadd,5,test
94c5715f61eecd6d,2,test
94c70f8b14a8902f,0,test
94d013c537e885c1,6,train
94d73e945689495f,5,test
94d9569076530972,4,train
94dede664ad5c6ad,0,train
94df857884f214b5,8,train
94efa7187e6f17fe,9,train
94f8a4d0e2fc72f8,8,test
95020d65bb8fc173,7,test
95039dbef053ecf2,6,test
950cea2ecc891fa5,9,train
95174ba3f93fd3c3,4,train
951bc1e0bad419ae,0,test
951d716f916114ec,0,test
95262b21b74294db,4,test
952b1a3b7cbf77b2,3,train
952c8ce43c451a6f,4,train
953029d34f9271e5,1,train
95342ef7050e27e5,8,train
953716e446fe9560,5,test
953c7cb676f4e0f8,6,test
953d67d3e857d9e4,4,train
955241cfd8a936f9,4,train
9552555f93ec132f,7,train
9552691a0fe21515,0,train
9553d850ffe22dfc,7,train
955842a88f59755f,6,test
95607474e2413f8e,0,train
956130b7140a76d0,4,train
9565aca452e15c47,6,test
956985a2ef0d04c9,2,train
956acc5b33d81a9b,7,test
956cd10d844a72b2,5,test
9579194162f44f16,4,test
957f05ab47550cc6,8,train
957f8d21ce179648,5,train
958559966b53cd9e,2,test
9589148bc7d2b4bb,2,test
959237142117a141,8,test
959ae3464e712f04,7,train
959bbdf678e5c2e7,2,test
959c1850dddccdef,1,train
95a7b5ca6943d7a4,4,test
95a96dac5165bde0,1,test
95a97390fbe30e28,1,train
95ad7a28d457426b,8,test
95b10152da8e1173,1,train
95b67962f083660d,1,test
95b9e7ebb2e82c67,4,train
95bc9eb71fc18efb,3,test
95bfb3e884065fc7,1,train
95c4d00acee73be2,7,train
95cabab8b98c19ff,8,test
95d66ae8bb6ada38,6,test
95df67f29983ce3c,9,test
95e14081345910a9,9,test
95e3e142402a7bbc,8,test
95e42f8402acecfb,1,train
95e4d0d23402797e,3,val
95e6a8ec57eaf68e,9,test
95e6bdc266b64705,6,train
95f6cf051396f2d7,0,test
95f7034bd07fe3d2,5,train
95fa3e5235f4cb8f,3,test
95fdd5aafaab3f26,6,test
95ff9656632ce1e7,8,train
9600b41a20cba32f,1,test
96017fb27bec7347,9,test
961535e4c9547205,8,test
96212c5aa13348f7,4,test
9621d4e17bbef8b9,2,test
962ac29097a55f5a,8,test
962f57caf3754061,9,train
9635f3a36493ab20,6,test
963cbc6755bc75d1,3,train
963f18bf7bdc4f33,4,train
9643ca7e9ab94e48,2,test
964a16fb9995dcb4,0,train
964cd1e8910477ca,1,test
965173f6d52bdd82,3,test
9655217b054531c9,8,test
96584e12b3b27113,0,train
9659530d8a6f1167,5,test
965b9a54403892a3,7,test
96658c81a04f8db3,2,test
966910b6627130a1,5,train
966f53c9475b4809,8,test
96717a6195564136,3,test
9671d4a534be4afd,4,train
96720b74e4bba7ed,6,train
967239568b61d597,0,test
9673fda291173a12,3,train
967dfa3490a2131d,5,test
968da3c280773d75,2,train
969fc069f9aafad4,2,test
96a3d6c298786c8a,4,train
96a4920644c40a44,8,test
96b3b9c5ae0584ac,3,test
96b9f772ba919351,2,test
96bc8c87390000c7,6,train
96bcaf428814a4fd,9,test
96c54b262feb924b,9,test
96c73561204ea2b2,8,train
96c8cf5fce3b7353,5,test
96cbbd2c79a05302,1,test
96cd09d4f6cdd3b5,3,test
96cd80ca432b7d0e,6,test
96db786cfa757e61,0,test
96dc22384aa7fce3,5,train
96e018572508813f,9,test
96e3cd34ab8a3d1a,9,test
96ef75cfd1cb6a62,1,train
96f7d62d12caaab2,9,train
96fbe3a9e0dc6f37,0,train
96fc406369471e01,4,train
9700265140f1d04f,9,test
970197c9b5ed771f,9,test
9704e788e21e3314,4,test
9705738831a88535,6,train
970fe115e6a8c7b6,0,test
9712390cc09d88b1,4,test
97128c3295e4d775,9,train
9718385596670861,4,train
971a30ce41b48d7b,2,test
971ab8842ec34fb3,6,test
971e4ff1da7b8a8c,7,train
971eaa1765d84c33,8,val
9720722feccf7df1,7,test
9720e501a9155a4f,9,test
9727b209942d5886,0,train
97280cb040661e0a,2,train
972c8efc399de358,8,test
972f7fddb7ef4ebc,3,test
973692fe31baa4ee,4,test
973bc1709b1a2e1d,7,train
973d43093c33a3df,2,train
97420fdfeba0d62b,3,test
97455f7b9a1e20d6,3,train
9745a71e86de2fd4,1,test
97468ced2714611a,7,test
974dd3559cae9ee0,8,train
975917baa8307246,5,train
9759d576caa48f54,3,test
975c4de1aba1c2e8,4,test
975f0c075d7ec72f,7,train
975fae73de72b647,3,test
976a3c3252990091,1,test
97740370229e03b6,3,test
977841979d180fd9,4,train
9786c6ee13f5d501,2,train
979d99704fef8abb,0,test
97a01136faa1e58c,6,test
97a283a8a96b1652,8,test
97a6c954dc6cf2eb,0,test
97b02a434b2acfb6,0,train
97b3f93be749a464,9,test
97b7aa42f302c59e,1,train
97b7d2f4abfae7de,1,train
97bc19ff1bedb94d,9,test
97c41b1074fa2d99,6,test
97c4fdade3f68e33,5,train
97d3a0e329835ff0,1,test
97e7d97f7e1d57ab,7,test
97e82517076d57ca,7,test
97ebfd62cf63a96d,3,test
97f2829b98af4667,3,test
97fab9f63b3d10d6,4,train
980535db7b52a803,3,train
980a7f817a48b8e6,3,train
980c64aef6b904cd,8,test
980fb06eeb5c302a,1,train
98155d5ce0012242,2,test
981734cf4d169955,0,train
981961204d4d2f6a,7,train
9822eb99695f9c03,7,train
9827aa4f3334affd,0,test
98287a734ec751f3,3,test
982b3125b2997c82,5,train
982f9a98899c7d8a,0,train
98328ace85149f06,9,train
983afacdeb50619e,1,train
9842940c95fa6f3f,6,train
984e101606f39137,1,test
9857e6e4bb119eae,1,test
986ee14afe1a7a87,2,train
9870a2ad086adffd,3,test
98726dd3e7635f79,7,train
98739709094ceb7a,6,test
987d96febebdcabf,0,train
9880401b2c000050,8,test
98806bbc22b3d4d3,8,val
9881fee902a7d87c,1,test
98826aae9556c9cd,8,test
98853aada00fae10,2,train
9886fa6892ea01ca,1,train
9893e258cc3e1f01,3,train
989658dac0a97cf4,1,train
98a28f94dfc9d6cc,5,test
98aa426f63bbb4cc,4,test
98b145ed7befd02d,0,train
98b1b15043dc2a38,5,test
98b5dcf8a31f0f34,4,test
98bb0335c03e558d,8,test
98bf4ffae4893541,9,train
98cc89e311115a2b,1,train
98cdccfec7c13b0a,9,test
98d1f8c6378d7ac0,0,test
98d2c58e34ed5aeb,7,test
98de958f088dde4c,5,test
98e3ae0b4a07af22,5,test
98e981e4950cad23,0,test
98f1f5b7ee3bf0f1,5,val
98f4b3caada243c9,8,test
98f83ffe50394f26,7,train
98f92a80b198decb,3,train
99025329d0026594,1,train
990290471b6c8134,0,test
9904febcc3b54e54,0,test
9907a5050584eeb5,9,test
9907c858ed401178,6,test
990c0c75a63be7b5,6,test
99199f1309cc03a5,9,train
991aadd427708e66,2,train
991c59c6ec97679c,9,val
9925958a88829745,8,train
992bb0d9ae4b79b5,1,val
99303bff22c0f93d,7,test
9931d42b1ced17ef,1,train
9933439768751b6e,0,train
9935e53d1c460183,8,train
9938e9ed00a6d837,5,test
9941e432ab22402d,8,test
99446b16f648f058,1,train
9945016656de254a,5,test
99478c3f811c108a,5,test
9949c5123e9a678f,5,train
994cb9c779cdd18a,0,train
994cde612670aa8c,4,train
994cf6dde52dffcb,7,test
994d82f5ee67f8fa,5,train
994f26c37c070f98,3,train
9956c4570515da93,9,train
9960bc581bbbfe6b,5,test
9961a59b73bc71ec,8,train
99638762fb9bccfa,2,train
9963993a8ba2f984,0,test
9964e35b8d6aa930,9,test
9964e70781331bf2,5,test
9966bd734f08d615,0,train
9970012d5cc1ad68,5,test
997600f9a6d3e6dc,8,test
997e36a8210929a8,2,train
9985a91f2d048828,5,test
99878794022dc38f,5,test
998c8036ff6a17e6,5,test
998fcb4981216818,2,train
999654337eb0a381,9,test
999f4c7629bbe6ea,9,train
99b3fb4eb9121505,9,test
99b761905175d438,8,test
99bf616eec3183b0,3,test
99cab18c2dabead9,9,train
99d0951fe482c589,0,test
99d3de33a2ac6ea5,4,train
99d7c263a1370f70,8,test
99ed40bb701ec260,0,test
99eea118bbeba1f2,6,test
99efa19cddf11401,0,train
99efe0bf9e479a51,1,train
99f278f575fa89c2,1,test
99f37a96eaaf258c,2,train
99f6a9fe5aea75d0,1,train
99fec525613d3014,6,test
9a04cabadd11c51b,1,test
9a0a9a52e267d203,9,test
9a1c720b51ceef5a,3,test
9a24a5cac18f37f8,2,test
9a2786d7665d16a3,8,train
9a3f4110316a6488,2,train
9a424345e108c2c1,7,test
9a428b22d35b234a,4,test
9a42f64dc7cade13,6,train
9a477bf72a567111,4,train
9a4962ed78aeaec4,1,train
9a5450709289dff7,9,test
9a55ebe8c5511b40,4,train
9a6751e2ecabc592,8,val
9a6a99728450abe7,4,test
9a6ba3f0739395c2,2,train
9a764b521cc167a9,3,test
9a7c9eaec0c6e97b,3,test
9a7f88b60c647555,3,test
9a88e56dc67ec6c9,8,test
9a8a22e07d72f581,9,test
9a8abc3f76266191,5,test
9a91f5498fb3e77d,6,test
9a968d34ba034eb2,2,train
9a9cb7747587b6df,1,train
9aa0cbf9f5bb6944,3,test
9aa2075af4d40392,9,test
9aa781be8e3797c3,0,test
9aa95e9dc4e50140,5,train
9ab590778d20e5ab,3,train
9abcad0d702c9120,7,test
9abd7e174704bc7e,7,test
9acd0c70923271af,9,test
9ace869e2a6bae2b,3,test
9ad0499d6178341e,5,test
9ad3ae56b3a6bcf4,4,test
9adbeefbd16014eb,5,test
9adc72bc6baa2c4d,2,test
9adccc02ded8113e,8,test
9ae6f8d2359aec82,8,test
9aecaf06a8ff0296,3,test
9aef300be6f172dc,4,val
9af89ca6c044af17,6,test
9b027ef7bf594d0d,3,test
9b07de21e5d6eb68,8,test
9b132b6a2a7631a3,2,test
9b1db4d1d0a9b81b,5,train
9b1ed2b77554101d,1,test
9b217a072c5425bb,8,test
9b2206cb1713b6c3,4,val
9b26fba82220298d,9,test
9b2a0bbccc3b5551,0,test
9b2d22aa18dd9322,2,test
9b2d6cef2b909c32,8,test
9b3b036d0c2a0441,6,test
9b41b6d6d4d79fef,3,test
9b42d91d52d6d183,3,test
9b46123aedb0bed0,1,test
9b561f1fae7844b4,0,train
9b5924a2dcfca07a,5,train
9b65e7c2cbaefc38,9,test
9b6c6d0db406d98c,9,train
9b708da9a3ced10d,2,val
9b7112bd02dac4fb,5,test
9b71a5c7d8c4dff1,2,test
9b71cbf46a51c708,1,train
9b7840fadc3373ef,8,test
9b80c3e69e218ec3,3,test
9b83654cae71b58a,2,val
9b86e56111ee64e7,5,test
9b897d70928555b5,6,test
9b8deb0418dbccab,0,test
9b90caaf75bd29f0,0,train
9b9b657d63b4c338,5,train
9baaed42f105f79e,9,test
9bafcd93f94eb0ca,1,train
9bb655e19dfc73a8,6,test
9bbd9fc7d5e5599a,2,test
9bc1bbc929bd768a,1,test
9bc6d36e47b04b59,8,test
9bc9f852067de7b4,1,test
9bd64777f01184a5,3,test
9bda8a8e16327fa7,9,test
9bdbe8b035076a1a,7,test
9bde2cd47b951a03,8,train
9bde7ee858a8f571,1,train
9bdfa454491b32f3,9,train
9be838439406462c,1,test
9be9545c37ece3ce,0,train
9bee4275993968e5,1,train
9bf4ee5037075acf,0,train
9bf84966ba29e898,3,test
9bf932aa030bcd7d,4,test
9bfb994b1bb64c18,2,train
9bfbeeeaf76b4231,3,train
9bffc4352b2b3fd4,4,test
9c0525f5319080d0,5,train
9c1ecf7fbe7253a5,0,train
9c20fb923d56b512,5,train
9c3aae2711d61c52,5,train
9c3eb18c0c62a261,1,test
9c4335ef1eea9b75,7,test
9c436e2cfa479444,4,test
9c46995b395881fe,1,test
9c4b39493d7cce3d,3,test
9c4be1fc713d5222,1,train
9c5bf8337c40724b,2,train
9c5c2dd84b6c2123,1,test
9c606d1ce8f8ba2d,1,test
9c637d433bc0a728,2,train
9c6a000ca4fdbabe,8,train
9c6c7c42c280ed83,8,test
9c6f7b843996d9c1,8,train
9c73d9feb47bc112,1,test
9c7aa4bcabd478b6,8,train
9c82cb5677067106,1,train
9c8363f31e279d7f,8,val
9c87a6da1fb47ed0,8,test
9c8e86df7fef5f93,7,test
9c90994c52bdb558,6,train
9c91c457642f837a,9,train
9c9239ca6dede6d1,1,test
9c95d98fbe903ab3,6,test
9c96daac62626a85,7,test
9c9be79cc4ba8d0d,6,test
9c9e4dda14e44c54,8,test
9ca354d4969731a1,3,train
9ca758d604678995,6,test
9ca89250074331ea,4,train
9caa8f8d97f61b38,9,test
9cabf2d930903015,5,test
9cb35666d20bc961,5,train
9cb7316021903aac,7,test
9cb91dff8d8e428f,7,test
9cb9b608666fbde1,7,train
9cc12738863431cb,7,train
9cc3fa893a00fe9c,7,test
9ccfaa44a6bb9bc5,9,train
9ccff23b0b5a0515,6,test
9cd31e1f716b4f02,0,test
9cda144cd9bcbcd8,9,test
9ce2e97f465a2c06,9,test
9ceb95bf3d4a7422,4,train
9cefefafb363a4f3,2,train
9cf414eea0060e29,9,test
9cf59ad2d1918723,7,test
9cf743ab507df8f5,1,test
9cfa1bad1896eecc,1,test
9d048e3479377190,7,train
9d0cf30b679bb5fe,5,test
9d14d91cd163b684,6,test
9d15b51e3b622a79,1,test
9d16599ba33bfca1,1,test
9d1b16488ba785b5,4,test
9d21c4d40f6b7ce1,4,test
9d2a229adeacc575,4,test
9d2a310ae8715a8e,6,test
9d2b3c330d5f94aa,1,test
9d2eed8eac634644,0,train
9d3ebd8bf807bb12,9,test
9d4d66d70cac3d3e,5,test
9d5635d348bcc2a9,0,test
9d5dacc4ad120280,0,test
9d6008ede0f3e857,6,test
9d70b7fe89afa7be,8,train
9d723de971bc0b0e,8,test
9d76421b405bfe1f,4,test
9d82592d242ee202,8,test
9d8aab44d536421c,8,train
9d921ac8db8f6f6c,2,train
9d94502280ecb30c,1,train
9d952819eafd0569,6,test
9d99ffed2f734fc1,7,train
9d9bb1291c8ee5d8,9,test
9d9c576bd9f6d2fc,6,train
9da19142e260ba6e,4,train
9da6e54ab54a0def,5,test
9db00608d7188dc2,5,train
9db69c4432ae3988,3,test
9dbbe17b3fca3121,6,test
9dc3be7b0ff448ba,5,test
9dc9e0ba3aaa720c,7,train
9dcc1bb1714f0232,2,val
9dd5a5908633d681,8,test
9dd7cece28a1429e,6,train
9de9d4864e60acc6,2,test
9deb3a21274e9211,4,val
9ded080d17e1a9de,6,test
9def5ba320bc4fd0,8,train
9df09947374bb926,8,test
9df2869c32d1a6b9,5,test
9df3d5b76fddb985,9,test
9df4ecfef6fa94d1,7,train
9df7d339def81dfd,6,test
9df9f867a34dc7f5,1,test
9dfead999174adfb,4,test
9e0279ccbe297150,3,test
9e1df11a280b3720,3,train
9e20098ad86e6546,0,train
9e205970fe9117d0,0,train
9e302ef46a1ee97d,7,test
9e3876ea24bc2057,6,train
9e397ec7ce5e4428,3,train
9e4247e84a245de6,6,train
9e439e94399367b0,9,test
9e4780f40ef64968,9,train
9e51d2af555a7a98,3,train
9e51e1484faf9c75,8,test
9e521d9da50e2a1c,1,val
9e5cf42673178e3d,4,test
9e5d9eb12dad13c2,8,test
9e5f119284b91bcb,8,train
9e655d6743d8ac88,1,train
9e682fff7628df1c,0,test
9e6fbf1ae2a4ee64,9,test
9e702501ae4ecf39,4,test
9e708f4e566f161e,5,test
9e70937672adfc2a,4,test
9e796840c8d3c69b,3,train
9e7dcbb4c7251cf4,1,test
9e7ec8844b217c95,4,test
9e87188f5385dd3a,6,train
9e8b1ca01678be87,7,train
9e978ca8a9768526,6,test
9e97b2312a9ba086,0,test
9e99bb451d809966,2,test
9e9ea644414dc1f3,6,test
9ea3407b6d4e6d32,9,train
9eb836cb73cac948,6,train
9ebbe5f155cb92fb,7,test
9ebd366b094b41eb,6,test
9ec4c262b53748f1,6,test
9ec656391b522558,8,test
9ec8daf0d97fbea4,6,test
9ec94d09ed3d59b4,3,test
9ecd624857c15d70,4,val
9ecf30cfb0dd1ba5,5,test
9ed218f525dada7c,7,test
9edab582cbc82f84,8,test
9edf71b0fe753bb8,4,train
9ee014526528ad6a,2,train
9ee905c36bbf9fa1,2,train
9ee97493987c27be,4,train
9eef91bf5362a21c,6,test
9ef25436d566a8f6,3,test
9ef939b9c5860a24,0,test
9eff122e002c57ec,3,test
9f017c61347a2a3e,4,train
9f0272c96abeb938,0,test
9f0a542e3d3b0ac8,4,test
9f0c05ddabbb5d41,5,test
9f0ca6d98649ca87,7,test
9f0f1311afe33cb1,8,train
9f10cca1674b55c7,0,test
9f1ab4a8d1027fdd,9,test
9f22b0d5b86238aa,6,test
9f2c12165d200a57,9,test
9f2f650381a5646a,2,test
9f318aa7d5801f69,8,test
9f3272c71061541d,3,test
9f329ba219002697,8,test
9f3892670d70e9e3,5,train
9f3b1d3abaf69785,9,train
9f408db2db769ad3,6,test
9f46001d70068450,3,train
9f528403a7ea1d83,0,train
9f5479e721ce6e61,2,test
9f56e51f8452659f,0,train
9f572cef50210c83,7,train
9f5b4fefcb10a95b,0,train
9f6028151783b452,6,test
9f61f2e17c537d7d,8,test
9f689e3ae4e82c3f,6,test
9f6b4f9b1aaee510,9,train
9f6c4ae0bd0891af,8,test
9f7b3c54574dd4ab,8,test
9f7df2cafabc0945,7,train
9f834dedfd07ee60,6,train
9f83d85ad57783fb,8,test
9f8a13088ad7dec7,2,test
9f8ea0d47131bda7,0,test
9f92cd4115ff1fb5,1,train
9f9e2572ebe872be,0,test
9fa4ac8e44665a28,4,test
9fa5535f5cef990b,7,test
9fa57b4e2b8392b7,7,train
9fa7946a4c09fd43,6,train
9fa8af32c3fa500c,2,test
9fb31cc669593afe,7,test
9fb610d3778c986e,6,test
9fb619622a0bdc7d,0,train
9fb7fcbfccba9bcd,4,test
9fc297acfa2116c4,5,train
9fc9f68f38159a65,5,train
9fcbac8e97eb3cb3,3,test
9fd0b233fb756da6,6,test
9fea9c814b1cd165,8,train
9ff3395118c79caa,5,train
9fff37d782c04425,1,test
a00af5fd5430726f,3,train
a00def5d8a151012,8,train
a013f44e4953fbe4,5,test
a0239299825dd266,5,test
a02545eac55da98d,9,test
a026d6edbe92b8f9,4,test
a028647fc7832bd5,3,test
a02aae3c6f4b050a,7,test
a0329f4ccf48a12d,2,train
a03a116c7891c95f,8,test
a03c157c10aa1fdb,7,test
a03f0ba5c9d68ecf,0,train
a057845288e529a1,6,test
a05d849d394fcbb8,8,test
a05e94d82aed8f93,2,train
a0622d0e665fa763,0,train
a06ddd3bc141b07e,1,test
a06ffb27b6a876e7,5,test
a0744e348a029e25,7,train
a0771f52b7986c51,7,test
a0795e00300c7e0c,2,test
a07d30a41b99c0a9,1,test
a089a84901f19ac6,8,test
a08ad56490713024,7,test
a08bf08c6d1e4d04,3,test
a09c81ef24c1666c,6,train
a0a65355d061f5ee,3,test
a0ae946090853a62,6,test
a0b9224b132a4c5c,2,test
a0c1d09f906150c1,5,val
a0ce096279b839bd,5,val
a0d16901ab0e2cd1,9,test
a0d6de9d122bc738,7,train
a0d7cfe4c6fd5210,5,test
a0df93be2a4d24fe,1,train
a0e49a1b35ce7bf2,9,test
a0e92735e20c0bb1,8,test
a0e99b1c8d1af443,9,test
a0f4f223d83319ab,2,test
a0fe40d5eb20b534,2,train
a1040c7f5a99dc9f,0,test
a11109192637da25,6,test
a1127ecb6aa5bdf4,9,test
a118209cffca4c9f,3,train
a118c77306495047,3,test
a11d49b6e52265f3,8,test
a126882ae9183c8d,5,test
a12c522ecd1a7e46,9,val
a12ea60a0d8e8b0c,8,test
a13007baaefaff99,4,train
a134bf29cdc8a097,9,test
a136539700652b76,3,test
a13bdd40139f2d0c,1,test
a13d2be5578db472,2,test
a13d41c950786a6f,1,train
a142087218043bb1,2,val
a14772f789610a94,5,test
a149a72426cccbdf,0,train
a14cf84bcb767542,4,train
a15806a63cefee3b,3,train
a15be7c2e939e48c,0,train
a166a67395448089,7,train
a171fac17b742c52,1,train
a1765f656133adb6,6,test
a1769aecfc7d240c,0,train
a177b0b4433aa75f,5,test
a1813267d11adaf0,3,test
a1a524b88af33a7a,2,test
a1a56133b1505581,6,train
a1a98ca91d298f9b,3,test
a1aa17b627be80b6,9,test
a1ad96ad0b7e2603,1,train
a1ae302af6b0201b,0,train
a1b603fe311522e7,6,test
a1be18abf223d969,7,test
a1c098454a264589,5,test
a1c2e6dba4e96707,6,val
a1e3ba4d0afecada,7,test
a1e4f858c88b9cf8,4,test
a1e5cdca8989785d,7,train
a1ee1a7a5e3f64fa,5,test
a1ee9152cb2eecb0,9,test
a1f0efaf11f6fe4c,0,test
a1f2b8c9e9e51401,8,test
a1feeeb1bf051f13,8,train
a2024f5da4006c92,5,train
a204a3e4e79cf4b2,4,test
a20739ed5950587c,0,train
a20b20d465cb7c67,0,test
a2199725ac47c5bb,5,test
a219b20d3b04d196,8,test
a223b9a128bd2d31,3,test
a229f181d4c0bb10,4,test
a22bc87d40a575e9,2,test
a22e044363b5807d,4,test
a239a3fc2c8a9327,4,train
a24a090ae6aba957,8,test
a24bfd4097cd8adb,8,test
a24ef120a259f414,3,test
a256330834587336,3,test
a25a60cf420f5e4d,7,test
a25c87b35cd1ea1f,4,test
a25d1966cfb0cd50,6,test
a26ac4c429a89e5d,7,train
a27031cffbbadf7f,6,test
a27a18b99d667386,2,train
a27aded492be5ebe,6,test
a280074812a4b1dd,1,test
a288da1f07d40879,3,train
a28a37138dba4817,1,train
a28a438e297e4927,7,train
a291503a2cf13f8c,5,train
a292dbaf51d3463a,5,test
a295487a958ef234,6,test
a29d17b6daec9452,0,test
a29d876b65e5ba82,4,test
a29e92e332034fc4,2,test
a29ecfb55acd8cd9,4,train
a29f8550b04e20bf,4,test
a2a251d0bbec6721,3,train
a2b35c199f80c301,7,train
a2b4018579c475c1,5,train
a2b74d2d5cf9ffa3,6,test
a2bc9f873c74e1c6,0,test
a2cd96f3bd85b8b1,1,test
a2cf1089c147c27f,9,train
a2d07d843c1cbcfd,0,train
a2d3844d7efce391,6,test
a2d42fd196bdd0d0,1,train
a2e09341ac930886,9,train
a2e362da3f49f1ce,5,test
a2e772fb702434d9,4,test
a2f411b3d1935b54,0,train
a2f85e657eb68a00,9,train
a2fe3afec7f8d751,5,test
a30236d223762dba,6,test
a305b2b6b44b77de,3,test
a30e67686086c777,0,test
a30e76f6f998c815,3,test
a30f45a502f1e4a2,6,train
a3205a71f698196e,2,test
a3230dc2bc5e4b8b,9,test
a324431961d85a2b,1,train
a32728f8e4459873,9,test
a33ff688ae1afae9,1,test
a34003a6bcf072b6,8,train
a35c1ad82817f310,1,train
a36019c3a3b57076,0,test
a3609e93af64c5de,4,test
a366b884617a5397,3,test
a36852191c60963d,6,test
a3695ed1a090fbb2,9,test
a36e434af600951b,0,test
a3721ab7482e2caf,2,train
a3739803c23d9cd8,0,test
a37466f00773e28d,9,test
a374dfa8d914845c,8,test
a378ee1b809dc1c7,8,test
a379e61851044c12,4,train
a37e3fa8346d6725,2,train
a381a6d244ce6e22,4,test
a385b96c03eb6965,8,train
a38965a740d116d7,9,train
a389eab8d8d0b112,4,test
a38b355bd9ebec7a,7,test
a391159899777600,2,train
a39141bd0bbe7e1a,1,test
a39385f44cab452a,2,test
a39a1523952eb140,3,test
a39b54ee07bb6f28,9,test
a3a3da1a5819def7,0,train
a3a6b3d2ec821e02,9,train
a3b0633ef499fab9,7,train
a3b196f98819b63d,7,train
a3b91e658fb64fa6,9,test
a3c1a135342041e7,3,test
a3c8268d7c06573f,8,test
a3c8e0b37e131a7e,2,test
a3d5e1920eb0da01,1,train
a3d705f9acadd9f6,8,test
a3dd3366ba8a018e,5,train
a3e2fcb37778f730,0,test
a3f360b224693e1e,3,test
a3f93105ddca4f7f,0,train
a3fa86b9aaa0d030,1,test
a3fc34d9b8bde7d7,7,train
a3fcf46dd993b484,1,test
a40d37dec40a4676,7,train
a4110b235e69db6c,8,test
a415617331aa0884,0,train
a421cd55fe6e4d07,1,test
a4239e48a569fea8,8,test
a427a35684400dbe,9,train
a428020f651d7bf1,0,test
a42862262a7ed019,8,test
a42afaba7b1a841a,5,test
a42ccf9e5275877a,7,train
a42d80ba4f03dbaa,0,train
a4466c3b8f4b8a4c,9,test
a446ce8e5cc133ab,6,train
a44f66f65ba13cff,4,val
a45353ec29a9785a,2,test
a453bc7cc7860594,8,test
a4667cea66d67763,8,test
a470b40226d4cc4e,8,test
a471cdea9d1219eb,4,train
a47c69aa65d43c00,3,val
a48a5c7e2a2a7400,2,test
a48bbbed5e297c17,2,test
a491ec587248aa9d,6,test
a495eef6e8e7ff73,3,train
a49944c8cb3542fc,0,test
a49b43ff28d7f751,8,train
a4a00f48f4506327,5,train
a4a3aab80451dc51,4,test
a4a915e506986a06,1,test
a4abad692477db30,2,test
a4ace25fbd233c7c,9,test
a4af63671b61c8df,6,train
a4b10af4219672f1,4,test
a4b4ce066ee8b8d6,2,train
a4b4ff926094511f,3,train
a4b963b33b843e26,8,test
a4c4a204bb5502fa,1,test
a4c6db369d12ff8a,5,train
a4cbee2d1a16d55c,4,test
a4d1e9e0fb7ab9af,8,test
a4d72f9a28fb48f5,5,test
a4dbc8e1bc95aae3,4,test
a4e441d14eb1dc72,2,train
a4ec42801728219b,0,test
a4ec4fd47ddb4164,6,test
a4ee33fe668f6bb6,6,val
a4f00ede77d3e4ff,4,train
a4f5e2f54e5af13c,0,test
a4ff91831eb86a74,6,test
a502b4e775bbeb44,9,test
a507e8a2cc11b969,2,train
a5096b6ef6895f42,7,test
a50d2022ca7f3eeb,0,test
a5264b2fbe35ba10,7,train
a53397e6b7769e90,1,val
a5391733a9c9e422,5,train
a53c65b656216cc9,9,test
a545d4e0af3ab7df,8,train
a54e5fc5074e1872,3,test
a54f00ee90fb78c1,9,test
a550a02a5f85a0ee,5,train
a5514c418dae140d,6,train
a551ef55338a35da,0,test
a553de67888a6578,0,train
a5577e9cefed33b8,0,test
a55981b9d8f87ef5,8,train
a569e9283d820fd7,1,test
a56e26b443b09700,7,train
a57a53ff93c81ea7,4,train
a57e3c483c3ed622,9,test
a57eb8e109fde042,1,test
a5815d3380aef4e7,6,train
a5878e814339dbed,6,test
a588285b327e2a57,5,test
a589025106d23ae6,7,test
a5891ab03f2aea90,3,train
a58c411e60b345ed,8,test
a58e421da0bc8572,3,test
a5915f9d7750c137,5,test
a596af4b14565d32,7,test
a598996563ef63ce,2,test
a59f1d359f1d82f7,4,train
a59f68f1b105f356,3,test
a5a5c34e1164602e,0,test
a5b74fe8ae64ccd8,7,train
a5c1e155cc521d55,3,train
a5c7a49402986a07,0,test
a5c80131ed962f40,7,test
a5cc0ab5bb82cb10,5,train
a5d4091c0c60f9f7,7,test
a5d53f6bdf95e7e3,0,test
a5df0eb4e8d254e3,0,test
a5e2795149b3797f,6,test
a5e8bbe20f1573f1,4,test
a5eda5a8389c4df2,8,test
a5f46f9cac7cb090,1,test
a5f84cfe6feda38c,5,test
a5f9835a94552479,4,test
a6026c9c07610846,9,test
a60ae91a77f7951f,6,test
a61673911015f88a,9,train
a619c339f1114ff9,7,train
a633fb320c267d90,2,train
a63729b507644f41,5,test
a6397ccc4add8b53,8,train
a6399ba4cffdabe5,4,val
a63a69229792e1bb,3,test
a64af42786500df7,5,test
a64daec216ef1893,6,test
a657daeea014f086,3,test
a65f47c76dc01586,2,test
a6623765a8566ee9,5,train
a6696b0b4091e115,0,train
a66d5d78ba697d60,6,test
a670d426299c38f4,2,train
a672563325f8e085,5,test
a6777ad4a8f09cb1,9,train
a67c92e94b75a16c,1,train
a67d4c781e86a3b9,2,train
a68d19804e441a81,9,test
a68f6ae28d6eb4f0,4,test
a69b0e68212c0f15,4,test
a6a1ecbd8ad8699f,7,test
a6a39f40779cebe8,6,test
a6ababee594a6441,9,test
a6ad8115c81d0c51,7,test
a6b037d114782a11,6,train
a6b8815eb0bf3928,1,train
a6c01343db8b512f,8,test
a6c81fd0af84f9d8,0,test
a6d126ba542f698d,7,test
a6d9e1d766a30f41,6,test
a6dbe0a3497e4947,9,train
a6e34e3b292f2ec3,6,test
a6ea785e8d7dc043,3,train
a6ec2024be22a3e3,5,train
a6f55c9be60ea74e,8,train
a6f7b761270cc949,5,test
a6fdffd1ee62481b,3,test
a6ffb9714c3362c4,9,train
a705c9bf6fb169c2,9,test
a70e17dc17c45039,9,test
a7100effb279eb14,0,train
a717ecc2c1f19de0,3,train
a7229b8769af9207,3,test
a734f1d694814050,4,train
a7380e4bbc2fcd14,8,train
a742e69169db6946,3,test
a7446ee89e84ff4f,4,test
a7540fed0b1cdf40,2,train
a75421a008e8c23b,2,test
a75ccf640c9463ed,0,train
a75f4a287a74175d,3,train
a765e5022a8d6288,1,train
a7671e6c544cecdf,5,train
a76c6f1f8d01f3fd,4,train
a76fddac84f36008,3,train
a77ae1806804d1cc,8,val
a77c372f0dc64bc0,6,test
a783fa04b949fec6,8,train
a78ad7c4a982b3ba,7,test
a78fe814353a2301,3,train
a790c1cfa622d763,3,test
a7922a52bf680206,0,test
a79267a2fec0d2ae,2,train
a79f1fe426192b89,5,test
a7a120b4ad7c861f,5,train
a7a2d8098de29f6a,1,test
a7a42b96a6cc9416,5,test
a7a69a4bc7a1ab37,1,test
a7a8a6a651bd619c,0,test
a7adcdeb7173dc1a,5,val
a7b79fa3b754c3d6,8,test
a7bb1070f438eae0,0,test
a7bd6dc27e59ea4d,5,train
a7c9d2e96f2d4799,3,val
a7cb4c7524b56d5c,9,test
a7d33c2f2fe594e0,2,test
a7de2fd63425801e,3,train
a7dfdbe5ef74bf6c,5,train
a7eab4bd4f6a7e25,9,train
a7edcda09bb5276a,0,test
a7fe3c1ed9b8f7dc,2,test
a806c7b3e8c787fc,7,train
a80d9c26c53d03a8,3,train
a80f90e417c3df25,6,test
a8138c822806abd8,1,test
a816b79fca07e35c,5,test
a81df1f0caffa114,6,test
a81e94f50f33b037,1,test
a82322a9d9c20933,2,test
a823814f4e02e23e,4,test
a835abb675ee4eef,1,val
a838612028885182,5,test
a8407c71bae738e3,7,test
a841883e3cf4c4eb,9,train
a84425c7794f1eb7,5,test
a8468099b72dd9a3,4,train
a853f5237f852360,8,test
a85e50390435087d,0,test
a866ac02b6b3a069,3,test
a86a8c49488d7897,2,train
a872d9166bc046b7,0,test
a87caba3da13b415,0,train
a88334c1f89f79df,9,test
a886505b85800aa1,0,train
a88a717a64ae0f43,6,train
a88cea1905017e31,8,test
a88ec8ec10f568e5,4,test
a88f58821a68ca54,2,test
a88fc318e3a571d2,2,test
a8930a18d8764038,9,test
a8951b31828ceca0,2,test
a8964f56741d8c85,7,test
a89af3b973f985fa,7,test
a8a446215a65d538,6,train
a8a61f137de18b65,2,test
a8afef500a67e2d4,4,test
a8b1a4c360afd6f1,8,test
a8b5eabf713c4714,9,test
a8b63efe1358711f,1,train
a8b73ccbb9c0cd71,6,test
a8bb6a6868a82a40,7,test
a8bf0aab74e18eb3,8,test
a8c02d0d2413ee67,3,test
a8c088b02c5770dd,0,test
a8cddb59ddd724c3,5,test
a8d174aca02056b6,4,test
a8d1f47eba530591,3,train
a8d531bb9be59a2c,4,test
a8d6bbabe91668d8,5,test
a8df930afbfc68aa,0,test
a8e000af28aafbd9,1,test
a8e5885d545fc250,6,test
a8e64c7a7d94cb7d,7,test
a8e8d23d140c1048,5,test
a8f9da64b3e30826,0,train
a8fb0512008e0d65,1,train
a90342a1aad3c12d,4,test
a9057ccba78763f3,5,train
a906077c655e84c8,5,test
a9064c9f04ccb1c0,0,test
a90c48d15778dfce,0,train
a9275a99745413ce,9,train
a927ea162667e74b,9,test
a92922e42f5699ed,8,test
a932793760250f91,9,test
a932fb570bd07f8b,9,train
a9356cfc6828bd22,1,test
a937f2a38bada5de,5,test
a93f71edb40b65b3,0,test
a94180af12002316,5,test
a94205c660a041ab,4,test
a949d180ee55718f,3,train
a94ed87606b8e1db,0,test
a94f43bfed4bc706,2,test
a95391fe51f51aa7,6,test
a954441e5fd9a955,1,test
a956309938644ebe,8,train
a956bad0e549588c,1,train
a95af6f23340ae94,0,test
a96054fdb3832445,8,test
a96142fde634550c,6,val
a9625544defdc03a,1,test
a9628896f9d4fcb3,9,test
a97348bbb1560181,3,test
a98d214f59e2edf6,3,test
a9920119eca9d5f8,9,test
a992c2ee3c5c0085,7,val
a99ac0d47d4708f1,3,test
a9a540ec24c6eeef,6,train
a9ac2e7ab6a448aa,2,test
a9affbfc628e38f3,2,test
a9b3e0f56107a65b,3,test
a9b9e02397d0ce04,4,test
a9bbdc072700fbb9,8,test
a9bdc48ca078a5f5,8,test
a9c10dd421282c36,1,test
a9c9c1554304ca30,9,train
a9c9f6e389ce007d,6,test
a9ceca1cf1df98ef,2,test
a9d67cdf2cff07ff,2,test
a9ddb22031ea7580,2,train
a9df03a76806e898,2,test
a9e18e945b6936ab,5,test
a9ec70073a8fab32,4,train
a9f0a5700f9ac8b2,6,test
aa042b78e0d13b3b,6,test
aa0c4a7dc762c490,4,test
aa122ee74ac506e0,0,train
aa12742cf4999ae8,9,train
aa1890ad417e43ca,2,test
aa2973044491cbe2,9,train
aa354fb9ee1ccb24,3,train
aa3a6e5bdedb3364,9,train
aa3b0c23068b4be8,0,train
aa40b0105383f0e2,8,test
aa40ddfe6042f71c,7,test
aa439a2fb1bfe4d4,7,train
aa4632359ffd6aa0,3,test
aa4f30004c546b46,2,test
aa50b9c70e5e7788,8,train
aa53ea9542a0a7d2,1,test
aa57ba787e6c8067,2,val
aa5e7eb369e5a14e,4,train
aa5f2dfd52dcfb67,3,test
aa6168fa43545b34,2,test
aa63f2acd3ea2dd4,5,test
aa6cd80cbc546ca0,6,test
aa76c219aaaf8009,2,test
aa7a22b57cc20e2e,6,train
aa7bfcd51a6ed02e,0,train
aa7de89b150c07f4,7,test
aa817a1b5a8447fa,6,train
aa81899e7d4c1e85,3,test
aa836cfffe6fd1a5,4,train
aa87e15a0137d1f1,9,test
aa8d0bb892c83a9c,5,test
aa93936493cc461c,6,train
aa9936ae479ebc97,2,test
aa9e5221070b44a9,8,test
aa9ec752723035af,7,test
aaa23304fe6c224a,5,train
aaa440012b133a71,4,test
aaac59f8ed074aff,1,test
aab27a0bbd01ee00,9,test
aab355c1c207922e,4,test
aab7605ddeac9102,9,train
aabade7ca7fc99f1,8,train
aabd78a51c486768,6,train
aac2b35108477e06,9,train
aac8073e18174192,8,test
aac8df80526938b4,9,test
aac9a3d5f1145be1,1,test
aad01e720939dcc9,7,test
aad6f06665f03003,7,test
aadf96598d5a53c5,0,test
aae4dae029fc5985,0,train
aae9edb6a1f76714,8,train
aaf51a26ac744af0,2,train
aaf6179c3b005a6e,6,train
aafda44d307e537c,0,train
aafffb2d6f1115e8,9,train
ab062f4fcfe36519,0,train
ab07ffa1a738a3f5,1,test
ab1aef5617e39dd1,2,test
ab22cf34b68c0e3a,6,val
ab2441807ca346f9,3,train
ab26ca3a60378db6,7,val
ab3227c983d61f62,1,train
ab3c1957d24838c6,8,train
ab41dc118d2d4231,3,train
ab48249ab4a13e9a,9,test
ab4851ca883212d5,6,test
ab4fa49fe9b8da87,1,test
ab5e1884dc50f581,1,test
ab726a334012886c,3,test
ab76c468dd52fff6,0,train
ab7bfa18c5e7b661,1,train
ab7c65f9cdcd40bb,3,train
ab7dd11a0d35e819,6,test
ab82553449e9544a,3,test
ab8348a67ce07c39,0,test
ab8aa14769c144c2,7,test
ab9824dc067965b1,2,train
ab997948949b5ca0,8,test
ab9afe0c8789b67a,1,train
aba08c2c5687213d,1,train
aba86211fd42052a,8,test
abb319c1bb32de36,8,test
abb627c02d2ed86d,3,train
abb851c999136357,3,test
abbb53f21aaa6de1,5,train
abbe78fde31c469e,9,train
abc461bf9139b01c,4,test
abcd4840016cd12a,8,train
abd64afe26084229,0,test
abd83c6ff1ece081,2,test
abd910e3e4b25539,3,test
abde0e8ef87c0e21,9,train
abe7c97c7cd84b7b,0,test
abf358b11c565114,9,test
abf4dd98dce47155,8,train
abf6210975a5db19,7,train
abfce6f695a6351e,1,train
ac078a28ed4e4175,3,test
ac1921e10156a37e,2,test
ac253aa9f71a9b26,1,test
ac266942df374a03,3,test
ac286f4058ddc951,8,test
ac2f2ffe45cd3fc8,6,test
ac39982c3bb94340,3,train
ac3a0188aa05a230,7,test
ac43e7206a603ffc,6,test
ac44ca44f79ba22d,9,train
ac4891935c8b9963,6,test
ac52174a04be5a10,9,test
ac53457e8ec65e87,3,train
ac554da872e62e3a,4,test
ac6707f7453ca4ff,9,train
ac67a01760aa3173,3,train
ac6b521271c74878,5,test
ac6c14e7e5dd9542,2,train
ac80034404541236,8,test
ac8968a407ae5b81,9,test
ac8aef105d2117c4,4,train
ac8e31406395864f,6,test
ac8e974b9c692d9b,2,train
ac9126c0c10d422a,9,test
ac9442383eff314d,7,test
ac970027513929b2,2,train
ac97bdeaf050c74b,4,test
ac9c248af9f551e6,6,test
ac9d723cba2f42ec,3,val
ac9d78becedcc7de,5,test
aca90c3ad1de5a1d,3,test
acaad66b3e07f28a,4,test
acab51cd41c0e48e,3,train
acb0b181ba9882c7,4,test
acb2829f13b85f88,0,test
acb2858b937e2b15,9,test
acb5577cdf38e668,9,train
acc557c624775e18,7,train
acc751f0f91156bf,0,train
acd41fbd23f85278,4,train
acd4b844680ba41a,3,train
acd55e933116456c,9,train
acd608a89f3ff4c1,1,train
acdee9599a373abe,6,train
ace0dccbd346705f,3,test
ace3d566f681281e,1,test
ace4297bbaaf04b2,6,train
ace81d48185b0f4e,7,test
acf4d4503bd75efa,7,train
ad0137731eddfcdf,4,train
ad05a472143baf3b,2,test
ad05e5a05491c231,2,test
ad0f6043e6f68468,9,train
ad14c952af41cca8,1,val
ad1c32620cb9fb93,2,test
ad219be965cd62a1,6,test
ad255a9be839b5f3,5,train
ad2c0abdfced6549,0,test
ad2e49d8df88a60b,0,train
ad2ff008997e4a9e,5,test
ad32fd4e6873a174,5,test
ad3378c7342d65db,7,test
ad3b5b1e798a8003,2,test
ad42c28cd5a8f423,2,train
ad4393be23d30ac3,5,test
ad645347504db729,8,train
ad675c0a0fd9dd60,8,test
ad743028066d51fa,5,test
ad764bca06a9bbc8,4,train
ad768e7fe1a202c3,7,test
ad8044c3ba268396,4,train
ad87218231401ad2,0,train
ad88f32949a2e6dc,9,train
ad91cbd2e8a96520,0,test
ad99b2a16f0823ee,1,test
ad9adaeb460309e1,7,test
ada5db62b2ce533b,8,test
adbace617c26aeb4,2,train
adbe9ae0e929aa6b,0,val
adc4623c046e21ef,7,train
adc4cd874fe17eb4,8,test
adca38cd8e795320,8,test
add19152e2f1f580,5,test
add43533a5ed6b93,9,train
adda5884c5400938,0,test
ade4aa8018fce182,7,test
adea5701e0dc60de,6,test
adea9af353007eb9,7,val
adeb6f316440b2c8,9,test
adf03364a700a02e,4,test
adf505b70e8f97ad,5,train
adf699b4b0331125,5,test
adf980b835c7a8ba,6,train
ae00545e3e488cc2,7,test
ae0cec5c2e451d91,9,test
ae0d7e0a2fdaaa13,4,train
ae119b124ad0746c,5,test
ae1afcb6c4c8ece5,3,test
ae23a212878026a4,2,test
ae25e28ccbfa2547,7,test
ae272541c91358c7,9,val
ae2790ebffaf244c,4,test
ae28e4489a0eb171,4,train
ae2d07f5d331f57f,1,test
ae2f9c1b4384e687,0,train
ae34e67153b424b4,5,test
ae3d417eb79c74df,1,train
ae402c88742d702a,1,val
ae43a7e2fa629ffa,1,train
ae457a1ba96e0f60,9,test
ae4a20f2c2a89671,8,test
ae4d60264d318328,0,train
ae4f796b894248cd,9,test
ae58e755c0792db2,9,train
ae5d7542577f074b,8,train
ae60e8a7b746ad99,7,val
ae65e72679815baf,6,test
ae67823542036817,4,test
ae6fadf1a2d23dd3,3,test
ae729ec9e92c0d1c,5,test
ae7591e0d91b60aa,5,test
ae7737f34295133f,3,train
ae88227165046c6e,4,train
ae88b488953208fc,6,train
ae958b6450a237f7,4,test
ae9a6b2c78d74982,4,train
ae9c98a028b45c53,8,test
aea2def14c1b3adc,2,test
aea999926ff99f7a,9,test
aea9faeea60cfca3,6,test
aeaa5d8b137a6a79,6,test
aeac78200a4e7651,8,test
aeae50768700e82f,2,test
aeb63ea2576c1839,6,test
aeb88118ed90b9be,7,train
aebbc241f3351216,3,test
aec54eb2b0887cb9,1,test
aec783edf30e6912,2,test
aed27e031209b682,4,test
aed573de0f431341,9,test
aed59b7bc50e4117,7,test
aeda336c9dbb279b,6,train
aedc7c5031eb0d9d,9,test
aedd5eb6f98a1cb0,6,train
aee212ff7d0a931b,3,train
aee6ac6b31c62be2,2,test
aee6d7502d9811ba,1,test
aeed56c7d8d8c5c0,7,train
aeee9f8bd4d346f9,8,test
aeeec875faa931a4,1,train
aef54a65bc73e335,9,test
aef8e25e8661c324,4,test
aefcd73a6a107774,2,test
af038c26b288b88a,8,test
af0b9dcd2932c772,9,train
af0eba279b7774ff,2,test
af0f142d0fb5bf07,7,test
af16abc3fb36ad8e,1,test
af1abbc3143d9b08,4,train
af1b07300c402232,5,train
af28e74c60e5a14b,6,test
af2f3c34034ab200,2,test
af32f72a210d7297,9,train
af392eb1094abb5d,9,train
af3bf130742f318a,8,train
af3d448dfdfdd807,1,train
af3db300667ef8e0,6,test
af409b22ba290447,0,test
af4af2015bf65666,2,test
af517af3dd203634,5,train
af65aee263b31221,5,train
af668aa984e012db,9,test
af691a7a3bfa3dcd,7,val
af6cdffcdc445370,3,train
af72993533853cf1,0,test
af73d95c1fae9358,8,test
af759d3927be610c,9,test
af7b27f2651cd970,2,train
af7d6ffc60268151,2,test
af80f3a063a86937,3,train
af861e2bb643f35e,2,test
af8d574e1fc3084a,1,test
af8e2091fb20c80c,8,test
af9040cc7c00e51b,4,test
af96ac666a6895a2,6,test
af9d4c70a2037d2f,5,test
afa5720f9c2ddc8d,5,train
afa806ad25161e3e,9,train
afb2017b9554f162,5,train
afb24357c56b89d9,7,test
afb70f21f717fb83,6,test
afb7911a333e2276,1,train
afbf5c3ca02892bf,7,train
afc33c49c70187b2,8,test
afc3abebfb50df13,2,train
afc6712eff163ee4,3,test
afcd0c4c420ea559,3,val
afcd14ee64c3bc61,4,test
afcdc0502974cf0c,9,test
afcea78a3847a1ce,7,val
afd53b6b92ad73cc,7,test
afda4b3a2c93c46e,5,train
afe10dd921720523,1,test
afe279d1c6430a90,1,test
afe515d5a3b1036d,3,val
aff2c1f25cfce52a,6,train
aff5aed6983ab9ca,2,train
aff629c6b5555aa3,7,test
aff71ecf9e289acb,5,train
affc94bcd3ea024c,3,test
affd4c0c91987c3e,2,train
afff7022c3032e33,6,train
b0022cb17f5ebf39,8,test
b002a3cd97c8242d,4,test
b003fc7134fe1e55,5,test
b007c9f51c33be30,4,test
b0092155436cc8d2,3,test
b009cb24ace5a632,9,test
b00a81b1418a0087,2,test
b014abdfdaedabc1,0,test
b01da034b92bdb4b,4,train
b020b14cdd7e7964,0,test
b029ff00717fd1f3,6,test
b02e66b02a820b4f,8,train
b0305c79d54d4c7f,3,test
b034d16f04cf2fdf,5,train
b035bed787aa7340,1,train
b036651f304ad453,6,test
b03707bc896d6d31,6,train
b038545fb3822187,1,train
b03ae840e9a1b613,7,train
b03f169f59a85d5c,1,train
b0490da3a813004d,6,test
b0498ea309ffec27,7,train
b04ad201ff91c4d6,2,train
b04d15a3294aaa2b,1,test
b050dcd88cc7729c,5,test
b05a4d7deabcc71b,2,test
b072395dfca0ddc7,9,test
b0773aeff5393ed3,2,test
b0792bb335f2ce29,0,test
b07db66f2f88389d,3,train
b0805a92295873b6,2,test
b080e5c38d721be5,7,train
b08d0f8c97d70c0b,3,test
b093ed9a8d6beca2,1,test
b09a9c5256c6ef37,1,train
b09bdaaefce1861e,4,test
b09ea85a78b29b1b,0,test
b0ad3094483479fa,9,train
b0aeff94bf95fd44,4,train
b0b4249737791f47,2,test
b0b55c9b545bfc95,2,train
b0b8a3630a8256f8,1,test
b0bca27c0b9f93f6,0,test
b0be493a92290edb,3,train
b0c0c611557c0dc9,2,test
b0c3f0a74546ec52,0,train
b0c4495ed37ceee1,2,train
b0c44c8bfcb2bae2,9,train
b0c77922f23799df,7,train
b0c9d15dc25a1ad3,0,train
b0cc5f5ddc3a8315,9,val
b0cede6bc8dd670f,7,test
b0d4a87342ae3c71,0,test
b0d4b06b3641632e,7,test
b0d7ce1feaef5387,9,test
b0dd0cb9ac197cfb,2,test
b0dd3670724ff8ec,8,test
b0df4a93add74d89,1,test
b0eb453c93d19dae,1,train
b0ee2d79be6d1d58,6,test
b0ef8313eec9343c,4,test
b0f2c508a8e2b692,9,test
b0fbad3b389e9f8e,5,test
b0fdc35a4f9c6fe4,4,test
b1067ca18ecc8a68,2,val
b10bb2262953eebe,0,test
b10ef54c52586f53,1,test
b110d14e51385b6e,3,test
b1150749bbe68b1c,0,test
b11685ac39a62430,4,test
b1173dd73c133bb4,6,test
b119b70d3d4a1f67,6,train
b11d1f140ae3c468,3,test
b11f1f6c4b033a61,7,test
b120c05c1cf28986,7,train
b1293d1e10cb0fea,7,test
b1360436b192032a,7,train
b1362bdfeccbe4c1,0,train
b139eb3d69d831c0,9,test
b1471391f147c77e,7,test
b147dd77bd69c340,2,test
b14b9ac8492269e9,7,train
b14d27e460b5a8a4,0,test
b150a09d9343863c,3,train
b151b6c62436e7db,7,test
b157f2e007993887,2,test
b15a86adace02a02,3,test
b15ddabe6b40960c,4,train
b15de39278f03452,5,train
b1632143113a9b92,1,test
b164f74c8b026c78,5,train
b1686a02027cfdd9,2,train
b1688e0e34a66ebb,4,test
b16c9025933924e8,7,test
b17411c68251f153,3,test
b17493c82e372148,4,train
b174d738cf803c4a,9,test
b17b3566e1599d06,3,test
b181031ce7b8dca7,5,train
b182adacc6a9f231,7,train
b18f5fec56261604,9,test
b1927947f03868ed,1,train
b1968f2c4c101e2f,4,test
b196d7c791f33748,4,test
b19dad524c6bc13d,9,test
b1a8024ae1060f1c,2,train
b1a950c1ebea28b6,1,test
b1bb317c92067215,9,train
b1bb3850bf492a48,4,test
b1bdd9c287fa202f,3,test
b1bebb61df07a81f,1,test
b1c2725a5e0bc0c4,9,test
b1c3f86531c1f4c7,8,val
b1c9e6fe4d6d2552,7,test
b1ca3edcf3c4f702,1,test
b1cc8f36e4ba9479,0,test
b1d1787702ab9c23,7,test
b1d8cd032487f001,1,train
b1d9b56600edf9d0,3,val
b1eca03285a1158b,3,test
b1ece326c19c0951,0,train
b1f29890ac3aa1d3,5,test
b1f60be199090d24,8,val
b1f7ead043b7fa69,0,test
b1fefee9091a1db3,3,train
b201df72429f75f2,2,train
b208b343935c8a0d,5,train
b20db1370df8bee3,1,test
b20f612b0b10c735,4,test
b212560e5887682c,4,test
b219c2434dfc27e7,3,val
b21b643d5d48d219,2,train
b2214adcc1a466d4,5,train
b227857eb5ab9a9b,4,train
b229ac78eab0a402,8,test
b229bb392cc7fcc6,1,train
b22b26d4799ea3a8,8,test
b23985690af2d6a9,5,test
b23db2acdbb4d94a,1,test
b2408339026845ee,3,train
b242f426aea659ca,2,test
b24763101f255f04,0,train
b2493b5b554675cf,6,test
b24d5ef7b453f85d,8,train
b25484cfa7a2691e,8,train
b25be448595e3c25,7,test
b261263951d74414,1,test
b262244f32353c12,1,test
b26ed24ed25889d1,5,test
b274b82c97c859dd,5,test
b27fe0c2657c0dcd,5,test
b2891df56fedeffe,0,test
b28c11a509c6bdca,8,test
b28f654528a6288f,9,test
b29e753d1723fbd6,5,train
b29f79ec67c9992e,5,test
b29fb94e0e7d059d,9,test
b2a05fed93b30287,5,test
b2a2876b76792e63,7,train
b2b03658116f1dd7,3,test
b2b5b4efa47783e5,8,train
b2ba5482efb8eec7,5,test
b2ba83c6f0348704,2,test
b2bc5fc3f999e1d0,9,train
b2be40063d145af2,3,test
b2bee2c35cc58098,0,test
b2c0f56c658c35a3,5,test
b2c58b285e4a030a,8,train
b2c683f5e15999de,2,train
b2c92d50a24f0eb3,5,train
b2ca45454b564249,5,test
b2cb5752a6c4d81c,3,test
b2cdc837da90fc44,3,test
b2d4034f83714a04,8,test
b2d64abcde0c031f,2,test
b2e5ad91e3a0a784,8,test
b2e5c0cf39760ddc,3,train
b2e6a5e056d5eaa3,4,test
b2ed5478d1dfb7ee,5,test
b2f2335f63109e8b,8,test
b2f89c61c7f10ced,6,test
b2fc0b87050d0b68,7,train
b30379a781c3678a,3,test
b30a9fbcd50b13dc,8,train
b3115f22373b3c28,0,test
b314671626558599,3,test
b31fe1ba74aa03c4,1,test
b323707fefbac64e,5,test
b323faa210efe157,3,train
b3255444b0701d77,1,train
b32dd42a45b8e9e1,7,test
b333c588267abf8c,7,train
b337040eed31a6bd,1,train
b33a67a5d03e98ac,8,test
b33f2bed5106e4ef,1,test
b3563b2a49eb102d,2,test
b360ba2e1bd185de,5,test
b364780df273de11,7,test
b364a465fc19afa5,4,test
b365df3342e6cd0b,7,test
b36b374925a332c2,8,train
b376f249011f3396,8,test
b37e784686af607c,3,test
b38c27e8d50ef8be,2,val
b38cbd2b301566ea,9,train
b390e9ece26a3301,5,train
b393f2e043c3649f,8,test
b397b80f0fad0110,9,train
b3981b55a9a27fc6,5,test
b39c0e991b4b0c89,0,train
b3a3a039d6f25411,4,train
b3a5209d603b558d,3,test
b3ad421bd3bce5a8,8,train
b3ae1a0b187a5eca,8,test
b3b0b7a3dd0759e8,7,test
b3b83277d04b9da7,7,test
b3c1ef61775a3eb2,9,test
b3c7f4c71c7fe301,0,train
b3cea9bc3e7839a4,7,test
b3cf81e80450eb8f,5,train
b3d8ca2607b7be1c,3,test
b3d94a66cc361af3,4,train
b3dbde944d7b87e5,9,test
b3de1f7751fad6a6,7,test
b3e21ba1ca1bbbd4,2,test
b3eb5f48f6b01edc,9,test
b3f57e844118daee,5,train
b3f973c694cdb974,7,train
b3f990d6241b03d4,6,test
b3fc31836737fca2,0,train
b3fc6557a3c66c73,0,train
b3fd8e5f787ae768,3,test
b3ff3ea6bc39f45c,8,train
b40aa2514366407c,7,test
b40d3592d120bc4b,5,test
b4121fea57946a01,1,val
b412c370ff5eb99c,6,train
b41361180fab1714,9,train
b414eea5afa263e0,9,train
b420f5e1ada83e9a,4,train
b426acff3b5bd7a5,5,test
b42a65cf6dc1287d,4,train
b42d8bd366d11a10,1,test
b435e93e248ea2bd,2,test
b43a5b531a8a3be1,0,test
b43c2847ea271675,1,train
b4438cb115906c16,2,train
b444beeb96a8dfdf,1,test
b44588c546c7edbf,5,train
b45647a5fda573cf,8,test
b45985d744074d32,9,test
b45c386696b3f3a8,5,test
b469637247ce7c0c,8,train
b474d06cb3e2d321,4,train
b47c0c5747c0c783,7,test
b481f698f42f4750,4,test
b4821a4c0f9db6af,5,test
b484fe88ddd25f50,8,test
b48a4afe7b790d34,6,test
b48b4c4677b2fe7a,5,test
b48bacdc83a8e07d,6,train
b4a09d29d100489e,8,test
b4aec27b21a8b123,6,train
b4cecbe101c2093b,8,train
b4da29891992ddd2,1,test
b4dd6177ef246b52,9,test
b4e4369b533ce09f,8,test
b4e5455e12f35300,3,test
b4e6d7426f3f144c,6,test
b4f1810d4ab01311,7,train
b4f21c4735f7cf56,1,train
b4f595fef86a09bc,2,test
b4f9403d18194677,3,test
b5091163cfa2ac7b,6,test
b50d65c557a38973,8,test
b5119c59817f3740,1,test
b5190674309c3fd0,2,test
b51a07a7d7325ee2,1,test
b51e97b212f33b08,9,test
b51f77e5fe6ea1cb,4,train
b523e9ae509db270,9,train
b52579209cee59a7,4,test
b525938a88adbbaa,8,train
b52c9acc2584a688,8,test
b52db03bd874e426,0,train
b52ed7e3479de9ff,3,test
b53616766fcd8ec6,6,train
b53cf4f5be4ffd4e,8,train
b53e18200245c63e,2,test
b54313a404744d9e,7,test
b543efba9c993190,9,test
b54644842ddca763,4,test
b54c686a01aa842e,8,train
b55322e7c25845f8,5,test
b558baac3bd15a68,8,val
b55b93e8d719487e,8,test
b560c2cd356184bb,4,test
b5615abf14e291e3,2,test
b561789cca6e25bf,0,train
b56a0b71b9269c14,4,test
b56a64e6ab216d43,0,test
b56b7a712f3e5c22,3,val
b57abec945c8cc60,2,test
b58065f42124e97e,0,train
b5887b3ea2a2e762,9,train
b58cb1998bfca582,8,train
b58fbc938986bae2,2,train
b5963337c85afae1,6,test
b5990608302fb814,7,train
b59b805ae21837d9,8,test
b5af773d616e03f2,4,train
b5b0fe940abe3eb3,2,test
b5b26107823628ba,5,test
b5ba26eef3901732,1,train
b5c4e4c9be78644a,4,test
b5c5d386fdfc3441,3,train
b5c74108f647459d,5,test
b5c9f2f837cfa925,7,train
b5ce80ffea97af28,9,test
b5de6a69a859a167,1,test
b5df8399dacfebe1,6,train
b5e6fe51f2879d6a,3,train
b5e9945d0728eaad,8,test
b5f019d3e485672f,9,train
b5f14efa4a31e629,0,test
b5f2ca672b212a2a,8,test
b5f48bc21f02a45b,3,train
b5fbaf4b987d928c,8,test
b60cfa488a492a11,3,train
b6111cd15cc6d833,6,test
b611e3e4517b58c1,4,train
b61523c2e3d0c9db,6,train
b61a61742e7fe854,2,train
b621e2737a119796,9,test
b62496201e95d9a9,5,train
b629c6f90bfaf18b,6,train
b62e5ca1030e5fe6,9,train
b62f8ce6ce0915a2,5,val
b63d072ed5f7ee1a,5,test
b63ee3a0bcb433e6,4,train
b645ede6024bdcec,0,test
b64b9a2f23fd8da6,2,test
b64c67072a8fbf49,3,test
b6516ffba4e27aea,0,test
b6534b509b91d3b9,9,train
b65386f9b9a3dbac,3,train
b654de1e759f0a53,6,test
b656d41a8b093d60,7,test
b65ab7d89b3af04b,5,test
b6606ed7b896e10d,2,train
b669a57f7eba9726,9,train
b673f22ca0b99d30,7,test
b6772b52449d0b3e,9,test
b6786978b3f7519b,5,test
b67f7c838eede9b2,6,train
b68165620829488d,9,test
b6893fd0884404b7,6,train
b68e85f8ff606ac8,8,test
b69179202cfc4f6f,8,test
b698ebd5872a2c7c,4,train
b69f34923135f27d,7,test
b6a6a2056a306e8c,1,train
b6b6df11151e212d,3,train
b6b9789b8eadf291,4,test
b6bd02b1c70202e2,4,test
b6c1162e05621d0a,5,test
b6c419442a8b9cd5,4,train
b6c4e412d4b34be5,3,test
b6d0433c2efa0c0d,8,test
b6d70e8e33ebb6ac,3,train
b6d8faa9ea4ba521,4,train
b6d9f71dcdfa85ce,0,train
b6ddbcf80203023b,1,test
b6e9bd715e05b669,3,test
b6eaa03ea0e126f9,8,train
b6ee71d54e1ebe39,3,train
b6f14d2426c15095,6,test
b6f868733ffb2e5e,5,test
b6fcf21b41c500c3,0,test
b705ab523b272df7,1,test
b70cad0a8d6454f4,0,test
b712074cb42c064b,9,test
b71263882e4f6ee5,3,test
b714a7b3529d5348,2,test
b7210e3885ee1ee6,4,test
b72588db8ee531cc,5,test
b72805ebce467ead,8,train
b72824d9ca6185cc,0,test
b72aaf6a1de8d040,9,test
b72c49ceb30daff8,2,test
b733179140d9b570,4,test
b742803ddce7bbdb,5,test
b746f60d8f012252,2,test
b7498a3f2f0fe2a3,5,train
b750c56b7d98d7b7,0,test
b753e16aa7f642f1,6,test
b7550fb096b89bf5,8,test
b7561fe4517f7900,9,test
b759610936786be6,3,test
b764be193be323b2,1,train
b766c404e146e6fb,1,train
b76e3f4a9d4e4d31,7,train
b76e858d0c26383b,7,test
b76f2d9fc1a642a6,2,train
b77ba9a2c241d3e9,7,test
b77ee026c5903378,4,test
b77ee09d2a4df41f,4,test
b781bab4838beb86,8,test
b783487f9981227d,3,train
b784cd5f80614af6,3,train
b78d23994efef456,0,test
b78e30363986fa79,9,train
b78eb324d1aa7a7d,3,test
b7946cf366e44fcb,9,val
b79a1acd07e6264a,0,train
b79c2e287ad29733,3,test
b79cd7370d0c713c,3,test
b7a0fda3e523932c,0,train
b7a2e990346bc9d0,9,test
b7ab82b15b9d098b,3,train
b7afa99d358607d5,9,val
b7b0bbb35512323f,0,test
b7b52bc8ddffb8b6,9,test
b7b794248fcd05bf,0,train
b7b85fd7c9d609b5,1,test
b7bfdf433dddaca7,0,train
b7c87c56beef952d,5,train
b7d1bd1af1f0aad3,7,train
b7d8681d9b5a3eea,6,train
b7da443884db56d0,1,train
b7e4943fc826e964,8,test
b7ef42016c8ca266,1,test
b7f750f1151ab61c,1,test
b7f787c921773498,2,test
b7f872980a8c7656,2,test
b80694e82cbc6b9c,5,train
b8086c3dcd348e34,7,train
b8116266534171e7,2,train
b814fe4c1cad9c6b,5,test
b81959f4e502ccdd,2,train
b81a8697bf3e7d79,9,train
b81f5c73dd43e8c5,6,test
b828d40b6d21c352,2,test
b82b1b14d988a686,5,test
b82d8ad5bf05a64b,9,val
b82dbd9050d3e20a,6,test
b82dcef8cc6638e5,1,test
b8348f40cb37ce20,9,test
b8361a8be10aaadf,6,train
b83842399bf94201,0,test
b83ca5a7d2dc21e2,8,test
b83e4f9f1eb00d49,1,train
b83ece4353471cb4,1,train
b842724d81b87504,4,train
b847c98db8ca4d6f,9,test
b84a62488bf60c57,2,test
b84d6dbd8bbaefd5,9,test
b8505e2df39e3783,2,test
b86954d53e50cc24,7,train
b86dc7927d7b7ef6,6,test
b877fbe15c6f3f16,2,test
b87fe8d280e59869,6,train
b892cd9571b65a5e,1,test
b89c9f67b001a55a,5,train
b8a0f49a6f46e6c0,8,test
b8a14d46d50982ac,9,test
b8a2921687c1dc19,4,test
b8a581dd4da62c20,3,train
b8aba6ecbdaea205,6,train
b8ad038dfc915ef1,8,test
b8ad1e956d3dbaa4,7,test
b8aecc6d15637391,9,train
b8b702eeb8ec3139,5,test
b8b92ddcaa1f54ea,8,train
b8b92f194e4f0992,3,train
b8c20d8893270b27,3,train
b8c4dda8cf5ef230,8,train
b8cca30a664b875f,9,train
b8ccb6d60ddf91d9,4,train
b8d8168693570e72,2,train
b8db4b91e2ddca96,3,test
b8e1245198d1b81a,9,test
b8e163e6099c2cb4,4,train
b8e4eaa5b0541376,4,train
b8ea241899ed3d24,7,train
b8ea4219e14a2af8,0,train
b8ed970d58b7f80d,7,train
b8f1051821391c44,5,train
b8f802a272b52b86,3,train
b907295d8de8eb11,9,train
b9098f28133a945c,8,train
b90f272f7432e658,6,test
b91d6b6a59dd7457,0,test
b92224ce5f19b736,5,train
b924cecbc1365aea,0,test
b93666df52e220ea,7,test
b940073f45b271e0,8,train
b940bb5abc556e84,4,train
b942f508554b0631,0,test
b94585286ff03ec2,1,train
b9467cdba69e4008,9,test
b946c3678747405b,2,train
b94b4cffed9fd791,6,test
b94eb9567346395c,1,test
b9558e4932891754,3,train
b959bcbb86f072b6,6,test
b95e73a70e8debb7,6,test
b95ebe3a829d6af8,9,train
b968da48aec1286c,5,test
b96e8906f7021928,8,test
b97f275c7f4b7ef0,6,test
b98145a42f67d3d0,4,test
b982f3758ec850d6,6,test
b985bca92d0595ea,1,test
b9862a89f001a829,6,test
b98ab1b0fc34c163,6,train
b98bc46944baf753,0,train
b98bef6ddf571ff4,9,test
b9940a0d94b4c2c1,8,test
b99baaefd95dad40,3,test
b9a2da76c769e58f,1,test
b9a885a4b370f8b7,6,train
b9b68bf133abc03c,5,train
b9b9a011fac4cd26,2,train
b9bd86154d74fc78,2,test
b9bf7942fd4b426a,7,test
b9c63b82441c3bc4,7,test
b9c71b46f6ed5bf6,2,test
b9c7a16567c8a335,7,test
b9c87e8fd85561b8,9,test
b9ca3bcb2359f80e,8,test
b9ca5fe8eb0e5e86,0,test
b9ccf86964115a7f,9,test
b9cfe4bde739d382,1,test
b9d558f69e85b807,4,train
b9d7a1f854351c3e,1,train
b9e1386bb114830c,0,test
b9e8fb6e39c54ecc,9,train
b9f5a1ff0dd5ef10,5,train
b9f71cab7b2b0867,5,train
ba129fb2b264c9b7,0,test
ba191f5deecaaca9,3,test
ba1c68ebcea21616,4,train
ba234ca989b0b011,8,test
ba24b79c050c9d33,2,test
ba260cf2ebce7e79,5,test
ba29159d1b6f1350,8,val
ba2e982e538bd58e,4,test
ba31c9f6d3e4c1cf,7,test
ba398b303f763934,5,test
ba3f83683120e1c0,8,test
ba501ea4e6753b3d,4,test
ba549d22c1a91f8b,7,train
ba5c63cab72a4d3d,0,test
ba5d87654b0f58b9,9,train
ba601f9c782052c4,0,test
ba663765306199dc,1,train
ba694d03a336928c,5,test
ba6955208f4f4caa,8,test
ba6f8f6519a177fb,1,train
ba72bb756913c5da,1,test
ba753308a9fd27a9,5,train
ba78055d08fafa11,5,test
ba79a470fb0735e1,4,test
ba7add72e9868052,0,test
ba80985a86937175,6,test
ba80dc482cdf9394,0,test
ba819a5c31534b4a,4,test
ba853185bbb78d80,9,test
ba86cb6e7bcf0e4d,1,test
ba883ef947c885df,7,train
ba898e5c91ea36d1,0,train
ba8adda3f670ea6b,7,val
ba91cbf260be6c87,8,test
ba9393cccaf85037,2,train
ba971e2e04c389e1,0,test
ba9bb84a4243b1f6,8,test
ba9c32d1c3bea0bd,9,test
baa4aff5e21bb10c,7,test
bab47c57e84e1364,1,train
bab4bf997a3f568d,9,test
bab7d69be7f9b136,7,train
baba3dd6059c322d,0,train
babd49f775862912,9,test
bac623a8b77828c2,1,test
baca30d9eaba97cd,9,test
bacb6e666c9783fb,4,test
bad1207a2c35e485,4,test
bad63decf9a8d2f9,6,test
bad679fd7e9318fb,9,test
baddf6ddefe8ee24,7,test
badefdbca5b9c7fb,2,train
baf43ebae5085b27,6,test
baf44765b5c149d4,3,test
baf5444a99ef2fde,7,val
baf768ede897c017,5,train
bb001eee3b4c923d,2,test
bb04ca8c6500601e,5,test
bb08e649a159305b,8,test
bb10b44c08adceaf,4,test
bb10fb29960c69ff,8,test
bb2076656b4be214,0,test
bb22ea6a1ee58836,0,test
bb25239b21af226b,9,test
bb252e9c9bebbf2b,0,test
bb26dd0a75940f2d,1,train
bb2b35ea9981c505,4,test
bb2ee1575dd8051a,8,test
bb326d1df93a5de0,5,test
bb32742dc68965fe,5,train
bb3c9935b7a86f7a,1,test
bb4079cd31c44581,5,test
bb45c6f7a2a684b8,3,test
bb4a595ded37ca1d,8,test
bb4d30437b092991,5,test
bb5061bf65700a0e,9,test
bb531bfbdd304349,2,test
bb543b46303ff441,9,test
bb583e4d8a9d1867,5,test
bb590572021e22c1,9,train
bb5a9661e7dafb06,3,train
bb5bdd62009dc659,1,train
bb6474d258ac21f5,0,test
bb687c9e94a17fb5,2,test
bb6feb92e6642714,0,train
bb730c87b2dc47c5,2,train
bb747cc4083fd244,5,test
bb76b1a23d1d5c12,9,test
bb7b123f18ae0e64,7,train
bb7b32c58174c179,9,train
bb7d9bea2919d557,7,test
bb80045d9c350aeb,4,test
bb95bf5875d55822,1,train
bb9a45fea6d685ac,6,val
bb9e3105f45221ce,7,test
bb9f48919a2e8158,7,train
bba6fa0d6f167dc7,7,test
bbaa36b04925db91,7,test
bbac2c3b1f3b6f2b,1,train
bbb11338fe7b04e2,3,test
bbb1cbbc8f2a7c7b,0,test
bbb76777e049ee67,2,train
bbbc2b6a06986197,6,test
bbce2fdc97e8eb52,2,train
bbcf0d56dc1eb0e2,3,train
bbd973b3d4dd31c2,5,test
bbd9e4df3c8aca60,0,test
bbdf37dfb4b18ccd,5,train
bbea94d05772f684,0,train
bbeada8030bf8fd4,3,train
bbececb93375eced,9,train
bbf15d690acfbc57,3,test
bbf934f7380a6561,5,train
bc00099f6a2621ca,9,test
bc024c8562dd22a2,0,test
bc0786987ad345b8,6,train
bc0a530bffb38a9e,0,test
bc0a8c6e8172750c,9,test
bc104010f05029e5,5,train
bc1744e67faa6c4f,4,train
bc1ba24f48108635,6,train
bc1be5dd28789ea3,6,test
bc1d23485b643754,5,train
bc257d3433e26d6a,1,train
bc263f7c6d0657d1,5,train
bc2ba5f5f50b8775,5,test
bc2baad7f3fcee53,4,test
bc2d3e090f867138,0,test
bc315169a1e0df35,1,train
bc32000562e95322,9,test
bc33d5c87d70b855,4,test
bc345cd2533dc405,2,test
bc35ddd79b69c8da,3,test
bc36b9239b9242e0,8,test
bc41b7305d45bb7d,6,train
bc4cc8727da10dde,5,train
bc4e6df1ef8dd5bf,0,train
bc5619ccc2beefe4,8,train
bc57f1960ebe1fd2,3,train
bc5a8fe561097be0,3,val
bc6654fe58e7e001,3,test
bc6c6aa121d36ac6,7,test
bc7b9109df752da5,7,test
bc7e4e5a5d2967fb,9,test
bc811879522615fa,8,test
bc83098cf2f28625,2,test
bc8b1624344cdfe3,0,test
bc9180e51ed89a24,9,test
bc987656f8e177de,8,test
bc9d83e3a586f900,4,test
bc9f4e944e4ae421,8,test
bca5ab07df2bab88,2,train
bca79c4af7d6a312,8,train
bcab44fb3bfc3c0b,7,test
bcae3b743c33bfed,9,val
bcaf1812ac42b020,2,train
bcb004bcb5e789d7,8,test
bcb1a54aa0779cbb,1,test
bcb2ab334c3ad233,3,test
bcb3cdc4c8780d7c,0,test
bcb69af455e6f8b5,0,test
bcbbefb299d5db83,0,train
bcbcccc1f7b57459,6,test
bcc634ae547f877c,3,train
bcd1a93e2ecd27f1,4,test
bcd6aae26d31d465,7,test
bcd77821d3a565a9,5,val
bcdc1d4397f86d9c,3,val
bcdfd7ad030aedbe,1,test
bce1ef2afb8bb1e7,3,test
bcec7ceda4bbbb81,8,train
bcee125e956c666c,2,test
bcf253c35a6d6bb4,6,train
bcf751cb916dedf2,2,test
bcfae34cfa18b119,3,test
bd101649ad91bc4d,1,test
bd1411ae27529ad8,4,train
bd25444cb6ff353b,2,test
bd2aace5eddb2360,3,test
bd30def64b7e9c4e,8,test
bd31d35b1b3bfb33,1,test
bd326f82804c2d2a,8,train
bd45cd5f3a93c373,4,train
bd4f589852d30552,9,test
bd630e6a860c3863,2,train
bd69db8adb9d3984,4,test
bd6fdc6149b33133,0,test
bd7087d2826d42ce,2,test
bd70dfe51086ee02,7,test
bd7392f65059d2ff,2,val
bd741d224d9948de,1,train
bd7dea1e527b9018,3,train
bd88ae9350278710,6,test
bd8cb5fc4108369f,3,test
bd8d0fc10a165200,0,train
bd978b23f5065589,9,test
bd9f70c99245f3da,0,test
bdad64c466fc0f9e,9,test
bdca60ded9b5ef6a,4,val
bdcdd7d4a9b21be8,7,test
bdd16ef6b681029e,3,test
bdd771220a2b5baa,1,test
bdd7b4784930fde8,1,train
bdd7f97749ab2cb6,2,test
bddca8bcb3e204fa,7,test
bddcbf3cd0b0fde0,3,train
bde88b3c879043c4,3,test
bdea4fafd3e371e5,4,train
bdec1126b18d7154,2,test
bdf23476bed54e32,4,test
bdf6f47b4809b0d7,2,test
be012d42eed0525b,7,test
be08c4193c7bb27e,4,test
be12ea10acf34c18,3,test
be15024f2eca90d7,4,train
be1c1e5852d7b8f3,7,test
be20cd203fbe430f,2,test
be24f08714c41681,2,test
be26e7e3c1a6fe2c,2,test
be2f720c8c4c9804,9,test
be313b7f3394cf48,5,train
be38b77d15174ffe,9,test
be3902fa6dbdbc2b,8,train
be3972bf3eac4b30,1,test
be3b40e45efadf9a,2,test
be40f3836bb99023,2,test
be44a20a10efb095,5,test
be457495c4e02db7,0,test
be48847acda1a1e6,4,test
be4e82754aec55b5,0,test
be55d78f4c7e54d0,8,test
be59b8cfc4e2912c,3,test
be5e31e80ccca296,5,test
be65836699c404d0,1,train
be68b91b8effb318,5,train
be72e753c23f133b,9,test
be833610466fd722,9,test
be85101662c4590c,1,train
be91b08eb4069e0e,9,test
be9ad3e744fa1e33,2,test
bea49333930f33e8,6,test
bea737b8de7fc52e,1,test
beaa297bbc87c6f7,4,test
beb119ea7a49e0f9,1,test
beba1a50b6ada00e,5,test
bebeff69f12a9640,0,test
bec282d2eaade7fd,0,train
becc66b6e4c17dd9,6,test
bed4454a675c5e0f,3,test
bed5ba578508fd6f,3,test
bed742c9da6ccc56,2,test
bee5c6824bac2b30,7,test
bee7cf51e48eb6db,7,test
beea4fdf83bd4d53,4,test
bef0e9895a9097cd,2,train
bef6a2980e6f38b9,3,test
bef7703afbe18e17,0,train
bef8d35e72f735c9,1,test
bf017da646b43ac1,0,test
bf0973b64cd82a40,9,test
bf0b32633f228d46,6,train
bf0f23daf95abd54,0,test
bf13f56dc0f8e335,5,val
bf1ccadc6c63f8c6,0,train
bf233dfd73d2476b,3,train
bf2740d3f738211f,0,test
bf29185fddc31942,4,train
bf2fe64f9bec9d88,3,train
bf3892c6acd17822,8,test
bf462cd786381c39,5,test
bf4785ead0575fbe,1,train
bf4bb4d9002a7fd1,8,train
bf4d5961093765c2,7,test
bf4d5d05082ca054,4,test
bf536425b382431b,7,train
bf6a7a219d38b8d5,1,train
bf702ee9b54a71f7,5,train
bf80cbf8b577b015,4,test
bf8495917fb32bbc,9,train
bf87021e4644e2d8,2,test
bf8e9f9f8a154676,7,test
bf8eb20088dd9c54,1,train
bf95c5bda5dbae7b,6,train
bf9ca1bb5fe1dab7,2,test
bfa9fffe6ed11ce9,7,train
bfb1a348ca961ec3,5,test
bfb310bc094d2d8a,6,train
bfb53f8254b09334,9,test
bfb7db541a74ceea,6,train
bfb97a14eb4ba86a,3,train
bfc308cdfe3324ef,2,train
bfc48d1ae6bf210e,1,val
bfd1271c0b9cb68e,9,train
bfd3b1e998f2f77f,1,test
bfd762b109fc0f75,6,test
bfda3adb6d21630e,7,test
bfe0c93717adc880,7,test
bfe9b736cca10417,9,val
bfeda04976bc8e20,3,test
bff07518813fe7fe,5,train
bffaf520ab572644,5,test
c001485e5e4cf14a,2,test
c001a59450cf7628,2,test
c008310c96522d95,6,test
c00afb22e0dacf93,4,train
c00b764d4b05d19a,8,train
c00d4eba64c7e47b,4,test
c00df4b3767e0150,7,test
c0108cf4481ff907,5,train
c01509f2636fcf1f,1,train
c0182f5378b4b3e8,6,test
c01e0dcca06d9e88,3,test
c01f644f74ce13b0,2,train
c029cc3449fe5fc4,0,test
c02a987cff23fdfd,3,train
c02c503725364685,4,test
c02c8521c1b0da80,1,test
c03070e6054d0e66,2,train
c030d08e4acd864d,9,test
c032f8545e9a26f7,2,test
c0363cb6c7003544,9,test
c0388ef7d6205f8e,2,train
c04244112caea9dc,4,test
c0479533f4d3687b,9,train
c0520a814b00a0bf,2,test
c0532a7034aaaed4,8,train
c056ae5f4cd3d7f7,7,test
c058a4e76084fcf4,6,test
c058fa1492f129cc,9,test
c0604999c3ac4ca1,2,train
c064fb472aed4511,7,train
c0688db87066c4d1,7,test
c06ad562d4344d38,4,test
c0759a8b1f226fa9,7,test
c0814918525f7f17,4,test
c084dc7fae648c78,2,test
c08b8681cf9db3cd,3,test
c08c59e13bdbdb48,8,train
c08c84332dcc597a,9,train
c09052121bef27cc,6,train
c091f9273ac509b2,3,test
c09390875673c2fc,7,test
c09a8509ffac2a0e,9,train
c09ad1d5b59e4b5a,2,train
c0a1e955ee17fb1b,9,train
c0a54b4ff0fd24da,0,test
c0a69b6fe7851b1b,8,train
c0a747f333ebced3,4,train
c0aa35f412e4e376,5,train
c0acfe893931c863,7,train
c0ade140e73b1631,2,test
c0b4ef6c73d2f7ac,4,test
c0b50b9f67b92149,1,test
c0b5a5f035ccabb9,1,val
c0b7c48638c586b7,7,test
c0bf9be737215662,0,train
c0bf9f8aecc95362,8,test
c0c1b97a55c76977,3,test
c0c583f00c44fa1e,6,train
c0d2e4a0b30ab40d,4,test
c0d38a1da2aad23b,1,test
c0d7d1ef4f8df0b6,0,train
c0e137c233525c60,6,test
c0e1d87a3a99b857,2,train
c0e5df51ec33e27a,7,test
c0e8073a5b6972a2,4,test
c0e902849f7847ba,6,test
c0ee049f2a457967,2,test
c0f3b3c3e1c2eb39,6,test
c0f590744e7d0d22,8,train
c0f6d04c689be812,4,test
c0f6f7eb116eb8cf,9,test
c0f99596e6ca17b9,2,train
c0fb794598c65d48,9,test
c10934280bde7855,9,test
c10a2ab41de24d13,8,test
c10c7cbed37b9918,9,val
c119228394e111a6,6,test
c11f03f088f393d3,9,test
c1238fba2f93630f,1,test
c12a9225b9fb5235,5,test
c1455f5e1d101b4a,9,train
c14834690cef6c21,2,train
c14f762fc068ad4f,9,test
c1502f35bfdfc278,6,test
c1515b076eabea78,4,train
c1566e235431b5cf,0,test
c15954f9bbce04ff,6,train
c15d2b12c8cd8e69,0,train
c1611261d4a76b0a,9,test
c163c949bb630d4a,7,val
c16f221748b0c28e,8,test
c1704ffb3215fa6b,3,test
c171644b1ee3ca7f,6,test
c17b84365b1b1b94,5,train
c184237062e8cdfb,9,test
c1993ed6fef59d16,4,test
c19dfb86d9586279,1,test
c19fe0606bee386e,2,train
c1a14b0dec4c42ac,2,val
c1a605de614ac4c9,0,test
c1b2a36f35f84070,6,train
c1b4f0414ba1020d,1,train
c1b62c1bf38fef93,5,train
c1c08ea1c5f2d5bd,3,test
c1c146ec137928f3,7,test
c1c20a6ac2c6d453,5,test
c1c508eea7553d4a,9,val
c1cc337b1efc1f44,5,train
c1d10ec86494e672,1,test
c1d6bc8a4ddf419f,3,test
c1d91de9c5b4b54a,4,train
c1da17abc8733f61,0,train
c1f2489003640c8c,6,test
c1f7f5e8c4203fe5,2,test
c201b6fc561c2bf5,9,train
c207c59e0253c339,6,test
c20c449ad244a075,3,train
c20ec7007f71f239,2,test
c21b000809bc8ac8,8,test
c22118716a7aa354,0,test
c22b29213394eb2e,4,test
c22e1a598bdc5b4d,7,val
c22e70c0d5e34a25,6,test
c22f8f52cc16b2bb,7,train
c2385288a4e94a6c,6,test
c23c3b4db5098ac4,9,train
c2433154e0bb5c36,7,train
c24667640d4fc58c,3,test
c253edd49c5c3c59,4,test
c259dc9794378c07,2,train
c25c244a2a9a240b,3,test
c25c8419bb9b6ad0,0,test
c265839510e1e434,8,test
c26aca6967bb08ca,8,test
c26c3582d4892cae,7,train
c26ed0af446d7568,8,val
c277e9377c06b42d,8,train
c28434c4d5274ae5,4,train
c28e4bc776b412b0,1,train
c28f0ae4c8a1a3b7,8,train
c297a30c22249383,9,test
c29bea4d040c7ee3,8,test
c2a8d1c512e51b7d,4,test
c2a919ea327fc9af,1,test
c2adedda0c622d2c,7,test
c2ae55ad73a300bb,0,train
c2b10958514bd469,0,test
c2b12c6a00b0ed97,9,train
c2b6ec4b9ae5d476,7,train
c2bab739436472a7,7,test
c2c3c3c879a577de,9,train
c2d0ab0519976d22,7,train
c2d13c0164ebf813,5,train
c2d3b11f2cd7df1a,0,train
c2d91f63805c999a,1,test
c2dac1d1c6a29b56,6,test
c2dfa0e966c53fbd,0,test
c2e3f571afc82a14,2,test
c2ffc7c87c57b4a0,8,test
c2ffdf08ef4e5b2d,9,val
c30690f41af2a70b,8,test
c307f0f8dfe42d45,4,test
c315bfd17e8ada89,7,test
c31d865df9ed4fa3,6,train
c326fd19a166f1c1,8,test
c32961f50fccd7ed,5,test
c332a436e8e4a34f,8,train
c3338c19ac1c5956,3,test
c333bdc32261036c,9,test
c33548b00f33590a,1,test
c33c45682f0f951f,5,test
c3420053b12db568,5,train
c345a5eb8ab2259d,9,train
c34700d855fc3651,6,test
c350c1ea11c6b0e3,1,test
c35a271934c3100a,8,test
c35a91bad569a682,2,train
c35b1766362dda49,4,train
c35de10123faade2,5,train
c361f4ff0c804718,0,train
c364948994f400f2,8,test
c37abfcbceabf8d2,3,test
c3841111f566b52e,6,test
c38439662978b690,9,test
c38e44f3ac57f2c2,4,test
c393913496e94a0e,4,train
c393b821e18318cc,1,train
c394a76604e0a233,3,test
c395ebc66d3bc597,9,test
c39d2db8d103ffbc,5,train
c39d5e5592f442a6,5,test
c39ef47bbd603a2f,2,test
c3a185dace705c0f,4,train
c3a49435d1bec107,6,val
c3b2dfd939dd8de4,3,test
c3b5353d6bc5332e,8,train
c3b89505a247e98d,9,test
c3bd01377141b346,0,val
c3bf0248dee154bf,3,val
c3cb3b58d23bf870,8,test
c3cd26628ac80213,4,test
c3d3747e827eefca,2,test
c3d63bbddedbb024,3,test
c3d6dd5d7487e4c0,4,test
c3d839682b9c5c50,6,test
c3d845ea4bbf2d23,9,train
c3da53bbf669a559,2,test
c3e483ce8dd3491f,2,test
c3e62c2d1cbeedbc,3,test
c3e793c9fb963609,2,test
c3edd36c6baac9c4,1,val
c3efd07eaaa46b44,7,val
c3f6da82ce391b6d,9,test
c3fb4a5d96ebccdf,3,train
c402bc7d465b69e8,8,test
c4061f8a5928b44a,3,test
c409ab6d6fada476,1,val
c409ac8d3a423b64,8,test
c40f8ccdbd5d3b93,1,test
c411cffbe2799049,5,train
c411f032b850e2c9,0,test
c418d1b5875ca725,7,test
c41c7a994a9849a2,4,train
c41f703573e495b8,2,test
c427c0f066cad9c5,6,test
c42e10dba12b8efd,3,train
c4357eaca43e32a4,6,test
c436843b4c89dcb7,9,test
c437c232151b7abf,8,test
c43c45f1e4d70503,0,test
c443c3f6f3258e68,0,train
c45ba89df77a2604,1,test
c460c35b87e8c2a2,0,test
c46a81ce89bf45dd,5,test
c471aa9b0c5f833e,5,test
c47c3270e9011b8d,9,val
c47df888441d1fcc,9,test
c47f2e61ec6c229a,9,test
c47fd86404f0b5ec,9,test
c485b763131af761,9,test
c48ef5a6816683e4,6,test
c493fd99a66d8599,2,test
c4960b935d84fcd4,3,test
c49c9fd75f5f90aa,2,test
c49f1e1ee7a0ebb3,4,val
c4a274f0335fb2de,4,train
c4a831216dda8d6c,7,test
c4ac1def2a9cbd36,2,train
c4b03e0ea9ef8aea,0,train
c4c1405e2f3a1a7a,6,train
c4c617c2c0abc9b2,8,val
c4ca91e7a419ade4,2,train
c4d5f9177118891e,1,train
c4de3d9ae49e6dfc,3,test
c4eba6d2e41b8cb1,8,test
c4f0ee18b2222237,6,val
c4f6eb8571083836,9,test
c4fa3b8123de999f,1,test
c5054c257a9165ac,3,test
c511e731c819e1f9,4,test
c5152914d7e83c6e,5,test
c51bfdb1f3d3e6f0,4,test
c51ec65fcc266b5d,8,test
c5251da25b0bc827,9,train
c526fae7bac73254,0,train
c526fd2defc715a2,3,test
c52e8422d3fbf8d9,8,train
c53016ecb6e0a0d2,1,test
c5302095a578bccb,1,test
c530b42b3bc1b2b9,6,test
c5336aa0da9399f8,1,train
c53b9dae50d7563c,2,test
c5439efcfeb58a12,1,test
c543c5e398918e52,8,train
c553bb8bca3bf74b,8,train
c55592404da2d0e6,9,test
c5590823a85bc846,5,test
c55d4356b7400c4a,6,test
c55ee06f16384d3d,4,test
c568b67fa8f7b48f,1,train
c56a025d139da577,3,test
c56c75099c4413f0,7,train
c570dc69d61e8e80,0,test
c57101acf9cf0d66,8,test
c571bd64bc9d52fb,2,test
c573cf8a6ef57db7,2,test
c575ab0a69f50170,3,test
c57f07e5b01149ef,5,train
c5813a44455aa52d,8,test
c583069762a2137e,8,test
c5885e4c48b2e8ca,1,train
c58f099faca98e5b,5,test
c592c6508175a2b1,4,test
c59d17ecee0205e0,1,train
c5a0132dd43f829d,0,test
c5a02219cd8127d4,5,train
c5a043899efc9c46,6,test
c5a719c001cd64de,9,test
c5acdc1649d58f64,5,train
c5b631a5733d0254,7,train
c5c3f793cb52647c,8,train
c5ceb6581c63d776,5,train
c5d65253e408a70b,4,train
c5d67e62f65b4ce3,0,train
c5e0786630dbebcb,3,test
c5e6ac1668413295,1,test
c5ea6701832fd948,0,test
c5f323ff5a3e3ca6,2,test
c5f34584420f60bf,5,train
c5f49a146672fef9,2,train
c5fe83d8c57a602a,8,train
c608d763c8b4d817,4,test
c60f33a9ff0f1588,3,test
c610f26e595baf30,6,test
c61833cfdabbef12,7,test
c61b0aeedf0da500,2,test
c62233159497f9db,6,test
c6262669188e7fc2,0,test
c62e31c147dea592,4,test
c62e9974b02ade7f,9,test
c6315b8bea191164,1,test
c63226fff1a8c45c,9,val
c63775eb276e0b7d,2,train
c63b9f62372170d8,0,test
c63d09255dee1ed2,3,test
c63ff982cf5739c7,1,test
c6461d6dda1dc6f4,8,train
c64e4ff6659de302,9,train
c65290e00f3242b9,6,test
c6546e3cc60d5a02,6,val
c65978e40ea1f0ac,6,train
c65e14e864e50abe,6,test
c65fcd3d98431dea,6,train
c6728bf720a8e56d,5,train
c674c79062e00620,7,test
c67537ec41ce771d,1,test
c678267ff34c5351,4,test
c67a11fc007e6863,7,train
c67d152a1bf3a47a,9,test
c67f67df89081601,5,train
c69000102a85a56f,1,test
c692e9d758956621,1,test
c6974570dd8a4ee0,3,test
c697f429617d3aab,8,train
c69a81c701236d5e,8,test
c69ca9376ccb27b9,5,test
c6a2a16a640272ac,3,test
c6a2b7d32ce9006e,8,test
c6ac8f97b06d12e5,4,train
c6adb39072158b54,7,val
c6b18349c0686865,5,test
c6b4ec5f051f5043,4,test
c6b5d7e750a5bc4d,0,train
c6b71dd9e380702b,9,val
c6b94bb7bda33af0,7,test
c6bcadf3b0b8d67b,8,test
c6c2bfe2cae17a6d,0,train
c6d4339d5ae394a0,4,test
c6d885ba11ca6771,1,test
c6da67dfa57ebb98,6,train
c6dc24454c4d6a14,3,train
c6e66f4802e79b39,6,test
c6e75cbbf4309370,3,train
c6fd0019b012c3a5,4,train
c705b46dd5fb260a,9,val
c70e77ff2817f8bc,6,train
c70fc1f6d235cc7a,4,test
c713d5062a1eed70,6,test
c71bdf1adfce3c57,0,train
c7241e5587ea8938,1,train
c7253968109279b5,1,test
c72a9f07253e6586,2,test
c7331a3892ec6f9a,6,train
c734149ad3d6f335,9,test
c74b3ca91ba4ad7b,7,test
c74d5a2014102114,3,test
c75520bc1fb64bd2,0,train
c75d1e0fcb56d4af,2,train
c75ee5ce1ef3862c,7,test
c7606859c58e9866,9,test
c760a7be50f4d253,8,train
c76a4fa0dd0c262e,4,train
c76d518f7d6cb887,7,train
c76e50bfda821faa,5,train
c7719402c86497f9,1,test
c77ec869929cc07f,3,test
c7885c23389b7118,6,test
c78bbca14d66857b,9,train
c78e0015b5517657,0,test
c78f0fcffd312e4e,2,train
c7a56ee411ac3d17,3,test
c7a58cc5dc4f6c84,4,test
c7a639225794d8e6,3,test
c7ab67c1591b97bd,3,test
c7b2a4cdbf844226,8,test
c7b9689ac3676034,5,train
c7b9a5ef54583297,1,test
c7c935636a240669,7,test
c7ca902e9e4f4c5c,6,train
c7cd90ee37fc6e63,0,test
c7d4176a1c31d173,7,train
c7e55a176f33c835,1,train
c7e8f485b5a8e71a,0,test
c7f0322b59070da1,7,test
c7f63d8adc6cce79,4,test
c7f6c90d38821ac5,2,train
c7fbc0bc9716ac5a,4,test
c816109d9f095411,2,train
c8199b07eb0455cf,1,train
c824c91b7ea60cb6,2,test
c82843afe025eec8,5,test
c82a1093329735a3,8,train
c83de79858edd8ad,5,test
c83f2961ab261468,8,test
c840cdedc38254f8,7,test
c842e1cd63cba6b4,5,train
c842e71c84958fc8,8,test
c8500b32d5b82199,0,val
c85d95bd4e26091c,2,test
c8628275262901d4,4,train
c86422f8910545ef,0,test
c864d425d5d5dd53,1,test
c8658b9d30c900eb,6,test
c8667e835bc941ca,0,test
c869fae52d697d82,6,train
c86c8b24d334552a,9,test
c86dec37093fea18,2,train
c86fb6775938aaf4,2,test
c871d61fe55b9ae1,4,train
c872e0e69f83fa13,7,test
c87d8363cd8a5093,8,val
c87e2c086e82a3f8,6,train
c880cfc0b1fe68a3,0,train
c888ae74d413c460,1,test
c88d6c3c3d7f43e9,7,test
c88fa16f4812d28a,6,train
c896148f4c218b9d,4,test
c8965befde63f008,9,train
c898c630a4f2f0f9,9,test
c89c1f2cd8ad6019,1,test
c89f75f4250729cb,7,test
c89fc8217e240db3,5,test
c8a8ddac58f7c47b,0,test
c8a98a7fcc933912,4,test
c8aeed753bdf21f7,0,train
c8b38e3a6d30a7c6,4,test
c8b578fcb253fb60,5,train
c8c9515faf87f04e,9,test
c8ce98aeeda1eced,5,train
c8d8adf470092c6b,9,train
c8db7116ff82d8a4,5,train
c8de52f29768224f,7,val
c8e1a0385a5a0314,6,test
c8e4188c61c9c589,7,test
c8ef62922bda884c,1,test
c8f4dbff95e79ef4,2,train
c8fb6d6b99a17bb5,2,test
c8fbb7e4a4b3e2aa,0,train
c9003452fe75cc72,2,test
c9039910c91c0ce4,2,test
c9134bb9fad7db92,5,test
c91868f6811fddcf,5,test
c9186d62e272e532,5,train
c926af278c370aaf,9,test
c927e871f2a5dfae,9,test
c9355aacd0556265,7,test
c93841c488641231,9,test
c938c4e85df300d2,3,test
c93d02b0cc6d4f68,8,train
c941bcd586813e1d,7,test
c944f6a46a6fa9d0,8,test
c945e67ef9881646,9,test
c94b5a064e0d105a,3,test
c950e3b0c231377e,8,val
c952321a48e40352,3,test
c954affda3de0f4a,5,test
c957fda008ab6eb8,0,test
c961904846487026,4,test
c964283eb317c81e,3,test
c972eb5e6b95b703,1,train
c985f943551d3658,7,test
c99fec0817be4f4a,4,train
c9a273a73590b11b,5,test
c9a59af5211c6186,7,train
c9a63f90f807a16e,9,test
c9a6648a2d605186,7,test
c9acbe23feb3840e,8,test
c9b42778389ea2fb,0,test
c9b7fe8835b9e18c,0,train
c9bb964f5c4ee7f0,3,train
c9c15b4220acc446,1,train
c9c364723bfdf1f1,3,test
c9c466d9c263acd5,3,test
c9c57a9ef4afa44f,8,test
c9d189863826ec7c,1,test
c9d63bf5a0261694,0,test
c9e16afc781f1980,2,test
c9e3bec88f262cfc,4,train
c9ee49bc3ae6760f,1,test
c9f2b2d2997eef4b,8,train
c9f4ec2a5e90d886,6,test
c9f7c864fbf41ac6,1,train
c9f8e8a6cc12d92b,2,train
ca02d9e922f8d2d9,0,test
ca0611a794912841,6,train
ca0f61bd0ca69be8,6,test
ca10bdb34a6c67c3,9,test
ca113c8bca19646d,1,train
ca13fee641ac3a7d,4,val
ca19672cf4d938ef,6,train
ca1ddec0997b4d7c,7,test
ca25788b398c80f4,2,test
ca267b74be39034b,2,train
ca28da28d1246bb4,8,test
ca2f4b533b8dca34,5,test
ca38e5d58a30bc00,7,test
ca41491ef019cd5a,9,train
ca42a855cca38b0f,4,test
ca4ec78533e2972d,3,test
ca54bde716dff1fa,7,test
ca5b6692b239ea18,8,test
ca5d1c52b084e820,7,train
ca5e677a70d67c44,4,test
ca60fbefb9e18f0a,4,train
ca6236f971a69b40,1,val
ca64c73f4ed19279,9,test
ca67ffe4738d8a02,7,train
ca6af758dc795a48,7,test
ca6f952615a100d8,2,test
ca70ce7ece868d22,8,test
ca73353fa6670e6e,8,test
ca78b789b0deca1b,1,train
ca7ec28196a340e4,7,test
ca86705c1c03eef1,9,test
ca8c962d7c950235,0,test
ca8d4e02b2282291,9,train
ca958c74883451a5,8,train
ca96d05765c3b564,2,train
ca9b27724ced4a7b,8,test
ca9ba0905897746d,0,train
caa218a0a19bbee1,0,test
caa4b0afcb9c340f,6,train
caa8b639cf524a97,6,test
caae248d02f72903,9,train
cab5e222af0f2f54,0,test
cab93dbd56806f9d,9,train
cab98810f4858d96,7,test
cac0459e9b646819,1,train
cac332507cd20568,5,test
cad0d8fe00989d91,6,test
cad7453df480ffc5,1,test
caddf6aa5c3c8e01,1,train
caea9d2e3cd900b3,6,test
caeaa2bf17a2f15a,7,train
caf127f7e4502e66,6,val
caff3db9db11de8a,6,train
cb000fc4788c42f7,2,test
cb062fe9a32940e4,6,test
cb0ca72ffb2630c6,9,test
cb1271e139846350,6,test
cb15d51cb8eba404,8,train
cb1670b10ea9798f,2,train
cb16c77cc14a9781,7,test
cb1d88bd516fefcd,0,test
cb1f474b66b2836d,3,test
cb1fa889740494dd,5,test
cb25cf035e71e660,5,test
cb2eaad5119152bd,4,test
cb32a91a98f7718c,5,test
cb394b727a402570,9,train
cb44157d8b023b89,7,test
cb44cb2f1740988f,8,test
cb465313640e66a0,7,test
cb64494d4fb11921,4,test
cb68f22304d57b3d,5,train
cb6d28922686b6fe,3,test
cb752bd6d6e2334e,4,train
cb8167382163b592,1,test
cb875907c3598c6d,5,test
cb87a7ac0aff3aca,4,train
cb87eabf499d689b,8,test
cb8968c1313f63b8,1,train
cb8c1c7c115de896,6,test
cb9c8dd09fb7e864,1,test
cbab199f945eaba0,1,test
cbabb8f35504fc9b,9,train
cbb06c3ab2189b22,1,test
cbb3d69c54a446d4,6,test
cbb3f4e6f08de497,1,test
cbb6c0c5a59a97d0,6,test
cbbcdec4b5216556,5,test
cbbeb744981e103d,5,train
cbbef5992ca2d482,1,train
cbc2219edc3ec57b,0,test
cbcd6f264cac04ce,1,train
cbcf3b9716700841,5,test
cbd19af1a9aa28a9,5,train
cbd79863258e0c05,5,test
cbdbd469c794dfa8,7,test
cbe252de593b3171,8,test
cbe463a483ec0c56,4,test
cbe71947f87fb0f1,4,test
cbeacd3ba1a7a10a,7,test
cbf735122b9a8426,5,test
cbfcce151af877de,3,test
cc00540ede67f727,0,test
cc066a804ed5cac3,6,test
cc088cb076e10ca4,6,test
cc0c211d4032dd62,9,train
cc15cb573874d5f7,5,test
cc1d60bb75b2eb36,0,test
cc2684cf1ffbd3a1,6,train
cc2f59dea244a07f,6,train
cc336c5bca54a78a,1,test
cc3b313dc3375c3b,7,test
cc403c01edaab2c8,1,test
cc41fd6394ff1549,0,train
cc426288727128ed,4,val
cc455941a47b4e7b,4,test
cc479e0263057405,0,test
cc487098a24306e4,4,test
cc48ae00e3c34dd9,5,test
cc4f0fdaf531b03e,2,train
cc5318bfd9e4184f,6,test
cc53c751d9ad2b87,8,test
cc567a500d241f51,6,test
cc5938ed6d2afff6,5,train
cc5d5564bbca6e4f,0,test
cc5db4faa7fd146b,7,train
cc612127ff13bd03,5,val
cc6346b114eda12e,4,train
cc65cb71e26886c0,2,train
cc6994ce7e16b14c,8,test
cc69b56decb27b83,7,train
cc6b4a549dbd290e,2,train
cc7409ff12d95d6c,4,test
cc7897d033fd044c,7,val
cc7bb9ed861db3eb,0,train
cc82da842410fc95,6,train
cc83f7aaeace842b,5,train
cc84a897a4ad64a8,1,test
cc89210ae197b047,2,train
cc8d7e26867db3b4,3,test
cc8f185227ffa521,1,test
cc948f5c807ebbd9,0,train
cc95a0f7fce94aa9,3,train
cca87c8907ae9574,0,train
cca9c3e92e7e3054,0,train
ccaaea5e90d1f4e9,3,train
ccad43bde4befc4d,7,test
ccad61d28cb3c1c4,9,train
ccae14c566a38df6,2,train
ccb6c7fdfc60abf0,1,test
ccb9eed551a8ddb3,4,test
ccc23e044b39c2c6,3,test
cccd4b9d07110f53,2,train
ccd146413a9438f3,6,test
ccdfa77e9788b203,7,test
cce0638ef3e80941,2,test
ccfbad52d9c0fdf8,7,train
cd01c0ec1cf3f086,3,test
cd1112e3f370800b,9,test
cd179d3eae20175c,0,test
cd1f2ffc476645c3,9,train
cd252a9b031fee90,8,test
cd27b29b4fed41a7,5,test
cd2de41dd3d0140a,8,test
cd2efdb5f0f51291,9,test
cd35cadc5daee50d,5,test
cd3652543c097e21,2,test
cd3bce492c4cc2a0,8,test
cd40102ceb139547,7,train
cd406276f76afae9,7,train
cd4084411bbdcdd0,7,train
cd472b725525ced7,2,test
cd4a19c9c58c0f5e,8,train
cd4dbef081d8698e,8,test
cd4e60145a28d44f,8,train
cd52b132d6116973,7,test
cd546027dd131f25,4,test
cd55a2f4d14b219e,7,test
cd59542d83e0714c,3,test
cd5ab15bc78dfa2c,7,train
cd6421d73dca3d51,1,test
cd6a9f5f9a3019cd,2,test
cd6e809074af43ab,9,test
cd725bc26350c635,5,test
cd7daf867bf2c035,2,train
cd832a663ea1d273,8,test
cd83dcf665b1cc5d,5,test
cd889013c2a140d0,3,val
cd8b3ccd20c77a16,5,train
cd8e509f916a0936,6,train
cda37f8ab1371805,4,test
cdb3f91eb370c8be,4,train
cdb5cdfd5584fb9a,0,test
cdb9e6534fb14e1f,4,test
cdbbc8285f1a7bfe,7,test
cdc3bff78a26f927,8,test
cdc451efd4c3da1f,0,test
cdd5e74cd7db8b87,5,test
cdd82a1f13bf21b1,8,test
cde0d8dfbd7875d3,5,test
cde47d64c2e80360,9,test
cde6f5bf519b31a3,1,train
cde73867e6723ce0,2,train
cde7fc1ac794bd3e,2,test
cde84eb9e36516cb,4,train
cdee06ca9ca5f538,1,test
cdfeb74b424473d5,3,test
cdff0dcce17fa396,0,val
ce0838a9d75fc782,2,test
ce0e4fc50c46adb1,6,test
ce135c39f7ae5083,5,test
ce17f0f84d5957d8,1,train
ce18ef78b574374b,4,train
ce1cfe5c306a7a09,4,test
ce1fee7a226d0d73,3,train
ce21858e720c6513,4,test
ce29ad6760d6b164,2,train
ce2db8b0ead93b27,0,train
ce3b4aab4343c277,7,test
ce3e0cd1a04b1ffa,9,test
ce426dc8715794e6,7,test
ce42efc0728fa0f3,1,train
ce4372cafd8a3c30,6,test
ce4873a5b574774a,4,test
ce4b6f2e69b78532,6,test
ce57d009c6ee49fc,5,train
ce58bd65923141fc,5,val
ce58c74ec730844b,4,test
ce59d91b2b84e6c9,0,test
ce612d0645befc4c,1,train
ce6801ad88f3517d,9,test
ce6c4a4c9ef38f5c,0,train
ce77c7c9857223d2,5,train
ce7a93734706122b,8,test
ce7af8534b3d3d64,0,test
ce7ee9f66cef9821,8,test
ce8d27884166d75f,8,test
ce917cd060fc4aaf,9,train
ce953fdcff8e02a4,0,test
ce969ff0a212b80c,6,test
ce96b5f094524c81,4,test
cea0522cba416b4c,4,test
cea5e2781eb1503a,7,test
cea89b4864c420c1,2,train
cea9c7d6ca10e9d0,9,train
ceae6703dd1a3874,5,val
ceaf76fb8831290f,1,test
ceb1879d28e7521d,3,test
cec1946cf770f03a,2,test
cec5a5f3e1126c98,3,train
cece8eccf33e30de,8,test
cecfed58db85fca0,6,train
ced4d89268228308,4,test
cedce0f904f924c8,8,test
cee0f5073e2620de,6,train
cee38b33500eecd5,2,test
cee5ce81a83724f8,7,train
ceea700dc5045547,1,train
ceeb9dae114a9d3f,0,train
ceeca74b0713cfc6,7,test
cef6577c26ab3860,0,test
cefb1156a8424f12,2,test
cf0591ea716bebde,5,test
cf13d2f0e79559fe,4,test
cf16f24fc06fa748,6,test
cf18a45266be26f9,2,train
cf1bbfbccf5e532d,6,test
cf1ee7a02de5f100,9,test
cf2070b06747313f,8,test
cf20fb1d8a8e74b2,7,train
cf3370ea0c7511a2,7,test
cf3a90220cf16bd4,5,test
cf3d3de5af422cad,0,train
cf4f6b70a8bb251a,3,train
cf5c766fabc59da3,9,train
cf5f984b0736e509,8,test
cf62162a7fd5b628,7,test
cf6722eca58010f8,5,test
cf6831962817e9eb,5,test
cf71b9353f4cca77,2,test
cf74757068ec479e,9,train
cf7509765374f942,3,test
cf78b2db0bb02efc,4,test
cf7cd581296c4625,3,val
cf8103043233d090,0,train
cf81d8814dbab4be,7,test
cf85c811925b3a93,9,train
cf8a53fab2435fa5,8,test
cf8df34e324c5205,8,test
cf8fd3d823503309,9,test
cf90e30600386af1,9,test
cf9324408105fe41,6,test
cf99615eb696a356,6,test
cf9e594f8f6c9b6e,3,test
cfa64a2d339d588e,5,train
cfac55e9575c4b33,4,test
cfbcc68efffd3c80,5,test
cfc0694fe885d57d,5,test
cfc28aa885c32660,0,train
cfc9e7cbccbaa328,2,test
cfca37cb5d8c6abc,9,train
cfd35fe6f30e9856,6,test
cfd51105d4d4e99a,0,train
cfdb1777a0c53957,3,test
cfdb69d883f289ca,8,test
cfe13aa5b9dd3c33,0,val
cfe1ca5bc112f6f8,4,test
cfe28c382b4051d5,7,train
cfe367f98c903865,3,train
cfe924d931db0c47,8,test
cff446ed1b6e169a,2,train
cff64376805324d0,6,test
cffaa3678bc031d8,6,train
cffb58170208db38,7,test
cffc7a2366585367,2,train
d007556ad48ca0ab,8,test
d00ebc765a0c7f8f,8,test
d012ff7b68fc1f6c,5,train
d01b966e37e70297,3,train
d021578e7b1d2b49,6,test
d02310af86435e58,4,test
d038dade9990d176,1,train
d03a759f2b680dcf,5,test
d04d27f3015779dd,0,test
d0552cf771d095a4,1,train
d05bd4704ccf15fc,3,test
d05d0f020258af5d,2,train
d05d4d659359802c,8,train
d05eb5bc64cc6377,5,test
d05fad331d034f82,2,train
d0676685ae14c818,5,train
d06a465c2331fa86,6,test
d06a72978d076a88,8,test
d06ba6fbf6ac6501,8,test
d079ee2d810ba845,2,test
d0805a714774395a,7,test
d08d5cb3d82b44b5,3,train
d092e91cdc5fadf9,4,test
d09418401c57a8fb,2,train
d09acbfc1ad78515,9,test
d09b3b602c81c994,6,test
d0a4b06b4f39e18b,5,test
d0a4d5eaf0f9e4f9,9,test
d0a627029de19362,7,train
d0b27b943ad523c3,3,test
d0b2f3f2476bf13c,1,test
d0b3935d1c2fe31f,8,test
d0b52aa7b8f0c025,7,test
d0c72cc4bc20c3e3,1,train
d0d66365d54865e8,2,test
d0db0cf26e7bd9e2,8,test
d0e837db493b9b16,1,train
d0f185e3cab0e003,0,test
d0f420e8f7223a0c,6,train
d0fc009708b1ec63,6,test
d0fc632bb633e11d,3,train
d0fecf50500fb702,6,test
d1027b1353e77ea7,7,test
d107ea3873bfcde0,0,test
d10b75a17883c34b,1,test
d10d084b6ce4b2f4,5,test
d110d2e4663c654b,6,test
d113868eab254f0f,7,test
d1232e118952a1ed,4,train
d12b6f7c5070132c,8,test
d12f577b27a48c16,5,test
d1303f85b2bc5d21,8,test
d133dd54d532a0f3,1,test
d134c130693539fe,7,train
d144a3d4e61961e6,8,train
d14d79fc24064475,6,train
d15401c69cfc8d27,2,train
d155aea06138b024,2,train
d15902806746e3eb,6,test
d15cdcac0f05289f,6,test
d1605f86ca0d42f9,0,test
d16362b7c411b380,4,test
d16621cb955e34c3,4,train
d167c581f0575f85,3,train
d16b059e3bbdf3d4,3,test
d16f5258986c54f8,8,test
d1714b644ea0ec14,2,train
d1745376b034943c,8,train
d1764b756652244e,9,test
d1783e509365ed7c,1,test
d18305df8d2b6e64,0,train
d18ec1082c463fab,4,train
d19321fc4bb8f83f,8,test
d1950f15d28da546,7,test
d195fee12863648b,2,train
d197f8f00c923ff3,2,test
d198ac0551cdfaf0,4,test
d19a8887f174afd1,4,train
d1a1595bdf7bf2ed,5,test
d1a49744ffd2dc16,1,val
d1aa49aee274c266,9,train
d1aba4a3586dd036,3,test
d1b734d66496e679,5,train
d1c0bd6f73ff7259,3,val
d1c29ab9933c5514,8,train
d1c4703dbcf73d8d,6,test
d1c54e1d24cb8683,4,test
d1cca2fc5c11cd06,7,test
d1d02b5d57ae3866,9,train
d1d50849558966ca,0,test
d1d9efe1eb86efa7,9,test
d1ed7650680adad5,2,train
d1f296cf4e3a1b50,5,test
d1fad11fd87deadc,8,test
d2015f0f34ddc41d,4,test
d20df87ddd074edc,0,test
d2139c429dbddcaf,0,test
d23934b10ba0cdc6,6,test
d23e1d96da136c9f,3,train
d24569eea137eb98,7,train
d24bde2fdac327b2,9,train
d25ab458179d39ca,7,train
d260abf3e366ae01,5,train
d266f42c1861ce6f,8,train
d270d9a6d22e29f3,6,train
d27d9956c705887b,8,train
d292405e251281fe,7,train
d29b1ee6149c1770,1,test
d29c2aa05db893da,0,test
d29e12836f9f5d79,2,test
d2a117235b1368e5,5,train
d2a32b1edac07c00,8,test
d2a815cf214d0bb3,4,test
d2a9613cc625ceac,4,test
d2a99e0f44d261ce,0,train
d2b76a3f875281cb,2,test
d2b79f763774dcda,3,train
d2b8c3f6342f207c,8,test
d2be91229bba6112,8,test
d2bfed3b7c7b72fe,9,test
d2c55320e530d88e,4,test
d2c91f2aa1397a48,8,test
d2cbbaab94bc960a,9,train
d2cd39d4f0bcef9c,1,val
d2d53cc2495f56ab,7,test
d2d61e33c31c2b8b,2,train
d2f34f5f470c5d4b,2,test
d2f886974d6e3d4c,7,train
d2fd9ca9cc8ce198,9,train
d303d62ce0b2a59f,3,test
d305bde00fa01823,8,test
d30bf1e2828cdb1c,6,test
d30e13b25c1a86ec,2,test
d311e77294fe26be,5,train
d3137d8cf51e686a,0,test
d316dde7eeacc36f,3,val
d3196d8603f14db5,5,test
d31b262ec5b4df69,4,train
d32332dc52875e3b,4,val
d33d506f951e777a,5,train
d3466f8be76d6365,8,train
d347e8e5edb9614f,6,test
d34a3c17a5b27b0a,5,val
d353e00fb1c82db3,2,train
d35467c819a5e802,3,test
d36d780247a4588d,9,test
d37ae50fe31879d6,4,test
d37e81f3a0636a08,2,train
d3837f93b0ae1dfe,5,test
d38ae0d91df7f3fa,1,test
d39253a844288895,1,test
d393204ebf87ec38,4,train
d39fbfc13868dbfe,0,test
d3a00996cd1bf671,6,train
d3a4d365cb57fd0e,0,test
d3a7c216b3443eec,1,test
d3adf6d1a08a68f5,8,train
d3b6398d3ed31602,4,test
d3ba8995cc7283bc,0,test
d3bb25f96f9e48ba,5,train
d3bbcdde2afa5add,5,test
d3c46d2fad8c5000,7,train
d3c5625a5f369ffb,0,test
d3cf806bce044b9e,7,train
d3d16dac306f6588,3,train
d3d595bb8c96a928,3,test
d3d5ad825ccfbf19,9,test
d3dd9583b2205b53,3,train
d3e0ccd7405a9278,6,test
d3e569c1032e00a2,2,train
d3e62a1c63227182,2,train
d3e657c65b3d549b,2,train
d3ee60ca9b33ffa0,3,test
d3f0f0754b1c637c,0,test
d3f30d158ca3a1ec,3,test
d3f3f5ce7a5de7f8,2,train
d3f77ad79a816473,7,test
d400d8825a27b98d,4,test
d401b8dacee0a44b,0,test
d404f9ddd4af8569,9,test
d41289c7f51801db,2,test
d412b567c34e5c7a,8,test
d413f979bbbe736b,7,test
d416709c83569e10,5,test
d4221391d5b4ce5d,7,test
d42658cf312a884c,6,test
d42f2619164a45f0,5,train
d435b1ea77ac50d8,6,train
d439189c381fc029,1,train
d43dcd7d8318550d,9,test
d4462725afadc1e0,5,test
d44912d4458b9077,5,train
d44b7e631118c779,9,train
d44b7f4396743567,2,test
d46044d799091ed9,3,test
d4618c8a27b12836,7,test
d46619ba02f3caad,0,test
d4734959bdc563a3,0,train
d474ca8229dc6a72,1,train
d479b66d873c3229,5,train
d479d4be4cfd3079,3,test
d47a8b5913bfbeb5,6,test
d47e3a6f3e4505e3,1,train
d485520b62d1f5e7,7,test
d488a824ee857c1d,8,test
d489a76eb204e47b,9,test
d48fe0d4f1744a6f,4,train
d492b7cca78a45ec,0,train
d494c5571d92fa8b,7,train
d49ccc86e0678e77,6,test
d4a4d592932b5c5f,3,test
d4a8a48147bca5dd,3,test
d4a8d9af5054a122,0,train
d4ad7d7b8a63e8c4,0,val
d4add0e376ee1bc9,7,test
d4b0f3eba0ea3704,9,test
d4b389df635099f5,6,val
d4b39a25d7a47099,9,train
d4b87bce0d25bdd2,3,train
d4bd244dac1d81cd,9,test
d4c04d367ac40e4c,5,val
d4c9766d33191a6c,5,test
d4cb2196c1fd3773,6,test
d4d5807b006f7b83,7,test
d4daf57b64313044,8,test
d4dfe35fee9e7115,6,train
d4e14635b4c78e41,5,test
d4e5061da340615b,8,test
d4eb2961a113e0b9,1,test
d4eb8816c498f7e3,4,train
d4f74291e6dbf633,4,train
d4fa7cd6fe71e27a,4,test
d4ff72d25d1dc605,3,train
d50225c40af98e65,4,test
d505b7a28d0a45f5,5,train
d50c980707c3a40a,9,train
d50d53e6cf05292b,6,test
d50fc7f0f508ad6f,8,test
d514bcd6956e8f35,7,test
d515ab5e1c8ab8bd,7,test
d51e258927bddc2e,0,test
d52086a6c5bf2123,3,test
d52290ed6bb9fa2e,8,test
d53a5fc986ec7f7b,3,test
d53f336d43ee9f65,2,test
d5438c9b631a2b79,3,test
d5489f74eb85d77d,6,train
d54a510fb7dbbba5,5,train
d5556c9f7e531e3d,4,test
d55f45b1f7e44c75,3,train
d55fec79d92fef02,0,train
d56559c55d0864c5,3,test
d5667210dbdbfdb1,3,test
d56d87ee81fcde9f,8,test
d5734fb16a77e4be,6,val
d573952d65cb8378,9,test
d57b873f50961bf4,4,test
d57b88c361fc5e0f,5,train
d57f1a936c3ff65c,9,train
d588e5b82ecf9b1b,3,test
d589012a862ef61c,8,test
d589330d1f90a0e4,0,test
d593bbd5486a8262,4,train
d59d672ecd802492,4,test
d59e447e21dabfa1,8,test
d5a1bc04e6ea1a5e,8,test
d5a29e9cac3af1ab,4,test
d5a528e368170119,0,val
d5a5623e21a5254a,6,train
d5a6e8a660d9631b,0,train
d5a9269c722a6721,5,test
d5abb1987ad70c59,2,test
d5ac8620063ac450,4,test
d5af96df19174d1d,0,train
d5b242226e28d1da,0,test
d5b40aa51e0e9033,1,train
d5bc4d38ffccadea,8,test
d5c2a9af02e19a5f,7,train
d5d58a9fbd705dee,1,test
d5dfff5fec1a5924,8,test
d5e2c16ca557df05,9,test
d5e958d6a041cacd,5,train
d5ea9193698ed593,3,train
d5edd1cf3a2370bf,0,train
d5ef1c228dfabdf8,2,test
d5f18ed8f02e9bb6,6,test
d5f1b626539c9056,5,train
d5f60ce3b8db56a4,3,test
d5f78905aa75ea1f,2,test
d606144610ff05cd,7,train
d610d7a60c8a5005,3,test
d61d45ee71149f31,4,train
d6201523c1fb61c1,1,test
d62095b21e16896d,0,test
d622fe39a8a6882c,8,test
d624c0e3c794bdd9,9,test
d62604a80e5d5f49,5,train
d62795ce9a76e168,7,test
d62ada99f27c543c,1,test
d631f0b404dd8656,4,test
d633fb4223dfbd05,8,train
d63c26c87359f037,2,train
d63d02d85ff36b42,3,test
d6429ba8fdb37c39,8,test
d64411e85bb844eb,3,test
d645fe83ba6f31b0,6,test
d64e1e11b383e09b,8,train
d65128d1de160e6b,8,train
d657322da1f2b6ca,0,test
d6642adb7a483e12,8,train
d66896bdec6dfabc,7,train
d66b372bf0b14c89,2,train
d66edb504c58124b,7,train
d6742a56a643fa3b,4,test
d6779457f1638f1a,5,test
d67a9d8aba8f8703,2,test
d67b7eada905bcd6,4,test
d67e398bc00a0d82,0,test
d68231acb626c494,1,test
d6877eb85c1573e7,1,test
d693fada97e56df0,8,train
d696bda16006155e,5,train
d6990f809aeecc71,3,test
d69e36ee10f71351,8,test
d6a7bff524e6a2d2,3,train
d6a91ee4f8c82a0e,5,train
d6b016aa44ef1283,0,train
d6b259c8198dc56e,7,train
d6bade141fd92c29,6,test
d6c0aa1288251e72,4,test
d6cceca79479f20d,2,test
d6d1b196e0d42001,6,test
d6d2e124a2ebbc4f,7,test
d6d7bbe56b19209f,2,val
d6daf51cb3a8353e,1,test
d6dc2b94b8f9970d,9,train
d6dfb2adff1167cb,2,test
d6e7d7d8fc404bea,6,test
d6f0db4d0eb5d028,9,test
d6f2102665181c61,0,train
d6f96e809d3e95f9,1,train
d6fd779cfe85ff2a,7,val
d6fee3ede7656be6,0,train
d70a4999fca99a2d,4,train
d70b6e4123f728dd,2,test
d714d9d1bd22f67a,0,test
d716ee28a188029a,3,test
d71a081e3fd9b10f,2,test
d71ab8b3ab82632e,8,train
d71e2beb5969326e,3,test
d71e6c38ffe9da2c,6,train
d720002d142be4d2,0,val
d722d16a129e50e7,6,train
d736aea26485b95e,0,test
d73ac1f75579a8cc,9,test
d74409d1ab17b09b,5,test
d745677252ab844d,5,train
d751a46fbfbdafdf,4,test
d757cdca7fba050c,3,test
d7590d211d0f36a9,1,test
d75a1d46e55cf83c,4,train
d76509fa1af93725,5,train
d766d0919ccea8ad,9,test
d76cf643a8e87ee7,0,test
d76d088e69602405,2,test
d773528ff94dda0c,5,train
d7783e0138ae549a,9,test
d77c9274e8fe2ba2,6,train
d77cdb4c16d44d16,6,test
d77d8f03e27890c4,7,test
d7861a72c922ae70,5,train
d792b7ce6dc759d8,1,test
d798e3c22be2e6f5,4,train
d79c364a7a92fc81,6,test
d7a92eb0dc841275,5,train
d7b6feb41e58f527,6,train
d7b8683d151f3b1f,2,test
d7b983c3cdf969ef,9,test
d7c1ad9bdeb4fd16,1,test
d7c48d9c74498638,8,test
d7cad11f45eded7b,6,train
d7ccc02595d8956b,9,train
d7cd1fb2a0d48b58,3,test
d7cd7240f881f603,4,test
d7cecd94f9f8739e,3,test
d7d185bd6e4ad359,6,test
d7d3daec53c3bd30,3,test
d7d5bcbfd4cc3569,7,train
d7e84dd459391146,9,test
d7ea51d028356400,7,test
d7f1196788b33700,7,test
d7fc9172acfc011c,0,test
d7fca249419977ed,1,test
d7fd61eb55e3e3b0,7,test
d8027445b133410f,5,test
d80d1f64dd83bc85,3,test
d81465c312a82615,3,test
d8184d8e6c8c605c,2,test
d81c3e1e4fe24002,1,test
d820a5ee3014713e,6,test
d820f0d1e8580d79,6,test
d8283972b42ef310,6,test
d83cd8aa07c0fd1a,8,test
d84c43d84ea409d5,5,test
d8503d65c319fe05,3,test
d851864661bead4a,7,train
d85666543c7feb93,3,test
d85a87267c3c58ec,0,test
d85ea2fa73035616,8,test
d85f3f3cdb94b39c,3,test
d862906e90ab1bf9,9,test
d8699ccd60afe10d,6,test
d86da67dad139978,8,train
d8726f9049650f63,6,test
d881b8e0567060d5,5,train
d887cd887c19e69f,2,test
d893d903f4f2bae9,3,test
d896c815c2e565e4,3,test
d8997a0b2eddf2be,1,train
d89a0d076062ead9,0,train
d8ac190b716e4a3a,8,test
d8c4579fd11eba4d,4,test
d8c783c715f1a740,4,train
d8caf14820e460de,7,test
d8cceda450eed565,6,val
d8cd33899cc6c0e7,4,train
d8d2a62ac9972f0c,3,test
d8d661cd5be74a0f,9,train
d8e28b0c9058774e,4,test
d8e401a763f157a5,1,train
d8e5e19b1fbc61c5,6,test
d8ece6095e09e0ef,9,test
d8f2a3de91ee3e08,5,val
d8f8fa434edb8b03,9,test
d8fe1f173809473f,4,test
d8ffbbc3e394eb9e,3,test
d9007a263cb94eea,8,test
d905526168a88529,8,test
d906a60b843f06f7,0,test
d90c7187557364ca,4,test
d913405ba5c5254b,6,test
d91e72ee7873b9f7,4,train
d9263690ef4d233a,5,test
d927134a42777943,2,test
d933eed61f0b7768,3,train
d9381eca09b6bd43,6,test
d93851827e9a52f4,8,train
d93cc1b40cf453b3,0,test
d93cc6899c6dd05b,2,train
d93d14a0d480b824,3,test
d93dd0496d961353,4,train
d943a413288c53ec,8,train
d945c49ecb47aefd,3,test
d949a68ffb77ed24,4,train
d94c5a0a637f57b0,2,train
d94d2ff2bdf68259,5,train
d951d104bd4b5796,3,train
d953faf10eaa50c0,6,test
d9565102d1a917ea,6,train
d95d2a81c93e4764,2,test
d9657db8e0cd5186,3,test
d9682cd287fcac2a,2,train
d96ba44f5ff73ce1,7,train
d970150d029f764a,6,train
d97bc9e83ff01d56,8,test
d97e83a9594761c8,3,test
d982b29c9e9d4e15,3,test
d985ab1c0e4e5e71,7,train
d985eaf11c88c3dc,2,train
d98709d02b4f1969,0,test
d9930357e86d9aa9,2,train
d9977e33996d12c8,4,test
d999b28f143e4e6a,9,train
d99e7f7871db985b,2,test
d9a7b4658981fdb1,1,test
d9a971134baaf763,6,test
d9acf23b2f4e68a5,3,train
d9b008aa564b2833,5,train
d9b1a137dac85d5a,6,test
d9b213a438f4567b,7,train
d9bfd26aa3cc5306,1,test
d9c149b0ec42524c,5,test
d9c5045afd0d5786,6,train
d9ce7e4ddfce7ebe,6,test
d9d3c77e601fe116,7,test
d9de9570f7673a70,0,test
d9e04037a4d72e15,0,train
d9e2922f72c6fe47,0,train
d9e2bf4173698174,8,train
d9e8f11654e916cc,3,train
d9f7ed10cee39a27,1,train
d9f94f23648539d7,5,test
d9fa88824d1f3aa5,0,test
d9fd01068c85e03e,0,test
d9fee4772927c897,6,test
d9ff95593a573a31,2,train
da01de4ee0a2bcaa,3,test
da0ba0b840a7db80,4,test
da148adf0955b73c,0,test
da14d252279dfa0c,1,test
da1d5547193d4ebb,9,test
da24ece6b78a6353,1,train
da28386e69d17617,9,test
da2b435b7d70a256,2,test
da2e62556a32cd26,9,test
da300dc8047b3c9f,3,train
da3f2eec1eec8cc7,1,test
da46b496a9ca37b7,8,train
da505e2ee287bc48,3,train
da5119ecbf629f25,2,test
da51f613ff3b888e,0,train
da5a69be87474d90,2,test
da5a84de9a70ab12,6,train
da61c86d05557511,3,test
da676bfcc6b63eae,2,test
da6cd070b952177e,1,test
da6e73b38898a390,2,test
da7077f9c065aade,4,train
da70cf57b3b2dadc,4,train
da737a514156b3d4,3,test
da74180a9327b890,2,train
da744dfb4464138c,0,train
da780e6f69ed5e4c,3,test
da809752e2b2c02d,1,test
da970723ef424fc0,6,test
da998186ce64ae6f,7,test
da9ac625978ec53a,3,train
daa165592db5ff1f,9,test
daa811be07311a50,2,test
dabda8ca69eca75a,8,train
dac644f8cb70c590,7,test
dad55071f61b4a62,7,test
dad617799a81c09f,1,test
dad61fd171e475df,8,test
dade702cc3824af0,4,train
dae4d73f6f0b6498,0,train
dae6d02672d78da7,7,test
daebc727fa197fb5,8,test
db01e3b783e76c4c,8,val
db07c3c0278ac55b,3,test
db13a93784e83c38,0,train
db143d113c55c074,1,train
db244453e078e297,1,train
db25133f513d8181,2,test
db2e2a4d31ff6a42,4,test
db3777842b83e3be,4,test
db41e37d2479c8e8,0,val
db510871dcef3240,2,test
db5171c591b9df2f,2,test
db537669ca1f7317,6,test
db542c1551bf76a9,0,train
db5ed278fe93a9d7,4,test
db5f2ce42af56590,9,test
db5ff23fc534ae8f,9,train
db715537299f9a9d,6,train
db74dd6e165e9195,3,test
db770b61185dee50,2,test
db784f83fed9eec3,0,test
db8364d730116a9d,9,test
db87ee8c9726cf7e,7,train
db897175d83f9a2b,6,test
db8e129b0077aa99,9,train
db8fb360fd46eae0,9,train
db94ce170ba82ebe,6,test
db9703d640891393,0,test
db9a39ed7e8ddefc,9,test
db9a87fe39c38680,8,test
dba948b394dbb96d,8,test
dbb255f16a087ba4,3,test
dbb2c413fa95e9c1,7,val
dbb4b04cd18cef58,7,test
dbb54bc1bd98be13,6,test
dbc6c5fda5e9b9fa,9,train
dbcd4ae3e1d1cb0f,7,train
dbd28e0b3bc0d915,4,test
dbd4ee7308290371,4,test
dbd5e8eadd766735,7,train
dbd63b7dde0c6595,9,train
dbd7be52f7b08a13,8,test
dbe35213b18b8f3d,0,train
dbe5c9ab2514b092,7,train
dbec445c005d81d8,4,train
dbeefbe3acd8cacb,0,test
dbf1be1b94abca67,8,test
dbfa3a75af44f866,3,test
dbfa4e11d07db04e,6,test
dbfc16bac358360b,2,test
dc0733c46d5f2078,9,test
dc0778fb868e927f,8,test
dc07de342e6f697c,1,test
dc28e58c78c32a76,5,test
dc2f449b5dc9cb96,6,test
dc30dca2070f9938,2,train
dc325e20df9a7a67,3,train
dc32b5448250de2c,6,test
dc368571ffbd84b7,6,test
dc43e3d02f1aecf9,7,train
dc4859c011c1f287,3,test
dc4f3667377d0eda,6,train
dc5a67d28d1a4a65,5,test
dc5f2a1ace38d206,2,test
dc5fc81044e09b18,4,test
dc63057b845e6159,7,test
dc68dd9ac4245e24,2,test
dc6ac27d15ac75da,3,train
dc6d16061027ca22,0,test
dc6e20942b36e52a,9,test
dc6e2109c589c619,9,test
dc6f485d1167192e,5,train
dc6f52718d5197cc,0,val
dc74923ad2e2c039,8,test
dc77fea6b7e2dc11,1,test
dc7a871fce3a9c20,6,test
dc82ece02ed63e37,8,val
dc8bb015bdd99599,0,train
dc90e58144bec2b5,6,test
dc9235ff727de471,0,test
dc94ceefdde762fb,7,test
dc9b095aad8571a3,6,train
dca18306c787ebb8,2,test
dca5f2cc9dd5542d,3,test
dca8b8af3c24ddc4,6,test
dca936762ec83504,7,test
dcbb3a47a3665ea0,9,test
dcbc6ca9cab469aa,5,train
dcbe038bda9288db,8,test
dcc3baef2f4ac515,0,test
dccc209dfed87401,3,test
dccfdafd5b26c93c,1,train
dcd5e62696bd0551,3,test
dcd8474f5ec555bb,8,test
dcde764fad2617ec,6,train
dce7791988ef9d0e,3,test
dcf11029870d0887,4,train
dcf333b262763243,0,test
dd062f113e229788,8,train
dd09c8525bd885c4,1,train
dd0cbca979d7fbbe,3,test
dd0e1b46d7d34979,4,test
dd0ee6614ac52c12,5,train
dd0f1ce85ab4da2d,1,test
dd157685fd1ce0a9,2,train
dd170d7a59d87c06,4,test
dd1dd5b1c75dac47,8,test
dd227bc5421f13e4,2,val
dd31f8d64abbc485,2,train
dd321718d780a562,4,test
dd3990eecdd06bd7,1,train
dd3ebcd2e08c30f5,5,test
dd44cafc5679c172,7,test
dd4561f779ec23ec,5,test
dd4d428f2a013fc6,7,val
dd5839b4095ddf57,5,test
dd593cb95c97dfde,1,test
dd5d36220fd71b96,2,train
dd63e66953aa2e60,2,train
dd684ec6283bbf58,3,train
dd6a296a275b6397,7,test
dd72e1af79d6841e,3,test
dd73cce3d26abb81,5,test
dd759850012830f2,5,train
dd7ce3261948466d,0,val
dd85546d06932a2f,3,test
dd9e47ebf397fb4e,9,test
dda451267bbded4c,1,train
dda4dcbe5620b93e,9,train
dda7dda737f8834f,8,test
ddad8885c763138f,0,test
ddb4e28a5d31defa,4,test
ddc055cfc5d1c917,6,test
ddc2f90067d9e2d0,8,train
ddcd4d8924b8018b,7,train
ddd5428805cf9ec1,0,train
ddd87053dd497c7c,1,test
ddd8c3e50881bb34,2,test
dddcb6f6b1e9082f,1,test
ddde237dccbb484a,2,train
dddee1dc622ce9ed,6,test
dde4b551746cca4b,9,test
dde8c0e7c06535f6,1,test
ddeed4065b78e01a,2,val
ddf1ff38ff153d7a,9,test
ddf4e952657f8181,8,test
ddf52ed42a221d1b,1,test
ddfc5e8b059a4bd8,2,test
de02501556a33038,0,train
de0ada0c9203f874,9,train
de0bc4495176e1ef,5,test
de0d883b048711f2,7,test
de123e3da2137926,2,test
de1829f970ccbf4c,4,test
de1ac80fa108b79c,7,test
de1b0c7dd7e97360,7,train
de2aaf4bd10a7f9f,0,test
de313f89e3bd9178,1,test
de383876e5feafe2,8,train
de38b19a1ebbc49c,9,test
de392ec17b91ee40,4,test
de4544577857d265,9,test
de49b065709a140c,8,test
de522442786ad4c4,9,test
de5b886b4e5bcc34,9,test
de62c31b9043b6bd,0,train
de681e5228167cdf,5,test
de73a96967366464,5,train
de786f73ff927569,7,test
de95e4e80e36bd62,0,test
de9702e1d3248524,5,test
de9b4473cb7a5f10,0,train
de9b44ead023e8a2,1,train
de9f99e417790ae8,9,test
deab36295cfb1120,3,test
deb2ea92278be9b7,2,test
debeaadccd47a93c,8,test
debf36c8a53ba087,8,train
dec04b013af65b9b,5,train
dec20095460dab96,0,train
dec2ee8e16840958,3,test
dec3829aff452260,2,test
dec3e7f7663e78f6,0,train
ded1d7487513ee9f,2,test
ded6b2e4503acf0e,0,train
ded75c6e47b5fca6,9,train
dedf625b67188af0,9,val
dee28b468d9fb930,1,train
dee336729befddf3,3,test
dee73f97c1ee70ff,2,test
deea20213315aa3e,9,train
deed5c3879ec9365,0,train
deefe8fe458f8636,5,train
def27f3c1a1a9bcc,3,test
def9d885ef11b9af,3,test
defb250b67b6ccff,0,test
defccda6e6d5bb20,9,train
defd62384b3b6d2a,2,test
df005b6ccc9cb07a,5,test
df0c9784a5c2a9d7,8,train
df0feff3a0aeaa79,1,test
df1102618bfdfb69,2,train
df1bacd06108b850,9,test
df1dcc7aba039606,0,test
df20125f0e8e0d54,5,test
df22410ab2af69c3,7,test
df27e3bc233896fb,5,test
df28d9dc0ab3adab,4,test
df2f532979395a97,4,test
df34a2a2abdb5c07,7,train
df36a8dacff97abe,4,train
df3d387da3383887,3,train
df3eefd9924352bf,7,test
df4012f18d032483,0,test
df4880e3415d5d1f,4,train
df4da6445ff97a63,9,test
df507f33914e0bbc,0,test
df542626523b7c10,4,test
df560804baa33037,6,train
df56f7b09aab4645,0,test
df683752260d6950,9,test
df7064a1280ccce9,7,test
df78d0963854d50f,6,test
df7b7a3d7faec25d,8,train
df7ce88b4693790a,2,test
df8039f5c275f205,3,test
df830a17be91c98e,7,test
df910c30c94c61fc,9,test
df9a70f496cf470d,3,train
dfa2d2b711ee145d,7,test
dfaa65d821da1d60,3,test
dfb721e5923d309a,4,val
dfb97e3c1f2226ed,2,train
dfbc65a921114b1f,6,test
dfbf506bacf77039,3,test
dfc24d24d7cec36e,3,train
dfc7566136b607fa,8,test
dfc870d63ce56034,8,test
dfcb7c2eb75725ff,6,train
dfce11b9c505b87e,2,test
dfd047b584848d4c,8,test
dfd647954dea15f0,0,test
dfd7729e693972d2,5,train
dfe05681ea56a8a7,6,train
dfeae0044838879e,4,test
dfee8a6d37e1b99a,9,test
dfef1967d78243a4,7,train
dff05d9c91ff8c67,0,test
dff70e687625e3c4,2,test
dff71142fb044d6a,7,test
e00d432be4ec2f17,1,train
e026a85338dc5c60,4,test
e0313eaad039f7b4,7,train
e03715a97a79ea59,5,test
e03a78c2a713423f,8,test
e03b69de74df1c6a,4,test
e03d878de94caa50,0,val
e049fff281d28f5a,1,val
e04b1d447430ecd4,1,test
e0510183b0723cca,4,test
e064700895967252,2,test
e0677af886e918c8,3,test
e072aa693171097f,0,test
e075a8aba18fb77f,0,test
e0805a527bc0ddb5,1,train
e082aeca0672e5a8,2,test
e08666b7dfcdf292,0,test
e09f13ff30019da0,2,test
e0a089d5dad01bc4,7,test
e0a0f2bec150fcb2,2,train
e0a65d7671c5b89f,4,test
e0aa45b6f103c854,1,train
e0ac832375f1d9c2,6,test
e0aec34d01953ed8,2,test
e0b192397bafc058,5,train
e0b3cee93d303556,8,test
e0b8e0d0a9093d5a,4,test
e0bdba8a3a2197b2,1,val
e0bee4b8d5b4245d,8,train
e0c0984dae52e784,4,train
e0c0f6bcdcc6b860,7,test
e0c246b65e1d716e,1,test
e0c29349d3e3edd2,7,test
e0c414ac70f3e18c,3,train
e0c7360cb64e03b5,7,test
e0c7721a5bd46323,8,train
e0c9b4381af02c16,1,test
e0d6176952fb48e5,4,train
e0d771e6c53d34d1,3,train
e0e3dd1b43d5311d,8,test
e0e42ba9282387d0,6,train
e0e968be42b6fd2b,7,test
e0eb288fb45d0940,8,val
e0eec60d93acac41,2,test
e0ef392d77e07ab1,4,train
e0f1fc5add78bf2a,6,test
e0f24ee791ef76c9,0,test
e0f716b94927755a,5,test
e0fa3c824666a38a,4,test
e0ffe04f7f49400b,0,test
e1020eb38b551da9,5,test
e108247d43a964f8,4,train
e10c5a88c44033ec,6,test
e10d2ba24b95f705,1,test
e10f0c8d71ecd24c,7,train
e1157493382d5c0b,4,train
e116da2b63817cbd,1,test
e12544848acce483,2,train
e12581c06f510e49,0,val
e1265c66173aa59e,7,train
e12acfa3dad3bb60,6,test
e12c980c9fb4fa9b,9,train
e135eb13888e8262,8,train
e14108cc0e248b61,2,train
e14603a43eeec43e,9,test
e14ba0b3d595f69c,9,val
e151f147155aaecc,3,test
e153e78342c54c58,5,test
e158e9b230d29c48,1,train
e16186560856b6f1,2,test
e16555d8d6631cb1,5,train
e171beb53ee7e36d,6,train
e17e81b58d8e9e56,5,test
e184f41550be1d6b,9,train
e1882bd66b7635af,5,train
e18a48a899ecab5b,3,test
e18e6d8222810249,2,train
e191109870936c6a,2,test
e19567bb447777da,7,test
e1959f1aeca11158,1,test
e19c993552559ac3,8,train
e19eebbe3040d3bd,0,train
e1a0bfb50833308f,0,test
e1a3f084ec8476f4,5,train
e1a4c09ea58c9b48,1,test
e1af6bdd73e34ce3,2,val
e1afcc3c1ed8de59,8,test
e1b5f3792b411b12,5,train
e1b6f427a1b10ab5,5,test
e1bdea133ab8fc03,0,train
e1bf6354713b4c07,2,test
e1c5ea7ce8a6cb44,7,train
e1ca51e9869dd2b4,6,test
e1d34b9ebb1fcc92,9,test
e1dc497e8c6be6c2,0,train
e1dcc82bbff552d0,4,test
e1dd166d94f26cb9,1,test
e1e1882df4a1cbe8,3,train
e1e391b0f3c80669,0,train
e1e65789216c986c,0,train
e1e93877925a1fd3,1,test
e1ee4e0561d43661,9,test
e1fba4b1d0575e3e,5,test
e2069774ec239a3b,5,test
e208c3256fc91a56,9,test
e210e34ff06f8986,7,train
e2134a06700427bc,6,train
e21d845031b488d2,3,test
e22007026d50fcef,3,test
e226f25557af8f81,6,test
e23259f9f8c70d17,1,test
e233a11950526256,2,test
e236516306be477c,2,test
e23b67ae45c6e3f8,0,test
e25252344340af3f,9,train
e25a7f153e468758,9,train
e25d8d9fa590f522,5,train
e2651e55a707f5f6,9,train
e266eb5913cef59f,2,test
e26a4597eefccba1,8,train
e27c7a921010e652,6,test
e2825308f9c7cda7,5,train
e286c30121d0f8ae,4,test
e288df051adb8bff,7,test
e28d1741cf178edf,4,test
e28f43b157713fe0,4,test
e28f74738d03be7b,8,train
e28fad72141f3298,2,train
e2924ded7922a389,6,test
e293ced68ac61038,5,test
e29735a70d03ad6e,8,test
e298243bc848dd56,1,train
e29978dbfb3ba73a,9,test
e29c47637efc9ffa,9,test
e29f1ee5cf5f7fbd,0,test
e2a05259b09a10b6,3,test
e2acd68b6cef96fe,3,val
e2b069af7b4b01d8,4,test
e2c280228f0552ac,4,test
e2c3979aeb27db79,4,val
e2c6b44e1ddf1b77,1,test
e2cc3755184852f0,5,test
e2cef14662c156d0,6,train
e2e6a7a55d0cba6f,1,test
e2ed7065583ba521,0,test
e2f0aef0f41262ec,9,test
e2f18fefbf70b0f0,4,test
e2f22861771b63be,2,test
e2f917176c185b6b,0,test
e2fb3305393088c9,2,train
e300635ee648211b,2,test
e3116b3bdf18197c,1,train
e3149eb9e06c5652,4,test
e31a171e232499cd,6,test
e31b4b745ce64514,5,test
e32872c838f3f7f0,9,test
e32a27262ec4b926,8,train
e32d997a0b040b12,1,test
e32f58f39fdb51d3,8,train
e3354feb63f9ede1,4,test
e340405dacd4f294,6,test
e340bbade2395301,4,test
e341c8cba0d7a960,1,train
e347ec5a9d662aae,5,test
e354536c8eb1690d,5,test
e35d8c9ff7ccc021,0,test
e361b61aad077468,1,test
e378cefcc1b2f33c,2,test
e37b74e09285c4cb,8,val
e37f51ae3e4f79e2,6,train
e3860c740c38138e,5,test
e3945f446154d5ae,7,test
e394c01a57a368a5,5,test
e3979cd2fd062fdb,2,test
e3983f77391d38a4,2,train
e3a58ac623511761,7,test
e3a68503ce5f3eb1,6,train
e3ad1793a838b3ad,5,test
e3b2df937e41fcd9,8,test
e3b33e8285ed18de,5,test
e3bec61ee7d83282,7,test
e3c138db340a3bf9,9,val
e3c74844977ab680,7,train
e3c9b60e4caa92ed,4,train
e3cbf12963ffe9ba,7,test
e3cc306599f43655,2,test
e3cf34e3bfecb1d0,5,train
e3d2360b2c9aef01,2,train
e3de0425758e5f15,3,train
e3ecc7189b933077,6,test
e3f0cf75a610a4e5,5,train
e3f9a95b00dc839e,2,train
e400be1f26552f33,3,test
e406d8f3be319e45,8,test
e4092490e975b70d,4,train
e40c461a4e6eac27,8,train
e411b58924ae61d5,1,test
e416049def012e35,2,train
e41d4daec51fd61b,6,test
e41e0f30ee4c8425,1,train
e436195538908e89,1,train
e43cd57d6044f601,9,train
e4485a21695a4f7f,8,train
e44b0e26759bb0c7,6,val
e44cdf49be3a75ca,4,test
e45fc408a7b05697,1,train
e462b20b23f3f542,2,test
e4653a7ad73aaf6b,3,test
e4653bf2be83ccec,5,train
e46b2fe88534f30b,7,test
e46c7e7620c4ca59,9,test
e470f2035363eaf3,3,train
e473b7132604aeea,5,test
e474d4e5fc1a40c4,1,test
e47ecf42453368c0,5,train
e47fb516e9f95574,6,test
e48012387f0cef1e,7,train
e4854eda7734d47f,4,test
e48636f1d2d3952e,6,train
e492e304bf48d2a2,4,train
e4975be14e64e26b,4,train
e499b8c9a6789a1c,1,test
e49b661cc6e7277d,0,test
e4aa7189c9e632df,8,test
e4adca17160f0fc3,8,test
e4ae5c0b9895ea32,4,test
e4b5a1e7bf5c15fa,5,test
e4c91fbc9e4fddf7,3,test
e4c97da9d0fbc6af,7,test
e4c9fdca540fe132,2,test
e4cb1ad17edef2cf,6,test
e4d5d6ff5da22b2d,4,test
e4dc300e30ea2189,3,train
e4df1f7b434fb351,0,test
e4e6ca571e22563b,2,train
e4ee8e726b5d6890,2,test
e4ee9f6492977232,2,test
e4f5da4cc9252718,4,train
e4f6258a73ff6ec8,2,train
e4f8d98b0f77e86e,9,test
e4fc44965be56a79,2,test
e4ffb69e266f825e,9,train
e502a05e33680008,5,test
e5065f45282431d1,0,test
e50bd10875aea81a,3,test
e516b6e8447e97e7,1,train
e51ed43edd4d1119,3,test
e52202cc3f31be4f,7,test
e524f0635426ff9f,3,train
e527de6d3f4365c0,8,train
e52893afe2ab6f34,8,test
e52b3f0654c0b695,9,test
e536a659397b1ff1,9,train
e539d9e77c9c492e,1,test
e544373aae46635b,5,test
e545b109b7342e77,1,test
e548d830cbfb065c,4,train
e55622ca85d24de0,6,val
e556a4b0e54a8a9c,6,train
e55964f674a752e8,6,test
e55a4f4032ed6463,4,test
e55c986333df6c5d,7,test
e563edac943bf517,0,test
e569bdea729f0320,2,test
e56f4d58a65be1cc,2,test
e570b7b0f9ac68f7,8,test
e571c6cadf180363,2,train
e572edb90a37d808,8,train
e57a8a8c7054aea7,6,test
e57c14ff5f12ffb9,2,test
e57ff6b70c17354f,5,test
e5874ba7d9df3927,4,train
e5876347b6f11e98,0,train
e58cbe078cb53967,6,test
e58f5b3fdd94925b,1,train
e595a1d7663f5dbf,9,train
e5989980523f2fff,0,test
e59c573e39763863,6,test
e59eb2363fa0ad17,8,train
e59f19581a8b6344,4,test
e59f77be8d1fd94a,7,test
e5a163fd5b66929e,5,test
e5a990ac2847cb3d,6,test
e5b6452bd11ede5c,1,train
e5b75270855a7877,9,test
e5bc9d5996c37950,9,val
e5c4e8306d0c6957,0,test
e5cd64c962628a3c,0,test
e5ce175e9d4dba3c,0,test
e5d0be80a0a2f595,7,test
e5dfa8faec518ee7,6,train
e5e841b656e3742f,1,test
e5ecac1376a9112f,8,val
e5efe518f1542b05,1,train
e5efe89a708e52cb,0,test
e5f7856f45c54cb2,5,test
e5fca4b37cdf171f,3,test
e601807516e5bc0a,9,train
e607e09b478102da,5,test
e61affc46a51c8fb,4,test
e621be7a76828189,6,test
e624afd323455c5a,8,test
e62fa55fe7d8bb76,9,test
e62ff5563834b9fb,0,test
e63095b42cb3c361,3,test
e631d1b4a1792915,4,train
e634defbf73d9eaa,4,test
e635bc9577001d1b,4,test
e63694535cf1ddc6,7,train
e63bd582e00eade0,3,test
e64d85b72ba28bae,1,test
e6541b621dd5e3dc,6,test
e66008490daaaf6e,1,test
e660b63b22db2fe2,3,train
e66330e78d4d808a,9,train
e66f7658dad9d8f8,5,test
e6716117ef2b3383,0,val
e678e79c3a0c7676,8,test
e679d73ac550c569,6,test
e67d250bea6503e5,7,train
e68b3fda2aeb61f4,0,train
e68b6cffdbe5ec4e,2,train
e68e2040f3dd987d,6,train
e695959bd98d2756,1,train
e69806244fefee8d,9,test
e69d8cef9a420a37,7,train
e6a77955a40772a6,3,test
e6a8cec77d296822,4,train
e6aa2ad07f27fdbf,3,test
e6ac3f6aa83d1ced,9,train
e6b64c8fa5a4b0fc,8,train
e6b655d5021b72c8,4,test
e6c0c3a34cde95fb,4,test
e6c2c0ce65c0c03d,1,test
e6c4e7045f95a487,5,train
e6c5f315252e053c,6,test
e6d1ea27affab426,8,train
e6d9e9e0b90a2a9b,1,test
e6de98153eacdb44,8,test
e6f06b61ab93c241,0,train
e6f99284e071e922,5,test
e6fe9335d89fd527,9,test
e703d568d7e753f6,4,train
e706a2f7d72a73a2,9,test
e70790e210ef7578,1,train
e70d6a18dae6db9b,6,test
e70f165f581a87bd,4,test
e711f48ed5fe3870,1,train
e713399ebb7a00eb,0,train
e714a65420ad52fc,3,train
e71f4ddbf3874a81,3,test
e72623d8abeda49c,0,train
e72bb9fb619d813a,0,test
e73057cef2ebd13c,9,test
e7331364586f62ab,3,test
e73492189b8b0f2e,0,train
e738de59929cb196,5,test
e73e372335b055bc,6,test
e73e862d757fb3df,1,train
e7459368d15e78e5,8,test
e745dc121b95af5c,9,train
e748ff6d6a076a72,3,test
e749c6ca6ed40d0b,8,train
e752bbacef5dad7f,5,test
e756684659872e47,9,test
e75f9209eb047b95,5,test
e760b10522a9c686,7,test
e7674f1fa07f9f22,3,test
e76be186006a3348,4,train
e76f338367856251,0,test
e7757b5de15a9ab1,0,test
e77cf835909a91ff,5,val
e780f6ef5949926d,7,train
e78a1306aa305bd1,0,test
e78ac1e3bd6a0085,8,test
e78c097faccaccc7,7,test
e7933129365b5cd8,6,train
e7998b4c3c15ea34,9,train
e79ecef945c5f05d,4,test
e79ed4f3f1db281c,9,test
e7a63d75b8ad4bea,3,train
e7ada60b20ed4417,3,test
e7b4e564cb92a66e,0,test
e7b9509e60730237,8,test
e7bbbe1e38cb0668,8,test
e7be576722beda71,7,test
e7cdccc04d624a96,7,test
e7cfcf6e151c0ce8,6,test
e7d00e48f822005c,4,test
e7d02cb54d1bc503,4,test
e7d7b9a483bd45fb,9,test
e7d7f2fdb9711ef6,8,test
e7d9b08c41726871,2,train
e7e31fc6717f676f,3,test
e7e990398ce751d3,2,train
e7f031e191bec96a,2,train
e7f1648395527e69,8,test
e7f6df1d8338ad21,4,train
e7f74362a6f6ddfe,5,test
e8005629522961de,9,train
e80cf0dca741f850,5,train
e80f40522c8ccfe7,1,test
e82e38573e474c19,4,test
e83c171b83c3d5c2,6,test
e8440b6171fa72a2,0,test
e8492c4e48c2757e,7,test
e8558ad6f0e1ea9b,9,test
e855f36a1ab0c85d,4,test
e865f0f0c5034e6f,7,train
e86717210cdede22,0,test
e87223cefb6d921f,9,test
e876960a780fe069,0,train
e87832d30f63ea0d,1,test
e87a4c3cd831ceb7,8,train
e87ae0208abed59d,0,train
e87b3f4cb1db0c3a,1,train
e87ca99065d3bdcb,3,test
e87d0d9197f28903,6,val
e87e77f797678d0e,0,train
e880199ea22d3032,6,test
e88aed96612a7e24,6,train
e88f5b4c8f4c5545,0,test
e891ddf5d8682266,4,test
e898e43ffebc9cfb,8,train
e89b045bccc33450,9,test
e8a62e1b661e0dd1,0,test
e8aa530056b0306c,2,train
e8ad86cfcab35122,0,train
e8afa5ef18d8a416,4,test
e8b0bb9fa82d76f6,6,test
e8b9678a55ca3543,7,test
e8bf3144da5f42f8,8,train
e8cb5c1374a32ad2,3,train
e8d1eaad50daca9c,6,test
e8d24313cb3bd360,8,train
e8d2c9795c898578,1,train
e8dbdebe17a25ffd,0,val
e8ddb356569c2577,7,train
e8e0d57e479a5472,9,train
e8e2bb050739283d,8,test
e8ec8e4a8cd0d6e1,9,test
e8f0fa32bb4235e3,6,test
e8f338098ee228bb,2,test
e8fa3c4846d05cff,0,test
e8fe0e13eeeb7568,0,test
e8fe62f127e67026,4,test
e8ffcf7aa0b5ef8d,1,test
e90b15552700a8e0,0,train
e917ba12bda2f7cc,1,test
e91a16476d56be2c,9,train
e92089a6ccc3290c,3,test
e933a5a4e651530e,1,test
e9369439eecad4e1,3,test
e93840ec4393ce38,6,test
e94973e03b3d2df4,7,test
e94f53f90090facc,9,test
e95bebeeb7442168,3,test
e95f84c8935a5295,2,test
e961c3756247d3b7,7,test
e967ac8617735929,4,train
e96c44ecfc617672,8,test
e96c98df6d5cdc8c,4,test
e96eff82c56423ea,1,test
e973288b0937d13d,5,test
e97667df4274d222,2,test
e97c04a16b00133c,4,test
e97efdd1be049512,6,val
e986009a84200d1d,1,test
e9927444bf161c6b,3,test
e99703780885dd0a,2,test
e999578566a41ae4,4,train
e99fcbeecffa99d6,5,test
e9a23f7b6a70c3ee,7,test
e9a3df8195003555,7,test
e9a8804bb20e8d54,1,val
e9aabaf64b82b225,9,test
e9af92d7bb510587,3,test
e9b35174b720adc5,7,test
e9b7322cfd58b4b4,1,train
e9c18077c3475472,7,test
e9c19fc7cf35b8db,6,train
e9c47aeb2e52a894,3,train
e9ce5912f3f4c62b,9,test
e9d00852e2c571eb,3,test
e9d8ba07ba90a002,6,test
e9dee3e5317b038b,4,test
e9e10b3e6899be3d,0,test
e9ef46eb8a199006,5,test
e9fd70505e40ac45,1,test
ea003d0607d733d5,5,test
ea05f7d48dcf1056,2,test
ea15277feccd50f4,0,test
ea15e33439828cfe,7,test
ea16975e8c5d1fd5,4,train
ea18d60eec2fb080,7,test
ea1dca4f56e4665a,0,train
ea1f769c5009e3ad,1,test
ea25b700af9daf8d,1,test
ea2abc6d0276ebb7,3,train
ea2ad2df42705eab,7,train
ea2b196afad39ad7,4,train
ea2bb9b744ad2504,9,train
ea3635c5d967705d,9,test
ea367e3f4e60e5eb,1,test
ea4963f82c58b5b0,1,test
ea50ab94f1e7a9bb,8,test
ea52ed96ceea832b,8,test
ea570d5c45693631,7,train
ea5b572d0130ce45,5,test
ea65a6869d292757,5,train
ea71d8f925f831cd,3,test
ea71fd1361e49b0d,3,test
ea72fee27be403d6,3,test
ea76cd4f9a9d8188,6,train
ea7f85a7ce153b11,2,test
ea824e24bed09201,9,test
ea850bb6afe49037,7,test
ea85b79d17eed403,7,train
ea8909a8f880cca3,4,train
ea97022bd8b69908,2,train
ea9d5df74a79da83,0,test
ea9ef4c0fb1006f4,0,train
eaa1a2b72ba9c779,0,test
eaa24694d844cdc6,5,train
eaa453f02257567c,3,test
eaa866121cad847b,5,test
eab1d7e85c370099,7,val
eac3961c52e85554,3,test
eac4f69aec594d04,5,train
eace4022c9b6d667,3,test
ead50478bb1c2530,0,test
ead746ced86c7bb6,9,test
ead7d149ae54c796,9,train
eada19bceecd2627,9,train
eadfdda64dbec3d9,8,test
eaeeb5d948d7def7,3,test
eaf7b9d0699e5255,2,val
eb0a85394a8938e7,8,test
eb0c8db85d2b7442,4,test
eb0c91fa176a9ffd,0,train
eb0f1e87c637bd90,8,train
eb166272bed0659a,2,train
eb18edbdabda5ee1,7,test
eb1eed74237293ab,7,test
eb24a7c9bc5ab4f8,0,train
eb2768cf37b422e1,1,test
eb2a3e884cfef893,2,train
eb2b4c89851006f1,2,test
eb32a5f84d5a7741,0,test
eb38ef023da98440,6,train
eb3d5eb6530ce9fe,1,train
eb452c849b0f8a07,7,val
eb453a906c33745f,9,test
eb4f7f20e0a7d8bb,4,test
eb51f85789018bea,4,test
eb52c98e2b2d88ac,3,train
eb563c6026284f94,2,train
eb5d1fa4493fa1e1,2,train
eb5e3fdb8cd3d072,0,test
eb6081532c34b3d8,9,test
eb61cba22d0128a1,5,train
eb64977324544e21,8,test
eb6878e3cf786330,8,train
eb6cb8e388663333,1,test
eb7009a4d995284f,7,test
eb72e9f6c4803f32,3,test
eb7c68e402a0c8be,1,test
eb7e6d645b9bec6d,9,train
eb7f9f2e0192c5cb,1,test
eb85f0c8fda41762,4,train
eb96792d772738f2,8,train
eb9addb10df50db0,7,test
eb9e38dc499db399,6,test
eba0a4d5d1394e9f,0,test
eba2f10e1107869f,8,train
eba824e4ec77c457,7,train
eba8e712514e293b,9,test
ebaa4cc36e5541f4,7,train
ebb350f821515ba1,9,train
ebb8720f16f66ca3,1,train
ebbc7cf4cd9311fb,6,train
ebc1ae082a4b2602,4,test
ebc30d0efa2a3060,5,train
ebcae6f47d937802,2,train
ebcccd09aaff4d7d,5,train
ebd44ed897c9a3ae,4,test
ebdc3bf61b6c36e8,6,train
ebdcab2cddbe4745,6,test
ebec6769bf64306e,4,test
ebf21ea360d2370c,4,test
ebfc7696d3a3914c,0,test
ec0a3c26d56b5665,1,train
ec0c374118900228,8,test
ec15805d68c8a64f,9,train
ec15cbe0afe4557b,6,test
ec1efc078caf2e11,3,test
ec30c424f9a84866,9,train
ec31d71fb4354032,4,test
ec3a1cce0ef0f7ce,9,test
ec45680104f27143,6,test
ec4ab445e368a00f,2,test
ec55c0119da5cb1d,2,test
ec5bd809c3732d06,4,train
ec5cc75c9d53db26,4,test
ec5e5c7d402c2209,9,test
ec5f6ee5ce236624,1,train
ec5ff40f7cb9d202,3,test
ec68400894efc4dd,1,test
ec6ad3d308cf41b2,8,test
ec6d8866484ee070,8,test
ec72f23d9082e55e,4,test
ec73841445c7f6c9,0,train
ec75bd8303d897b1,3,val
ec771d6eadb7342f,5,test
ec7766d47024f0f4,9,train
ec7892c39f30a8f4,0,train
ec792ee7854e668c,1,train
ec7eff5b95809f1c,1,test
ec842a37c2518470,7,test
ec8f345865055929,5,train
ec91e60f5bfa7df7,8,test
ec930a3698dc6696,5,test
ec95545ea058ebd4,0,test
ec97352e5ba64c6f,6,train
eca0599d5a417490,0,train
eca8f373cbd9285c,4,test
ecaa3a8bb4b2169a,2,test
ecac14b4aa570698,3,test
ecae01f6f5799b05,7,test
ecaed0da5f2a545a,8,test
ecb0e9511c109713,3,test
ecbdf32f211aaaa0,3,train
ecbffb5a20f4ac16,0,test
ecc1f1d84a93c7ea,6,train
ecc2057b2044afd9,6,train
ecceec103aaf8f0f,6,train
ecd239d4b85a94ed,1,test
ecd622d96dd48931,9,test
ecda6d5ee81fcec5,5,test
ece2694ef9b781ed,1,train
ecec9afede8fc53f,5,test
ecf41632493317e4,4,test
ecf48a532faaf8a9,9,train
ecf6fed2f0291149,2,train
ecf78d415965aae2,5,train
ecf98bdb58f31389,8,test
ecfbb4d525146d13,9,test
ecff98c50f7e43ba,0,test
ed02c2c7a5aeae46,6,test
ed059aa7226231dd,1,test
ed08e11b1a7de1ce,1,train
ed18829e79e184de,6,test
ed18866b3e10ce1c,8,train
ed20e2d1671dfbd4,0,test
ed2252f0074db5e8,5,train
ed2d5c806af82d27,1,test
ed2f6e7ac34c76c6,1,test
ed3393c5d31f5535,7,test
ed4184d80a0134cc,4,val
ed4585f25495a355,9,test
ed4a3f1bb90d2980,8,train
ed4ae72f24ee33ac,8,train
ed4b7b3072650fe4,2,test
ed5703ce117b797b,0,test
ed5875e2a2d8b8fb,7,train
ed595719abb9f3de,6,train
ed5ee443616da834,1,test
ed5fa738a435c17c,7,train
ed637dc1b625dc4e,1,test
ed694e3da932f042,0,test
ed6e9610ac9d8aaf,7,train
ed757c1f311e568a,6,test
ed75a54a36222ae1,8,train
ed7b71678ec33765,4,train
ed7e25292b11ac4f,6,train
ed7fb36ea442507b,0,train
ed914bb44123fdd1,7,test
ed93ab94dc28494a,2,train
ed9668c0e31c6366,2,test
ed97bc7aec641928,7,train
eda4b3d88d74fa15,7,train
eda6b2ca74130ed7,1,test
edaea29253b58725,9,train
edb02b79245b1e84,2,test
edb50ced11532c00,3,train
edb95632efc3bef1,5,train
edcbf44c9df7062c,7,test
edd04faa7fc7bcf8,1,test
ede5fca048e3e857,3,test
edeadecaf19f0b77,1,test
edf119fc9e645483,8,test
edf7448b3ca44887,0,test
edf940b0b9fa303d,7,test
edf9468948bbc317,2,test
edfe664751cc278b,1,test
ee098dfe95e44d9a,2,train
ee16bf069313eef2,2,train
ee1b291f58f7efe4,0,test
ee1bdce53a065a5a,5,val
ee211fb60133c5a7,4,test
ee230f0c99489448,8,train
ee2b852e67649e05,3,test
ee2c36358584e2dd,8,test
ee36e3eec909a904,4,test
ee3cb13b84e4f69c,5,test
ee45cd734d00cac1,8,test
ee479ed4bb6db149,6,test
ee55046188d9bcb1,4,test
ee59d8f543f687f5,9,val
ee5f709fc30ae199,7,train
ee6111220f78937b,2,test
ee652fa4b49f2d49,3,test
ee6c4579fc14207c,7,train
ee6d17b66ed003d2,3,test
ee6d84e91b17064b,3,val
ee6f030aadbe1bf7,5,train
ee6f839bfa9fc6d3,6,train
ee731d0e87a00b94,0,test
ee7ed8a56e2b79fe,8,train
ee84811f0fea716c,2,test
ee904db65e1091ac,9,test
ee96d88364755762,7,train
ee9a029e1f279a20,6,train
ee9b0b571c0b70d1,5,train
ee9cbb6b9fd241ee,4,test
ee9f866dabc03736,1,test
eea0a085d23267aa,4,train
eebbd0554636d0dc,2,train
eec2dbced38aeccd,5,test
eec99f4dc8c0be1f,3,train
eeca032a9d719bdb,1,test
eeda235ae61402d0,8,test
eedd899a3223b3c7,8,val
eee1269c393d9e99,1,test
eee2f46d0ee7991b,6,train
eee901f92974f73f,3,test
eee9f0df4259d93e,3,train
eef28935914e4915,1,test
eef3b4470c06d788,4,test
eef634599a78f6fd,2,test
eef93d5cc8f7c43b,1,train
eef9566ccdddd2df,2,test
eeff79559e6c8043,1,test
ef034a56b253edbd,6,train
ef03debecbb7f9df,5,test
ef0a02db5289075f,9,test
ef0cfbf9e1ee22d9,5,test
ef14cffaa960d3d9,3,test
ef1565cb0be1dae8,3,train
ef1871786779b2df,3,train
ef1965608ba041b9,5,test
ef284069007262b1,7,train
ef3c67ef3fbd8e55,1,test
ef428cde3f363542,2,test
ef42be56e2eced4b,4,val
ef43a3db86443179,6,train
ef4769b6494ee4a3,7,train
ef4a3d49a36806b1,3,test
ef592361da9713b6,1,test
ef5f7e010b50b003,8,test
ef6af973b864212a,2,train
ef6b2ee8739c4b29,4,test
ef6f1dcc312fc8c7,3,test
ef701448d7ac9be8,6,train
ef747bd79c06118a,8,train
ef7676e35bc13d2d,6,train
ef7a44f4568fb6db,5,train
ef7c6336270bc2d8,2,val
ef7e5b8790ef899f,8,train
ef837fbcaffe46c9,8,train
ef8f1a3951ce90bb,9,test
ef94a12bf3f5a3ae,5,test
efa46663dd3e8cd4,0,train
efa8050a6b2e9df2,5,test
efaa829da39ba11c,2,test
efab276c393668c0,5,test
efbdab923f300888,0,test
efc1ed6491dcba41,7,test
efd33b0ab2dfa20d,2,test
efd64bfec71e3370,8,test
efdb974d041fa4b9,4,train
efdfb02fd5dd6edd,4,train
efe341c4993dabc1,2,test
efe397816bc32937,2,test
efe953aa45e04c45,9,test
efecc3107c394d26,7,train
eff25ba07feaf91b,0,test
effd4b8664d52468,9,train
f00a4103ec90a664,3,test
f00bc39412b8fd82,5,test
f00ebe015bd260b1,4,train
f00f3449c8653c41,5,test
f00ff064e0969dd6,1,train
f01347e3a351a17b,0,train
f01c61585b60f64a,8,test
f01e0ce5cb79234c,7,test
f0263a7b43f3b7ec,0,train
f02d57ba60b133cc,8,test
f02f364fc079017f,6,val
f036e1cd27c33d4a,1,test
f03f664130c158df,5,train
f04056ed2b1efa76,6,test
f042c5be71381816,0,train
f042eacda9b5ccfa,2,test
f04577424f4fc82b,1,test
f0493d164449aa63,1,test
f04a4a52067ea60b,3,test
f051cdeb9ea48fd0,7,test
f052350fb82d9625,2,test
f05501eb1130cfa4,1,train
f055e14943a3cd56,4,train
f05af4c2659d9c38,7,test
f06489766ac7cbd5,4,test
f0661a45d0a46299,6,train
f06be1484dc627fd,7,test
f07181592ad4e9e5,3,train
f074a997fe4e9c97,3,test
f07ce755a3240768,7,test
f07da3bb664bf410,2,val
f08142a34f0d64ce,1,test
f085ab061d01e684,0,train
f0904ec7c2d3f076,2,test
f095f18aba80091b,9,test
f09cee715475b60e,6,test
f09ff7fff6442767,7,train
f0a0e0a095408dbd,8,test
f0a26654558b1a78,5,test
f0a401dbfb951b0d,9,test
f0ac90f274837150,2,train
f0acaa278d15375a,6,test
f0acbf102a4003a2,3,train
f0ad4dd41475a641,1,train
f0b10b1b03d43aa8,4,train
f0b6be723998f5b5,5,test
f0b7f7744c42dea8,0,test
f0b89f566b572345,1,test
f0ba026a6db90870,7,test
f0befebf5b6a94c2,0,train
f0cfc3083fd5abe4,1,test
f0d15cb88fe3aefb,1,test
f0e2089a04f5815c,3,train
f0eae5f52784c19e,2,train
f0f74629ddd6dc28,4,test
f10b13db3a2b6134,2,test
f126c1256fb1ea0a,0,test
f1319f5a0c4a60fa,0,test
f139933e7b6e5a13,8,test
f14d5a84e61d23d5,3,train
f1576e838ddf410c,7,test
f1661e0842c3a979,5,test
f177e9508987acac,9,test
f17a596dcb794cce,0,train
f17c8d7e3307659f,8,test
f1817a897bd83959,2,train
f181c19abd61f0e5,2,test
f1866f0c57569910,0,train
f18b2a8baff7bd20,3,train
f18d12c6c7ca529d,5,test
f18e4f0378c4d174,2,train
f18fc9e67c7ec205,8,test
f19cda197d858451,1,train
f19ebc501cfc7beb,3,test
f19fe47aac9fc4de,2,train
f1a392b326806fc2,3,train
f1aabc8981f7b850,5,test
f1ab2a607fef0d88,0,test
f1ad4518e1e8c725,3,val
f1aed0dcf4957608,1,test
f1b4e9480a74c9ae,9,test
f1b5c991c5a0d533,4,train
f1b6ce1852cdffd6,7,train
f1b6d45466b09a1f,6,train
f1b76a50b70d14a3,4,train
f1b7d06f607a5cbe,8,train
f1b9d2a9144276a9,3,test
f1bfd90eeb2dfea4,7,test
f1c3d940fcb6434d,2,train
f1c459721ecde964,9,test
f1ca60c63d301be6,2,test
f1ca70babd3841af,8,train
f1cd3c21d8b81b9f,0,test
f1d2ace93fcb85bc,5,train
f1e988c65209eeb5,5,test
f1ec66e1232e4b85,9,test
f1f297e3a8eb576a,6,test
f1f66505aa52fa7d,0,train
f1f920e7e76136af,3,train
f201258cdc23198b,7,test
f20af189ceec47ed,7,test
f20e7b6c5239c254,0,test
f222cb885f11610b,7,train
f224c974dd18a95c,1,test
f225e87a857e005e,5,test
f22def5142ac4ab4,3,train
f23744b0116ee073,6,test
f23d1b066875c1b3,0,test
f24c350b12c80b64,1,test
f2575e490d056036,1,test
f25ba0d29338abb3,8,test
f261e00ab9e89792,7,test
f263a67ae05ebfc6,3,train
f264d109a12176af,7,test
f27589a13f13d140,0,test
f276520a1a6028f3,2,test
f276ba5ba328fd64,9,test
f27763d740ffa386,3,test
f28a55cd915efd86,9,test
f28af4cf633ed884,5,test
f293c0b91375e645,0,test
f2a5125b19cf0e90,0,train
f2afea1aa29b6523,1,train
f2b62bb24487832a,0,train
f2d768376b4fe12c,2,test
f2d8dd13963194fd,2,test
f2db15fbf5949f55,0,val
f2e394bf96a21dcb,7,test
f2e473334a4595cc,2,test
f2e81f2c69d8165a,4,test
f2ec594f5e777eb6,6,train
f2ef990f9b421944,6,test
f2f1d9982e01361c,5,test
f2f32321d8b475e0,6,test
f2f33a2b34cad85a,6,test
f2f38d915604b06b,8,test
f2f6963e913692c9,7,test
f2f847fc60de43ee,1,test
f31013f9dfe28d2e,5,test
f3108447a3068197,3,test
f3167c0ace1edf10,2,train
f31fa546bc7d68dc,4,test
f3260dfd26884304,9,test
f340265776f75cee,0,test
f343c2900f37e5f0,7,train
f34a43eb7432ea75,2,test
f34b411ffacab20a,9,test
f350ee4e53aac5cd,9,val
f35a3bb10807fa6f,2,test
f35d10f1a70b3172,1,test
f3606a21f426cf70,5,test
f363f0f6716c290e,3,train
f3642a5cd6403332,3,test
f3673f6ef7cf70cf,7,train
f36a0a8ac38f389c,1,train
f36e47b27ccdebfd,2,test
f3798218e18391d6,3,test
f37c9c86d0eb0f63,3,train
f37dcae1eacf4443,0,train
f37e916abe51d3ae,3,test
f389fbe451d52740,3,test
f39136abde894236,8,test
f392cf222c5deed0,1,test
f39574fc70cbde79,0,test
f39ca64a1cfe5c57,4,test
f3a04200b1460e81,2,train
f3afa64ebebb0535,2,test
f3b02f60ab0b0690,0,test
f3b031970d163a4c,7,test
f3b18136390dc020,3,train
f3b413826c9c56c3,4,test
f3b5d4c270d15c19,3,test
f3b97bd4da66acd7,9,test
f3bb13f1fa4311d0,1,test
f3bc5fcdbab65ce9,7,test
f3c6a8926770089f,0,train
f3cbf135832c941d,3,test
f3d22c3c0c35d53f,3,train
f3d76954d84a8886,2,test
f3de11a2096f64c8,9,test
f3df9aca3e2f163b,6,test
f3e222b2024ac465,5,train
f3e3aa830a30056e,6,test
f3edb7ee64903c1b,4,test
f3f00625005134da,4,test
f3f4dc0892ec2b8f,3,test
f3f6bebdcc706732,4,test
f3f7bc5815a028bc,1,val
f3fa10d366ffa185,8,test
f3fc7476920b4d70,0,test
f402cbc3633e4dd7,6,train
f407724be86ee06d,2,test
f409c77f9f1ddc59,4,train
f411cf6eb7ccb838,3,test
f41200e0fe3a6792,3,test
f415246796f7106e,5,test
f41618f1d1c6fa9d,4,test
f417117525b3dc77,5,test
f41e3ff88069eec7,7,test
f43ffd3e8ac22678,1,test
f44786dd6120f5cb,9,test
f44f26dbb76aaf63,2,test
f45c15fc7adf105f,8,test
f45d0d90dfb328c1,4,train
f460938f046a2034,2,train
f46adb0e9a8172a2,6,test
f46f52dfd2f51468,3,train
f4744f824252b975,0,test
f47945a3cf9074c7,7,train
f484c31d23597370,9,train
f48879a08bfd29c4,6,train
f48897d39ec569bc,8,test
f49085f4feb1e94b,5,test
f490ed91bf1ad2b9,6,train
f491af96679631c9,9,test
f49849179f197166,0,test
f499c308b1f6a2b0,3,train
f49d04706b2e665a,7,test
f4a1ef6b1b238ebc,4,test
f4a289bc0117671c,6,test
f4b02c8278c034ff,3,test
f4b8a4f0be5bde07,7,train
f4bce6867e2e70cc,1,test
f4c6f346cdf0a5ed,0,test
f4c80ccd3c115ae5,0,test
f4c8ad5c501c0cff,5,test
f4c9b1c13c3f5e08,7,test
f4c9e2aa2f0dd5f0,1,test
f4cea31db75bc920,0,train
f4d7c562a249f254,1,test
f4dfa17a5853724d,4,test
f4dfdf6a7d135d77,8,train
f4e4fdeaddcbf0ac,2,test
f4e542f3f18f1077,6,train
f4f30d6864bcaceb,8,test
f4f68d476e6291bb,9,test
f4f7fbceb2da1b49,3,test
f4fe1fb96be36198,0,train
f500e7e4d7b5d281,0,train
f5044ff9a7dd0370,9,test
f5055710f39f2442,8,train
f513dce213478487,7,test
f518a4f6317df5ec,5,train
f51b31dd54d4a57c,8,test
f51bab508c8ad02b,4,train
f521c5daef9da8df,1,test
f52f120f47a695ec,9,test
f530db9ca694a262,2,val
f53954989cc2736d,5,test
f53f6ab6f5ac0488,6,train
f54a54728f8b6066,5,test
f54f6c4fc5eb72d6,6,val
f5556ab72c7ace49,8,test
f555f3005f9822e3,7,test
f55b687f7d9c22bb,1,train
f55bde71af1a2ef8,7,train
f563d34dbe0f82b8,0,train
f565b441e5cffe92,0,train
f56766bacc87d831,4,test
f57b09b28e5f95c4,6,train
f584b2b1b6b80c43,0,train
f591c13323457d97,4,test
f59ccd6ef9aa177f,4,test
f59e80c2d6183bc3,6,train
f5a0f56c7eff734f,7,test
f5afbcede015ae35,2,train
f5b396d332939638,8,test
f5b9bd8d9b564ec9,4,test
f5cd1d9bbf1830c9,8,train
f5d9e343efc9f725,0,train
f5dbd702f09271c6,9,test
f5dcabdb8cc0f5d7,4,test
f5dcd88218ca651c,1,test
f5e462a572bdf317,8,test
f5e52f568696e42a,0,train
f5e5ca2d85907c5a,3,test
f5eebd007f08ec20,2,test
f5f1713cf0cd603e,9,test
f5f2a0ca9b1fa018,4,train
f5f5727a38b668ad,8,test
f5f5dd1c8a1f1309,8,train
f5f68db40d4d406e,8,train
f5ff0f24029e1d2a,4,train
f5ffd0e4542846c8,1,test
f6097396bf67b751,6,test
f61ac0863233f8ab,0,test
f622d0bfb551755b,7,train
f627d7c628421640,8,train
f6298d579d141bc2,7,test
f62ca05a8d18243d,7,train
f631603f0ded43e6,9,test
f632305e5e55b050,7,train
f635b4b9c3063762,3,val
f6426579fd5de77d,5,test
f645cd4622ecd359,8,test
f65009acafa91194,5,test
f65be13a17f66fe7,6,test
f65f5ce173a78406,9,train
f661a80711b77b4f,7,train
f6679613cdf6750c,8,train
f6689727068e982b,5,train
f668cb4920535ea1,0,train
f66f61283529e562,2,test
f677ff2b45eeb550,9,train
f6791277555dfb47,0,test
f67ca64a60ce0558,5,train
f67d08e597409a7e,3,test
f6821862d0b02c69,2,test
f688459a814e1f75,5,train
f6892fa6c9d3fa51,3,train
f68fe6e999fb64e5,1,train
f690502bda1e7386,7,test
f6941da847180d31,4,test
f69538c12003f9d3,5,test
f69ef668adb476e2,3,train
f6a0e74e89af627b,2,train
f6aa966310d341b7,7,test
f6b5a5f45c0c13da,7,test
f6b81c7ce78fa5ac,1,train
f6bcbdd255031744,6,test
f6bd1dc244ef39fd,1,test
f6c9ee5bc2328f5e,9,train
f6c9fbeb14bf65fd,7,train
f6cd3e258c2166f4,6,test
f6ce979761022dd3,5,test
f6d17ba188630d5d,0,test
f6d411dbf6a37937,7,test
f6d6b5ca51c7c29a,8,test
f6ddd876a0bbe47e,9,test
f6e116506c179bc9,5,train
f6e15a7b36e54bc1,0,train
f6e176c9b5acc5cc,1,train
f6e57db8a96e5acd,1,train
f6e9ea15de13ed9e,5,test
f6f774f334e1e622,4,test
f6fb0643fb2ce832,0,train
f6fb562fb0c2b1c4,9,test
f6fdacfa06f96990,8,test
f6ff65f1b8bc309d,3,test
f7072294af1e0df5,8,train
f70bb541177959e2,6,test
f70c171610c0c282,1,train
f70d06eb6e2c7d40,1,train
f70e409aa479e1eb,5,test
f711e27b14a47096,2,test
f7124bb275aa13ba,2,train
f715176a1ae8607b,8,test
f7182f31d21cad1a,7,test
f71b95c7a9b52eef,2,test
f71e6f21abf4b92a,1,test
f72d8f6b63e9088b,5,test
f73b736802e04e7f,2,train
f74a6234eff967cd,9,train
f74b9f56a731953b,6,test
f74bb7d5ac5aed1a,8,test
f752af745eecc01e,4,test
f755c7c22a546845,1,test
f75765a791907570,7,test
f75e8d3e19621ee5,5,test
f76866b6b86cc198,7,test
f771ae3efdd930ec,4,test
f771e671bc5bc04a,1,test
f772518b42710142,9,test
f7731f03be9ec8bb,8,test
f77f7bdc8ab52f21,2,test
f78459dc1adf7f29,3,train
f78e1a45ccef0d20,6,test
f78ebd44fbf37f50,6,test
f7a3a6fe3ec87569,4,test
f7a661711773f7f0,8,test
f7a7c83a3ab38f4c,6,train
f7ae4a3dc1462279,7,test
f7b7f3804ad9c61b,4,test
f7b88b0397cbb61a,3,test
f7b8a0b1ec138be4,9,train
f7bbf8b1eb783740,3,train
f7bd21c057bd6758,0,train
f7c05b27d1728205,3,test
f7c117abaa5cc25e,5,test
f7c5a2f7c3ccac42,2,test
f7c91b374ed3762f,6,test
f7d04f4f9110ffcf,1,test
f7d40369cef48476,6,test
f7d60c05552fa2e8,3,test
f7dbb700662f6e30,0,test
f7e875c87e09a29e,4,train
f7edc5b6402685ef,7,test
f7f425bb468b0249,2,test
f7f533329718da67,1,test
f806f8e4e2f8b2a0,3,test
f80891003427e51c,7,train
f80e5c965792eff2,4,test
f80e83f52d0f356f,0,train
f814be1630abe423,8,train
f81655da5d7d409f,0,test
f8183e4358e9061a,0,test
f8192a3bbd21d09f,0,test
f81fa9901c5975d3,0,test
f822518c14755914,2,train
f829a1243e414cb4,8,test
f83afc9e94043539,7,test
f83f69cb5cdaff92,9,test
f843fcc1acdcb103,5,test
f844827d684df8af,7,test
f84ff386cbd78105,1,train
f850d01617a1b578,4,train
f857a01e0a9176f3,6,val
f8594caede149bdc,0,test
f871eee8a78740e9,6,test
f87815bf718dcbb4,3,test
f87d65cefdb20a86,2,test
f87d90e0dce05036,4,test
f87d90e57f7168db,9,train
f881cbdbc7278071,0,test
f88d11492e03f347,1,test
f89eaf1ad238e6b8,4,test
f89f22ec9b13b4d4,9,test
f8aa5f94c2c7e895,0,test
f8adb8c4483cd2df,9,test
f8b7f5c6e8a6501e,3,test
f8b8b4a8dc0bbaba,2,test
f8b93d65567756e4,0,test
f8bba5737b33bc68,4,train
f8c0f1963b5f82a8,0,test
f8c719a9b936c234,7,test
f8c9a4587e1b49cb,8,test
f8d632e5b29eab70,5,train
f8de237ced3ef65a,2,val
f8de7e812ce58d4f,9,test
f8dfbceb6677a029,2,test
f8e407617703694d,8,test
f8e70946c38b34ff,4,train
f8e714bb8765f2b8,5,test
f8e80df315ee3ed9,1,train
f8f9785bfadc0ef9,9,test
f8fa6a15f444ac04,3,train
f90635b9dd44495f,2,test
f90be8eb10664b77,3,test
f9234c27abb2c46c,4,train
f9362387d7807ef0,2,test
f939cc31a45e27f2,9,test
f93a022b3880cf21,3,test
f94092d905249d27,7,test
f941ea299f725dd1,2,test
f94e60644414eb24,5,test
f94f4e3b7f2af5f2,2,test
f9502d1c862565d3,0,test
f95bf8287a35f14b,8,test
f95cd0f61b0c2bdc,4,test
f95e491331f0070e,7,test
f968e2f0ee88d5bc,8,train
f96f6e600ba421bf,2,train
f970031e775c1584,6,test
f9746e3f3612c946,7,test
f974f26d4d71580e,0,train
f978d270004ca6b3,0,train
f980c23aa1a3f924,9,test
f98297f41c039015,7,train
f98b58e0cfbafc54,3,test
f99310b4ef991d70,1,test
f993efe055ccc9c8,3,test
f99931b7a3fea7f3,5,test
f99b78c7c61c1207,3,test
f99e177a05ce91ad,6,test
f99f992549cfb0c1,4,test
f9a6cc6c62b208a4,8,test
f9a9e997b1cd9483,1,test
f9aeffd20083889c,9,test
f9b866f357c0786a,5,test
f9ba1b75335f0336,7,test
f9c0ab8b7847b589,0,test
f9ca485b4a233461,0,test
f9d5aa12f9c56ea2,8,train
f9e1dd2579964e50,1,train
f9f54ef648328b43,8,test
f9fe2f6de8672bc2,1,test
f9ff71e360e493ca,5,test
fa090daee11a4957,8,test
fa0c564e38bdcd61,5,test
fa0d6f140fb390ce,2,test
fa10e2be8269f1ea,2,test
fa20f78e6508e2ed,7,test
fa283756f3bae3de,1,test
fa29dfe13fa79ce9,7,val
fa3075f220a5554c,3,train
fa3136042f0e4449,8,train
fa35972ff9ee40e6,9,test
fa37794a59120709,1,train
fa3ae5a141fa6c36,4,test
fa42ab19dfa457d9,7,test
fa468827de207422,3,train
fa4847a8a98ac912,8,train
fa49709c630447b8,4,test
fa4b68f87f4b390c,2,test
fa4da8929155e8e1,0,test
fa5821d1534a418b,9,test
fa58d380578c49ad,3,test
fa5d2c317b086a5f,3,test
fa713ca25f7d3ebd,6,test
fa772e7cc143a110,6,train
fa8237c6c35788df,9,val
fa899c7e1228afe7,3,test
fa8f7cef57df907b,7,test
fa921661455798c3,1,test
fa9440487e8bbf73,1,test
fa9a281d14c41677,0,test
fa9ee81b5288e0a4,4,test
faac5c5fa8636a4f,0,test
faae7fed5e1f6878,2,test
fab17ac7c515c908,5,test
fab3087f18d7fd7d,6,val
fab606e2c3ce82cf,0,train
fab796b430d32467,3,test
fab88208af9e2f26,7,train
fabbc04160879db3,5,test
fac291702d58642e,3,test
fac553ba02f6be63,7,test
fac5fbe6b0f3f60e,6,train
fac8d08aa6f18eee,0,test
fac8f72f528e0a4f,3,test
fac9a8ba1b28983c,0,test
facfd352e8bb6522,6,test
fae053451fc73c51,7,test
fae0fda3d2a0f150,1,train
fae3cc1269be13d6,2,train
faeb4ef1836bd37c,2,test
faf00be5cb484699,2,val
faf38d92853592a1,4,test
faf6861b020fb200,6,test
faf970750186f53b,9,test
fafa1256fbd32f02,1,test
faff28cdc0bad731,5,test
fb06ea0c444df104,9,test
fb0ce5664c3f84d1,9,test
fb0dba99f26c61d1,3,test
fb0ee3e953d0fecf,9,test
fb1aa796ebc2b4c4,2,test
fb1c555ffcef0bf6,2,test
fb208a7fd62c2f78,3,test
fb2212b91df6f1b2,4,test
fb22a978278fe2c9,0,test
fb2355055a6de607,9,test
fb29375b0703866a,2,test
fb2d593f6302a61c,0,train
fb2e0adaf39f8a43,5,test
fb2e4273e75c44aa,4,test
fb302468629ef66b,1,train
fb307fa493e30cd8,1,train
fb3d9fd38df83778,1,val
fb435ef8f6a3dfc0,9,test
fb4383a7eb245060,4,test
fb44ef68732bf6fc,1,train
fb49321e5fe1c389,4,train
fb5df2b9b49a128a,0,test
fb61c0924ee9b995,2,test
fb6ed8daf51bff6b,1,test
fb79c4758f48fd18,4,test
fb851bcef36a68b5,9,test
fb9a64fb39129c88,3,test
fb9b2ed23cfa238f,9,test
fb9efa070d6726d0,0,test
fba2d65000dac55b,8,train
fba419c73c5500cc,5,test
fba65875819fc5dc,2,test
fbada4e138a0862e,2,test
fbb653d83cbad3e0,8,test
fbb92c55b0d05579,5,train
fbbd3bd1f96f1270,8,train
fbc04751edeeb8d1,8,val
fbc143c92249a244,8,train
fbc28a2e8f9236e3,3,train
fbc844a66e317f9f,2,test
fbcb657e571a0c54,4,test
fbd585d786fa3a7c,9,test
fbd9ee1218116bf6,0,test
fbdc0425afce4d8d,0,train
fbdc8ba91a6d3e01,8,test
fbdce16b6126de35,5,val
fbe0c125c9706965,6,train
fbec6ec83d565f39,9,test
fbef0d3f5a5c3706,8,test
fbf147b844f014b5,3,train
fbf4c9a8c8780a1f,3,train
fbf69784cd30f21e,7,test
fbf94449027ee0a0,0,train
fbfd9c7fd0f17c75,3,train
fbfe8125d5557c61,6,test
fbff008ba183b03c,4,test
fc0026e033dd4b71,0,test
fc05c53d9aa4aaad,9,test
fc06ddcc597445aa,8,test
fc07270788948548,0,train
fc0980f8d6f8aeb9,3,test
fc1232ce59760748,2,test
fc1b8fa5c24baff4,3,train
fc1bba0d036c7912,2,train
fc23cc94c907405c,8,test
fc24d7da4f548e22,0,train
fc250002e7d0af01,7,test
fc2b6840e19965e0,7,test
fc2ebc691f121666,2,test
fc30838085e2dfbb,9,test
fc30f170c6db0c0e,1,test
fc334c2038fe9de2,4,train
fc377136b6c07705,3,test
fc401f357bdb2054,4,test
fc40c44790a5f0fa,9,train
fc42ed999ff23dbb,8,test
fc4542faf8a18770,9,test
fc49e61c284b4547,2,train
fc4a58c7159579d0,7,test
fc4d217809d548ce,6,test
fc50072fc8ff4d98,2,test
fc5a3361c709a950,8,train
fc618e258435bcf1,7,train
fc64c1dd3fe8185e,2,train
fc7174a755fe5b3a,9,test
fc72143881403962,3,val
fc73ac41ce7b199d,8,train
fc7538efecd25cda,1,train
fc7a7e87068f073b,5,test
fc7d1622051af617,8,train
fc7dd4ee329ee9c5,1,test
fc88e6ef6334cbc1,1,val
fc8afbbe64e8ac09,2,test
fc8f7425a25b6953,3,test
fc9059529dab6506,4,train
fc948dbd85398858,1,test
fc973a5e4d4e0ccf,5,train
fc992592ce3bb8a2,5,test
fc9939bb9493a281,2,val
fc9961d759d0b9ef,0,test
fc9c431f74d24c5b,0,test
fc9eee176384af42,1,train
fc9eeffb345d1ff7,5,test
fca9f77c2f2d060b,7,train
fcaafb101b367502,9,test
fcbc91be33778bef,0,test
fcbf67ae7adc00c2,8,test
fcc18c445a7df2b4,4,test
fcc4f5ff3ef7d6a6,2,test
fcc57d2771726ae3,0,test
fcc7a98c45cd53b4,6,test
fccc108c9336138d,9,test
fcd25e544a883764,3,test
fcda1321514f6e57,9,test
fce217a23c8a6301,8,test
fce2e37f917ccba1,2,test
fcf6553ea48fb5ee,8,test
fcf679af6f37dabb,1,test
fcfff6651603d992,4,train
fd038eda069dd31b,8,test
fd0865e89b0ab64f,1,test
fd0b1b48dfa70fce,5,train
fd0ce181a29f9a13,7,test
fd0df82022676840,6,test
fd0ed699cd3b74cd,2,test
fd0fe7242311ac1a,8,train
fd1d2d49140e0794,4,test
fd2060bd9251dafb,9,train
fd25b37bd0e8927d,0,test
fd28701758730771,2,train
fd2b7569358e0233,3,train
fd3e23757ae1198b,9,train
fd3ea303dab70e1c,7,test
fd40e693ac4c1d0c,5,test
fd410e3edb450e07,5,train
fd4571a3115aa844,4,test
fd4dd3aaf0a9efd1,2,test
fd50d835fb5526ed,4,train
fd52a225b38d9e4d,3,test
fd57b00e5b99725c,9,train
fd650522a3a4730b,4,test
fd65239e327077f0,2,test
fd66b4806faa320d,6,test
fd6f76eebbf8201c,0,train
fd799927e716bc72,0,test
fd83551bd3f629df,1,val
fd847340b657c87a,6,test
fd866e0675f60e0f,1,test
fd87cf38ade1c5cd,9,test
fd8835ca9ddc58e7,3,train
fd89a04ef9bf7eae,6,train
fd89e6bbe72bcded,5,test
fd89ed4f41d7e6bd,8,test
fd956f64490b34f2,7,test
fd970f7b9a9038fb,1,train
fda6983b98fa8707,6,test
fdae36495726304f,6,test
fdb015349ca1feab,4,test
fdb4967502f707d8,3,train
fdb7a9892fa51ea3,9,train
fdb82e5dd94ea352,0,test
fdcdbc7cee338159,9,test
fdd040b1de1089c1,1,test
fdd4297ad310ccb0,4,train
fdd5877403241f1d,9,val
fde1e3bf532bfbf9,8,test
fde250c7565f7aba,7,test
fde2d6f11d1c20d6,9,train
fde4f9b80dc02b41,6,test
fdea097a2f92da05,6,val
fdf58b64c020a08b,5,test
fdf8251b3e0c572f,8,train
fdfd353c2ed6cae7,0,train
fdfdf6738fb6e564,7,train
fe137532356e273e,7,test
fe13c8b8a2c11ebc,6,test
fe13e1d330470839,8,test
fe1b54abd7c0638e,5,test
fe1d787d2bf8aad8,1,test
fe1f3bb584722b34,7,train
fe200b7db96a4565,6,test
fe2116bfe8b04c35,9,test
fe2541dd1b133175,1,train
fe25853b162ae6c5,6,train
fe2841f4914a99c9,4,test
fe2a18beef102fa8,7,test
fe2d1ae5dd2a7752,2,test
fe387f16b0645592,4,test
fe4bd47ab221e43c,4,train
fe4dbe08d987ac8a,4,test
fe4ecc02b6524115,1,test
fe5019a6ec2145d3,8,test
fe50c7a35e36bb6a,1,train
fe55128de2ec4fc4,0,test
fe581cf687bc79fa,7,test
fe7029489cbae941,9,test
fe74052f5a495cc9,8,test
fe7752fc662f373f,2,test
fe7cfdf0d0436d74,7,test
fe7d560cc0529de2,2,test
fe830dfc768e25e9,9,train
fe83e2f3b1537180,1,test
fe857cea657ff9a8,7,train
fe884577069b8dea,3,test
fe894ca6b8a79cfd,2,train
fe909375d64419b2,0,test
fe99726bae3de63e,9,test
fe9bf77454a3e317,7,train
fe9ca75dfc34a45e,0,test
fe9efd33b74559ad,2,test
fea33cc320454300,0,test
feaadb42ede7e251,2,train
feaddcb7ad5673cc,0,test
feb5d5e6a359c097,7,train
feb9fd48f03e5077,9,test
fec06a62cf37d9e8,8,test
fec106fac87bae8f,4,test
fecddddc2088dbe3,6,test
fed8be342120e8b8,7,test
fedbb6d5ad103a75,4,test
fede52fb5d3d482e,1,test
fee5bdc377b5d6c5,5,test
feebe2dd5f00ad89,4,test
feef660c6179ba7e,5,train
fef161f06dab3ddd,7,train
fef23e98523577be,7,train
fef5696f5e3651e7,1,test
fef9344e571d3ee1,7,test
fefa77b47c612846,5,train
ff00ebd0f8b123c0,7,test
ff042d68ad4721fc,1,test
ff05e566194337ab,9,train
ff07704e76520929,5,test
ff0bc60718515d4a,2,test
ff164f35962fdd46,1,test
ff19529fa0938a48,7,train
ff1a7fd459b3d201,2,test
ff1dc8c09dc72bf8,1,test
ff1f0416c0b8e35f,4,train
ff20457a1072b947,1,train
ff363923ffb50dd5,1,val
ff3833609d9bca5d,6,test
ff3ba408489adba0,1,test
ff3fe0ebc65f4cac,6,test
ff40d7ac84f44dfd,4,test
ff418fbdb6bf3978,0,test
ff45e92d5e01c2f4,6,train
ff4c6792240b87c8,2,test
ff4cbd2943745097,8,val
ff4cd19d82da154f,5,test
ff4d4166504098b8,1,train
ff51275ebe4d5920,3,test
ff526284e3c6e5d3,3,val
ff557692eeaba56e,2,test
ff5eae656742a5de,8,train
ff6018fe2aeac26b,1,test
ff61466cc5cd50e1,9,test
ff6f712a36e0cfdb,7,train
ff7666500dd4affc,6,test
ff787cacc19b5666,5,test
ff7bda5e4c7c9862,4,train
ff7fcabd8a481243,8,test
ff87bd5e2290bef0,2,test
ff888e924fcf4eab,0,test
ff96a070d1bdaaf1,0,test
ff9cd3687aab7cbf,7,train
ff9e62f6de4b948e,3,train
ffa0053c954cf0d3,4,test
ffa2ecede6a35d9d,2,test
ffa5332cee6257eb,0,test
ffac411b0002a1a4,4,test
ffb223601d9d2201,2,test
ffb44b3033860520,3,test
ffb4991546f50d96,4,test
ffb643d4ddbb4f96,3,train
ffb8b22bab64b5e4,1,train
ffc49e344b79eccf,0,train
ffc98243d0f9ae71,9,train
ffcf9d092eb871ec,3,test
ffd1e3cc0330cb15,0,test
ffd6036b34bc2fe8,6,train
ffd949ce855f87d8,8,train
ffe58a51e564c3a3,4,train
ffe7808736e2f0e4,9,test
fff1271297f2cd09,3,test
fff48dd23a17a915,6,train
fff741e2f57d48f8,0,train
