file,rows_sha256,rows,run_id,system,bw_ratio,train_seed,test_snr_db,classifier_variant
g12/000-learned-r_1_6-c0-snr-08.own_task_head.jsonl.gz,71b29934e8322cb19eaafbea64b730513f7ff218e58e19096573f9a9c0c1228e,3925,0c9fd926c7c312b8a3567a1acc9d810efd9038eae775e0591338b6e150ea0529,learned,r_1_6,0,-8,own_task_head
g12/001-learned-r_1_6-c0-snr-07.own_task_head.jsonl.gz,dc9eddc7fb50d3b9a7275235d167fa3b67df4922e1189d4b1860007789ae7690,3925,5969ed700cb72bb59eb614e87537986022491e4ae6ff72555ca763386438966a,learned,r_1_6,0,-7,own_task_head
g12/002-learned-r_1_6-c0-snr-06.own_task_head.jsonl.gz,146b49b586e1bdce239a43e84d55f508449034630094e39830b0baec78fc5744,3925,d7b0fa06dcbe594c0bba6515cf2d1d6daebed51334d30f18daf81028d5c7eb68,learned,r_1_6,0,-6,own_task_head
g12/003-learned-r_1_6-c0-snr-05.own_task_head.jsonl.gz,a681b4f6781e97e20c772e9abed34a4fddfff6ade0e6da7672c545e5c12b0a36,3925,bef73ba0d01770cc60506d42e2ebe6f10c11bbf741426484f698fc1cdc59048e,learned,r_1_6,0,-5,own_task_head
g12/004-learned-r_1_6-c0-snr-04.own_task_head.jsonl.gz,e30d0482b1656383215f9f2adc1d3e6e777d3d6b07d9fa2f00d872c9374a196e,3925,073abc2252215028c4428e507372100b698c9b3b58908b4deaf86b0dbeb9bdf6,learned,r_1_6,0,-4,own_task_head
g12/005-learned-r_1_6-c0-snr-03.own_task_head.jsonl.gz,9330fd258f53b218fecb7d2b58c22cac740647f9096081942744ad7acc11643f,3925,333b57897e4838004a54016e6357dd8ef5b571201ca63d2638391cc0c7b03992,learned,r_1_6,0,-3,own_task_head
g12/006-learned-r_1_6-c0-snr-02.own_task_head.jsonl.gz,80c66bfb2941fd04e5be74a6b701a4cd63bbc358798e04b1dcc54606003f2b91,3925,c876bd6c8eed485783cd7f4f722f8581d01a83467887c02d14713a73b32f79c0,learned,r_1_6,0,-2,own_task_head
g12/007-learned-r_1_6-c0-snr-01.own_task_head.jsonl.gz,26b988e2af4835c29f8ccbd575669a78672c3a4871798d6eed630a74a1e7330d,3925,f27959917b2284af58eb9a82f335ae8c4bbdff6710191d54f9f04afdcb8d5173,learned,r_1_6,0,-1,own_task_head
g12/008-learned-r_1_6-c0-snr+00.own_task_head.jsonl.gz,062ac00d6aa007ed7956c73a9a8ee8352732fb61e49a5ecf8858d56f5b91f912,3925,207d61625adf3b2479d81400855eae05c396b0ba0a400dd2a721cbcfc92c866d,learned,r_1_6,0,0,own_task_head
g12/009-learned-r_1_6-c0-snr+01.own_task_head.jsonl.gz,a8172f4e2ec857b2effe96e3cda15b7b63e7de7434ce022c3f34f42b74f0ef29,3925,6576c2b41e30b10c459bf5794b4b6e590fefbc9e981fc740168b8e011ecb2744,learned,r_1_6,0,1,own_task_head
g12/010-learned-r_1_6-c0-snr+02.own_task_head.jsonl.gz,f49d3b20d5b03307de0ab66d06e8bf37cd449a6ccaf321781de4ac400b5eecd5,3925,fc335aef86107d886c61d0f73e5a27bc013c1825a917f120cdb26e509ec39cab,learned,r_1_6,0,2,own_task_head
g12/011-learned-r_1_6-c0-snr+03.own_task_head.jsonl.gz,b81044d529d0a3a53a20641c566a54a18e3ee5971dfe4b4fd2834d43a8e5c614,3925,fe21743859827b688d3a847146a2e1375d2f3f8f5b80c677dc3881845d98fc85,learned,r_1_6,0,3,own_task_head
g12/012-learned-r_1_6-c0-snr+04.own_task_head.jsonl.gz,737a0c49d59e148e22342e5a9a080d42d03ddbb9471d145717a9c416c70f0e99,3925,fcfa698671d38bb2b3770384a3b1e58add351b7623b7b913b64f3e8c8ed7e14c,learned,r_1_6,0,4,own_task_head
g12/013-learned-r_1_6-c0-snr+05.own_task_head.jsonl.gz,60e4431d35211acee5a3bc7ab90428a8ce8bc749f8013075e5b8db0d7c76eee9,3925,9871094352724ed81807e8e9b231cfa400ca1692883cb8e238f5b6b3b7b64953,learned,r_1_6,0,5,own_task_head
g12/014-learned-r_1_6-c0-snr+06.own_task_head.jsonl.gz,e589f20a4ee6480eb6503c1d502827a7b5c44194e5eb6f21ebfd61be111fd3a5,3925,72fea158ee71c01f5fa7dfae9217a98c55aa8fcb7034e41bb67517506c8e97f8,learned,r_1_6,0,6,own_task_head
g12/015-learned-r_1_6-c0-snr+07.own_task_head.jsonl.gz,df30536f3621a5509c8559fc8fdfd2972f87fd07b61ea5471792505795acb14d,3925,768e5d8bd1b2efff5a66398d8b760cc391e4c1c5bac56698094d973cce0bf50c,learned,r_1_6,0,7,own_task_head
g12/016-learned-r_1_6-c0-snr+09.own_task_head.jsonl.gz,73da458dd0d3cc6d0d0ea795046195f610818879a66f1e31d6b27c1815d008e1,3925,75c5f276b6e14b4423a71d38c8d704b703db0927580a54a7bd225d95a41973ad,learned,r_1_6,0,9,own_task_head
g12/017-learned-r_1_6-c0-snr+11.own_task_head.jsonl.gz,ec5862f7fce6aa0ab1773d093482e575a2d58569b4239d722066e6a1cd28dde7,3925,0611c03da270d77fcc6a467482335b6ba22785ab9a9650f0a08e1f8a16cc685c,learned,r_1_6,0,11,own_task_head
g12/018-learned-r_1_6-c0-snr+13.own_task_head.jsonl.gz,4e1b57c4b4925440c61fd382a0b85152320638bd01d03759680018b3ca658089,3925,626397064e561c780b7b0c4b301bfcb69375ac92a49ce7a4757108f665493566,learned,r_1_6,0,13,own_task_head
g12/019-learned-r_1_6-c0-snr+15.own_task_head.jsonl.gz,23c6826dec074037d1818d7b287cf66a871b93fd730e853f47070991c208dd3c,3925,16022a7bd8db6d6d3427127eaf214afb64af049c47e6b10b25b0d626a345e99b,learned,r_1_6,0,15,own_task_head
g12/020-learned-r_1_6-c0-snr+18.own_task_head.jsonl.gz,0969de01d34e807e42199e7a8d2fdf0e82f4f0a01afe859bae096c131c9b4b61,3925,600391d8c563d2479d8ab90a9906362170b2f8d49f911b4b3bd88e7cdf0accab,learned,r_1_6,0,18,own_task_head
g12/021-learned-r_1_6-c1-snr-08.own_task_head.jsonl.gz,3d597f8bf09b18e8615e776e94473c19743a084ceb44515e700cee07f7e5dc91,3925,80610de9ad044cf8f1d93b4809d7336e4ea8fa9ae072861d1d06d3c64a0f5ed8,learned,r_1_6,1,-8,own_task_head
g12/022-learned-r_1_6-c1-snr-07.own_task_head.jsonl.gz,572e82342def486c59cb4811d5bfc2fa37af266c12b58f7f6571f14654926dcb,3925,bf62d25f164d3edef68f945e2981a6aed62a337277012587d1c6db0c794d5181,learned,r_1_6,1,-7,own_task_head
g12/023-learned-r_1_6-c1-snr-06.own_task_head.jsonl.gz,f7f9c889d1e6295c51da3aec7644843c8b9015a1daf61c88865d9c5d0e541287,3925,fd46277195b2ce36b0137f725e6120abf7d1727ce73c711ad730ca11b13213b6,learned,r_1_6,1,-6,own_task_head
g12/024-learned-r_1_6-c1-snr-05.own_task_head.jsonl.gz,d6f1310889c0b9b3bb322dc859a1080b0772037831070f8c067ab06a63b2135d,3925,d1ca959a851892325acf6d62b5c7f96fc6e907a1bf17e47d1aeb0f0171137077,learned,r_1_6,1,-5,own_task_head
g12/025-learned-r_1_6-c1-snr-04.own_task_head.jsonl.gz,390cb219fe22f1c7ea6c9d3f952249490da8c584c424af8aab1610e96cb7b807,3925,0cc87c39802cfc6a6fe9e8e2617da9547a8463dbf8aec1431713962d80f9eba5,learned,r_1_6,1,-4,own_task_head
g12/026-learned-r_1_6-c1-snr-03.own_task_head.jsonl.gz,6e048638b99330f40668c385398e35ef9d9d2500e038d4748aa37559f36c9c90,3925,a8f8d81b0d3a88cb898589de641363760878878ef4635350efa688f971a88592,learned,r_1_6,1,-3,own_task_head
g12/027-learned-r_1_6-c1-snr-02.own_task_head.jsonl.gz,47634f5c5502a3a5ba17772ae033325dad96448399e32f9ab562825b09742935,3925,5563b5783e359f016baa4ea7cc72ae5546053d26c07768cef8f44ac0a9be0656,learned,r_1_6,1,-2,own_task_head
g12/028-learned-r_1_6-c1-snr-01.own_task_head.jsonl.gz,be23c01470231768c85751ceca2342708e37ccbf916f320a3bac50803b05e662,3925,680054994fc79c8076a38d38d8ac29e45c7f89ab6b80603956c81d8637b6ba4e,learned,r_1_6,1,-1,own_task_head
g12/029-learned-r_1_6-c1-snr+00.own_task_head.jsonl.gz,3d3d5ce8016f8bb4704f14f848e43d87412e3eaf4fe69c35664eb97cf32caed1,3925,9f1dbdd33a81d5db86fe97c76eaaf0a8f8d3a38b9a6c1e15b2d9dd2c143c92e7,learned,r_1_6,1,0,own_task_head
g12/030-learned-r_1_6-c1-snr+01.own_task_head.jsonl.gz,385974e250eac55130555fb315e3988c466e03ed2cb1319d0f15001bd8d5836e,3925,dc95d2a290ab184febf8083b7ebf190ae0df102fb505ff3ade04c0bdeac97be2,learned,r_1_6,1,1,own_task_head
g12/031-learned-r_1_6-c1-snr+02.own_task_head.jsonl.gz,e0091eea1334cdebf733f3da10242c5b5730af5deaf975ba90e518791f04801e,3925,cf4367160ee77610daa3f0d352e82e79768d2d38466d45413d3bac21f468be8e,learned,r_1_6,1,2,own_task_head
g12/032-learned-r_1_6-c1-snr+03.own_task_head.jsonl.gz,4b44098ec1a7289e2df28858139275d002510365956d7fb0a12441022375be15,3925,dc3b92d1658443bcd7befc7689059c496197ac6f76c5a52969f1e036c2bed13d,learned,r_1_6,1,3,own_task_head
g12/033-learned-r_1_6-c1-snr+04.own_task_head.jsonl.gz,54f2c596009a290e7eb5779cd187daaa1ef29e7e4b9ff99725b13406aed2e153,3925,eee9d8ab0f32456f7cf150d56b083b927bb251d01a67aa9a03d1617a781560c3,learned,r_1_6,1,4,own_task_head
g12/034-learned-r_1_6-c1-snr+05.own_task_head.jsonl.gz,01274432e7967cd418f14a323a2aade79a3baff591ffc0eae56cea894d588216,3925,261cb2fcfa3b65ea34565ff06f88d9ed419061318fe55a52af56351d136065b5,learned,r_1_6,1,5,own_task_head
g12/035-learned-r_1_6-c1-snr+06.own_task_head.jsonl.gz,1c86ec3c60ba9cac0d8fd6d227cf6e14abe7d7c3f78a6315dd0b55cad6ba4fb6,3925,b12269c62d3cf1b86986b9118d0446a95dae29d7e7b067b98a2df903dcbfe56c,learned,r_1_6,1,6,own_task_head
g12/036-learned-r_1_6-c1-snr+07.own_task_head.jsonl.gz,feaafaecad87100eddf32efe69675bc814bc44e9b7eea32f58579e684670b564,3925,554639603c4f910b8892d1a5d614d2aafa28c6c738b33d98709fe1a477cbcfa1,learned,r_1_6,1,7,own_task_head
g12/037-learned-r_1_6-c1-snr+09.own_task_head.jsonl.gz,a44aa2c761790e28f806fb1b8e144ed86b026eebe78c858f1341dce1cfba70db,3925,934ed7383ad4c08a4607234966382bf16caad97b62432a8137d49141dbc3257a,learned,r_1_6,1,9,own_task_head
g12/038-learned-r_1_6-c1-snr+11.own_task_head.jsonl.gz,ca127aa9cb6ccb426a1136fe6b62bfcbf699147872aca070544c9743d2342183,3925,993386992ba232452457ee13a156a67b94eb6adff09d8a0bed98edc63c4c6393,learned,r_1_6,1,11,own_task_head
g12/039-learned-r_1_6-c1-snr+13.own_task_head.jsonl.gz,75ffde5f9b889e1e35a46b65ea2831ce45cc7d03db334968b9c05b70a1e307d8,3925,f8fc8a3f7cc6fa0943442d1d2c4adae17bdcf9be9f8261514d8cd38c88b2e0a7,learned,r_1_6,1,13,own_task_head
g12/040-learned-r_1_6-c1-snr+15.own_task_head.jsonl.gz,1650d734c3526fec4d0e195feb8db810d249808fac732267e70ca7285b5c3c4c,3925,2c99dfd7296c765f29afed82a39afb9a08747a36d00b24aeed59a38218ad5b12,learned,r_1_6,1,15,own_task_head
g12/041-learned-r_1_6-c1-snr+18.own_task_head.jsonl.gz,7c79d62d3c2a3bf351bd90e0e6e8f41d319c3289ce540f8a09201017d77bdda2,3925,48c2bd0044389d25a88c19c738f11a45d2ca3a6e91b3669489f3b9946a462543,learned,r_1_6,1,18,own_task_head
g12/042-learned-r_1_6-c2-snr-08.own_task_head.jsonl.gz,f47d8c702950c266b1f817723915fe7ba9b0db26ce890b79eee06a9e1a4a8556,3925,efa7dd3872090e4c28bdd66434c7e12e16b5c0b472273ce6422a70233443bd75,learned,r_1_6,2,-8,own_task_head
g12/043-learned-r_1_6-c2-snr-07.own_task_head.jsonl.gz,e741898eb263b4af9cc0ca88f3e71fa33ffe815788774b21ff38f84f76519bee,3925,08344b8a367a035bf5f46da06352512ed5ff417917cbad20d4d24fd7332f4b7a,learned,r_1_6,2,-7,own_task_head
g12/044-learned-r_1_6-c2-snr-06.own_task_head.jsonl.gz,81ab1282d24be17481fd93829ecbcadb468c8104ebe2c4cb4e48834ef053a212,3925,e3a0ab1e3ecbe81779ac0bd053c1e3c81dbeff5bdd5e482a4ced0aabca2af3b6,learned,r_1_6,2,-6,own_task_head
g12/045-learned-r_1_6-c2-snr-05.own_task_head.jsonl.gz,dcbc8cab509b347292547ae4398d2e772fd3e294ade53103e3619c1473007abe,3925,0e8a195dd617a5aaf492b2507f3a136b580d7f8cbc5da90a313a13b3df17dc75,learned,r_1_6,2,-5,own_task_head
g12/046-learned-r_1_6-c2-snr-04.own_task_head.jsonl.gz,42dab1f6559eb9ee0973c45226f3f31822d322945055a3d9921f278b80367f13,3925,4afa8e53d95833fa67788f8a0f4f3ce3afca3408cd6993daeaef21976bc253f3,learned,r_1_6,2,-4,own_task_head
g12/047-learned-r_1_6-c2-snr-03.own_task_head.jsonl.gz,139de7ec3cc03740beaf4a387fd7e3a8a5e30c8711f1cd8a9973ce7ebc45eba2,3925,c3d7f63fde19771dfd65315982e0ee25979c2c0e0805477c7d6f42bcdc001c60,learned,r_1_6,2,-3,own_task_head
g12/048-learned-r_1_6-c2-snr-02.own_task_head.jsonl.gz,25b140d3e0f972d45b6e85056445b8b609176122b81f2393e9b9ab3d36783a9a,3925,a19b769654e94b6e2306d6f5bfdfb8c05f575d6085208f2c1773b7398a0a0faf,learned,r_1_6,2,-2,own_task_head
g12/049-learned-r_1_6-c2-snr-01.own_task_head.jsonl.gz,4374b56993671bf6189a9a812f3e5a1fa1eeaf82eccc42d99a72bff14da63979,3925,075ec5922d36c9d503747b3a8c27b9ef1f32a2e473c728104926b4fee46b651d,learned,r_1_6,2,-1,own_task_head
g12/050-learned-r_1_6-c2-snr+00.own_task_head.jsonl.gz,f83073d2ab663a919249789e4037787a92a9e6fd7472c03c9433cb87cce08aeb,3925,5bb1f44e99e49896296b711884c3295b2b765037fb3bc5f47099e74665e68386,learned,r_1_6,2,0,own_task_head
g12/051-learned-r_1_6-c2-snr+01.own_task_head.jsonl.gz,f51dc93e1c58d3899d42a0274374e61c9522b50d8f86f7cb647dd673a60fda69,3925,2d9dc98faf9f952ce93975781f2a7b73eeef9d393c6cb30a591c6bda3ece4cb4,learned,r_1_6,2,1,own_task_head
g12/052-learned-r_1_6-c2-snr+02.own_task_head.jsonl.gz,f21a37026bc94abdd8717c0cfc355e26ff9c79e59ad58540b7575eee7f297542,3925,9979017c0471334028a4cc427082364927f28772dcaac25de7dbd1ded91aee75,learned,r_1_6,2,2,own_task_head
g12/053-learned-r_1_6-c2-snr+03.own_task_head.jsonl.gz,55c1a3ba0b3765ef8e6cbcc7441bd8c909b2cb23f3632dacefe9aff1699207e2,3925,7523d5791fbf4b855cd76c05133850869da175c01d8b4cc025dbce81160e577d,learned,r_1_6,2,3,own_task_head
g12/054-learned-r_1_6-c2-snr+04.own_task_head.jsonl.gz,7630c1d8a3afc85e820ab0aa47949d96f98d875fdd9212db716c7cf179bda887,3925,bd86614b5a2fe3dc0fbd00027e44882c0887a9100df6314d464e003b7197a0a3,learned,r_1_6,2,4,own_task_head
g12/055-learned-r_1_6-c2-snr+05.own_task_head.jsonl.gz,824ad81cc3394c6acbb8a9620f193d7b8489b4c90d87120bef831a9e44aab1c0,3925,93766e1082825cfffa921798edd47aa34fcf92714d7758b65f2135ef982ed25d,learned,r_1_6,2,5,own_task_head
g12/056-learned-r_1_6-c2-snr+06.own_task_head.jsonl.gz,287393ce99705d5e0b6ca46d5352e6789495b19c8029468cb171f58c02d63572,3925,06b26fe3525df6ae7359be109b46e876de115bab11f6c017cb7580d76ab71c00,learned,r_1_6,2,6,own_task_head
g12/057-learned-r_1_6-c2-snr+07.own_task_head.jsonl.gz,dc2155e7a06c15764c3a887102ba962e19c39e5c28470729091717d8c0d1368b,3925,189ba023ac5026256790e972c3b77241a1cccaafc94802f5cd24fc8764df9d51,learned,r_1_6,2,7,own_task_head
g12/058-learned-r_1_6-c2-snr+09.own_task_head.jsonl.gz,c1e11805c28abaaafb5c874d1e656cc5cdc226bc8f44663a09d9c2c54bf6ef2f,3925,6b80f133a460cf41beceb08e5c4d508ac361bc88dc162afa1c459d321102377e,learned,r_1_6,2,9,own_task_head
g12/059-learned-r_1_6-c2-snr+11.own_task_head.jsonl.gz,71d07607fa37fd99271202105c33bfdd1ea72588c1777caae303680343697bd1,3925,9c467028db3020a228624b12346635921d0af573b1b9d37564754d462cb75cc8,learned,r_1_6,2,11,own_task_head
g12/060-learned-r_1_6-c2-snr+13.own_task_head.jsonl.gz,1c89d051fcb6cb1f212f6660a853f070541466dedc248ddd4645a140f966da19,3925,af5dac1ffe0623d248d4766242e3a67aa139af9279cacf326d01127a67f6cbb2,learned,r_1_6,2,13,own_task_head
g12/061-learned-r_1_6-c2-snr+15.own_task_head.jsonl.gz,f10b9c03a3959ed90a2b121bf60c18e9bd9f6ed0cf1751e5192cf859fc76faf6,3925,eb19808c6fb9acd201b0e9d8d2971d58d0ebf1f859b51d9164b522490cb8367e,learned,r_1_6,2,15,own_task_head
g12/062-learned-r_1_6-c2-snr+18.own_task_head.jsonl.gz,5495387cdbf4411f26de122f814ab231be9106823ecf07387faf27c93c4e3379,3925,c2b6518fc1935c0b81ddaf53662305f1682e6108a8955cf0f5dc1a2bbf9a9f80,learned,r_1_6,2,18,own_task_head
g12/063-classical_adaptive-r_1_6-c0-snr-08.artifact_finetuned.jsonl.gz,75f789cb4b4bad8561bbd96844c9239d930199aeb6fa9781cd88d4e9c030720f,3925,33ecb50c874f9e81f044f67ea52f5feea5cc5c3b23cb901ec5b6710c078e981c,classical_adaptive,r_1_6,0,-8,artifact_finetuned
g12/063-classical_adaptive-r_1_6-c0-snr-08.clean.jsonl.gz,5df71b5d649dc13cb912137d13f869ce0ce45f8eccb51aaaeb21659b5f2b7ae9,3925,8e2535b1cdc81bc05fdd87fa121ae5cb4d709f7c4c55f30c28b52409f80b07a3,classical_adaptive,r_1_6,0,-8,clean
g12/064-classical_adaptive-r_1_6-c0-snr-07.artifact_finetuned.jsonl.gz,b1012dc567dfdef67b3be81def9488ca9899c74251365cd58aa6a0df020729ae,3925,1756ab4e8fb68f8b89dbf6fafa8dd9206aac987e93aeafb5d604aad33f2777e6,classical_adaptive,r_1_6,0,-7,artifact_finetuned
g12/064-classical_adaptive-r_1_6-c0-snr-07.clean.jsonl.gz,72f068e0b4615f03fd41f4c2033d540739421d96219ba2c14c65be5f7448db4f,3925,6e002935de2b29e5e86c14144ba3db4398b70c8e82f9dc8468def62aeba1d5ab,classical_adaptive,r_1_6,0,-7,clean
g12/065-classical_adaptive-r_1_6-c0-snr-06.artifact_finetuned.jsonl.gz,06d4f6da91e433dba30edf56e441d6a1a0bcfb0fa05f5ad9bc846ffcecbfd292,3925,3ac31d87e449619a94e64d324a8f829f02e605fba1addb4074f97f155e9f67eb,classical_adaptive,r_1_6,0,-6,artifact_finetuned
g12/065-classical_adaptive-r_1_6-c0-snr-06.clean.jsonl.gz,b4372cd89632b6d64a5e88e661841d8cbb66018782eb08eee860a1e2ae39a2c2,3925,a499e2d7ffba8b0e5598bfdd597860db8cb9ae844c2305866a1f3c24b9ff1caf,classical_adaptive,r_1_6,0,-6,clean
g12/066-classical_adaptive-r_1_6-c0-snr-05.artifact_finetuned.jsonl.gz,a3ec6ec45f8233bb1e27694eff89bc390a1ff62c8a6c08e8f7842299a76b0da8,3925,b89ae22a644669958630f375db7f495698c208cf083b11df8bf3fbdd7cc76a2a,classical_adaptive,r_1_6,0,-5,artifact_finetuned
g12/066-classical_adaptive-r_1_6-c0-snr-05.clean.jsonl.gz,98753cb5c267ec99115ee4015073f30189f6e0a00697366f3338bd638c52d6c1,3925,e510b6a777ee1261b9dc5958525094c0c753aedac0ebfb03964fc1311744f7c2,classical_adaptive,r_1_6,0,-5,clean
g12/067-classical_adaptive-r_1_6-c0-snr-04.artifact_finetuned.jsonl.gz,db5046c88c3fdc0f33d75d0aa4a09c0e3f330b252993a864b286ebdafd5b57db,3925,d38aecc7647e3dffa9ece0d35e306433d642aaa0a98a0f306c8b16adcd63b515,classical_adaptive,r_1_6,0,-4,artifact_finetuned
g12/067-classical_adaptive-r_1_6-c0-snr-04.clean.jsonl.gz,bb16d00af1f8946c81f2f3bd183c0c230adea01df2cbcd476ff9ee535e4888e5,3925,89c886f1cf7d30e51037330fcb3a274420ada525d3e4b95a527c80c79ffe0b2c,classical_adaptive,r_1_6,0,-4,clean
g12/068-classical_adaptive-r_1_6-c0-snr-03.artifact_finetuned.jsonl.gz,888b7616a98f9136ba040e73fe488f861f4966f6bf01cb0608574eb818263481,3925,cd5323b90e4dfaf1d99aa9d1c77a74a08b13a1d0b28ea95b57e5c205e240ed89,classical_adaptive,r_1_6,0,-3,artifact_finetuned
g12/068-classical_adaptive-r_1_6-c0-snr-03.clean.jsonl.gz,83e5c746cdde09a85169b21e38219d5e3317e9a3df1f20ff27126386b4e9fb93,3925,9e672deae7c04c10ee12a84a434fadb43d1c8cd1862530a412eb657dc06cfb21,classical_adaptive,r_1_6,0,-3,clean
g12/069-classical_adaptive-r_1_6-c0-snr-02.artifact_finetuned.jsonl.gz,abc0fa5fef68b4cec6d2d4cb4b8e43b0072b9d05fc485d997db0f5e74474029d,3925,c81c7422da2289df58c1dee5cca120b34c871081d53fcb2bb217a827d285dd99,classical_adaptive,r_1_6,0,-2,artifact_finetuned
g12/069-classical_adaptive-r_1_6-c0-snr-02.clean.jsonl.gz,21dbf0a54a09097d9b9cb681d3dc26d10a9b461dec55b283fe2e78c0c5ffcc91,3925,769b27a4574fa42cfa860a671ce56a368e7eb831bfbfbc818b2169e49bc91b15,classical_adaptive,r_1_6,0,-2,clean
g12/070-classical_adaptive-r_1_6-c0-snr-01.artifact_finetuned.jsonl.gz,33c616ab3ccbd0e45194b02fbae0d8b508a437683f05c3065609a891ef86c14d,3925,2cff5ca07ad597dcd1800a1d640659127578f039db1d25fd8da7cad6acc88338,classical_adaptive,r_1_6,0,-1,artifact_finetuned
g12/070-classical_adaptive-r_1_6-c0-snr-01.clean.jsonl.gz,0c2bb75f623d4bc67341f8698eca065425440adea168dc5c453e8bf50b0386de,3925,5c82e26296499ec8216cb125505e02d1532870818f65200af14b516deb196384,classical_adaptive,r_1_6,0,-1,clean
g12/071-classical_adaptive-r_1_6-c0-snr+00.artifact_finetuned.jsonl.gz,120d78e671722c54f66921b816ec66bf4c823180a885c44573720e45771b2008,3925,e3e208a1e29f4f79c81e358b20b67665a63cc0204751b46d0e974bdca4936567,classical_adaptive,r_1_6,0,0,artifact_finetuned
g12/071-classical_adaptive-r_1_6-c0-snr+00.clean.jsonl.gz,bf40be501ed9219cb3451792b23b4b4782d3a55e86f9b6e1d5bde2188439d54e,3925,75360719a197f3ee87456d835c6b997c86664f4e516c81baea0a3c8cab8faaee,classical_adaptive,r_1_6,0,0,clean
g12/072-classical_adaptive-r_1_6-c0-snr+01.artifact_finetuned.jsonl.gz,08884accfb481960045938796addc2c4ba7ba4426a9ae763e76b7012b769a437,3925,494271b7628e881d6a42ef468f8c2277e1082f7d6fb24cf28a4efd8932096368,classical_adaptive,r_1_6,0,1,artifact_finetuned
g12/072-classical_adaptive-r_1_6-c0-snr+01.clean.jsonl.gz,282edfebeb3b69cafa99e44924d1f028316542175c989e31b29f02879b1752b7,3925,a60ce222830289679838694d085d78803ffbfc51b436a16b6fab8d1b0a5a112e,classical_adaptive,r_1_6,0,1,clean
g12/073-classical_adaptive-r_1_6-c0-snr+02.artifact_finetuned.jsonl.gz,c5e3b0b563bf4f845f5faad34f8ed68ef4470fc4ad1f4b4cb7f32522f10859d2,3925,bf5bd462d01f70c3840e2a60e936d15cfa0e8ec4e0fa25435711cb65a8757f4e,classical_adaptive,r_1_6,0,2,artifact_finetuned
g12/073-classical_adaptive-r_1_6-c0-snr+02.clean.jsonl.gz,ad39380fbd0af6f90cd1fbaa363048ee48a6e92cd4853e387c3e9fe4f199c4ea,3925,2ba4b0a8f6287050236b19f0f6e5343f1b915679143505a408e408a5b5e9cf7e,classical_adaptive,r_1_6,0,2,clean
g12/074-classical_adaptive-r_1_6-c0-snr+03.artifact_finetuned.jsonl.gz,cca28f38ba2f60fded269738b90a9e4ee82ee6af8a3489173e5f9a05f6966be5,3925,860420bb53afda4ab4dbe6112ab19c14a643376f48c63783ee92a909282a6426,classical_adaptive,r_1_6,0,3,artifact_finetuned
g12/074-classical_adaptive-r_1_6-c0-snr+03.clean.jsonl.gz,45e5927a3665dadde2752fdbfa13613ea57806f21e73f8e8fda8ac754a8b3988,3925,c0902d97cce267555256c83d4eeb38373d81dabfc9e9d1f14b27706bac897746,classical_adaptive,r_1_6,0,3,clean
g12/075-classical_adaptive-r_1_6-c0-snr+04.artifact_finetuned.jsonl.gz,d0cd7a94a9aeccc330dc929bfead50930495770640ebd673846c936b3efbc9a9,3925,7306dd33403c7a5dd05f1a62323959b7c6e5e2ac59a448ef002a9f39d5c5f7ae,classical_adaptive,r_1_6,0,4,artifact_finetuned
g12/075-classical_adaptive-r_1_6-c0-snr+04.clean.jsonl.gz,4670f3557da677784f6b4c5d5a9f55c2fb802eee032b51e2232fbae56bb2b8a9,3925,6755f323a99e4917e1432c3c2e546838532e0141930d46bba6fb6a7fac130483,classical_adaptive,r_1_6,0,4,clean
g12/076-classical_adaptive-r_1_6-c0-snr+05.artifact_finetuned.jsonl.gz,8c0970760e56b652d2073dbe608091cc35c5e8bd975a559fa75e714f4ccebaa9,3925,9c94ffc054edf89bf897986aa543f52dec89bd45248abd8cef4f78a39b97abb3,classical_adaptive,r_1_6,0,5,artifact_finetuned
g12/076-classical_adaptive-r_1_6-c0-snr+05.clean.jsonl.gz,e0f82975b4bb785e4175dc44d85f7ef3d3fdf3191d60dbd006ee82b81ffdce41,3925,ccb7fa1a72ad82e2b5fbb329a5f58036c86bcf85ac1aa66e26fd7fadcd73f438,classical_adaptive,r_1_6,0,5,clean
g12/077-classical_adaptive-r_1_6-c0-snr+06.artifact_finetuned.jsonl.gz,9645ccf9638e7b28419ebe4c86774c4d7486db56e41c0930090724ec33a8b289,3925,2f9b5dac99188c41c7e2724fe6b3f692c0a99937d37c0b7e9d0ba7a0d68ee3fa,classical_adaptive,r_1_6,0,6,artifact_finetuned
g12/077-classical_adaptive-r_1_6-c0-snr+06.clean.jsonl.gz,63ced243136c9ce22dafaa8cdc124a9cb29861a44381f7c9616eec3e85a42deb,3925,47f2cd9259557dd6a00b937074f7ce61e24b8fa9e9d928f8b02829e39639eecd,classical_adaptive,r_1_6,0,6,clean
g12/078-classical_adaptive-r_1_6-c0-snr+07.artifact_finetuned.jsonl.gz,649a6f388eab480744cf4516541f1a4b4a409aa85594a4bb2dcfbb176dfb431f,3925,d08405553936d029fe90cf95184b2cfd211c6992b5b410cdea23b9e17b5d8455,classical_adaptive,r_1_6,0,7,artifact_finetuned
g12/078-classical_adaptive-r_1_6-c0-snr+07.clean.jsonl.gz,a324fab2083fa486f73054dd3ca4a8b65193b1c69853642e24e8f9f88dae1dd1,3925,5d8f3f36e922a95b3ad754081215794a433e97d66eb9a61962da1785f570b8e8,classical_adaptive,r_1_6,0,7,clean
g12/079-classical_adaptive-r_1_6-c0-snr+09.artifact_finetuned.jsonl.gz,4d70145a07da7c1700fc3b72d78917a0e442519b5287d69308d2600f0ab9875f,3925,c437ffd18c925d1ec616cd4cd0fccb7e2efe0d23c947cc36de8eba4fe2db4186,classical_adaptive,r_1_6,0,9,artifact_finetuned
g12/079-classical_adaptive-r_1_6-c0-snr+09.clean.jsonl.gz,c36e4947a3f022c307f8a1d96080a9fb75099b1de0e43383aa80f4d568e85d05,3925,7912fc3c866910585b484d0ec3924a3a6cfd69f9aa5e21f72b265e791bf39d50,classical_adaptive,r_1_6,0,9,clean
g12/080-classical_adaptive-r_1_6-c0-snr+11.artifact_finetuned.jsonl.gz,2e45abdf8973d235deb16c4a29b65c0033cf5c61c3711a20e0c0baad73e85fe1,3925,7e3e0eaa482f98a5415d3447dd85e3c13f5d73b9e78292d784e0b8b18d2ecd18,classical_adaptive,r_1_6,0,11,artifact_finetuned
g12/080-classical_adaptive-r_1_6-c0-snr+11.clean.jsonl.gz,274547871022c9588f399d1d4ce0a0ec46800466c9b8c0863ead084202b9e5ee,3925,c262065bb3e3936b3dddb44b86fcf5fd2ca06e93b4f74341fbc38732c90434ec,classical_adaptive,r_1_6,0,11,clean
g12/081-classical_adaptive-r_1_6-c0-snr+13.artifact_finetuned.jsonl.gz,27af15411132b4d9a645949b8b3b569d7b15a5e1b6ce6372941e8d493972a12f,3925,40989c33a426166c79ff5a1649afd34850b076b1bd8dc6ae22ca45f9be951a7b,classical_adaptive,r_1_6,0,13,artifact_finetuned
g12/081-classical_adaptive-r_1_6-c0-snr+13.clean.jsonl.gz,a8c7f3dfb2707a7cdc67ec3fa510a927e031450a439b804d1bc31b72f684c152,3925,ef35ae3708d5df8347cec5f612a8305feae37c7b02f9efb47990411c9cc57888,classical_adaptive,r_1_6,0,13,clean
g12/082-classical_adaptive-r_1_6-c0-snr+15.artifact_finetuned.jsonl.gz,da87baae2e4dfb5b6ad77d60ea09cac4f5eac28c177b0e6c910609b30949f605,3925,9a5f389b54029cbfb10d5143a4dc6de806d01277e320a1f5f3c57e14668a3cce,classical_adaptive,r_1_6,0,15,artifact_finetuned
g12/082-classical_adaptive-r_1_6-c0-snr+15.clean.jsonl.gz,6f8128f8a25c0a3c0906792dbadc6866e911469320ced5a4d88be76bd6b8f999,3925,9f9a63241cfc5572f7577dad86ce91a90dc824f66feb562eb3a44f953b05d345,classical_adaptive,r_1_6,0,15,clean
g12/083-classical_adaptive-r_1_6-c0-snr+18.artifact_finetuned.jsonl.gz,2d6d67e0e786b3bf8caf3c78e1c194887b4ea0115c6f60cbfd495eb760da790d,3925,7fc93e6faa433794c27cddb5042c0bbd2e4d2b88cd6b77307f1317475b5ae78a,classical_adaptive,r_1_6,0,18,artifact_finetuned
g12/083-classical_adaptive-r_1_6-c0-snr+18.clean.jsonl.gz,84314abb15efcb90073d3a937e83274fdbd4ccc9292e07def6d1feae83d31fdc,3925,9d99e70567fe648a43ae8bc8bb47cd288201a8e95704de06a6a0b4bce3b3b49b,classical_adaptive,r_1_6,0,18,clean
g12/084-classical_adaptive-r_1_6-c1-snr-08.artifact_finetuned.jsonl.gz,9b7dbd44822ac64ca88d07cf3488588f5567ecc1cc114ff9674c3f552e08b28e,3925,bcfd3ae60f097aa4071264fa4ae64104b37936805f877274d49158a6c8c0f3b2,classical_adaptive,r_1_6,1,-8,artifact_finetuned
g12/084-classical_adaptive-r_1_6-c1-snr-08.clean.jsonl.gz,729362774147b35450a106a9b8ae4f5f394ee883df26ba33dedc497d25c5b005,3925,095defaf51c02b8d7d3413a8abdfae77c305556be760a52f6f4dbb112ba432f8,classical_adaptive,r_1_6,1,-8,clean
g12/085-classical_adaptive-r_1_6-c1-snr-07.artifact_finetuned.jsonl.gz,6269cca666f4a80dd161799b031018bc3a83376222732cef49f554470bb4b23f,3925,cf6a7c723449460830b387f4ad4859ad9664743013009d2dcdc0f837b5ce89d6,classical_adaptive,r_1_6,1,-7,artifact_finetuned
g12/085-classical_adaptive-r_1_6-c1-snr-07.clean.jsonl.gz,5563eb2813a6b9ab168e27d77bdb287e0e22d5e9e85cd117ffb15bc129a64169,3925,f121924d11059c496dd57a9ba66541f86cd4bab3768f7f7fd55071f591ad1209,classical_adaptive,r_1_6,1,-7,clean
g12/086-classical_adaptive-r_1_6-c1-snr-06.artifact_finetuned.jsonl.gz,e51e9e8dafadcec5b08c82f04c35c48a38648c04c08e2629e184cd1ef62d3725,3925,9bc90ae084b52dc93276895ba9a4b57b1bf4060995a3f06d29488634aa3726df,classical_adaptive,r_1_6,1,-6,artifact_finetuned
g12/086-classical_adaptive-r_1_6-c1-snr-06.clean.jsonl.gz,8e1d0a6519c36ec74683a5df3899c6e28e89ba463b0e9d23bc86d298520ac282,3925,b716a1c101c59d1a1bcbfbceca2fb9ecc56322d72742f40ef028b1f4eb96a5d3,classical_adaptive,r_1_6,1,-6,clean
g12/087-classical_adaptive-r_1_6-c1-snr-05.artifact_finetuned.jsonl.gz,075b56755be3c5d53abeae7e484772d541600c3a72c47e3d965f0bded15396de,3925,4b045c1ca06f4367d7e8fc91adf94866d875b4420fff4715e3bffd270a850c64,classical_adaptive,r_1_6,1,-5,artifact_finetuned
g12/087-classical_adaptive-r_1_6-c1-snr-05.clean.jsonl.gz,6a59291e8a7bc77df772cd0996be4d51263c470e3587d3290a13fd9d8c751963,3925,f459d75226b8d8e5e3db9ccb33eeea3d2ff179b6323963d1ad2b256ab9e1871d,classical_adaptive,r_1_6,1,-5,clean
g12/088-classical_adaptive-r_1_6-c1-snr-04.artifact_finetuned.jsonl.gz,e75a215156f9f927b00f6e9a04f54ade377f96cb9a891a51f11c7878713cc588,3925,fe5f838847a5103156d445ba0c0483d5939d2d746b27b3ed86500ce7b7f63b7f,classical_adaptive,r_1_6,1,-4,artifact_finetuned
g12/088-classical_adaptive-r_1_6-c1-snr-04.clean.jsonl.gz,7f26c6f08130b3355f9d7d2ce2c351ac0883e75e5e9528871711e001747c2931,3925,c4be0db0c6fa3a53795deea5ead4ebe420f6acef12a4a484af2b81d869c9815e,classical_adaptive,r_1_6,1,-4,clean
g12/089-classical_adaptive-r_1_6-c1-snr-03.artifact_finetuned.jsonl.gz,2e4fba4a896cbf9156a23e038fc278388615698551d224d37f544f58bea5bfce,3925,aaa7421c6be7960eb911acf322b7d9e833874ced9371dd11b96c00a471b42a58,classical_adaptive,r_1_6,1,-3,artifact_finetuned
g12/089-classical_adaptive-r_1_6-c1-snr-03.clean.jsonl.gz,75f8deafba5446d961c2bbaacfff9dae34b1fa5e33dfa584acda91957189bbff,3925,daa92abf9922e2f5a8a6292218389795e7079f8a01e0eb633eb293ac546254b6,classical_adaptive,r_1_6,1,-3,clean
g12/090-classical_adaptive-r_1_6-c1-snr-02.artifact_finetuned.jsonl.gz,8440fcd933c6964c33304aa4575bf2d03c8e1f4cafc6c44757a51cab30a93fbb,3925,7851f15d18e0bbf2223101e8612fcb2075813d6509ef35e197021e4ac78754cc,classical_adaptive,r_1_6,1,-2,artifact_finetuned
g12/090-classical_adaptive-r_1_6-c1-snr-02.clean.jsonl.gz,410ca1e3899ac72300c23e09481042d2551e659d42de6827f49740a546b4c98c,3925,0f17faa32ae70879dd07c0393874a57d028cab03cae60ee741c2bb1a46652814,classical_adaptive,r_1_6,1,-2,clean
g12/091-classical_adaptive-r_1_6-c1-snr-01.artifact_finetuned.jsonl.gz,402166359812989a2dda6346d93be9b0311f4ff32cdf5c639b0a7db237bedf71,3925,7bd7a2c994112134695b7f0969dfe1b65fb9b271c3a7f9dcf849d41589f190e9,classical_adaptive,r_1_6,1,-1,artifact_finetuned
g12/091-classical_adaptive-r_1_6-c1-snr-01.clean.jsonl.gz,524d9d1b5ba08a654d69d916f8efbfe73fa6a5f491d032cad8f8415c13f8d6f6,3925,bbc5bc3c49ab8b05dcd1423a974def2f367c625fbd5c3063034310c6a7a0b7c6,classical_adaptive,r_1_6,1,-1,clean
g12/092-classical_adaptive-r_1_6-c1-snr+00.artifact_finetuned.jsonl.gz,7c81074bd8fd88af3ec9778545357ebdb852f130a844892ea2b92969f9a76cdc,3925,251036c6d774d6a476e3e6488abd7f6a11d6f0c2206d744dae1e2002a82df75c,classical_adaptive,r_1_6,1,0,artifact_finetuned
g12/092-classical_adaptive-r_1_6-c1-snr+00.clean.jsonl.gz,40657ae421bff7eb55e2b058b4791b97ce7f1fcfad67d1b2d6a9efa341394550,3925,69d15037fd331796ac42b05ed1b045b28e3fb158e7a44fd49a1574d41abd4630,classical_adaptive,r_1_6,1,0,clean
g12/093-classical_adaptive-r_1_6-c1-snr+01.artifact_finetuned.jsonl.gz,e389173d0eaceee981cdd31e4be42fbee3e804e472b018af24240626e473808c,3925,bf0b58fc3693aab5d089848e8befb43e4ee809b0b65765ccf0a5680531bc18c2,classical_adaptive,r_1_6,1,1,artifact_finetuned
g12/093-classical_adaptive-r_1_6-c1-snr+01.clean.jsonl.gz,0b4fe78aa951273217f748693622dcc2942f3ccdb50e98c6767f604261931316,3925,eda31b30dba51d822cc7f32dc7218f861cef6ea5468106d9cbdbfbcc45be4620,classical_adaptive,r_1_6,1,1,clean
g12/094-classical_adaptive-r_1_6-c1-snr+02.artifact_finetuned.jsonl.gz,705fb33a532eee7a580368467f04ec01d8ba520d7fa59bd679471cee3d74d310,3925,67d41895f5284348560896b3aa4881ba6222319a672df9b6b209f3ea0facf3bc,classical_adaptive,r_1_6,1,2,artifact_finetuned
g12/094-classical_adaptive-r_1_6-c1-snr+02.clean.jsonl.gz,1f9b15d2a954b1d7a9278f8f262a5e7165ebede489053fa0830265206e74780c,3925,ea3f701838bd3a652703e430327f77d2ece3de6ab953d7eecd85f7be2a2e7bbe,classical_adaptive,r_1_6,1,2,clean
g12/095-classical_adaptive-r_1_6-c1-snr+03.artifact_finetuned.jsonl.gz,c9cacd13d4d38505b62fc16e94aa113512679607627c4b9e39a3db7e81fb9621,3925,3e11cb50f1b9627c59ed66ec77b2a4d72c24ce34e79c6722b5d5e9a4d9a13c6e,classical_adaptive,r_1_6,1,3,artifact_finetuned
g12/095-classical_adaptive-r_1_6-c1-snr+03.clean.jsonl.gz,257944892de5b7efede1af0d07e17ba24465be4bf20e5fa7c2f3df28d07c704f,3925,bb1e7606ccf382b23d0a7a93389a7105eb641288b1414525da064bf21000df79,classical_adaptive,r_1_6,1,3,clean
g12/096-classical_adaptive-r_1_6-c1-snr+04.artifact_finetuned.jsonl.gz,c3e5a9f3633ebeaa65d061e6a2d6d5479fb6c5b724ae7c4bc523286a7cf560d4,3925,58ef8b39f951df8783c02f97f113c974213b08d88841f3fdacdfb1ed59db6a81,classical_adaptive,r_1_6,1,4,artifact_finetuned
g12/096-classical_adaptive-r_1_6-c1-snr+04.clean.jsonl.gz,d0bb31fcd7b5cdaa87cc39747f96753ff1296536e7c0edff1a6d1f90bce75527,3925,bcffa48829c0a8a80a61efe7c04bdac9862077b3cb88edec6fa666a099066f62,classical_adaptive,r_1_6,1,4,clean
g12/097-classical_adaptive-r_1_6-c1-snr+05.artifact_finetuned.jsonl.gz,7881b7c3352cf2483dd2615041c8acabd6505c0fe7391f7a9cface4ea27658de,3925,ce0027cf4793d4db6c7db6c359c68b64a22a0ce692da7eac5ff7a933c57630f7,classical_adaptive,r_1_6,1,5,artifact_finetuned
g12/097-classical_adaptive-r_1_6-c1-snr+05.clean.jsonl.gz,016c42a223f6aaddce1dc8a1fec4d2043d63dc297c2d4bf408e92754b2c0d1b8,3925,0d7da43f7a7bfa24f5ca74fd708b20615b6ca7388b1cb0b2c1357c4250c2bea9,classical_adaptive,r_1_6,1,5,clean
g12/098-classical_adaptive-r_1_6-c1-snr+06.artifact_finetuned.jsonl.gz,c8f158bf60f8c6883bb4ff39c7404f10ab484a889417554a0c3df4573cf904c8,3925,969aa954da0a16f805da70297e2ba1ef70ea7f42a7ac07bdb23db23add98fde1,classical_adaptive,r_1_6,1,6,artifact_finetuned
g12/098-classical_adaptive-r_1_6-c1-snr+06.clean.jsonl.gz,0fc77b8e513029a73a1436574760e016d004f1abb749fa42343781d46848bec7,3925,7ea5676eedbba303f2d5244d9f0238e0e2aa6bde48a897712eda8d1dec6f7d48,classical_adaptive,r_1_6,1,6,clean
g12/099-classical_adaptive-r_1_6-c1-snr+07.artifact_finetuned.jsonl.gz,47115f2b99439412ea7efc71c1497fa192e97bc7bbcd114ee160a3bc0b00602b,3925,68625cfa85aa560391e18bbce24891348ced81caa573bfbf7c53ba6f5d921d79,classical_adaptive,r_1_6,1,7,artifact_finetuned
g12/099-classical_adaptive-r_1_6-c1-snr+07.clean.jsonl.gz,473d87aa97de1f6f9064855e7916b6ccfcba70494d0d1fd87869b9f03c80cb4f,3925,7f5883194912d13ea63659418e1f90f77bc69516dfc16b050f5aaa3265f8ea36,classical_adaptive,r_1_6,1,7,clean
g12/100-classical_adaptive-r_1_6-c1-snr+09.artifact_finetuned.jsonl.gz,a669df5c847b34e9095b701a6da8d6b8d854794c5d8812bc3a8b509323cc7268,3925,c079e369198e4de39f948750d04423dd74a656f3a979fbcb4c0aee2ad5f29078,classical_adaptive,r_1_6,1,9,artifact_finetuned
g12/100-classical_adaptive-r_1_6-c1-snr+09.clean.jsonl.gz,d477ac67639526173eaf580514db782588e82e9a8ac70a251858aa9469f73ee0,3925,3b06b027d274634fabc8e527da3f2f3badacb8828c6911c9c5d8693460a77e8e,classical_adaptive,r_1_6,1,9,clean
g12/101-classical_adaptive-r_1_6-c1-snr+11.artifact_finetuned.jsonl.gz,555582e4332af3fa8eb798eb1612cc09c07fbde55be13aaa24a13bd2e7ab58cc,3925,fbe4691c615be0166a090eb570e28b3f216bf4bfc220d43afafdadecaf020c44,classical_adaptive,r_1_6,1,11,artifact_finetuned
g12/101-classical_adaptive-r_1_6-c1-snr+11.clean.jsonl.gz,ceee240e354289c5f939ba58590250e448bd6e0cb8edce3f1d29b69b4fe74d6d,3925,e5f1bf567a159fc785b3a0e30b45f10cae56f51aad07a6130cf5964a3df59298,classical_adaptive,r_1_6,1,11,clean
g12/102-classical_adaptive-r_1_6-c1-snr+13.artifact_finetuned.jsonl.gz,31334f82654a74f7c4ccbc2b9f106c1c7271c3466814c3e434a6f230a90e8a3d,3925,17f70664a69dc527af018960577eba7326c2c7c8328573b0c7918af4b478b4d0,classical_adaptive,r_1_6,1,13,artifact_finetuned
g12/102-classical_adaptive-r_1_6-c1-snr+13.clean.jsonl.gz,d32143343f6f3cf43ddef99ba69abf6319c0ee8a42fb505c481b4be1b3a1c404,3925,28132071a7a12de0e2f0dbf61661ca61a515736d72c52ec4648bea24d773a620,classical_adaptive,r_1_6,1,13,clean
g12/103-classical_adaptive-r_1_6-c1-snr+15.artifact_finetuned.jsonl.gz,1d71eadb5f1f5516b35b6765d224cd6f235c468a126211513eebc1a77b354b15,3925,c755dcd93dc210048db8e9d965546c2d70a3f1bdb97226ac406fe0518a35ef4f,classical_adaptive,r_1_6,1,15,artifact_finetuned
g12/103-classical_adaptive-r_1_6-c1-snr+15.clean.jsonl.gz,f69f3ccdaf2bce03a4110f7fa060aca3874757f8e65f3bba2c687af0ef332711,3925,239335bb030ad29252a75c3f8e2c6cf1cf3cfa311a3d762df9f17d4fac3e4ee0,classical_adaptive,r_1_6,1,15,clean
g12/104-classical_adaptive-r_1_6-c1-snr+18.artifact_finetuned.jsonl.gz,b3efee950e858d87067e16dc5a8c7b2c2e11abb25d739bda667253c0c0e4f072,3925,7f31e95aedf3e7e7a6d4878a9137913ba888a3b31bc507ea85e206cf3c1e9584,classical_adaptive,r_1_6,1,18,artifact_finetuned
g12/104-classical_adaptive-r_1_6-c1-snr+18.clean.jsonl.gz,3a34ae72e974122c69cf5db76d5fcb750bab27d8f6f981d9aac1f5f507350093,3925,853423ffa6c0f3d26337ea838c97524b87e30bde8b2d6312857ccd2c6d237697,classical_adaptive,r_1_6,1,18,clean
g12/105-classical_adaptive-r_1_6-c2-snr-08.artifact_finetuned.jsonl.gz,2186c5ead0fb503af6eee977962ce6a8c23dd5768efdc48edd3ec24cbd694797,3925,c530f0e71d7dad55cde97239cd617328e5f5db4c111567e3d3b46dfeb33b8016,classical_adaptive,r_1_6,2,-8,artifact_finetuned
g12/105-classical_adaptive-r_1_6-c2-snr-08.clean.jsonl.gz,6e754dce0f8406db080aa418d34de780e44fb8827fa63bc0463301c9a6073363,3925,56a62fcd48f4f61b5294faaad8c61586720eee8b2147ff590e254cba12e3b3e7,classical_adaptive,r_1_6,2,-8,clean
g12/106-classical_adaptive-r_1_6-c2-snr-07.artifact_finetuned.jsonl.gz,3c450ffb51772b5c37868cbae234bebfd66debec6100eaab4507b238ed89a92a,3925,6db599b48ca778f598cbd200cb79c559506599f855d61ead35d585024fe72b77,classical_adaptive,r_1_6,2,-7,artifact_finetuned
g12/106-classical_adaptive-r_1_6-c2-snr-07.clean.jsonl.gz,22cb3b51c26c960b47a9a97409bdbd5e6e873c69c9e1aa0dd4d7971c2ea73dc6,3925,ac0ae1ae2781aa41994cbb267d853cf94f507cb283780d99ea8dd08cb8b72aa0,classical_adaptive,r_1_6,2,-7,clean
g12/107-classical_adaptive-r_1_6-c2-snr-06.artifact_finetuned.jsonl.gz,c4c38a1e3f4dd2bd7bada22dc8bfee65ce153cc62a317c7cc4155046bc7aa79b,3925,3f0489bf3548def8274bf2e2204e76af0dcfd8ac50778e2b4bd113f2dce62c99,classical_adaptive,r_1_6,2,-6,artifact_finetuned
g12/107-classical_adaptive-r_1_6-c2-snr-06.clean.jsonl.gz,23941eb1f4308cfe5c0fd673743220a75943e58224e648bd23e0e4071bf4877b,3925,48520cf4c9205f51d83583c80b40fa7c2665ede2451c1480ae2c44db090c2d36,classical_adaptive,r_1_6,2,-6,clean
g12/108-classical_adaptive-r_1_6-c2-snr-05.artifact_finetuned.jsonl.gz,cf137eb3f0d30c989466f662bae4cf1adf5932d721b8efb28c6fc12a59dcc420,3925,0893f995499e843ba55360928e94d6ee042e14804207ea8d21377d4f0296631c,classical_adaptive,r_1_6,2,-5,artifact_finetuned
g12/108-classical_adaptive-r_1_6-c2-snr-05.clean.jsonl.gz,5b04cf5963815235ded387fb969e0f653f8ae0909a5bfa24f103646afd9dc1af,3925,48495b21dd0158cbb17f656b5294648d8465e43f074464df11f4b3297d4faac1,classical_adaptive,r_1_6,2,-5,clean
g12/109-classical_adaptive-r_1_6-c2-snr-04.artifact_finetuned.jsonl.gz,e762ca9cf810e52a56f2c485682b7142a917cf056ffc8c128a8883aeff785876,3925,3edf19ee5c19dfbc48d4a540eb74d4d8a0b3c33de5f137e1053bf101d3191de9,classical_adaptive,r_1_6,2,-4,artifact_finetuned
g12/109-classical_adaptive-r_1_6-c2-snr-04.clean.jsonl.gz,8594c84066df8a9c42edc146e7432f80c0c979690682250b0890592507eaa846,3925,a6c45633edc891c9e52ce61e5737519424a3032d769fa50be663d0ec3035d6c2,classical_adaptive,r_1_6,2,-4,clean
g12/110-classical_adaptive-r_1_6-c2-snr-03.artifact_finetuned.jsonl.gz,99dea180f7e5444f461f488bfb8dc9f5aa77593b44758085fa00fe4a2212345b,3925,9641afa7e246a22981b32a54c89c1540af1de3ca1eb64ff81356b6f44f5a3f0d,classical_adaptive,r_1_6,2,-3,artifact_finetuned
g12/110-classical_adaptive-r_1_6-c2-snr-03.clean.jsonl.gz,d92c6fa02d8d82a29bd0a189794c3528a7b8f73674e6ffb7da4d2aad4bf908af,3925,e7355e0ae1b7e102ef30482b613abbe090cfaad8ff328706814bba1e6d3a0d41,classical_adaptive,r_1_6,2,-3,clean
g12/111-classical_adaptive-r_1_6-c2-snr-02.artifact_finetuned.jsonl.gz,418da5dd2c5d04880ea3b69013959a0e7bca6539720f3e655f11eef5411f879c,3925,65fabbe5581dc375e673839fcd3ba5ccca8ae0f5a642723b86302adfad3874f2,classical_adaptive,r_1_6,2,-2,artifact_finetuned
g12/111-classical_adaptive-r_1_6-c2-snr-02.clean.jsonl.gz,6f9030851744a66dcc60750453448418913d0c9e72f583a2162e26e658266994,3925,4904687cba1b94dec84d26fc2538a4c0e8b2eca8df5bc3c2c9d3f0da8cbb3b10,classical_adaptive,r_1_6,2,-2,clean
g12/112-classical_adaptive-r_1_6-c2-snr-01.artifact_finetuned.jsonl.gz,bd679e4ce32d8b4afb3734325c7f2256adb148da9dc5843b7f09a09c8852ddff,3925,c4813145701bc9c3e3aae3026c6a7742c1220292940bdc5bf6623ecbe88d0b83,classical_adaptive,r_1_6,2,-1,artifact_finetuned
g12/112-classical_adaptive-r_1_6-c2-snr-01.clean.jsonl.gz,a768f3ed3360b79eb99254c01deec712a1f632fa36c98c4811c7509ddc529626,3925,465051605f87c72c9626c3c47aedc501843b8e4758fb13b019175e3f07b77118,classical_adaptive,r_1_6,2,-1,clean
g12/113-classical_adaptive-r_1_6-c2-snr+00.artifact_finetuned.jsonl.gz,ca05f65e5bdb9f3befb5b3795c6940c2bf6f271078d525d34f5764f2cde24ee9,3925,80ffe7baea4e8089119f0199c7e28b11a6d62e65238ae637e69694e2eee3c3a3,classical_adaptive,r_1_6,2,0,artifact_finetuned
g12/113-classical_adaptive-r_1_6-c2-snr+00.clean.jsonl.gz,0e5ac60963c1b68625b96431d86ed5a2cba77277412503b63dccd82982123a99,3925,f93e7a540c68e8e532fcc4e4fdf41ddbe99c92ff45d77b22d43ae50f40e6831a,classical_adaptive,r_1_6,2,0,clean
g12/114-classical_adaptive-r_1_6-c2-snr+01.artifact_finetuned.jsonl.gz,aeb040213085f1c602a213381a777a6782c0d2dea662227ae108b01b098c7453,3925,c7ccd1e6475a81108df04c7ddbe11849e0cd7a41c0232fde88ba50d807b3a9bf,classical_adaptive,r_1_6,2,1,artifact_finetuned
g12/114-classical_adaptive-r_1_6-c2-snr+01.clean.jsonl.gz,95e824a7619cdc320d39188754056a5815ce7eb5ef1793c421807c667f7e36fb,3925,a5197a43153841ce5847c3afaf1eec106e3142e4720d90c376fa3e674c51fb23,classical_adaptive,r_1_6,2,1,clean
g12/115-classical_adaptive-r_1_6-c2-snr+02.artifact_finetuned.jsonl.gz,f74497a54c198eb78d5cbea34d274e5556292986ac019ccaa7094e910d2768b8,3925,4ca611aa1134c376cefeddf376eb6f55002b60bb83aea620afde2a2eb0813532,classical_adaptive,r_1_6,2,2,artifact_finetuned
g12/115-classical_adaptive-r_1_6-c2-snr+02.clean.jsonl.gz,6e79f79bba72c1b6e2817bef8964cf76156a80dbe421490e25fb7fb35acba1f5,3925,8e5df5042a82dfc92fbdc5a9bc040352e2e4adfccdae0d2b832417ef61c55d96,classical_adaptive,r_1_6,2,2,clean
g12/116-classical_adaptive-r_1_6-c2-snr+03.artifact_finetuned.jsonl.gz,8bbbc34a8922ebaffc7674274cedda86315e93af296e0e9aa7e43a891bc37971,3925,06f659566d97e521defe38bf70d79f3a978342a75ccb60350aef990adcec0638,classical_adaptive,r_1_6,2,3,artifact_finetuned
g12/116-classical_adaptive-r_1_6-c2-snr+03.clean.jsonl.gz,cf91ada760453b3b0220d82a1eadcf13a68a3287d910d244312e280deb2c980d,3925,d16d58ede0a63cbbab84f81a6909f43381b53fc03012f6dbe996e5eb5893eb8a,classical_adaptive,r_1_6,2,3,clean
g12/117-classical_adaptive-r_1_6-c2-snr+04.artifact_finetuned.jsonl.gz,76393b8eaf7aa763b0ebec387474759ee186fdc3c4caeb6b8cbf53adb71b57e1,3925,298fcfd9145da3cf5c8e232a5228dee9b76dd41718d4d108c1991a6615913cdb,classical_adaptive,r_1_6,2,4,artifact_finetuned
g12/117-classical_adaptive-r_1_6-c2-snr+04.clean.jsonl.gz,96204eaa8186a42700da0c62eea94e9ea7ee17142f377ef2da3f05b0108aed54,3925,8f593bb2fb9367d6457dd3e9129a4722b62820f79c27c6af711b4845e6264e22,classical_adaptive,r_1_6,2,4,clean
g12/118-classical_adaptive-r_1_6-c2-snr+05.artifact_finetuned.jsonl.gz,b42951dc6b251b096fbf1846e7fe399d22c1e0a9d6af08232d9a5606b0b1ed96,3925,b0387982fb9df916fdf015581ad4b75a3f2a2fa9c476d00ead01bd24c2e099a9,classical_adaptive,r_1_6,2,5,artifact_finetuned
g12/118-classical_adaptive-r_1_6-c2-snr+05.clean.jsonl.gz,9b782c04883b89dca533cf77d5a07aeffa950fb2c03ab3b71f2882612aaf5da3,3925,bd6945532ca8f70ccb186e5971f7330f17801046ffbb1343e4feac148d354723,classical_adaptive,r_1_6,2,5,clean
g12/119-classical_adaptive-r_1_6-c2-snr+06.artifact_finetuned.jsonl.gz,fde03e739246c43eec28c496f1a4fe42fe48c88227beb8da891c02f9ead24c14,3925,b3dc70ad249e6ede4ad3f611678224ad6e4f1e82334c90450f484dd68bec2024,classical_adaptive,r_1_6,2,6,artifact_finetuned
g12/119-classical_adaptive-r_1_6-c2-snr+06.clean.jsonl.gz,27a87cc0a10b39e165a64688b43e84c23d22cc12f74ab9081f68da1510bb78ff,3925,4779bacda1f3af8da2a054f2dfc7161f20c16fd131a59c66ea050709ef081766,classical_adaptive,r_1_6,2,6,clean
g12/120-classical_adaptive-r_1_6-c2-snr+07.artifact_finetuned.jsonl.gz,1fcc2d4c3c99d25e031b464152495c7809809ddbdef10d633b6c8e61c41ccce2,3925,7a49e52580cc0195072d3c60c960b561e9eaff13c27547a8655bc0793d7602d4,classical_adaptive,r_1_6,2,7,artifact_finetuned
g12/120-classical_adaptive-r_1_6-c2-snr+07.clean.jsonl.gz,b40d6e1f0f79320919302c090e3c588702308be750ece6e9d48affafefe2805d,3925,5f1cd1feeb7cd746d38b4aba69869001bd9a504b10f4f94ece95172da8f3f3fd,classical_adaptive,r_1_6,2,7,clean
g12/121-classical_adaptive-r_1_6-c2-snr+09.artifact_finetuned.jsonl.gz,8a3acace2404d2e28b1e1f39eeb6a5041f848da2102a6b2de4237f8701129942,3925,78b73438d1fbc1e1a6f5fff042176a145175ea14107c3f4b1b83e36eb9a1037f,classical_adaptive,r_1_6,2,9,artifact_finetuned
g12/121-classical_adaptive-r_1_6-c2-snr+09.clean.jsonl.gz,08b5f5f48a2423e36f690025f32e77e71be6e57088a367defb5e54b44154b2da,3925,9a7df8dd09805560a24af4dc53f7c058a6c46f6c0a1e800adb6ba956f3a81de1,classical_adaptive,r_1_6,2,9,clean
g12/122-classical_adaptive-r_1_6-c2-snr+11.artifact_finetuned.jsonl.gz,87f27ec33d154086b325060e6321837f10cda53a2e1c5276e91b81d268d5aa68,3925,9efcb4e6f65629ae128f327362e4738aa1e6a4364f725a7a5bb783c79add4487,classical_adaptive,r_1_6,2,11,artifact_finetuned
g12/122-classical_adaptive-r_1_6-c2-snr+11.clean.jsonl.gz,56870440040cb30ecb3b2c3298770985acc3b5f8b6a78416216d6f86fa200048,3925,306b3a74eaae9e722ad5a3c098a3efcc41e8d1b729aec6a63bcc792d5e5b2c75,classical_adaptive,r_1_6,2,11,clean
g12/123-classical_adaptive-r_1_6-c2-snr+13.artifact_finetuned.jsonl.gz,d44d3299357149f117ac30e3f516565da1775b93eeaf67494ccda35c68fd11c1,3925,18abbc83998046211dbe36f5780c8232bab139b5ea1bfe31a742788f96650f4f,classical_adaptive,r_1_6,2,13,artifact_finetuned
g12/123-classical_adaptive-r_1_6-c2-snr+13.clean.jsonl.gz,4f27ccfa66df4ece52f5c1ac203c30884467b6d8efcabbde14f87d6278cc71f7,3925,3df313f7beee813702ebf83aac2eecd9403ab7318b7091516696a8e1ea8abdb7,classical_adaptive,r_1_6,2,13,clean
g12/124-classical_adaptive-r_1_6-c2-snr+15.artifact_finetuned.jsonl.gz,74fe95adf059a1f3a4e36faa89c43cc993a46dcb522720c2c57169d2b225e007,3925,ced849afd5c48a757fe7ccfd0f67afe71c15c3801e1aafba19d86adc6df4c504,classical_adaptive,r_1_6,2,15,artifact_finetuned
g12/124-classical_adaptive-r_1_6-c2-snr+15.clean.jsonl.gz,0915c26d516c9351a25c28e462ac225f2f175e8e3052f8af95a33f7cede97990,3925,f6949f16bee2be64188455dc222472d4b9e49ca71cd8b682f58ccf9fed84b904,classical_adaptive,r_1_6,2,15,clean
g12/125-classical_adaptive-r_1_6-c2-snr+18.artifact_finetuned.jsonl.gz,266d179322dea96813c05751c621a626806d064a04b5b9006f0530d7127374ba,3925,cac6c258afee21eea8feff9901b4f4e72cf5b2bafd76e5c36b9b7b8434d9eb54,classical_adaptive,r_1_6,2,18,artifact_finetuned
g12/125-classical_adaptive-r_1_6-c2-snr+18.clean.jsonl.gz,470c461a0e8a2ac8c6792ff4b0abe54979dd845951ba3b2c359058648213261a,3925,871da341858be9e4519825c3a59e8a745168dffec3e675bb1aea910fd8d09c0a,classical_adaptive,r_1_6,2,18,clean
g12/126-er9_digital-r_1_6-c0-snr-08.own_task_head.jsonl.gz,b6f390089d6a61472f88c38ea4d47ff9ab0094947f195cd7c0adb20cd76e6ac7,3925,3502c2b98d70abee3f3428fecd95a6f595a5662c7a1cb05e3e131f83b96f731b,er9_digital,r_1_6,0,-8,own_task_head
g12/127-er9_digital-r_1_6-c0-snr-07.own_task_head.jsonl.gz,9f39173977df2a8dc698af245201a5705826e20d1c91e0e496a4ec18d7de76a8,3925,059ac536fd9aa20f599c060038b2f2a039ec1bda81a2ba4a857e6e1e7f8e92a6,er9_digital,r_1_6,0,-7,own_task_head
g12/128-er9_digital-r_1_6-c0-snr-06.own_task_head.jsonl.gz,ba081f5e20ed9e499f795a7e9155f582171d07180944f33bb158b44bc2780225,3925,4056254364453e0a31eae9357de1381072d135780ec5d04db09c9076607f3f25,er9_digital,r_1_6,0,-6,own_task_head
g12/129-er9_digital-r_1_6-c0-snr-05.own_task_head.jsonl.gz,aff964d4da2b2c2370a9901c2049a6008c4604d97943acaffcd309fb92174884,3925,d367f96d6e159f78e1ee9f98bdd52b9e90db718da94231676947b896bb85742a,er9_digital,r_1_6,0,-5,own_task_head
g12/130-er9_digital-r_1_6-c0-snr-04.own_task_head.jsonl.gz,65b94e0cc2fa940801a9cc30a51e867460089a2222f7c8bea6bd656e81d05532,3925,bba3628d9157f8838c5ea77611de43991759f1e2b128c6d561d2a047fc98cc56,er9_digital,r_1_6,0,-4,own_task_head
g12/131-er9_digital-r_1_6-c0-snr-03.own_task_head.jsonl.gz,b9f98a80f66e0ac4ee1bf4dd8134b0ddcd21a7b901741a80b21b06f9508d3e6c,3925,7d540b4ac1d63d81947a007960924d402b6e3552379053fa954fc6025776809e,er9_digital,r_1_6,0,-3,own_task_head
g12/132-er9_digital-r_1_6-c0-snr-02.own_task_head.jsonl.gz,c7fe4ee56ee37b49bef6ee29bbafb6085b390f1e0ddbd8071f635a169b5a0c60,3925,66d1037c6a1002e7077a4671f1d61aa2d0779d60937e1347ebff1fedbde6f1c4,er9_digital,r_1_6,0,-2,own_task_head
g12/133-er9_digital-r_1_6-c0-snr-01.own_task_head.jsonl.gz,a5a11163c18dcd89c11ea1d03849a3fa819007aee5cee7c282aa02f306a1d578,3925,0e3569ef7dd1302cfef911390e0a318ec60d3d91db8d6d4bda5db6764d4df68b,er9_digital,r_1_6,0,-1,own_task_head
g12/134-er9_digital-r_1_6-c0-snr+00.own_task_head.jsonl.gz,311cd1ca5920bab27ed7c00c07a77086b492c5561c3d94ef62555e9720c8e48a,3925,c8c611538f3e31fe8c4823a008edca04b109105ab3fb066da3218870b2bffec2,er9_digital,r_1_6,0,0,own_task_head
g12/135-er9_digital-r_1_6-c0-snr+01.own_task_head.jsonl.gz,1d786ac5655a5cd0cf5aac39ca21dc19aec5205638e61e842a1e8d1d896d2b2d,3925,6b0a266967ccbba1e7cfe804bdf7be1e2cb7f2e0f04b08c0dee65736aa29f506,er9_digital,r_1_6,0,1,own_task_head
g12/136-er9_digital-r_1_6-c0-snr+02.own_task_head.jsonl.gz,608192bb0d6806b89e609f7e0093967300a4f852b90eda303a2c93dbd3674bf0,3925,3666b6480a13b306e949a140b6615f3a47f189bb13e0ba7d1cb082fe0dc39f0b,er9_digital,r_1_6,0,2,own_task_head
g12/137-er9_digital-r_1_6-c0-snr+03.own_task_head.jsonl.gz,e920134cb83905edef9c3e3c8060da9ba94acaa4808e769a3695a7a539f83fda,3925,f5db214d381c6b9f4d41ba19a102020004666cd1a395541fccb59f6940ac2af4,er9_digital,r_1_6,0,3,own_task_head
g12/138-er9_digital-r_1_6-c0-snr+04.own_task_head.jsonl.gz,312833909c2f8f1cf4f1ff09de919821bd0bd13334fec44b85fca2e5bffcb4ca,3925,b8c660018777b31b935e758e6f30e5172c456a94731cf666f503dfe56f9fe56a,er9_digital,r_1_6,0,4,own_task_head
g12/139-er9_digital-r_1_6-c0-snr+05.own_task_head.jsonl.gz,5731f70527c398c6b27fc1fcdfe8adba79743dd78620c6e4bb58721bc3dbaf58,3925,58cb9f0a912fff10592626f5d5fb1674ce27075d40cacd0b87d51da9ce5dc9d0,er9_digital,r_1_6,0,5,own_task_head
g12/140-er9_digital-r_1_6-c0-snr+06.own_task_head.jsonl.gz,536da2cf6832c79c652093ff94d715d068e08401811606faecd611f40760ea56,3925,5b8ef0261a17dc97ff1af150f5e09f0a2b29e318acb181723a1ba8066ad4d532,er9_digital,r_1_6,0,6,own_task_head
g12/141-er9_digital-r_1_6-c0-snr+07.own_task_head.jsonl.gz,0d660661f90dcd5be4acadad235021862723752a09515dc490efae4d61122234,3925,06ee1b61e38db5168a79a817fc88548bea6cafb3451278d99b85a99cac665091,er9_digital,r_1_6,0,7,own_task_head
g12/142-er9_digital-r_1_6-c0-snr+09.own_task_head.jsonl.gz,c301004b3841e3d2d2c427d8e1cc936836b1d8f94f4e20960ffdd38ca846cde2,3925,1c982ce6c58a7433831f9d9e9e07f0152161db938c5e3e14940a9f90cec78e0b,er9_digital,r_1_6,0,9,own_task_head
g12/143-er9_digital-r_1_6-c0-snr+11.own_task_head.jsonl.gz,a253ef437ebf3545894e6f24ba45e8a59ddb17a6fbceecd09d5bce6abfa411dc,3925,ec8f76a6980d30d0b37d43f4049e529889b7a9c93293d7d0f7b48c0b18ed4852,er9_digital,r_1_6,0,11,own_task_head
g12/144-er9_digital-r_1_6-c0-snr+13.own_task_head.jsonl.gz,daf40ce5d6f97277860b37d6d3ec1a95a9053e5a6995994cb37879e3a4bd5227,3925,58ffc947f6328a524fc869ec8dc6f806ab7262a84302ac14de7cc2e04c4b4270,er9_digital,r_1_6,0,13,own_task_head
g12/145-er9_digital-r_1_6-c0-snr+15.own_task_head.jsonl.gz,3cf8d3de89ce0fd46fe2c488a2d76e8097a0dbb2b0c91627b1fa029c214fff2d,3925,1477e323dda5898d7f0caf3dacdcc0c7c23fb4d66ad75b9875b0170556179069,er9_digital,r_1_6,0,15,own_task_head
g12/146-er9_digital-r_1_6-c0-snr+18.own_task_head.jsonl.gz,1a9e40694bc88e8b50241f33ba717326d4a0baf85a388c48a03bc09885f4e07e,3925,d659074b11c3d1e262c0d867443d7d3e205c59b4451833467663c1b5ad1913e6,er9_digital,r_1_6,0,18,own_task_head
g12/147-er9_digital-r_1_6-c1-snr-08.own_task_head.jsonl.gz,f6edff8d1252abcee58b0ddbdfba2ac86d6883352b66c858fda8cfb3b7bbd406,3925,5753a5f26f777c66752b44acb8788ce81fb26e7e1e09451e5a54284895ab9bee,er9_digital,r_1_6,1,-8,own_task_head
g12/148-er9_digital-r_1_6-c1-snr-07.own_task_head.jsonl.gz,67bcbf8902239fd424fd72bb0fa79555aed4e4e7982fc27cf3d153dc2362ec52,3925,b2505163906534484996d9a814ca77eb009004b261591049d13fc46f5967f731,er9_digital,r_1_6,1,-7,own_task_head
g12/149-er9_digital-r_1_6-c1-snr-06.own_task_head.jsonl.gz,5670e3ae9fa9952e89e314a2412da73621cbbad81c6f49c76df146bcd1a2440d,3925,96591730c330f471ae260c83fd318ab9e0332ed7609d483bd08b26d00130d1ca,er9_digital,r_1_6,1,-6,own_task_head
g12/150-er9_digital-r_1_6-c1-snr-05.own_task_head.jsonl.gz,bb6c13c275cf4bc8fece47c57573b9a10ef0700510eff904370a5f84e3062250,3925,823d9304dac79cf17c22042faa1bdc8098831019fc03dd0499221a63b338ad28,er9_digital,r_1_6,1,-5,own_task_head
g12/151-er9_digital-r_1_6-c1-snr-04.own_task_head.jsonl.gz,4345f90ef333f970ee3967b66de4162ed4eccde0a3cbe59f8f2d7e00959c0fc9,3925,9d85254cf05e9c5b8fcbd84b430b4e8247fe4b5c49070ba975d7cf7239122e79,er9_digital,r_1_6,1,-4,own_task_head
g12/152-er9_digital-r_1_6-c1-snr-03.own_task_head.jsonl.gz,07ddcc5e44a93fca2af44d7eddff4d30a5ff9f224faedb501a923118434333ff,3925,6f27083fc99000208e4a8caf32c1ca4dd7e4f0953cd6c8d8310fbb50d8aabd63,er9_digital,r_1_6,1,-3,own_task_head
g12/153-er9_digital-r_1_6-c1-snr-02.own_task_head.jsonl.gz,e0a601be68f1d3c54c30da2335ddc904f46ab3851693e77bb11343a846dd0fcd,3925,400abefd9207577992f38da34e6c316b6a7a187ad169e27463fe6cf8cc428981,er9_digital,r_1_6,1,-2,own_task_head
g12/154-er9_digital-r_1_6-c1-snr-01.own_task_head.jsonl.gz,3702f96d67a352d960c0b3abfabb2ea1e0eb4d6b0d2e05057b012e7751eec096,3925,90ac1132cebcc425547695452c80088f42a0e579fd6633e6c49ea3de9acf8060,er9_digital,r_1_6,1,-1,own_task_head
g12/155-er9_digital-r_1_6-c1-snr+00.own_task_head.jsonl.gz,7e40c194d29900f9fc8010efd1ffb196a2248caa7213ae1f44d4a9b24da227da,3925,ecc54982ff5d98d13959a955b9cea186ca42ceb349e54d8cb84447f7113027eb,er9_digital,r_1_6,1,0,own_task_head
g12/156-er9_digital-r_1_6-c1-snr+01.own_task_head.jsonl.gz,92ce8609129cdd730218f667b80ea3f4644b9d0ea77f4ebb7f4e795e5f456162,3925,791994c23114292605ea5a3daa37d81a2858dbdcfec233f65c805abefdc11ae3,er9_digital,r_1_6,1,1,own_task_head
g12/157-er9_digital-r_1_6-c1-snr+02.own_task_head.jsonl.gz,3785f6ed7a37afd309a1874b005962764b2e1ab861fd6ca9577b878f41074d15,3925,cf2bb2d609442cb2d0632927894d6275510cb7c24b8d438e3860a82547e0199b,er9_digital,r_1_6,1,2,own_task_head
g12/158-er9_digital-r_1_6-c1-snr+03.own_task_head.jsonl.gz,8803f5e6ba870ae446fa00300738e0a5671dd0518a88cd6e1052d6c402e54b18,3925,a9204460747b61f6919ca74ab8c18761909774861eb9c41ab2fdab211a47e5c0,er9_digital,r_1_6,1,3,own_task_head
g12/159-er9_digital-r_1_6-c1-snr+04.own_task_head.jsonl.gz,6068c3365da29a72c095d83bdd8af87727f8d1eb4198af4e626135e36ba3b4e3,3925,96e56c83f981ce59492351812424be8f1cca8f2a921504fb75e201c569b23e39,er9_digital,r_1_6,1,4,own_task_head
g12/160-er9_digital-r_1_6-c1-snr+05.own_task_head.jsonl.gz,82eaf79eb54cc225ce0558d49f29acccd86fda1782cb57cd1576e3f9ecdcf812,3925,7b86620b79f5f2ca052a1e7382430ba70c6ee1b56bc838d44aa23c3eb1a70fda,er9_digital,r_1_6,1,5,own_task_head
g12/161-er9_digital-r_1_6-c1-snr+06.own_task_head.jsonl.gz,18cd573daa8196cae011e80631d490f7d2df67b6c6644da4efa24ea18df0ba34,3925,96cdd1bb59b8514abf140d17962b30bb15b6b12846a02bb67ad9ebeb16889a42,er9_digital,r_1_6,1,6,own_task_head
g12/162-er9_digital-r_1_6-c1-snr+07.own_task_head.jsonl.gz,0995943ecfe185ce0a956e26a3b15d51d9b1dee73828f57c51f8cef654d768a3,3925,d33404646c13f427b6dd2a1490eba0e3637057cb54a6394c2aa29eabb48dbc5b,er9_digital,r_1_6,1,7,own_task_head
g12/163-er9_digital-r_1_6-c1-snr+09.own_task_head.jsonl.gz,fd3ef8c9f8ac89a72b8d2980d77e5c9ca0c99c72c6d6aa7ce69d8443ff1ae228,3925,b9101ecea131c81bb41362a7e683544549a4fe6bcc9c85a2bc2cfdf72583f474,er9_digital,r_1_6,1,9,own_task_head
g12/164-er9_digital-r_1_6-c1-snr+11.own_task_head.jsonl.gz,47369d2846395786bd3e9a8e55a13453faba38222b0d02808e72c5371c9b4ddb,3925,ae4af09ada0f1fb85107a8c59d70348bf3e789d0e24f9640533a859c157518bb,er9_digital,r_1_6,1,11,own_task_head
g12/165-er9_digital-r_1_6-c1-snr+13.own_task_head.jsonl.gz,94add3ae6a1d9a7decad0ea8940b9d3b79106835e984c18f0fff65e584f50ea7,3925,3abd1c3c30670117257c92ba6f4f340a472b6ca78b7aacb58408cabf666c77f9,er9_digital,r_1_6,1,13,own_task_head
g12/166-er9_digital-r_1_6-c1-snr+15.own_task_head.jsonl.gz,440a6d12bb8c5b34fc4b4c71540086956bf822b70cec8c8cc9ee1ec55fee88f7,3925,ce02f4ed4eef69fd7f2721fec93a93df94347fe60849d77fc5719fb814a65599,er9_digital,r_1_6,1,15,own_task_head
g12/167-er9_digital-r_1_6-c1-snr+18.own_task_head.jsonl.gz,d32e648ea4ba11669647a887b81b0a5edea91f19f72fdf1b7ab1d8f9a557c107,3925,2a9c876606cff8a23af139e2a02cb4d1a71f2fe3a0aa17bcd951e3e621b298a5,er9_digital,r_1_6,1,18,own_task_head
g12/168-er9_digital-r_1_6-c2-snr-08.own_task_head.jsonl.gz,b9af8d1d9d904b4f980cd12b95456f65495e097487295496ddc19c62b1cb696d,3925,b11c31df98a649592b83e13406d2f1321a763ace265cb181122c7ed7eeb47b16,er9_digital,r_1_6,2,-8,own_task_head
g12/169-er9_digital-r_1_6-c2-snr-07.own_task_head.jsonl.gz,ad385f9c6ac228c3125dd3bef677dddb956380e8912cd1504a94d597abe21104,3925,2f411a2c60b1ac5b3d238a3ca225e929bd2eb91847b125a6d8be414b71f4bee4,er9_digital,r_1_6,2,-7,own_task_head
g12/170-er9_digital-r_1_6-c2-snr-06.own_task_head.jsonl.gz,1e404c53339b5b770e2eccf1213cd0e18f19e5a44d131ed381bbc8dc824b1527,3925,83910d1373f21126450242c9716cd70e06bda8894dd70e4c0a7f30fe520466d2,er9_digital,r_1_6,2,-6,own_task_head
g12/171-er9_digital-r_1_6-c2-snr-05.own_task_head.jsonl.gz,df95b6a8c39475cccfe63667a21dbbd40c9c302bd59377fd4bf7c35627382b9f,3925,177469c1edd8d51760b385e0e04173fdc48dce55359ab153bd8879d009d95b6e,er9_digital,r_1_6,2,-5,own_task_head
g12/172-er9_digital-r_1_6-c2-snr-04.own_task_head.jsonl.gz,eff34b53244f94c8d58ad87831dc065cc94d8d9250895140a824f07686ecbae7,3925,856da34024d55fb0d9884ebccc437ee14174c0136c443966fe984f74710067fa,er9_digital,r_1_6,2,-4,own_task_head
g12/173-er9_digital-r_1_6-c2-snr-03.own_task_head.jsonl.gz,901cff553d383162b6303b97d4b9c66c93dc59fc8c31ad95e8abcb55f694b9b2,3925,f38bb2c54f888440b95021fd7793db789eba661de3cf72dbcae8eff6ff480f6a,er9_digital,r_1_6,2,-3,own_task_head
g12/174-er9_digital-r_1_6-c2-snr-02.own_task_head.jsonl.gz,9d0ca0286f095c3b37d2007c9964cd44b73755967caf72b85716d5efba84e356,3925,75cab7331cf499402ce37d5bbbcd4cd7e7bb5c7e55556e669d3f032c143bae50,er9_digital,r_1_6,2,-2,own_task_head
g12/175-er9_digital-r_1_6-c2-snr-01.own_task_head.jsonl.gz,73ba07c6ea2fac143ea2cc8c2da334ecacb42108b168273e3db65d8cb99feb03,3925,6819fa319aba3f1ac801050333cb702ede29a3a3bb54b27323c468b463975555,er9_digital,r_1_6,2,-1,own_task_head
g12/176-er9_digital-r_1_6-c2-snr+00.own_task_head.jsonl.gz,72aa0e81421b68455718d8a7fab6937900eb76857732e529d640e7a117c72eae,3925,5b8ee8c1d05a3622cc39daeec4d0093c720e96529a322ba7cf47bef45c7dd1e8,er9_digital,r_1_6,2,0,own_task_head
g12/177-er9_digital-r_1_6-c2-snr+01.own_task_head.jsonl.gz,86f011208393360b365534aa28120cea0cb3881da280b56acb4f0451076e8f23,3925,4198726b8a0e0be7ba2e6a08195b6ab93c5e61d73fdde5cd44b84b9c76aa48f9,er9_digital,r_1_6,2,1,own_task_head
g12/178-er9_digital-r_1_6-c2-snr+02.own_task_head.jsonl.gz,51464562ff16944c0154d3019cb0123ac5841f86641201b05c1b2a6c37b4cf8c,3925,bed69a74d570d52f4d0e50ea5c7c4d719156c5108f3371078b518baf150ccc64,er9_digital,r_1_6,2,2,own_task_head
g12/179-er9_digital-r_1_6-c2-snr+03.own_task_head.jsonl.gz,b10fd618c89a2cad84b09a6656831d692b3b24834add0e2d613cda484cb9d63b,3925,f4922e43f446c49e43a6210dadf2ab633c69b52211c26985bfc4387defe3707a,er9_digital,r_1_6,2,3,own_task_head
g12/180-er9_digital-r_1_6-c2-snr+04.own_task_head.jsonl.gz,e73b95b2633fb4c44d88178148f2ab6aec7baf05cb3fa395b3b41d07f4257699,3925,a273ed938d4a6e626b3f708e825611d60ab558bcb9073a4ddc4df2f417f0f804,er9_digital,r_1_6,2,4,own_task_head
g12/181-er9_digital-r_1_6-c2-snr+05.own_task_head.jsonl.gz,6a74c123d5c4c21dbda4e648e4336956b9c246507c210690e27300c367cf066a,3925,bbe5982a33db48a59447d7cf088021b7972e79bb033c448114cf49303e4adfd3,er9_digital,r_1_6,2,5,own_task_head
g12/182-er9_digital-r_1_6-c2-snr+06.own_task_head.jsonl.gz,b593cb2df541d6e28e7c017a8d2c44c0bad52cfb496ce3023ef210a25a054708,3925,6edf465a665afd00702e1f0320906e01a6b843b85b625d4b70870179e73e60ae,er9_digital,r_1_6,2,6,own_task_head
g12/183-er9_digital-r_1_6-c2-snr+07.own_task_head.jsonl.gz,a127fffed41e9cf99c1f9dd3ee4a07eefa46b4abb8243dfd5330a0356e728684,3925,6cefe109ffa49bf72cb2e298016b883f1dc8705001a19e0643d854752c92149d,er9_digital,r_1_6,2,7,own_task_head
g12/184-er9_digital-r_1_6-c2-snr+09.own_task_head.jsonl.gz,a1f5232021bd0cb308c0932a35220db763ec199167ad0ed70643aec6e5e9979d,3925,1fab05dc98564d02cdee014bf23d3a4306ddd285ed4cc874a9c948b26e410c45,er9_digital,r_1_6,2,9,own_task_head
g12/185-er9_digital-r_1_6-c2-snr+11.own_task_head.jsonl.gz,83bb48a0c7433a18caacd1b1428efb6de9f6caf6abc4ba3919159d9dbcf63f5d,3925,9d59d2b6be237877ce6caee7ecfc32dc35591ce9c79abe6528c791e74a683bbb,er9_digital,r_1_6,2,11,own_task_head
g12/186-er9_digital-r_1_6-c2-snr+13.own_task_head.jsonl.gz,ce715ca4a19f12b14d76770311d34aef735f9f997db17c35981cf9389520e821,3925,eb08cbe026be4a4ff5d0782f841107fd445859f3ed66d070c8caf37352a69c21,er9_digital,r_1_6,2,13,own_task_head
g12/187-er9_digital-r_1_6-c2-snr+15.own_task_head.jsonl.gz,1384eda6d08a51398c8c326580b07e84077e5ebc2c43f59638dbe2cde78cd3ca,3925,59b7d7c1a32025c4082d0f78fe63bfb778c966c153a1f972b976bcc10d95d9f6,er9_digital,r_1_6,2,15,own_task_head
g12/188-er9_digital-r_1_6-c2-snr+18.own_task_head.jsonl.gz,3372ba1685d0474cd712ae969c9f08e2ff87296cba7d09ef8586ff5f30598e1f,3925,072aa6589b4f101fb886d9354cf605d3c4b2fa5303a05c0907a8b006d9fbf43d,er9_digital,r_1_6,2,18,own_task_head
g12/189-classical_fixed_mcs-r_1_6-c0-snr-08.artifact_finetuned.jsonl.gz,121af6f42707844a237ef3b3fcbb185165e936e63422e1a1a4e587672b95db8a,3925,ea7c6da561d8e2edec4b6df62c2bcb1d41546cd5d4024ef64b5074af7a5b535d,classical_fixed_mcs,r_1_6,0,-8,artifact_finetuned
g12/189-classical_fixed_mcs-r_1_6-c0-snr-08.clean.jsonl.gz,099f9415fd1a3609b6ff77646e3e252cd2300168231c0e4567152f9553166a23,3925,9fa39c130275920793799d429169a3c807e30d6e3d6bbf89778c46ff017e88dc,classical_fixed_mcs,r_1_6,0,-8,clean
g12/190-classical_fixed_mcs-r_1_6-c0-snr-07.artifact_finetuned.jsonl.gz,21aeb75dfee340a44860426cd88fb29533acfebf5a90fe4292cc0bf4671569ca,3925,aa83f86f70ea3b475324c61f7c485a118efb9685d90ee4d4956e6554082fe501,classical_fixed_mcs,r_1_6,0,-7,artifact_finetuned
g12/190-classical_fixed_mcs-r_1_6-c0-snr-07.clean.jsonl.gz,92b0fa7290d1f54fddb141e6f8e4be134311e215c0d27864351cb7a1555fc9f6,3925,5e5db52c517ad3f220a748835df980d58aeb2490e2c0dd1bf5e8943b31a2344d,classical_fixed_mcs,r_1_6,0,-7,clean
g12/191-classical_fixed_mcs-r_1_6-c0-snr-06.artifact_finetuned.jsonl.gz,64ab4d8011ef44c381696221963bcabb32ec5f9cd327d83666a0ca8eb6a42154,3925,11861def9dcb6773a9118d898539eaf1ad178315309a49404e1fb73a63b394cd,classical_fixed_mcs,r_1_6,0,-6,artifact_finetuned
g12/191-classical_fixed_mcs-r_1_6-c0-snr-06.clean.jsonl.gz,c859ea7402b382e7ee76abafce3d0d68762cc9255611c680a8318879a24b7e2d,3925,feaa05de5020d31fa21b4330fb5325c6599bf8bc22d0c9e6cca0143d92fb893b,classical_fixed_mcs,r_1_6,0,-6,clean
g12/192-classical_fixed_mcs-r_1_6-c0-snr-05.artifact_finetuned.jsonl.gz,4c59c084c579d24ef779b0da664f552b1738a420d1627f7dcd5d8ed186780794,3925,a12dd248df7f61fe429157b4d9a6f115e8e89eb3d609e20b15f536e7b8bdb453,classical_fixed_mcs,r_1_6,0,-5,artifact_finetuned
g12/192-classical_fixed_mcs-r_1_6-c0-snr-05.clean.jsonl.gz,78dd63b974e9f4bf184d330309ffd0f1662d205544a294c826c55ec057beb011,3925,01d10fda9de99047a215aa0a59a16acde5ee00318e31040383d4954ac241740b,classical_fixed_mcs,r_1_6,0,-5,clean
g12/193-classical_fixed_mcs-r_1_6-c0-snr-04.artifact_finetuned.jsonl.gz,96452261f78bd18795d8e498984d96ffd97efc749f3f1f43f3b0696c8c6a0198,3925,e1df8c759f04b2b48b2033b1fa5659b122d54eef896cb2c2ab1704dcb2397c16,classical_fixed_mcs,r_1_6,0,-4,artifact_finetuned
g12/193-classical_fixed_mcs-r_1_6-c0-snr-04.clean.jsonl.gz,2d4c325171911f08459978e88babb05b53ca66b1bd159bb81a7de74336cf3e34,3925,2859e9985c5d1c8eb44ef69bda8560e8447a18573366422a60970f94a478d82d,classical_fixed_mcs,r_1_6,0,-4,clean
g12/194-classical_fixed_mcs-r_1_6-c0-snr-03.artifact_finetuned.jsonl.gz,2dc8075169fba5e620e8c14ffdbb935b3a649969bbb2f838c23b705933703892,3925,77fba16d9c3d8270a134a313de8f253e2263066fb253d945b0d993c2f58bb71d,classical_fixed_mcs,r_1_6,0,-3,artifact_finetuned
g12/194-classical_fixed_mcs-r_1_6-c0-snr-03.clean.jsonl.gz,95e2595bd66f008d33af8457c2cb021aa7e31e147744e7b78b3a8a64c3eaa781,3925,54e48b448501f8441cb85e9a6d8a7e238308b1fce5ff0f572621a1e3c8f14923,classical_fixed_mcs,r_1_6,0,-3,clean
g12/195-classical_fixed_mcs-r_1_6-c0-snr-02.artifact_finetuned.jsonl.gz,a764b6acb114f8804c76a81bfca3f6c5e76860156ba0891a82d2122d7c2438ee,3925,11bc28ca3e10b182342326b882330836f9688af254a8ddd08ace3c1b11b5d5ca,classical_fixed_mcs,r_1_6,0,-2,artifact_finetuned
g12/195-classical_fixed_mcs-r_1_6-c0-snr-02.clean.jsonl.gz,008109b60e185f57d061ddf814f636c034a66f32560274535a90354ca63448f5,3925,495c5d36f22200b005d92afdb3766c91601855cb08e81485716d89d837df3ffa,classical_fixed_mcs,r_1_6,0,-2,clean
g12/196-classical_fixed_mcs-r_1_6-c0-snr-01.artifact_finetuned.jsonl.gz,0347e7e7efd794e673f8812694460126cac6bb916da5fcac1ba73e786a0f6b06,3925,b4d4efcc1d0591850c2cfe54b2726ef51feb303cf6e6beb93be8d7d4e6d52d66,classical_fixed_mcs,r_1_6,0,-1,artifact_finetuned
g12/196-classical_fixed_mcs-r_1_6-c0-snr-01.clean.jsonl.gz,595f931e1c27e02854a39996ecf9883e9fd5860d6560e37445821d453e1bfde8,3925,2a6825b86e38823ffce809452cb9fc39220ba66b12d72366d67ad766add32da5,classical_fixed_mcs,r_1_6,0,-1,clean
g12/197-classical_fixed_mcs-r_1_6-c0-snr+00.artifact_finetuned.jsonl.gz,d4369b4402a4d3205e31e472602242f72fc8aa2979236ea2590c78d68c3a750f,3925,e7715bc91723b4512f79bf14825ba843f53bdb8f5d4d0c530954c44ed039b119,classical_fixed_mcs,r_1_6,0,0,artifact_finetuned
g12/197-classical_fixed_mcs-r_1_6-c0-snr+00.clean.jsonl.gz,1fd37216e43f75b7bf5c953f7e7bfc28fadebf20a6eccf1bc7fb835f2dc90d71,3925,0804203b083b45124a2f2b7034c5d33083062bb8847fdbc3b446dd7e82e3d8ff,classical_fixed_mcs,r_1_6,0,0,clean
g12/198-classical_fixed_mcs-r_1_6-c0-snr+01.artifact_finetuned.jsonl.gz,ed794c7989dbc4534c99d49201fa5d6d6234b8efc2513517aa425801b151f5a3,3925,24b986339eee1bf5bac5b8b8b7f01f698af8691e429c94b6a4000bbfca72bc18,classical_fixed_mcs,r_1_6,0,1,artifact_finetuned
g12/198-classical_fixed_mcs-r_1_6-c0-snr+01.clean.jsonl.gz,8c74a129072addca911e7526fef6fe39abdedcd4800f5b6f53623395ff7a5ab6,3925,fd17b0d1a90386ba59afafc0faf5946c26f71e965cdc74225f0b06428d1b0355,classical_fixed_mcs,r_1_6,0,1,clean
g12/199-classical_fixed_mcs-r_1_6-c0-snr+02.artifact_finetuned.jsonl.gz,e8a80d7ab73de0f0271dc3628c6c1e0ae22e0b669fc92a8525a3fe92f61e87e0,3925,ac48f1870f1316d0a2e6e5e1ccf054bc2ca9e77b8f9f7cc786b67b78d41ad1a0,classical_fixed_mcs,r_1_6,0,2,artifact_finetuned
g12/199-classical_fixed_mcs-r_1_6-c0-snr+02.clean.jsonl.gz,9a60d933a5932689483aa37e75b66b42f60f4341ddf7fb523b2f3c17af2aeca1,3925,7180bd96cfadfabb4082b8f48a4c097ed1f0cb2a4ac3d7a752ff3f0ddb07870e,classical_fixed_mcs,r_1_6,0,2,clean
g12/200-classical_fixed_mcs-r_1_6-c0-snr+03.artifact_finetuned.jsonl.gz,549cb00090d3ea96edbefe888782cb550bd83b32a55fd9e146834dd5e9e2683d,3925,ab03657579bdc492094e9ec18735d07e5d7a37b83fa98c5af7b95dd44e4bdc98,classical_fixed_mcs,r_1_6,0,3,artifact_finetuned
g12/200-classical_fixed_mcs-r_1_6-c0-snr+03.clean.jsonl.gz,45af25f596b67718b97b58a907cef9e0c6d2739c3927954437f0cc748d68cdd9,3925,014fd983ddaa94de245a81097231312105c3e81bccd7fecca52ed342e095b948,classical_fixed_mcs,r_1_6,0,3,clean
g12/201-classical_fixed_mcs-r_1_6-c0-snr+04.artifact_finetuned.jsonl.gz,b84568ea2a4eaa2bda2ed3cc21ead764b07b09db484de0b9e00e39144dde1ae9,3925,085fef2263578d624ff9041bfc69ffc6ff6d7b3728c8002f9218ec1068f70b2c,classical_fixed_mcs,r_1_6,0,4,artifact_finetuned
g12/201-classical_fixed_mcs-r_1_6-c0-snr+04.clean.jsonl.gz,4218037952412e1072331ae3392d56811832170ff53d8dd6958d732fcad2d9fd,3925,7b9cbf8e0e46f6c33e6a45324f96c860663da6874e24ece1956bd688ff671637,classical_fixed_mcs,r_1_6,0,4,clean
g12/202-classical_fixed_mcs-r_1_6-c0-snr+05.artifact_finetuned.jsonl.gz,6f555151588351c66871733bb0e220f4894e34a89efcb954ac6528cf19f5c6d2,3925,303e1739157c1b4c1b4f83be0189a07301ee9fec2800028d7ca9642bf136bfc5,classical_fixed_mcs,r_1_6,0,5,artifact_finetuned
g12/202-classical_fixed_mcs-r_1_6-c0-snr+05.clean.jsonl.gz,5051112d3b0dad1c17e43471558260da98b27996c395b465eee8a9037f2c7ec2,3925,cf08c1208526ce75343b7f443a92becfb535cf4d4c7d601dcb1468af18f0d998,classical_fixed_mcs,r_1_6,0,5,clean
g12/203-classical_fixed_mcs-r_1_6-c0-snr+06.artifact_finetuned.jsonl.gz,8d301e32da4bb4ae5244a4c4a30424457b845a3e72bf25f1a296917e56ad351e,3925,f51fe8f9faf7fc9b3aaea8426fa49cebea5dac3bfbf43610d0e16d0182411467,classical_fixed_mcs,r_1_6,0,6,artifact_finetuned
g12/203-classical_fixed_mcs-r_1_6-c0-snr+06.clean.jsonl.gz,43ce030d5de74af7c2abf5159becdbb3431a6d632004d910938de9426e199b29,3925,10dc8fc69afc9812e62c874440fee7f69587434669a86e25e3c6243fd6cfabf9,classical_fixed_mcs,r_1_6,0,6,clean
g12/204-classical_fixed_mcs-r_1_6-c0-snr+07.artifact_finetuned.jsonl.gz,2573765cd524ba5c47ff071f5ae3e85836aab20f849c344468ebf48a2c28f18b,3925,b6e065cba974dbc249a88cfb5f4f651de27be035f07a3e57cc23d45d40b0c6f1,classical_fixed_mcs,r_1_6,0,7,artifact_finetuned
g12/204-classical_fixed_mcs-r_1_6-c0-snr+07.clean.jsonl.gz,a6e5d4d1379fcb7ea15d07e3c7f950befb321c76984ee86f5bcb6382e858a5b2,3925,235bc7c460a0c8953f0a8f8b8d019388767fec05ae28f2725b1d69a18b85bdcf,classical_fixed_mcs,r_1_6,0,7,clean
g12/205-classical_fixed_mcs-r_1_6-c0-snr+09.artifact_finetuned.jsonl.gz,7b325d3b703c083e0b5bb94eec1f62c58d704f2f5f2cfd7ddad842aaeecb16fd,3925,86c83e35db273861506f8712fab5cca0e048622037f7c88930ec574465dfc52f,classical_fixed_mcs,r_1_6,0,9,artifact_finetuned
g12/205-classical_fixed_mcs-r_1_6-c0-snr+09.clean.jsonl.gz,0422416d8cc6beed2fe42160ddf1fd30504cb562b17e519a824b52bf908dc5c6,3925,0f8647e5d20dc6bd9db32353613ece6245a2d3933bb9eb7f3a3ee546214f821c,classical_fixed_mcs,r_1_6,0,9,clean
g12/206-classical_fixed_mcs-r_1_6-c0-snr+11.artifact_finetuned.jsonl.gz,32c13c53a8719d89d322f9ca2a94c218432565db4688d497b1adf948a4c32b1a,3925,535429c41ac802ab8539c5a250206fa81b9cc4efe7b80fd6d111cd9d7c94f438,classical_fixed_mcs,r_1_6,0,11,artifact_finetuned
g12/206-classical_fixed_mcs-r_1_6-c0-snr+11.clean.jsonl.gz,293654d2b0c662d9772e6080dd078e727d1dc84c8b79ca3d2d3a606c2c7a9305,3925,911500bc688577ce6adaefa422374f9ea3a7e2dea929a7c0e32e9e61fb8b0dac,classical_fixed_mcs,r_1_6,0,11,clean
g12/207-classical_fixed_mcs-r_1_6-c0-snr+13.artifact_finetuned.jsonl.gz,c906c315e6ace35b03f9823b5f81b6c71a42d6131dda1837f9a22d492087c0f7,3925,852c9919d4c16b05619e8cbf01a31fa0fd47c6db462c9b196d28af10631cc8aa,classical_fixed_mcs,r_1_6,0,13,artifact_finetuned
g12/207-classical_fixed_mcs-r_1_6-c0-snr+13.clean.jsonl.gz,80a5a48585c48c3dc4a54ae5713833cbfb8b91e0434d68194e95c73a4d6b28a7,3925,b289e783217d189fb8eeb63309da56d978954d765f3604a34c275f0a0d7fc826,classical_fixed_mcs,r_1_6,0,13,clean
g12/208-classical_fixed_mcs-r_1_6-c0-snr+15.artifact_finetuned.jsonl.gz,a38ff3f511cefdbc2b2115c4c837b162f0c30ae4df2ab3a8b9eeceedc24289a9,3925,6bd6d061ef2c38ebd75163f682134757250bfaeb7053f3d566071605eb3157a0,classical_fixed_mcs,r_1_6,0,15,artifact_finetuned
g12/208-classical_fixed_mcs-r_1_6-c0-snr+15.clean.jsonl.gz,1aa2d9e2ef7309d04bacc6b063f98d2e0b359a85982894ae43962f52f67da1ef,3925,08710e81305a5bc241a496e3be0e7061b1621d6fd35fedcf00becbc4c48f5fab,classical_fixed_mcs,r_1_6,0,15,clean
g12/209-classical_fixed_mcs-r_1_6-c0-snr+18.artifact_finetuned.jsonl.gz,a6cb82af9c78ad045730369774fe36f47fa0dd79753bd2e16e97f7497250eecf,3925,7fb91c9dab5a20929705c7826db8b53d20f86bce64ed6ef61c0a42b216f556da,classical_fixed_mcs,r_1_6,0,18,artifact_finetuned
g12/209-classical_fixed_mcs-r_1_6-c0-snr+18.clean.jsonl.gz,5ee91201353a60224a4cde3fce72efcf62dfbcc4df83c968d47f2bbb5b4f9071,3925,f87878f0dcdfaf1111f67ab4c5e37be964c2ef7709d24400c9e455a13f2292fb,classical_fixed_mcs,r_1_6,0,18,clean
g12/210-classical_fixed_mcs-r_1_6-c1-snr-08.artifact_finetuned.jsonl.gz,3453359e53c2699b847b4097d3ae659589c681f8e4593333683c42a37f75c4e6,3925,f1977b748b72414b10fe6d621f7c6d1feb645f6a967c59d908ea9c44f9fcadb1,classical_fixed_mcs,r_1_6,1,-8,artifact_finetuned
g12/210-classical_fixed_mcs-r_1_6-c1-snr-08.clean.jsonl.gz,5853ad0d344ccfed800579124525c4f3e6137545cd94ef05ab47eae9822f02f8,3925,198d41044105906669703793cda3c2762ecc1497b91fb4cba2c3ad14821b6e6c,classical_fixed_mcs,r_1_6,1,-8,clean
g12/211-classical_fixed_mcs-r_1_6-c1-snr-07.artifact_finetuned.jsonl.gz,a133293873c4e5c46dfd35b2654c26c02a0961201465565ddf75f234cfa4d05a,3925,84f15bf326c13b5eb13058063d58d2eaf6b475077d1c71a6dfb806f85e5e3970,classical_fixed_mcs,r_1_6,1,-7,artifact_finetuned
g12/211-classical_fixed_mcs-r_1_6-c1-snr-07.clean.jsonl.gz,83dec38e344f47a845ce691131f648befeb8d22e0181a26538045095dbe0e0a7,3925,661bd60d00d06f17ea1a897966878209a56352228553147749f1bda2f6fc2961,classical_fixed_mcs,r_1_6,1,-7,clean
g12/212-classical_fixed_mcs-r_1_6-c1-snr-06.artifact_finetuned.jsonl.gz,c7608623aa15a8ecf32d04445efc29455dfe12b6066dfaf16e13288ae8a0a1bb,3925,e4afdfc9f56f3363e134dd1eb44edde27ecf6ddb7bb7f0ba810880128c0432bd,classical_fixed_mcs,r_1_6,1,-6,artifact_finetuned
g12/212-classical_fixed_mcs-r_1_6-c1-snr-06.clean.jsonl.gz,7be43b71fc6f5d06d9893c6b720ea595d78da658447f937b4bddc7204b75daa4,3925,ae21bffa3928f26f809b137e60ae4fac11a1c5ec12bd29360ea8df0d7f2084d4,classical_fixed_mcs,r_1_6,1,-6,clean
g12/213-classical_fixed_mcs-r_1_6-c1-snr-05.artifact_finetuned.jsonl.gz,4a362ccc1f1eeb4f394121e28a0afc159171042678c699ccabc279d0df5f351c,3925,b5cca2cd49c84f4636ce7903db9db8abe4eb70f9fb1f9197f6cce7dad759c368,classical_fixed_mcs,r_1_6,1,-5,artifact_finetuned
g12/213-classical_fixed_mcs-r_1_6-c1-snr-05.clean.jsonl.gz,dcd454524d07b9c0939c996324b1fc2b3ece93812cba4ff94ad20cf71e26251b,3925,b500e2994f3c05354b14ed912f43054d93cd3ec14277bf0af7a5427eb8d90edc,classical_fixed_mcs,r_1_6,1,-5,clean
g12/214-classical_fixed_mcs-r_1_6-c1-snr-04.artifact_finetuned.jsonl.gz,d9c22d21013dd37ddb383599f8255a17949404ee024033fe119bd0432ea4bc43,3925,9d3fc57dccbe813a66918808c215a1b1741a4a32dcd9ec8311c818fa45331cf1,classical_fixed_mcs,r_1_6,1,-4,artifact_finetuned
g12/214-classical_fixed_mcs-r_1_6-c1-snr-04.clean.jsonl.gz,e5f010f91f28daa871388f84417e6100f8cba9e3398e3238094e4a15e06abebe,3925,ec105193830d24e09a8b67437f7d6663e10d20bcfe040426935b27d4cd276c72,classical_fixed_mcs,r_1_6,1,-4,clean
g12/215-classical_fixed_mcs-r_1_6-c1-snr-03.artifact_finetuned.jsonl.gz,2231b7f0e936c14eac38b97feecc34fe4ef5e383b429afa3f044276dc1e273e4,3925,dfaad29016c3ba359c4473ae66268ea523cd4aeeaf3cea168f84610d9e8ec839,classical_fixed_mcs,r_1_6,1,-3,artifact_finetuned
g12/215-classical_fixed_mcs-r_1_6-c1-snr-03.clean.jsonl.gz,fb7cf0ee4fcda134d872b29ec1e2ef054e2f8eed36f52812b0fd7162c4506690,3925,4c958e3e1b820db77dfc854483f5db5be248d8d81460d6b38a26e8a9b9d01f06,classical_fixed_mcs,r_1_6,1,-3,clean
g12/216-classical_fixed_mcs-r_1_6-c1-snr-02.artifact_finetuned.jsonl.gz,845e72c1b81ea8b70ab7b94723571d497e44ad5e7f52cf14c8c8182f5f8854de,3925,b391307d046c3ffc9b34790def968a30c7ea47d33cbf576c8c2ae25afbec0733,classical_fixed_mcs,r_1_6,1,-2,artifact_finetuned
g12/216-classical_fixed_mcs-r_1_6-c1-snr-02.clean.jsonl.gz,0a4f59ef74285761f307fe3c1a32d2a14f63409394f8fa1e758480d28a43b615,3925,4e9c00e01a60590515d618ac0a449c77e2dd532ef025b4cd6167665016b841d3,classical_fixed_mcs,r_1_6,1,-2,clean
g12/217-classical_fixed_mcs-r_1_6-c1-snr-01.artifact_finetuned.jsonl.gz,298e819785087ffde256d1d1b6c74b4285b344ca144f176a04677fd40d791caa,3925,67d0c8a84659fb3e2ad6c380a07966f27aab395f920d1ca93d1384584afcc3e2,classical_fixed_mcs,r_1_6,1,-1,artifact_finetuned
g12/217-classical_fixed_mcs-r_1_6-c1-snr-01.clean.jsonl.gz,a2d0421abadc42ded39c2e23f857e7dbbe76b2e163831526ccde3744f471ffa9,3925,98341f699c76658590c98468a829a64bbfce959e862be747f2139e9b33e769b5,classical_fixed_mcs,r_1_6,1,-1,clean
g12/218-classical_fixed_mcs-r_1_6-c1-snr+00.artifact_finetuned.jsonl.gz,0e6ec121809fdd4f8ea5cbc9e4671f2870f34d590bf3a2ad102de64ba364b9e3,3925,56017ff40d1088d796eb4c91c888e115e56a12431b30c8272ed0be4d3b595537,classical_fixed_mcs,r_1_6,1,0,artifact_finetuned
g12/218-classical_fixed_mcs-r_1_6-c1-snr+00.clean.jsonl.gz,f293289b6823da906dc86da0608028f1c6411984c03ae83336b7a2cfcdaca794,3925,2315a9e951ed7a415404e96b45316f21e6ab0d994c45c6de440650a02b8a758a,classical_fixed_mcs,r_1_6,1,0,clean
g12/219-classical_fixed_mcs-r_1_6-c1-snr+01.artifact_finetuned.jsonl.gz,4b20d1b2be317fc5204fff360997466cdf8a23e470155eb891ea6d2eee4c14a3,3925,ba42be7d5ed97b1ea1db30b9b5b471cf5e3ac6fba32626d1a0f6389f371845d4,classical_fixed_mcs,r_1_6,1,1,artifact_finetuned
g12/219-classical_fixed_mcs-r_1_6-c1-snr+01.clean.jsonl.gz,2a9dfb62c15a4039cd74637ab2fab34780e22b7929ae3e00edee338f36241d29,3925,99c12167064f4e524163bdc56e2233430b98a597b583dda0ce3962404642d206,classical_fixed_mcs,r_1_6,1,1,clean
g12/220-classical_fixed_mcs-r_1_6-c1-snr+02.artifact_finetuned.jsonl.gz,a7882b1e2f17ec3d0294e70c8d6e5f769b7bff7fa9e5e589d114ce6889ea793c,3925,928ef1b21a302b53115fd3d1a74471b4f66564f2720ba8c83552dad54b94edf5,classical_fixed_mcs,r_1_6,1,2,artifact_finetuned
g12/220-classical_fixed_mcs-r_1_6-c1-snr+02.clean.jsonl.gz,fe6769ac20ed81f55b553c9609b5f294c1097c3867dc456b496e2acb8f64ae15,3925,547a0071552f9a597e60b2d3cbb0936a436a05af01aff7e7f1238ae4851ffd7b,classical_fixed_mcs,r_1_6,1,2,clean
g12/221-classical_fixed_mcs-r_1_6-c1-snr+03.artifact_finetuned.jsonl.gz,46737984f831374e7abb8aac472392184b8827b0f5aba9618710ab923bc68164,3925,b45f9f460a166e5318368cfbc8750cd53dada2357cd9c64443ec47c1bd165ce9,classical_fixed_mcs,r_1_6,1,3,artifact_finetuned
g12/221-classical_fixed_mcs-r_1_6-c1-snr+03.clean.jsonl.gz,a12036466ad3560426d5fa91442f75f3d970562ab4da369962782e77f0f5da35,3925,baed59f1114a4b3421d9b705ce0dda9478e809a506c3ce04779d517536f0fc5b,classical_fixed_mcs,r_1_6,1,3,clean
g12/222-classical_fixed_mcs-r_1_6-c1-snr+04.artifact_finetuned.jsonl.gz,8be4ef9b15f1a8dd9a1a4a45f23c3fd100c8e9198764392fffbbbe7e30a2e1c0,3925,3aa2d5fa22df6279a2bcbb53f0caac9345362f9fae7007e2ddcd58b1c1988dda,classical_fixed_mcs,r_1_6,1,4,artifact_finetuned
g12/222-classical_fixed_mcs-r_1_6-c1-snr+04.clean.jsonl.gz,8b055cced130268028204398ab33ec534cb6569ad2bd748b73e1c0bfe0f1e000,3925,6bbd16a35ac20e2aef01b30d7d4cf9a9bf3d2ec729b50f71787c3928f393c081,classical_fixed_mcs,r_1_6,1,4,clean
g12/223-classical_fixed_mcs-r_1_6-c1-snr+05.artifact_finetuned.jsonl.gz,08bbd148c598c9adfe3166fd5f9993ff60b7ffb95b5431afeaa855f2d1d7a05b,3925,292319248a80b47c7976b0dae6e78675150847c90531601b9e79355c0b271836,classical_fixed_mcs,r_1_6,1,5,artifact_finetuned
g12/223-classical_fixed_mcs-r_1_6-c1-snr+05.clean.jsonl.gz,52618c7d3dfa89627c87e1865bc8db7eef5cd06897d6c14d4d688dc8eefa2884,3925,5c8ccf92b91f8bdd589052fa145921a2ff6d9ea740fcc5380148fa9e4d95d35b,classical_fixed_mcs,r_1_6,1,5,clean
g12/224-classical_fixed_mcs-r_1_6-c1-snr+06.artifact_finetuned.jsonl.gz,2c73395e00c39f1434ac118d3cfe481bca96e7aa5fbca957dd2ca70b1d43e3d6,3925,f8fd76a97e4c15f302b3d5210b0dd6ed24d289d0264178980af60f8b7998b1e5,classical_fixed_mcs,r_1_6,1,6,artifact_finetuned
g12/224-classical_fixed_mcs-r_1_6-c1-snr+06.clean.jsonl.gz,96f65ab8e4c35811f4ea9b26f262c6e404ead3a9ba45ffa2988fe4fd8c3954b4,3925,69ea6e6b8eba35c7be970de4bb5d90daa18fcb468412202b031c8b30554d0f7a,classical_fixed_mcs,r_1_6,1,6,clean
g12/225-classical_fixed_mcs-r_1_6-c1-snr+07.artifact_finetuned.jsonl.gz,dbe1d363b35780df263d3cb2dd48bbe5bd5ba901b1b96753b826e61dcb55788c,3925,8b6c9ba557ff774aa3e822841d9a284c8c3b3eaf2159f490ca08da9f86875d52,classical_fixed_mcs,r_1_6,1,7,artifact_finetuned
g12/225-classical_fixed_mcs-r_1_6-c1-snr+07.clean.jsonl.gz,7da2b84298fd504194f9c356cf1970a6767c689241c7b1d5e1290f2ba2612090,3925,4e98293a934e922ed66f4c0b68abd9111c8bea005a8ba54de99cd046e242519d,classical_fixed_mcs,r_1_6,1,7,clean
g12/226-classical_fixed_mcs-r_1_6-c1-snr+09.artifact_finetuned.jsonl.gz,50ef9a88b7806c35c70dcaf287ca7c524d3682629a2ef89a9e5194d373a70316,3925,576fbabe96cfa74c041f329e3707335586c2a212ac9712cd261aed126e87e160,classical_fixed_mcs,r_1_6,1,9,artifact_finetuned
g12/226-classical_fixed_mcs-r_1_6-c1-snr+09.clean.jsonl.gz,caa5acb26688aa99182067b2af3c86c8e70077592422b55698755c7a0dd4c356,3925,3311c6fe43937f4b3ffd6f45436b19c969075857adfdd342b81fe34bae2dfe85,classical_fixed_mcs,r_1_6,1,9,clean
g12/227-classical_fixed_mcs-r_1_6-c1-snr+11.artifact_finetuned.jsonl.gz,f57536f20850d22127f2ffcf751e8a66c795fb1eb3e5caa31d3c16ef842a48f7,3925,12592156864fa215119f08aae617f2b41276907bd386c7e5bfd7b875839eb493,classical_fixed_mcs,r_1_6,1,11,artifact_finetuned
g12/227-classical_fixed_mcs-r_1_6-c1-snr+11.clean.jsonl.gz,4aff0397fac130c55a7384d419fe545a99f6deffe65b9ce02a16760929fc2666,3925,a951033641157a74709dd4e70495934bc17733335cf8b178032c4899f181b4f3,classical_fixed_mcs,r_1_6,1,11,clean
g12/228-classical_fixed_mcs-r_1_6-c1-snr+13.artifact_finetuned.jsonl.gz,08c153815e54c9628f5bad8803500ee6c7d46bbeaf0ae08e16055b2e1a00c023,3925,461311c9c4304881d02c5d8380a34937c31f4fdb2a2bbb288355fb8901448839,classical_fixed_mcs,r_1_6,1,13,artifact_finetuned
g12/228-classical_fixed_mcs-r_1_6-c1-snr+13.clean.jsonl.gz,3d078af0e58e221d9a064d2daf3280e6da738e00e6d1a2561d14b47ee5d9d971,3925,c57fa77f515999cecab54714bfcf3fbefb9b2bd6a90b423623e7e0968a712176,classical_fixed_mcs,r_1_6,1,13,clean
g12/229-classical_fixed_mcs-r_1_6-c1-snr+15.artifact_finetuned.jsonl.gz,4bc3f7ed979a0755f1870704afc5169b474061454f05c44ac6cc85a9e7c7b6e4,3925,a2677ee44636362e6d2ba1263e8587822b8cf9f904ef4aefd85e9c67b63b04b1,classical_fixed_mcs,r_1_6,1,15,artifact_finetuned
g12/229-classical_fixed_mcs-r_1_6-c1-snr+15.clean.jsonl.gz,411e1ecc25bd3c7c349d66de1d85a97ee9d7a1ea95ed7e540761af639eb26f2f,3925,9f67fa3547da5245daddb2abe54484d847fce2756ead4b7d518af01ff3a1aa92,classical_fixed_mcs,r_1_6,1,15,clean
g12/230-classical_fixed_mcs-r_1_6-c1-snr+18.artifact_finetuned.jsonl.gz,29be8e8d6d46b611b33040eee9e53de72c68402ecc90ed2a2d8e47a13ad5aa57,3925,308a93e7daa9a374c8715d5c2e0aa6b1a63d43191193d8f048bc32711121766e,classical_fixed_mcs,r_1_6,1,18,artifact_finetuned
g12/230-classical_fixed_mcs-r_1_6-c1-snr+18.clean.jsonl.gz,5149da579693c2e7806fc80f9f4eb97b16c826814d046a27434065237821571a,3925,da3c4386a5e4f68ffbd4d0d310b755e54b6d79f66db41c194c3454dba699f268,classical_fixed_mcs,r_1_6,1,18,clean
g12/231-classical_fixed_mcs-r_1_6-c2-snr-08.artifact_finetuned.jsonl.gz,a9f2e526e0824cac88ea98a81706ea3fe5e88fddf1feb6b99ce9da3e180b017b,3925,da56843d67f4d1e03ca19a76cd22c1f64576c94070cad0818a641729842f4c0b,classical_fixed_mcs,r_1_6,2,-8,artifact_finetuned
g12/231-classical_fixed_mcs-r_1_6-c2-snr-08.clean.jsonl.gz,52f22a6dc597aca02fd51736799952ec74244e5a5ad8ace7312efe6d2ff15b76,3925,81051861033c0e1b7a8ebb2d87424e3f335cc6066a7d4d31faa7249d28b8120d,classical_fixed_mcs,r_1_6,2,-8,clean
g12/232-classical_fixed_mcs-r_1_6-c2-snr-07.artifact_finetuned.jsonl.gz,0858b0da57c5dd3f44c89663257e713f53b3c5d3666103c84c39839d98b061e7,3925,3e10eee6c549bec8b9588e7c8776715aebd45739f41cfd38a53912297e54053f,classical_fixed_mcs,r_1_6,2,-7,artifact_finetuned
g12/232-classical_fixed_mcs-r_1_6-c2-snr-07.clean.jsonl.gz,ced232f265d518fbd61465d1624cea6cb9bd40c6418154ecda546f731c2675fc,3925,2e47a8aa5dcc1cdb23b65d5dd7f2c5317c9f99aff5f2052d52cb7e731803a8c7,classical_fixed_mcs,r_1_6,2,-7,clean
g12/233-classical_fixed_mcs-r_1_6-c2-snr-06.artifact_finetuned.jsonl.gz,197db60d1f2dc64ea760ca9415e39e73791882bd619fe47995955cdf9c3777a0,3925,57234ac800ef33e40abcd69135c8f8ae07b02c0f2677c402ea274fa5d3e2a07a,classical_fixed_mcs,r_1_6,2,-6,artifact_finetuned
g12/233-classical_fixed_mcs-r_1_6-c2-snr-06.clean.jsonl.gz,24b74c904071009c95dc4a29b9e6194bf8f1be11a2e20f510c39d986fe28644f,3925,77f1eb19e94330c16bd849b24b5ed2a0c4d190801237378b4e043234dba22772,classical_fixed_mcs,r_1_6,2,-6,clean
g12/234-classical_fixed_mcs-r_1_6-c2-snr-05.artifact_finetuned.jsonl.gz,231bacbc0efe73ee8ec3e98eddd233e1ed0206ba533ffad5a8a13ecd3d6b8173,3925,120663bfb31cf7d8e46f76ffb3a80c772df3da842f22a0e08e6401ad0c0881ab,classical_fixed_mcs,r_1_6,2,-5,artifact_finetuned
g12/234-classical_fixed_mcs-r_1_6-c2-snr-05.clean.jsonl.gz,5f2f1722abe726f2265ba3609da4bc9aedd8d577e76c1245d347af458a9465a0,3925,e78241e50900d7ae3e69387f97a86a4d0795cdc6fffe7a83cbc64668b1b6b588,classical_fixed_mcs,r_1_6,2,-5,clean
g12/235-classical_fixed_mcs-r_1_6-c2-snr-04.artifact_finetuned.jsonl.gz,86dcd7d5f60d7e11fbb7adf3a8fe556edbc0c87eb301c019d9abc4bafc6315af,3925,ddee00ffc7787ee3e7f1976575012a3d2ff156f16f531da558e98f0566e84456,classical_fixed_mcs,r_1_6,2,-4,artifact_finetuned
g12/235-classical_fixed_mcs-r_1_6-c2-snr-04.clean.jsonl.gz,8cf3285a3379de0493395c16f503d277214018566e05aa6f27d8786f62d9e46f,3925,00fd061f33a61b5c13db4b1de268053dc4dbf10dfb0c952e0b7bfca94e62063b,classical_fixed_mcs,r_1_6,2,-4,clean
g12/236-classical_fixed_mcs-r_1_6-c2-snr-03.artifact_finetuned.jsonl.gz,f9904394444f66a80884b146d4aa5881608060351b257ef25a3b04038a7bea17,3925,1598bfa64b1e36703a07f8f11246c5bcecec394a53ade9315398659f3227e042,classical_fixed_mcs,r_1_6,2,-3,artifact_finetuned
g12/236-classical_fixed_mcs-r_1_6-c2-snr-03.clean.jsonl.gz,2006cb02822ef9a64ba3d0a3af92698cb6d72fa83e2b358d5e26ffe91c8af236,3925,5df18842ad7abd7339c5b0c452ee7b9759cc909e8fe910068cf2b45dd8a92ff1,classical_fixed_mcs,r_1_6,2,-3,clean
g12/237-classical_fixed_mcs-r_1_6-c2-snr-02.artifact_finetuned.jsonl.gz,4a15d9c5ab35dcb85ec7ee78c6177082c45361c14cffe0d8840088ba8d15fa98,3925,6918977dcdf295cebca506f16bd32655305f98394f27cde6bc66b343bab922cc,classical_fixed_mcs,r_1_6,2,-2,artifact_finetuned
g12/237-classical_fixed_mcs-r_1_6-c2-snr-02.clean.jsonl.gz,758b175da81756eee9831db89f126cb7afe658c3ff462a11e96d6521a84c2db6,3925,eb282e15c72ea33d010d35be964d1ed8a9cc46d294acf41f94d02833fa1f14ad,classical_fixed_mcs,r_1_6,2,-2,clean
g12/238-classical_fixed_mcs-r_1_6-c2-snr-01.artifact_finetuned.jsonl.gz,f0575e9a91b329756873dccbbae486482cad87e14cb33c0f1add18b0a7ca5e85,3925,0b5d398eaa662d625c54de1bea4236bcc5e06c38a150e2dcc9b5dd1dd6e81a92,classical_fixed_mcs,r_1_6,2,-1,artifact_finetuned
g12/238-classical_fixed_mcs-r_1_6-c2-snr-01.clean.jsonl.gz,bc482f69ddc07cbed21005c21ba94ec0c5f44fccb421fcfa49de280a26d8708a,3925,9cf129b8273e4c6187141a31744ea35c0620dcd052a208cef593fdba80e0c8ad,classical_fixed_mcs,r_1_6,2,-1,clean
g12/239-classical_fixed_mcs-r_1_6-c2-snr+00.artifact_finetuned.jsonl.gz,d38b2eef49c814eaf16fe3ff1fd1f14026554c3b34d24f972b8f27b9cd47927f,3925,8dfde14c7c129b6ea6b3ef58db5183a0af196f687441d646d74cb01e124b4cf9,classical_fixed_mcs,r_1_6,2,0,artifact_finetuned
g12/239-classical_fixed_mcs-r_1_6-c2-snr+00.clean.jsonl.gz,1f19e4949d9fb3aa0c0406d5baf7a04addc454bbcbbb9121e699dd15479a0056,3925,96921b9381424cc471ac33c7e731bfc334c81bbb8fa1377f73444e8d3fc417ec,classical_fixed_mcs,r_1_6,2,0,clean
g12/240-classical_fixed_mcs-r_1_6-c2-snr+01.artifact_finetuned.jsonl.gz,f7bd35bab5999eead17df1d1145b48097084a7ef79697ebff3a3ab0da9ea7b60,3925,97852010e99922c6670d7429c13a2607a6f070678e29197e899247e7fa911d10,classical_fixed_mcs,r_1_6,2,1,artifact_finetuned
g12/240-classical_fixed_mcs-r_1_6-c2-snr+01.clean.jsonl.gz,7aa86f60d2837b5bcc760f9a9efc3212eb50afca4f492003634295348bec77a9,3925,19f363aabbf566faa1d0c6ab26e4b4630b6b2a114ec0021111fc5ea4489cdc47,classical_fixed_mcs,r_1_6,2,1,clean
g12/241-classical_fixed_mcs-r_1_6-c2-snr+02.artifact_finetuned.jsonl.gz,7d9ee3f46ab08934f11d0946976defa7b21c4b5537d798c023782089e314ae22,3925,58529d84a0e8d2b761d6749b7ded812902e235a472a46a094f87d9eee9e912e6,classical_fixed_mcs,r_1_6,2,2,artifact_finetuned
g12/241-classical_fixed_mcs-r_1_6-c2-snr+02.clean.jsonl.gz,0496740883a1eb18cc13db180ac52a339ca9ba2a7114bc85cc64e40843bf8084,3925,7df5a81a7aa6b18a9892fc17559e7a40575dbc3b45eedc69921b80be8c639ca1,classical_fixed_mcs,r_1_6,2,2,clean
g12/242-classical_fixed_mcs-r_1_6-c2-snr+03.artifact_finetuned.jsonl.gz,332c1b444643244e0befe319dfb3a7065bed9e76312be0ced29befd84aedbdbf,3925,7b1b1ed6d32aa97eb2c959f3fb94897125bd5e549651183e6adc3c42e7dabf97,classical_fixed_mcs,r_1_6,2,3,artifact_finetuned
g12/242-classical_fixed_mcs-r_1_6-c2-snr+03.clean.jsonl.gz,e3493fe6cdd7505115a74d4ee312a22873b898481014404dabb591033a09c909,3925,b17eea61bace619324e33214ea55a2a03344946a5bb565cdc7c6f99762840967,classical_fixed_mcs,r_1_6,2,3,clean
g12/243-classical_fixed_mcs-r_1_6-c2-snr+04.artifact_finetuned.jsonl.gz,9aa5117dd961d49eb4d7348a832e3f137a3c92a326fd8b83ea1cb12ed19c06a6,3925,688adab55c32cc907362b472c4162553c7ad560dba58fc048b42499a27473cbe,classical_fixed_mcs,r_1_6,2,4,artifact_finetuned
g12/243-classical_fixed_mcs-r_1_6-c2-snr+04.clean.jsonl.gz,f463faacb58acee930f92b69b83372a4ece7ab3b28ee44d4a5e59c8daafc731c,3925,9a22ed77d5d67b8a8575f1b8d7fcb54d9400661318cb1aa56fba96d38c7d7a00,classical_fixed_mcs,r_1_6,2,4,clean
g12/244-classical_fixed_mcs-r_1_6-c2-snr+05.artifact_finetuned.jsonl.gz,eb827687389c6963e2ce768d4ab96fbd7304d8425c069eda17706e3b8de74225,3925,b542688bd85d96941246369b44e1c04b64d695d97ae19dec3d7d75d385a66ecb,classical_fixed_mcs,r_1_6,2,5,artifact_finetuned
g12/244-classical_fixed_mcs-r_1_6-c2-snr+05.clean.jsonl.gz,705f728ab796b3449b4892212ec3ae9139f9dcc40c1e36f7696b2ee32fa9ec01,3925,74cd5212c7f69cc1c9cf7c2bb91dee8a48ee7f90b16ccd221b96b117bacd45fe,classical_fixed_mcs,r_1_6,2,5,clean
g12/245-classical_fixed_mcs-r_1_6-c2-snr+06.artifact_finetuned.jsonl.gz,617757ee1f37aef9604772b9d45be653dbb059cfd7ead43685446e0d2f12e92f,3925,f5362f253f676ae0de5615f8083bb4e3e1bdb1e9779296f4605be39ec44d4c41,classical_fixed_mcs,r_1_6,2,6,artifact_finetuned
g12/245-classical_fixed_mcs-r_1_6-c2-snr+06.clean.jsonl.gz,dc76c94d3ae5be250a0a67ca41a4a04ec85912bdc484c0e70460fb725c0b1fc8,3925,a65779d926eb2698b776a9a99c5bd15b3afc71dd23ce1aed32b8c7e72301c8bd,classical_fixed_mcs,r_1_6,2,6,clean
g12/246-classical_fixed_mcs-r_1_6-c2-snr+07.artifact_finetuned.jsonl.gz,a3e92c8778038e27b48021168ce7c5d0e3cda48d9152d2d2cdc768927d41c8e3,3925,da2d263be27a8067cff02e898bd79e59107955fac2109a23ac56afd723e7f5ce,classical_fixed_mcs,r_1_6,2,7,artifact_finetuned
g12/246-classical_fixed_mcs-r_1_6-c2-snr+07.clean.jsonl.gz,2c2ae868e2ff7c7aee7c80f15c0607d3366117a510006adc93e70fb64b3cc5d0,3925,ef2b732be1ce8d94f287ab4bad11b095774dea64f36d635f9fe7c6e842197df4,classical_fixed_mcs,r_1_6,2,7,clean
g12/247-classical_fixed_mcs-r_1_6-c2-snr+09.artifact_finetuned.jsonl.gz,d31dcbbdca72a305009ca3b90db25b6e2246b2d236e0d86148b92bf6fad89a3a,3925,9d4495b48dca887117670acc396c2cf0ab1cdabbbca76cd6082a2f9b9fd01389,classical_fixed_mcs,r_1_6,2,9,artifact_finetuned
g12/247-classical_fixed_mcs-r_1_6-c2-snr+09.clean.jsonl.gz,d59695bc7744c289ad44247cebc769ff3a97141b2d76fb9cd694fd73d7cbc7a5,3925,9bff17337973af42d0db55768c0f004b8fdc4c3fcb9f074a17791bbaa4c99d1e,classical_fixed_mcs,r_1_6,2,9,clean
g12/248-classical_fixed_mcs-r_1_6-c2-snr+11.artifact_finetuned.jsonl.gz,0de7956dc888a3f3d4aa697dd2be29b070250b6120e39923d1ffd63c5f082b7b,3925,d342cf2c9e7f140d01fc41fee866d11583d9cedf2aeb9143202ed1b1f4fa66e8,classical_fixed_mcs,r_1_6,2,11,artifact_finetuned
g12/248-classical_fixed_mcs-r_1_6-c2-snr+11.clean.jsonl.gz,1ef6c283fe733a21edc38389b4405764e1aa6095f3806248c324871c0123ddb9,3925,7cb1af9cd90f4b96faa6954b72eebdd010fead8b84f655a84e468ceab97ac83d,classical_fixed_mcs,r_1_6,2,11,clean
g12/249-classical_fixed_mcs-r_1_6-c2-snr+13.artifact_finetuned.jsonl.gz,13ee1fce2b2f30772486ecbe8fdd58795f57992a0dbeebdf9de60138ec234695,3925,8e5245a7c72b55c09b952bbbf4409a73066b54d0b778ddddc86f728ad56cc88a,classical_fixed_mcs,r_1_6,2,13,artifact_finetuned
g12/249-classical_fixed_mcs-r_1_6-c2-snr+13.clean.jsonl.gz,75b400205af17464504b2f0a79223bd6d9725276dd144980f670874decce40f9,3925,1c94eeb536e43c4da31317006ed34ec4e46849c41cfbe494fef92037996653f3,classical_fixed_mcs,r_1_6,2,13,clean
g12/250-classical_fixed_mcs-r_1_6-c2-snr+15.artifact_finetuned.jsonl.gz,780cb8f15812b250e403edfc045713d01cfce90e0af7fe9abc026ccb39a2e845,3925,e17d574be27a33158cdb64879b51826d1649a3c67179d88696d223b2a8eb80c0,classical_fixed_mcs,r_1_6,2,15,artifact_finetuned
g12/250-classical_fixed_mcs-r_1_6-c2-snr+15.clean.jsonl.gz,fb345e744702c7c6777ed250b7c4bccb8161f4714f2d13ede51718e2ddfe0d37,3925,241a48e7bc14a03ddff8bfaa29e2603cba41b4f6cf17b701ff231796c0efed73,classical_fixed_mcs,r_1_6,2,15,clean
g12/251-classical_fixed_mcs-r_1_6-c2-snr+18.artifact_finetuned.jsonl.gz,dabe3ea7bce9ad3b26097410c640df26881fee41f4cd5f595cecf10ce6e63e09,3925,5f7f3ac21011c6b4473e60c469a6773a4d01b2f5a835e871028a56548604af3b,classical_fixed_mcs,r_1_6,2,18,artifact_finetuned
g12/251-classical_fixed_mcs-r_1_6-c2-snr+18.clean.jsonl.gz,eee0c48f679b5ecd2f765e4862ed44fdcce44cdf0bea8a29221e37debe8e5ce4,3925,89dae5d9f993778f7a60d23b2cfed3ebbf2e73ebd97c19174b4d108b9d0cf8e5,classical_fixed_mcs,r_1_6,2,18,clean
g12/252-learned-r_1_24-c0-snr-08.own_task_head.jsonl.gz,c3f854a847fb3f5ef479ba5c14ee097a340fd5ffbeaa1469ddbd9f94c252bd7b,3925,e51cae3dead8e4ef6714e779d6f25a45597c618c02bf6534c72b60552d93768b,learned,r_1_24,0,-8,own_task_head
g12/253-learned-r_1_24-c0-snr-07.own_task_head.jsonl.gz,cdd050ef5b649f0b0212cb720f1177ea46e5f73cc30afa636a531928dd4344b0,3925,6379b4b9a08288b120ae492d4433e515fbd085955a4a8f4f025da97aa337a693,learned,r_1_24,0,-7,own_task_head
g12/254-learned-r_1_24-c0-snr-06.own_task_head.jsonl.gz,e792c8b415bf2d42b8180a7b068b5c9fc126db5bfa7d9a983654427ade94a91a,3925,7a0e9fb3159dec1d6df608f7681a89b491fe7256acd675ff294e7c7fdb5f0854,learned,r_1_24,0,-6,own_task_head
g12/255-learned-r_1_24-c0-snr-05.own_task_head.jsonl.gz,038d9480256e7e13480701d730990d91390ed3bf1a9f4d5c335842642342f19f,3925,c7fcc997cbaf20e9db67fbf19a05867ebdf2a8ceff4bcbf6d78291df9f8324d4,learned,r_1_24,0,-5,own_task_head
g12/256-learned-r_1_24-c0-snr-04.own_task_head.jsonl.gz,bde8617a2556e716200ffdeb04f93d919d5aaad5b2aa2ac869992519d28c210f,3925,dc697afaa9f69a39011067c58b4a57e26f39b227915866e0b90035e4556f1f67,learned,r_1_24,0,-4,own_task_head
g12/257-learned-r_1_24-c0-snr-03.own_task_head.jsonl.gz,77bd5dc30b4051a58f569e2d22fed55fe97fe04305d30481256acabdd99c7626,3925,61c1ecea3a86c52ee26fbf714bf5724cf55e2cd49bf3b2b9952ca2faadf7509a,learned,r_1_24,0,-3,own_task_head
g12/258-learned-r_1_24-c0-snr-02.own_task_head.jsonl.gz,c6a2e7c91dd5e29e09e9286abfc3ed4b859b20899749658e4f511aa11cb29039,3925,2bcfd5672e7dc9b4d8eb4f30269895c10161d45fdb5dfc52c8f1cda12e842bb9,learned,r_1_24,0,-2,own_task_head
g12/259-learned-r_1_24-c0-snr-01.own_task_head.jsonl.gz,e0c2bb6f21c4526d69512ac9829deaf69b70e138d7af85682c41b233d8ef5d13,3925,3763aaccd20e247148bbbf063c95e879d064c962550107c8629206c6c71afb21,learned,r_1_24,0,-1,own_task_head
g12/260-learned-r_1_24-c0-snr+00.own_task_head.jsonl.gz,43165fc33efb0669aacb6fffd0d0982c26096eec5dec67af2feebb7a7c6bfb45,3925,b7f80c1cdabfe37f1fb1d50a2358ae43bf4a9ad783950c8dd7ba645af4f04e87,learned,r_1_24,0,0,own_task_head
g12/261-learned-r_1_24-c0-snr+01.own_task_head.jsonl.gz,9da6b82e276bb4ca18ba30b05a41ffb5499c02ea74251715ba7d87172c35e9b8,3925,169fb09f3641024fac48ef7d3b84d85de8dc20c1b0c525882a61781bf8dbd158,learned,r_1_24,0,1,own_task_head
g12/262-learned-r_1_24-c0-snr+02.own_task_head.jsonl.gz,2abe3ad7105b1f881d054275685a1787b076817089de3b8ca9ce023f31de5aeb,3925,63cbdc56285fb3c88f6960ab1477a9a02fdff0959af66d4ed1987f3b247c901f,learned,r_1_24,0,2,own_task_head
g12/263-learned-r_1_24-c0-snr+03.own_task_head.jsonl.gz,4d881329a3753fd0cfb34f83eaee6b69ea20b117261dc7696c84fa305f6d885c,3925,7df2695f0628c647826e795d1e09a3401bd8e5398faf5954444ad6db603c4e64,learned,r_1_24,0,3,own_task_head
g12/264-learned-r_1_24-c0-snr+04.own_task_head.jsonl.gz,63f6f5eb9de52171f1d55e5ee455ef72d4b646cb2132aec5146251b84a3e316f,3925,07f84818d05ba2f3133ec75b66eb45571e60d6fa8a2dca0a0159d40885018860,learned,r_1_24,0,4,own_task_head
g12/265-learned-r_1_24-c0-snr+05.own_task_head.jsonl.gz,38849d5279ba3db0539ad8f288b489ce7fb5b68c1cd26e412698b4571e96d53f,3925,9acddaf4b86ad3575d6031dbc3f3cdd979e0d07e00523c296440cf37db52ba17,learned,r_1_24,0,5,own_task_head
g12/266-learned-r_1_24-c0-snr+06.own_task_head.jsonl.gz,b67f5b04079b9d60fa2ac2868db5ec8008a6e759b5222fd09070d1b5880b9d0c,3925,0cae9b3b20d43006092460588ef26f6fe57f506e1221fd0325fec0721b88db8d,learned,r_1_24,0,6,own_task_head
g12/267-learned-r_1_24-c0-snr+07.own_task_head.jsonl.gz,277c89f887526238dfe262fb45096a161b76f94e1e7eb79e6e551ee0e756aaaf,3925,85ca97268d3ccb3f0cf267f5562bb65341a125ccf72cdf7633f112ee97117512,learned,r_1_24,0,7,own_task_head
g12/268-learned-r_1_24-c0-snr+09.own_task_head.jsonl.gz,dd6f2df79c906ece646664f56b402840c8b9a82b805f824a59f89addd92fb3f2,3925,96c3043dc1223fb03b3237976da74095abd137f276e694e3c4dba970cc578ee6,learned,r_1_24,0,9,own_task_head
g12/269-learned-r_1_24-c0-snr+11.own_task_head.jsonl.gz,97a69ea4990e827f800d6b9a918cf70316c7b56961d5d82aa1686832d3738279,3925,e970571dcbaa7b4d3915f1565d56e64a32b6f46e766a0f732315f84fcf2b2c08,learned,r_1_24,0,11,own_task_head
g12/270-learned-r_1_24-c0-snr+13.own_task_head.jsonl.gz,bef6b799553e96903ab2d26d7edf43bb9a0e9401ad1e8908280d95d11cff0e30,3925,7cb79f084617cb4e378e9c15b33bbb6e2bb2858a55ec8253382891b78782bb13,learned,r_1_24,0,13,own_task_head
g12/271-learned-r_1_24-c0-snr+15.own_task_head.jsonl.gz,f5d659c76c892872437cdf9cb131c8637cab71b01bb2f99117f020b9e099cab0,3925,bf81535113d5613502a332402127b7147e478e5b24c5dda6d32b2a9a0a8f617e,learned,r_1_24,0,15,own_task_head
g12/272-learned-r_1_24-c0-snr+18.own_task_head.jsonl.gz,70c812808bc3e9244f2ca004defa641e00a4a0879c80c03e5b4472a86426819b,3925,c2511a99d2d57aa632a702c28e4bc846b2ec89825faadf4318b45228bdede07f,learned,r_1_24,0,18,own_task_head
g12/273-classical_adaptive-r_1_24-c0-snr-08.artifact_finetuned.jsonl.gz,02c470e653eb85ac566a03f5d2c4c3b5038544cfca22b24f2c90015e95d05df6,3925,04f361b4214900635e8d8cdc232abb2cd4ded02e48050ffd68e7ca2dd664ee7f,classical_adaptive,r_1_24,0,-8,artifact_finetuned
g12/273-classical_adaptive-r_1_24-c0-snr-08.clean.jsonl.gz,5d7413541982a73104dec92cbf195f8e80a94484bc23a54d941f8471f23c3925,3925,5fc345eb3e535b95124a1bf9b8a266178992e1ee35e894e27913fc3033a38c52,classical_adaptive,r_1_24,0,-8,clean
g12/274-classical_adaptive-r_1_24-c0-snr-07.artifact_finetuned.jsonl.gz,0a8c201303a363318229421d0eaaa11c018c53e7d191b4b56a5dba7c4129ad47,3925,b70ee80b3b0d022d6e65878d94e18fc7d5cc66f960c36bc1b804a585e73c53ad,classical_adaptive,r_1_24,0,-7,artifact_finetuned
g12/274-classical_adaptive-r_1_24-c0-snr-07.clean.jsonl.gz,471f426d9a86b62636733a511d2b0b28b134f331836a7c23bb958f3730496975,3925,858decbe80364d2f6141821fa2249a6ff1ed9037d98c3d8026a3cf66c403983a,classical_adaptive,r_1_24,0,-7,clean
g12/275-classical_adaptive-r_1_24-c0-snr-06.artifact_finetuned.jsonl.gz,ed1a9d42ede7a8456caa765023e924b9aabcfdb0626b9bd2f638b31482de2e7c,3925,8048e1339de3d9c13dde9dcc991135ff468c15f742bfdc680c9c79209763bde4,classical_adaptive,r_1_24,0,-6,artifact_finetuned
g12/275-classical_adaptive-r_1_24-c0-snr-06.clean.jsonl.gz,e7aca035ff42acc78af21b03d1061549921835b01481af34b08a3404551f0aca,3925,8ffb7b71bd837b4530a4d10ae8d7d249d9436c7aa1bbb5bef546172dd1631ed0,classical_adaptive,r_1_24,0,-6,clean
g12/276-classical_adaptive-r_1_24-c0-snr-05.artifact_finetuned.jsonl.gz,8012dbd9127bbd81ed63c1e42512ca34ef6f39e0b73c0eff7c50467213dc00bf,3925,6a61b9ed7784f7e00ce01fa63647f9b92779219260339042c97b293e6aee8bd5,classical_adaptive,r_1_24,0,-5,artifact_finetuned
g12/276-classical_adaptive-r_1_24-c0-snr-05.clean.jsonl.gz,7ca8404a5d2aab71ceb9fd9acb93279666d4c6d6654fa8ebaa7b703fc55b5954,3925,b87016f6a951c27810d3dfdc859008fd1c8f1900e2d9433a6eb85c1caaa12939,classical_adaptive,r_1_24,0,-5,clean
g12/277-classical_adaptive-r_1_24-c0-snr-04.artifact_finetuned.jsonl.gz,7f45c18ebca2c0947b7391be2b16b12088a2352e17ad98a5e58f856d5cfad496,3925,3adce7ab8fa5e3a7e1fcc34d3e6da6a852763cbde6ea920fd6c168d26253e162,classical_adaptive,r_1_24,0,-4,artifact_finetuned
g12/277-classical_adaptive-r_1_24-c0-snr-04.clean.jsonl.gz,61cb87504e0ba7a61f7bf8e3c911a0f6b295bd0057dae353c395ca11144dc1dd,3925,6872509786cb72dbe12c3ae10ae0716877f6a4c1d7b20d6c33e19e4719dcea97,classical_adaptive,r_1_24,0,-4,clean
g12/278-classical_adaptive-r_1_24-c0-snr-03.artifact_finetuned.jsonl.gz,0c1554bd1987542196e32e5217752a45b5608dadce75333d0aa33015c013896c,3925,80b7d085d5b6c2267d9be742343a2a902404dc42077978c9732dd8cbef54e559,classical_adaptive,r_1_24,0,-3,artifact_finetuned
g12/278-classical_adaptive-r_1_24-c0-snr-03.clean.jsonl.gz,c8c14e3732b40f0f8ebe4dba70ff0ba9b65d7891b67ed3eb467db6fc7bfa980d,3925,d99a78e3b19a7180d9c7e00048f4b190eaa60b58bcff513a15c417ed7009a895,classical_adaptive,r_1_24,0,-3,clean
g12/279-classical_adaptive-r_1_24-c0-snr-02.artifact_finetuned.jsonl.gz,4a1405b0b705d918e8675a143d7e082d2215ac45f0c5a146342fc86e700f9c31,3925,14160b317004c55e6036748bdfe951b43f0d67da47a1df610b30d03828b24d16,classical_adaptive,r_1_24,0,-2,artifact_finetuned
g12/279-classical_adaptive-r_1_24-c0-snr-02.clean.jsonl.gz,dab26435da30cbe44b791957146cddc9db00684cfe2f01ac5f789c2fde34e690,3925,07b4e97fc96182add718ee59d4be4441f77a13e78c9150e976725ecccf3c8fa5,classical_adaptive,r_1_24,0,-2,clean
g12/280-classical_adaptive-r_1_24-c0-snr-01.artifact_finetuned.jsonl.gz,82a538bf61738da17ebfa861d0a20bcffdb3761bb85d20412c34232a524550cb,3925,a0e1f08cf3a67cdf0b51c185a5da3f632bccdb3fb1eff1099f631eaa868bc193,classical_adaptive,r_1_24,0,-1,artifact_finetuned
g12/280-classical_adaptive-r_1_24-c0-snr-01.clean.jsonl.gz,448b5bbe7f5d572a80c7ad2130abbab7c12d556d9fefcd8e05a7b5877745c036,3925,2dd11a1a7ff3b60fe611daa46364fb8229524e7326eee4dbebb984430bf85999,classical_adaptive,r_1_24,0,-1,clean
g12/281-classical_adaptive-r_1_24-c0-snr+00.artifact_finetuned.jsonl.gz,0beda318a768e051538436b4719661a11db88448af9129e076424886a8f31a8c,3925,49346fd6163bcba0c656defc57a5bb872f19a4d267593431d8dc39d5df5c2673,classical_adaptive,r_1_24,0,0,artifact_finetuned
g12/281-classical_adaptive-r_1_24-c0-snr+00.clean.jsonl.gz,08469de6b721044e12adf9c5f473315a59a229d72fa463f69cd0190a5a09b1f2,3925,9f03ce5be8b2deeaf827bdf8c0a4df87f435959770dd21f05531f4a632698ff7,classical_adaptive,r_1_24,0,0,clean
g12/282-classical_adaptive-r_1_24-c0-snr+01.artifact_finetuned.jsonl.gz,00223bbe5bb6712eaeb4c4ad5ea336a57ce264e429a1b5668babb2b87933bf29,3925,4ed47c94a619a7cc8f2aeb8dc39cdb956f05d56ec404a47ee4ebc1bf1b31f8bf,classical_adaptive,r_1_24,0,1,artifact_finetuned
g12/282-classical_adaptive-r_1_24-c0-snr+01.clean.jsonl.gz,159ef905e747924d8f84e4417db0369831744c136320dc6100438585689a89b0,3925,2075ec384cb2e69e15ec07aa167854ceb62c7118b6d3c8e17c4a82b53bdfedf9,classical_adaptive,r_1_24,0,1,clean
g12/283-classical_adaptive-r_1_24-c0-snr+02.artifact_finetuned.jsonl.gz,fc4759a653364e2e9fb5bc4d84580ed0c0f73ca33a7f7066d36ca713296fb9c1,3925,5d55593594aa8c5aa319cff7969da758efa30ecd47e5dd5c5613e1e6c66c3358,classical_adaptive,r_1_24,0,2,artifact_finetuned
g12/283-classical_adaptive-r_1_24-c0-snr+02.clean.jsonl.gz,d9a42ce35af9d09e3e0102960debfb54b943b1ee0102fde93b1c71e0d8916227,3925,c0e1719ce280bfd440c7adb480823a30cd09d77737f574e4c2c0ce605531e7b8,classical_adaptive,r_1_24,0,2,clean
g12/284-classical_adaptive-r_1_24-c0-snr+03.artifact_finetuned.jsonl.gz,ff3e9be1996e9de6926b4a8fde579fa8660f6e97bc154b96b697c7813dfbab67,3925,d3f555648dcb4f18cd9e77540f2293711b9c11b8a825c15bc2d2736abf6adb17,classical_adaptive,r_1_24,0,3,artifact_finetuned
g12/284-classical_adaptive-r_1_24-c0-snr+03.clean.jsonl.gz,b31e71d4d274f5db80237f826a7095a7c0a6736f2b2685b35f873e4d22e96adc,3925,490d484da5a486679879818dbab7a9be0fd1b6fe7e2e43edb20d044a9ab13246,classical_adaptive,r_1_24,0,3,clean
g12/285-classical_adaptive-r_1_24-c0-snr+04.artifact_finetuned.jsonl.gz,58c81386014eb91867e39ae83e64b537018cd3f5f267e14c092e1280eb3dca3b,3925,92e8fddbd303c9d984e8c2a6835f092e47651f76d4063dfc4294e3067064c388,classical_adaptive,r_1_24,0,4,artifact_finetuned
g12/285-classical_adaptive-r_1_24-c0-snr+04.clean.jsonl.gz,2320c547d421f5706237e97995b7dd2bf412863a33138342e4c027d29652a48a,3925,433da161e873bfe574a307e915a59c22393669975343ee3364fa5aca774255f8,classical_adaptive,r_1_24,0,4,clean
g12/286-classical_adaptive-r_1_24-c0-snr+05.artifact_finetuned.jsonl.gz,f7f3f3008304f62065f1cd6c80c10563d2563bfb2442a8c8565fa75ac75b9490,3925,569995296494b7469e29f1400836da98bf254fffc43e4adaf9157ce1cb9cce57,classical_adaptive,r_1_24,0,5,artifact_finetuned
g12/286-classical_adaptive-r_1_24-c0-snr+05.clean.jsonl.gz,fc7b5c5efd4c1bafb92ded3f6755df339d8be4ced20fa1f55046c32996836735,3925,dc7125885b8a2e0434f29f0582b146acfdf89c5e1da4a5913782d41221c61c4a,classical_adaptive,r_1_24,0,5,clean
g12/287-classical_adaptive-r_1_24-c0-snr+06.artifact_finetuned.jsonl.gz,330c7e0ba8448799605a1fc5105dd30d3e5f40c7db413d40e7da98c37a54e4e8,3925,0032f5033beebfe63397aaf073ee52cef085516a7bc4ff752be45ed0ade8196a,classical_adaptive,r_1_24,0,6,artifact_finetuned
g12/287-classical_adaptive-r_1_24-c0-snr+06.clean.jsonl.gz,7ad3d40c883124dc89553e6779741de6c3572f68b9fb642de607804494a32bdc,3925,8b19207f43f7adccfc7e9307dc1d75c03899d76c32255f3adf401f2fe334d96d,classical_adaptive,r_1_24,0,6,clean
g12/288-classical_adaptive-r_1_24-c0-snr+07.artifact_finetuned.jsonl.gz,c34eed713abb712c9f3e23530350d6958f2545d8da2026449bbff6720b03abcd,3925,2786bfc4eda130d04894f787fc28950e43d80fbcfb3d7cc4765b3ce2296071be,classical_adaptive,r_1_24,0,7,artifact_finetuned
g12/288-classical_adaptive-r_1_24-c0-snr+07.clean.jsonl.gz,b007c597fc26715bf7693f8285117b0cf314c1e4d1c20b494549afcfbd2ff25d,3925,554fcf4ff58fe8af1852e25ebf37d917fcd17f5adb3e5085ceeb2bd6160e662b,classical_adaptive,r_1_24,0,7,clean
g12/289-classical_adaptive-r_1_24-c0-snr+09.artifact_finetuned.jsonl.gz,b0987e4d9ca1edd908ff062b4e254ea17035ea97a0a33db1330416ab21af6dc5,3925,d3d58be05a89c6a1164944939d3cb639a3e8e6bc4d723956b4042d897deb1f88,classical_adaptive,r_1_24,0,9,artifact_finetuned
g12/289-classical_adaptive-r_1_24-c0-snr+09.clean.jsonl.gz,e718fd7655e7a082ba097b1e49e2ffd5a84af07fb157ecbce396081fb438d7e3,3925,ca2aee7ea9a3729dd77d063ef4721a30267fb2b33e7057886a2115749986786e,classical_adaptive,r_1_24,0,9,clean
g12/290-classical_adaptive-r_1_24-c0-snr+11.artifact_finetuned.jsonl.gz,c68052782134025366665f2a7abbbd8bcaf680d72e586900adbba608ba7b483e,3925,a258a773eca992416a157137251f033384a619c60aaf1ecc24e8f5c838d46158,classical_adaptive,r_1_24,0,11,artifact_finetuned
g12/290-classical_adaptive-r_1_24-c0-snr+11.clean.jsonl.gz,00f3b6a631a2c2b7c7d806cd17d65238a2623c06a8d8b820154bd1970d456744,3925,409cf5da02b31f27b68391ed91b5dd4fcbf873cd172eba02cd948b67f204fb56,classical_adaptive,r_1_24,0,11,clean
g12/291-classical_adaptive-r_1_24-c0-snr+13.artifact_finetuned.jsonl.gz,525542855e9ef0945988948feff54d5215504662439f55a2deb51c25d0e8ef0b,3925,e1321935c35c566e1d944f0e1ad1de59e32754d20c64b3705d7255171814537a,classical_adaptive,r_1_24,0,13,artifact_finetuned
g12/291-classical_adaptive-r_1_24-c0-snr+13.clean.jsonl.gz,e7651833f7f4665a5da71df3e14dd10fe6cf7ef056a2fd411b79cc28e43eae7a,3925,de7505998a0b6847b4df06970f3fb0c9e12aaab3f2f7df096f731f22670537ac,classical_adaptive,r_1_24,0,13,clean
g12/292-classical_adaptive-r_1_24-c0-snr+15.artifact_finetuned.jsonl.gz,49bbf4488aa590a55141180090568aac13fe000687af10f127cc5d094367f4e2,3925,b2468881c4969b3c1ec9bc13b5a2fb6980e34886eaa888d3f4506469b93c4eef,classical_adaptive,r_1_24,0,15,artifact_finetuned
g12/292-classical_adaptive-r_1_24-c0-snr+15.clean.jsonl.gz,ad1cdb8276aa78ad0290b5154e41efaac0233fcf37ed2d0e4f3d66d6862b6ecb,3925,544c4f238512b82585fdc99820752835e05dde233b1587a0ca78d5ea46c345c7,classical_adaptive,r_1_24,0,15,clean
g12/293-classical_adaptive-r_1_24-c0-snr+18.artifact_finetuned.jsonl.gz,04547948415cfd4925b853f690fa656ac33ba12f4493b8f84d397b1ebb7ef238,3925,bccea2168ca9604fda4574366a7a93703f50d7cc80ee42f042454e52028425cb,classical_adaptive,r_1_24,0,18,artifact_finetuned
g12/293-classical_adaptive-r_1_24-c0-snr+18.clean.jsonl.gz,e03dc386cff7a6df15e58e3a96e7f2874bbaf44fe311618d72c3a4a81daf7f4a,3925,aa4d8e35bdbed7c83f3f68ab20ef358d9475254dc3e5df3508a056e1e5f2e223,classical_adaptive,r_1_24,0,18,clean
g12/294-learned_snr_randomised-r_1_6-c0-snr-08.own_task_head.jsonl.gz,670c435b6e6b2ffb3086a2e78a92853fb38093438d80019f23ba918658d4e794,3925,094fb5806543034d36409d34823db758d2c5d36e70fca606e9c92f373ef642fe,learned_snr_randomised,r_1_6,0,-8,own_task_head
g12/295-learned_snr_randomised-r_1_6-c0-snr-07.own_task_head.jsonl.gz,5bd3b265ecb6ce70c98e4ebc11d701982f242c33c30d1fdecba2b07d420df333,3925,2f61f7203a365e4cc723cb97556b3f4f6e08b62eb3b09b82db6bbd4e776b0deb,learned_snr_randomised,r_1_6,0,-7,own_task_head
g12/296-learned_snr_randomised-r_1_6-c0-snr-06.own_task_head.jsonl.gz,3149769828a42f2c160fa111d952b74eec1d662a35749f4504f6a04c5e2c5893,3925,86b25e3eb169be2938f53fe25d11f4f77185ba15b5a7f656e802a0cd44249b12,learned_snr_randomised,r_1_6,0,-6,own_task_head
g12/297-learned_snr_randomised-r_1_6-c0-snr-05.own_task_head.jsonl.gz,fd895d685543392e17437902643d9009cef907f8e678ad3951a4ea3f2c3bf6f3,3925,1ef45cb4a93c0244b1768340ab95e6bdbed78c38e3c46a9001cccca793bcecaf,learned_snr_randomised,r_1_6,0,-5,own_task_head
g12/298-learned_snr_randomised-r_1_6-c0-snr-04.own_task_head.jsonl.gz,2dd0d71aec587d7486243e56306c5d4b7aa3e7d7726a779353d6cda588db0f9d,3925,19ba4abc117e2c57df83c480cf7f0c72762d042b817d7f748aedc574ddef2416,learned_snr_randomised,r_1_6,0,-4,own_task_head
g12/299-learned_snr_randomised-r_1_6-c0-snr-03.own_task_head.jsonl.gz,0eb90bcc9c54d29a65e24dd0fc9e54a4da5df6721277a64e9d460f190074ff00,3925,a233de20e5ffe99aa7ad3f52a54f7eab500689ac1f8d04790c4c49663f6339dd,learned_snr_randomised,r_1_6,0,-3,own_task_head
g12/300-learned_snr_randomised-r_1_6-c0-snr-02.own_task_head.jsonl.gz,19b5d3c491ac3206173a4fdbdea6afeefdc4b51f7a0bb8bec5a91223df48420d,3925,ea7bbec206d04345019b1feb70a5bba13f238ebf785163f4882d9c7983bb73ec,learned_snr_randomised,r_1_6,0,-2,own_task_head
g12/301-learned_snr_randomised-r_1_6-c0-snr-01.own_task_head.jsonl.gz,5f40e744af4d7fc492d445ee2e955956c55ba4bec8ae72f4fe69c25f544cfac8,3925,e641de358459b5f8edffc025e158e52c40a77c2669c3d944ea4aeaa7645e7308,learned_snr_randomised,r_1_6,0,-1,own_task_head
g12/302-learned_snr_randomised-r_1_6-c0-snr+00.own_task_head.jsonl.gz,496dfd654afd7dce09ea40b344f6470916c079aa100c04ed7f49c33acf54bd0e,3925,4cda94961cf7f9c8c248986b6b389a38752f0fe3a596cf837a3b011abca486d0,learned_snr_randomised,r_1_6,0,0,own_task_head
g12/303-learned_snr_randomised-r_1_6-c0-snr+01.own_task_head.jsonl.gz,04c23d0a2c3b7bbf2a7c05b2f8d8da2d6aa6324ff2dfba624e3ef88152db3230,3925,319a923acdbf29ea344f9d51e3b26aac6ac25283a9bc678d3a5a00e1b4fac671,learned_snr_randomised,r_1_6,0,1,own_task_head
g12/304-learned_snr_randomised-r_1_6-c0-snr+02.own_task_head.jsonl.gz,1de2b031eade0b3c1588c5943eaf084f7d80db1c7b4bbae822e68a35ccfae030,3925,0b2ef9eeee10a593e70d1d17a92bf594952c318fef48def4d0ab92c53a710499,learned_snr_randomised,r_1_6,0,2,own_task_head
g12/305-learned_snr_randomised-r_1_6-c0-snr+03.own_task_head.jsonl.gz,8d64c1ae39688a0ef49cbcccfe2f965eca1c2160a66104ad3dbf2ed3ee0a0055,3925,d4a2e8ec1d4fbc50940b23f33b8c25fce0153362f5171e26bacc325c4ebf70f3,learned_snr_randomised,r_1_6,0,3,own_task_head
g12/306-learned_snr_randomised-r_1_6-c0-snr+04.own_task_head.jsonl.gz,b7b1582b67cd9107538c65bdca133984233ffc34a535b4f99f8b674b4698c197,3925,ca889b47460bbddca3f8c000d08f84b82ef2ba368e4e73480a1e06c8a7e92b66,learned_snr_randomised,r_1_6,0,4,own_task_head
g12/307-learned_snr_randomised-r_1_6-c0-snr+05.own_task_head.jsonl.gz,8eae3512b80395c447f567cf634615e2f399d97cbcc66b801128f579a73d3976,3925,b64a7f35caa5b205378a65914f764737f704c8d225afd9102ea40c2782e55d5a,learned_snr_randomised,r_1_6,0,5,own_task_head
g12/308-learned_snr_randomised-r_1_6-c0-snr+06.own_task_head.jsonl.gz,8de6bf58d6c491b5a770e8fb2807323800a44dcb6d10bd04322398445a87ade3,3925,c8ca10da3b6b0f68248c9e071e7480189ce429005dea4f5a57eb0178366b72d9,learned_snr_randomised,r_1_6,0,6,own_task_head
g12/309-learned_snr_randomised-r_1_6-c0-snr+07.own_task_head.jsonl.gz,6cba4c7e6593611ae7a3d98950329e107e3f9140d1ed21599421b7888c88aab0,3925,a1ded8854f1cf9608ccc47a1fa1f83dd510c879b998e3db1772197105721f035,learned_snr_randomised,r_1_6,0,7,own_task_head
g12/310-learned_snr_randomised-r_1_6-c0-snr+09.own_task_head.jsonl.gz,dd7f042240a5154690dc04e649702fbb42f5007e672af3aa77265110d2499f04,3925,dc8af63993f89d976d2cb9d83cb512e5b15b9f86fe3cd997a6b5967d2c702da7,learned_snr_randomised,r_1_6,0,9,own_task_head
g12/311-learned_snr_randomised-r_1_6-c0-snr+11.own_task_head.jsonl.gz,d6be348be421332ad06ca64e812221605c015839a1983983f25463ac5b8ae295,3925,97ada7b44fb2dddcf790c401f22f7e817f340758aa489f3c76477dff41fb6319,learned_snr_randomised,r_1_6,0,11,own_task_head
g12/312-learned_snr_randomised-r_1_6-c0-snr+13.own_task_head.jsonl.gz,d5a820fd9d0c9de4683cef133f99a78bb3ed5c49696c691b9ae8c2ed0c249b37,3925,e94bb7a91c973b6d025fe744abfc66245fd3cd54c7ec5df9a73fd41cca202245,learned_snr_randomised,r_1_6,0,13,own_task_head
g12/313-learned_snr_randomised-r_1_6-c0-snr+15.own_task_head.jsonl.gz,4ae9fecd7a734cc9a61463b05651cdcc38c0d2637ba53320a080600703873ef5,3925,3aabb2c5b19c5d0c54b32ac110be3ffe03ed75dc89136b3b6a4685361ecd9fcf,learned_snr_randomised,r_1_6,0,15,own_task_head
g12/314-learned_snr_randomised-r_1_6-c0-snr+18.own_task_head.jsonl.gz,37178c3541ceec77c1670c0384e0ce8d38604d5e0fe7dc15889302143efff336,3925,b49a82e5e7b308f2719885b4293a2ab61c4a81175fa8e6c0b91095c80b584d03,learned_snr_randomised,r_1_6,0,18,own_task_head
g12/315-learned_papr_constrained-r_1_6-c0-snr-08.own_task_head.jsonl.gz,692f479d12a831014e659a25e4c22ab593cb5464504c466aebbf99a620fd42f6,3925,f92f51b38eda097efe12f0e60ad4a8680f2dda7faeadd050874e4c49b0c06ea7,learned_papr_constrained,r_1_6,0,-8,own_task_head
g12/316-learned_papr_constrained-r_1_6-c0-snr-07.own_task_head.jsonl.gz,f1a9f8b6070c14426208f4920e120df88c51c27993d0a896facf4d54cd80741b,3925,e050e45c8fa1a3becf9244eed731e322b43d749b4f054e3a74dab0051a1a263b,learned_papr_constrained,r_1_6,0,-7,own_task_head
g12/317-learned_papr_constrained-r_1_6-c0-snr-06.own_task_head.jsonl.gz,e3cc4fddd987528ff06b88e0801f0c53e44c63e732f79307f7b03785be64d22d,3925,94e339b75752fcd9b4a74fe75d02420be79c66f96e485fe60af50b843c3caa7e,learned_papr_constrained,r_1_6,0,-6,own_task_head
g12/318-learned_papr_constrained-r_1_6-c0-snr-05.own_task_head.jsonl.gz,0d3c12f299505596f3cf4918aaeea00ab2bd40cb339073fa4eb8b82e0bd42421,3925,94786dd5b8fdc91ae4a565f818e4f4b7f894850c1ac415dbd2c65b5146267f24,learned_papr_constrained,r_1_6,0,-5,own_task_head
g12/319-learned_papr_constrained-r_1_6-c0-snr-04.own_task_head.jsonl.gz,ac429bab4fb34179c2d88e1d7fc5c8d08a5ca9d5c75cf4d7510e21600e8a6a04,3925,1398176f918c17277de915dcc36331de35ab215369edf588245d2994fe0f928f,learned_papr_constrained,r_1_6,0,-4,own_task_head
g12/320-learned_papr_constrained-r_1_6-c0-snr-03.own_task_head.jsonl.gz,2bb190c6a18bb47f4c1305b94570e10ab1dca0f55ab696f8df882c912d4a3949,3925,215e4302bd3b1281a50a776258690720a1aa601e498d2fc7620be0ba972c5247,learned_papr_constrained,r_1_6,0,-3,own_task_head
g12/321-learned_papr_constrained-r_1_6-c0-snr-02.own_task_head.jsonl.gz,2e6809894672c795f6f399a8fc31d2aecb0d8cabe5bb9849e1f2132237037918,3925,9b26db19145c99dc0efda84c0b9b46912bd5d32f91423e1c182777e1e7c1f8c4,learned_papr_constrained,r_1_6,0,-2,own_task_head
g12/322-learned_papr_constrained-r_1_6-c0-snr-01.own_task_head.jsonl.gz,64e22434ce5fd86bfa73fc2f081b821bb17104f2180fa8b4012bdbe7ed0dd17e,3925,2c32bfb5df620cc6c4278aa43ecfe282930fa628cbc8ed0684068257199d1d4b,learned_papr_constrained,r_1_6,0,-1,own_task_head
g12/323-learned_papr_constrained-r_1_6-c0-snr+00.own_task_head.jsonl.gz,e5024ac487b2b74b90b236fcc8fd71fb1050bb0a18ef511516d7a290b8d3ed4b,3925,db4207d9cac29bf1cf638596b5a5c16215a60369f8ed2e603e716362757f9445,learned_papr_constrained,r_1_6,0,0,own_task_head
g12/324-learned_papr_constrained-r_1_6-c0-snr+01.own_task_head.jsonl.gz,c77b60c3de7ebb326fb7ff73b0846052ce78c1dbaecc168eac706246f6037403,3925,8b2354f965b304922307ff124a57332136efbd1d14f8d7c4058bbd09b93ad0f0,learned_papr_constrained,r_1_6,0,1,own_task_head
g12/325-learned_papr_constrained-r_1_6-c0-snr+02.own_task_head.jsonl.gz,b9625d0bc4b1e65b206971bb88ce785c6b9b4c12d50a0895bd1cbab36e824811,3925,c5f9e6883f3e0ee0bd43fc620d58e7b137c71bc216a2040fc376b8e35822e388,learned_papr_constrained,r_1_6,0,2,own_task_head
g12/326-learned_papr_constrained-r_1_6-c0-snr+03.own_task_head.jsonl.gz,d0a47a8888bd3bb76781bd137f2c8298e3d8ce9b6ef218804af2e140876848dd,3925,b6e9494743910dc94c6452ecfd603a2e114cb587d7b380bf8045e4078c64ef24,learned_papr_constrained,r_1_6,0,3,own_task_head
g12/327-learned_papr_constrained-r_1_6-c0-snr+04.own_task_head.jsonl.gz,918704b7b066eccf5139219e4f375a9b64bcc9b6993ccd8ca885aa1a260a7216,3925,2619623f31a0b91252da7d4485450c0b467019d4f26276e2a17e731199f94b09,learned_papr_constrained,r_1_6,0,4,own_task_head
g12/328-learned_papr_constrained-r_1_6-c0-snr+05.own_task_head.jsonl.gz,dffdda49381ce827607dff36a71361fc74ac3e0ed45dfd13492e4b9139ecb516,3925,e284a1360dfe5cc9052e439c221cae05b592227f0f68ae32ac0083ac392fafc1,learned_papr_constrained,r_1_6,0,5,own_task_head
g12/329-learned_papr_constrained-r_1_6-c0-snr+06.own_task_head.jsonl.gz,e9d9da0ba26f7dd99a97efaf4e54485f4859487ef237a621530df5adae41ca2f,3925,e1bd0d50de2a0ed41337d95841c71dc3131613fb9d31b767ef9c1935486789f7,learned_papr_constrained,r_1_6,0,6,own_task_head
g12/330-learned_papr_constrained-r_1_6-c0-snr+07.own_task_head.jsonl.gz,6e7ac32ee97d1777c8d364a3e4129fe7376c1fd568814bffea314199d553b768,3925,2f823c3f87984e8fc5e571a2e3a743040a0897b436a0288d15f5ee7bb2d73738,learned_papr_constrained,r_1_6,0,7,own_task_head
g12/331-learned_papr_constrained-r_1_6-c0-snr+09.own_task_head.jsonl.gz,f6677771ae188675ad27b7e32d2610b5525802cdb7bf72c30c51e8446d163cc5,3925,0910ed934da268f40b91e8b0dde0c6b7939ba5cf38fa271cbe0a6037145c8c2d,learned_papr_constrained,r_1_6,0,9,own_task_head
g12/332-learned_papr_constrained-r_1_6-c0-snr+11.own_task_head.jsonl.gz,20d9b9d6bb0c3ded1684e958ec6b1f3c6081a8a80d1b288869a762026bfe19b9,3925,3b61b877071f3277f521b4ec953f89af190457e786b0dbd012c0ce76becf0fad,learned_papr_constrained,r_1_6,0,11,own_task_head
g12/333-learned_papr_constrained-r_1_6-c0-snr+13.own_task_head.jsonl.gz,5703599938db67dfcc8e346d712191928a28303fb306427d250aa7c591ac94ec,3925,946c5484eb26c7f5cc8f763956dcc02d9e47b6a50312c2279405a008db1918b8,learned_papr_constrained,r_1_6,0,13,own_task_head
g12/334-learned_papr_constrained-r_1_6-c0-snr+15.own_task_head.jsonl.gz,a7b085c0c38ae21ef0384146939d19323fa23d6946947e4f0d90eb229aca1b4e,3925,f41fc5c6f92e8786d8c90a048370dce1fce1fcaa8d1a2d4c88e2d55c07c2c71d,learned_papr_constrained,r_1_6,0,15,own_task_head
g12/335-learned_papr_constrained-r_1_6-c0-snr+18.own_task_head.jsonl.gz,dc5ef6789521f61cb92e958a43039d886c4ac341d334db6a31589c771d826394,3925,59dcc72e9ea555979af32a093830b031714f624d0f03bf8eda09a3b8a5af442b,learned_papr_constrained,r_1_6,0,18,own_task_head
g12/336-classical_fixed_mod-r_1_6-c0-snr-08.artifact_finetuned.jsonl.gz,123f8d39e7de39b6716e03c4e1f825f14c94d159bf653f2f6024cb6d5f2849a1,3925,16f219a7c61c9182a166c5ed12132e047d4498196a097f7f6bff206a6a5c2f4c,classical_fixed_mod,r_1_6,0,-8,artifact_finetuned
g12/336-classical_fixed_mod-r_1_6-c0-snr-08.clean.jsonl.gz,bbce8fe93dc4baf475a0488d6a8ea36038ceef7314311d9356d0cd7ad8c8a64b,3925,a67a3a0d11e184c89f41606a9bc4d78789af3b615d1a47f0c765117b13916fab,classical_fixed_mod,r_1_6,0,-8,clean
g12/337-classical_fixed_mod-r_1_6-c0-snr-07.artifact_finetuned.jsonl.gz,2cf30601e98dfa5e3624b9db83346bf59f858f586765dd9adcc3951333fdfd1a,3925,c7cebacf9f28344f7e5ec80e54e9fb8cc49693be5eccabc6fc0c7b722d42d271,classical_fixed_mod,r_1_6,0,-7,artifact_finetuned
g12/337-classical_fixed_mod-r_1_6-c0-snr-07.clean.jsonl.gz,1611f270d4bc4d75302e65748b711a50d4a5a81753a4e494392c128ec0a0c7e7,3925,accff769f6a98464612eab51c32c667dbfdca334063be1a7429f09aba6d0f6a4,classical_fixed_mod,r_1_6,0,-7,clean
g12/338-classical_fixed_mod-r_1_6-c0-snr-06.artifact_finetuned.jsonl.gz,b1cdb0fd67bf764b62991332c00428f9c0ced0777867bc85c463ba07e0de058a,3925,533522b10d36d1febaa98751290cb5db6aedff65008553d40414b95c2b43aea4,classical_fixed_mod,r_1_6,0,-6,artifact_finetuned
g12/338-classical_fixed_mod-r_1_6-c0-snr-06.clean.jsonl.gz,248b0925f54c6727b7e86be1b550659c60847e26e64d89302666f44389b2ede4,3925,9b90b48ae3da095683c6f26369beef7c2bb9a08779826d6552b7a65683736fbf,classical_fixed_mod,r_1_6,0,-6,clean
g12/339-classical_fixed_mod-r_1_6-c0-snr-05.artifact_finetuned.jsonl.gz,3954d7f0c404ad1a9ce246dcf0a4b5f48f81ad26b86d55c10dca4b562b88b404,3925,bb97a65942f30521ad55c98232051f5ff04ff6f86077c9278f3446a64c9a096e,classical_fixed_mod,r_1_6,0,-5,artifact_finetuned
g12/339-classical_fixed_mod-r_1_6-c0-snr-05.clean.jsonl.gz,ca3ab09fd2a2f5bed6e5bae81d53463a6cf94456c14feb6940d7826ef5069f78,3925,dca6f1a28dc61ca861ec8fc8da673b3e26297bc950d68f7349b4379770899f99,classical_fixed_mod,r_1_6,0,-5,clean
g12/340-classical_fixed_mod-r_1_6-c0-snr-04.artifact_finetuned.jsonl.gz,09f13d65b6f3d66615c932840d121de4fee5481019462bd43e4c764e2b0a071a,3925,b9b822ec5702c7645c62b7e1c5eb2a0c6143da3f994b96b61e68f079b9df1072,classical_fixed_mod,r_1_6,0,-4,artifact_finetuned
g12/340-classical_fixed_mod-r_1_6-c0-snr-04.clean.jsonl.gz,d0e9305418514938baa03e0afaf8274edff79bab5f29a16509519372be9b2d6b,3925,4b068572dd7a635b4fbf553bc347e07a1f2e8ede30e595b7df5fa43272aca175,classical_fixed_mod,r_1_6,0,-4,clean
g12/341-classical_fixed_mod-r_1_6-c0-snr-03.artifact_finetuned.jsonl.gz,86432219520c3ee23c7c104f2af6e3a906a21b663aa91fd1e9a850001dbab79f,3925,f5d0bb8ede35f2748cdd9f6fdf79480d16394e0bcd6117b2c7b22a9435660c66,classical_fixed_mod,r_1_6,0,-3,artifact_finetuned
g12/341-classical_fixed_mod-r_1_6-c0-snr-03.clean.jsonl.gz,e11febc94fbc48f0e85e3103252c3a6e2de8fe16e866f4b02d0af25ba36ad026,3925,8da536676497ceba202ddf4d7f4d21d5e537352f3fe74fbf710ee47243792baa,classical_fixed_mod,r_1_6,0,-3,clean
g12/342-classical_fixed_mod-r_1_6-c0-snr-02.artifact_finetuned.jsonl.gz,602a1c276c6e8db42592de5f408c9b782b950a75f3e0313890a039e73d69cc00,3925,cea60e6b477b6d0e5dc2643c8a3c7d87d803d2954ad6479643b4e611287c1cd2,classical_fixed_mod,r_1_6,0,-2,artifact_finetuned
g12/342-classical_fixed_mod-r_1_6-c0-snr-02.clean.jsonl.gz,de39afbdbb2d5d1889d129d2ca43fb54d160cc43500fb3bc19b587b45c26f73f,3925,c60ed5e47f5af3e03e1c6accf90abb925840ff80c87b21a42ff5860faa8e010d,classical_fixed_mod,r_1_6,0,-2,clean
g12/343-classical_fixed_mod-r_1_6-c0-snr-01.artifact_finetuned.jsonl.gz,ceecf638dd69b398b25e4992703dfa231bc6751b081f50ca3944e7ebb6e073f4,3925,0d1cf76ec9951e5592bad9ff9ffad78f8040704d53eacafb941cc9558466e4f8,classical_fixed_mod,r_1_6,0,-1,artifact_finetuned
g12/343-classical_fixed_mod-r_1_6-c0-snr-01.clean.jsonl.gz,c2029f1a4b307ef9895c9f0e71ee8986aec3b0b95d3902a1e88a654c4c596caa,3925,bac243039a776e9db435d896ac30c96b3f8ce8b38096838b7b75481b9cef5df1,classical_fixed_mod,r_1_6,0,-1,clean
g12/344-classical_fixed_mod-r_1_6-c0-snr+00.artifact_finetuned.jsonl.gz,2e9379382c2b8eecd070cb9611c65803c66eaa73b0528f951fb69525648001a5,3925,4ad4b47ba0759283a814904abbbd2d5b686f25af33ec57c07b6601b3f402eff6,classical_fixed_mod,r_1_6,0,0,artifact_finetuned
g12/344-classical_fixed_mod-r_1_6-c0-snr+00.clean.jsonl.gz,2aaf28913abe07d89d8529fbce9f67f11fd8b8941bbf21beafe4683953c12923,3925,fb638c1511259d18fe67ca311071e201b82917f1d50fda36e9da051e5a3dcf82,classical_fixed_mod,r_1_6,0,0,clean
g12/345-classical_fixed_mod-r_1_6-c0-snr+01.artifact_finetuned.jsonl.gz,3e6a029459e8e8f14ec37e6fa1be184a92bf9c2071ac145409a5c29e0b3d1165,3925,6859d3d21d1e3710f1f389009fe89a64d3269862904841b6cd6a9c924a965254,classical_fixed_mod,r_1_6,0,1,artifact_finetuned
g12/345-classical_fixed_mod-r_1_6-c0-snr+01.clean.jsonl.gz,9e7d877789b890030f06e961ffaa8043c3317bd33e5a3bdcffa10096a3a03e69,3925,917d3c7012014167bc348cde0a29b98bb78d987b0fa9760fe6fb4858ef5cc707,classical_fixed_mod,r_1_6,0,1,clean
g12/346-classical_fixed_mod-r_1_6-c0-snr+02.artifact_finetuned.jsonl.gz,946fcdd6e212417794f83d328831b47cdd25bee0e58a37db11ee009a991c842c,3925,11ac435f38ac4bf5e3184847378a3ab5c91de5f5cd419172ab63dc4cc0f2664a,classical_fixed_mod,r_1_6,0,2,artifact_finetuned
g12/346-classical_fixed_mod-r_1_6-c0-snr+02.clean.jsonl.gz,21d7f367ca577f36c412cbf391c79e6a7f437b10cee7ebc44d49a974520aa982,3925,bcb295877d44e0801b9a96e5e33f5d372766d2a25362885403960e642da83b5b,classical_fixed_mod,r_1_6,0,2,clean
g12/347-classical_fixed_mod-r_1_6-c0-snr+03.artifact_finetuned.jsonl.gz,1c842f3e3ebe0f581320ea2c9a694ab94ddba4da415f27ab16dd96a26742e881,3925,afe137ecbd45b5916330f4fabe4f7158b99f7b38512fbd189e710d22707fbd53,classical_fixed_mod,r_1_6,0,3,artifact_finetuned
g12/347-classical_fixed_mod-r_1_6-c0-snr+03.clean.jsonl.gz,9a1db6006de4e5bb8250590b0b3d80d42a614c953c58fd1c49ee309380b1290c,3925,300d3575e2b9545d6cc43106f1918e058d75f45b29924c747149206a34d581d8,classical_fixed_mod,r_1_6,0,3,clean
g12/348-classical_fixed_mod-r_1_6-c0-snr+04.artifact_finetuned.jsonl.gz,c193d7b2d691a2ebc0b6c5a5651986c1664a59b9be9492e77f49c3f08d2cdf22,3925,b17df23ae4a02222729c2767557d25519f2d86851a1a18fbd8933f15ba9fcc91,classical_fixed_mod,r_1_6,0,4,artifact_finetuned
g12/348-classical_fixed_mod-r_1_6-c0-snr+04.clean.jsonl.gz,9473c7df6099d250dee411b5d9aceb72a6b9f2c380c8ba4bede0886f27204f24,3925,14fd881614b7149b555623ce18b74756ccd35073f1a17035b10165f20bbf1a1f,classical_fixed_mod,r_1_6,0,4,clean
g12/349-classical_fixed_mod-r_1_6-c0-snr+05.artifact_finetuned.jsonl.gz,e378e120a1fef309ef6669c6be47f797051f9eabcfd7f6d132aa156e1ec83cd6,3925,16983ac9a25d6b2ddbf5f568ab59f16a5cce53c212833946789219e0b6cc5927,classical_fixed_mod,r_1_6,0,5,artifact_finetuned
g12/349-classical_fixed_mod-r_1_6-c0-snr+05.clean.jsonl.gz,17bdf3b639b697c48df9b7403273f08e5fb07a453d2aeba3f73e12938d690c80,3925,2ed5ead5bfcac2135fcdb8a1af6631b5804b1a97f0d3810045ac5e7e83a79d30,classical_fixed_mod,r_1_6,0,5,clean
g12/350-classical_fixed_mod-r_1_6-c0-snr+06.artifact_finetuned.jsonl.gz,0ea424c31f78c1685c820c9cb2746c43af014caf7f6ff2071fd64b7a6778bb50,3925,0d7c4efc1c06690f1b1a7488608bdc3700d3d28488957262f01168aa72059c3d,classical_fixed_mod,r_1_6,0,6,artifact_finetuned
g12/350-classical_fixed_mod-r_1_6-c0-snr+06.clean.jsonl.gz,105b39ce782ad9f32af17911e27a31c92fe250228cb4ced35cbaf53e2b083fe8,3925,452f8c02f3b2b7e9019fecab4bea3f2d8add00097510ab69b38e93b6e1d0c7bd,classical_fixed_mod,r_1_6,0,6,clean
g12/351-classical_fixed_mod-r_1_6-c0-snr+07.artifact_finetuned.jsonl.gz,3ab2d6551ff3a68768d336d329251d0dab1908926499f04bedee149b209900bb,3925,7423b2bc1fd804a81cf87e53f1d6dd8369dc1dd17c4739a91548012aceca11d1,classical_fixed_mod,r_1_6,0,7,artifact_finetuned
g12/351-classical_fixed_mod-r_1_6-c0-snr+07.clean.jsonl.gz,0ce86874a8f48a60fa6888b871f35fdb9d8ec91859b1bfa096af23800a291938,3925,2245274ba8d7f0355a0b705d44097eb03a0649f4365e966302612e7879ff30b4,classical_fixed_mod,r_1_6,0,7,clean
g12/352-classical_fixed_mod-r_1_6-c0-snr+09.artifact_finetuned.jsonl.gz,b9d384282cf0a8ae608e434af6ec1077e9f1759381a627adcc36bea7f211e735,3925,158a546504262982a13ed65c26a86d0ab26edc1e46df6e1501f6648cfc963d96,classical_fixed_mod,r_1_6,0,9,artifact_finetuned
g12/352-classical_fixed_mod-r_1_6-c0-snr+09.clean.jsonl.gz,06d62845709fbcaf6054bd380ec0143e440dcf8459a5821d5afb4ca45bbf6d01,3925,28ca21beb4601ad8d6f0e10989b4e5ecbfcf41095c5bd73c50260db33857cd21,classical_fixed_mod,r_1_6,0,9,clean
g12/353-classical_fixed_mod-r_1_6-c0-snr+11.artifact_finetuned.jsonl.gz,895a512765706fa80f32d8c4bdc7ebc364212b5b5d4c07262f8af12ba05f8a71,3925,b36699e65d8b9820dc6dfca05af5e9defc1301374444ccd2be99f3af9362c875,classical_fixed_mod,r_1_6,0,11,artifact_finetuned
g12/353-classical_fixed_mod-r_1_6-c0-snr+11.clean.jsonl.gz,770e91efcd6eea8998efb8aa90d43fcff74319bcafd4d4abc6c0ed1aa63ac8c4,3925,49c350ace061e38d792e584c98ab15626b13f16399ab60a65b6fca87a86b9e9c,classical_fixed_mod,r_1_6,0,11,clean
g12/354-classical_fixed_mod-r_1_6-c0-snr+13.artifact_finetuned.jsonl.gz,f304a48dfa5ac5ffe3b6dd0f5dd09363249ae0cb6c3f7342bf7e26d3638bb611,3925,abb319da6b1bb09610034d52087a59269a812504b890cbb8d48fc2c910bf4052,classical_fixed_mod,r_1_6,0,13,artifact_finetuned
g12/354-classical_fixed_mod-r_1_6-c0-snr+13.clean.jsonl.gz,ca13ccacebe81f1f071dc1304f1976b136a87dc379ec84a5f15b70174caf4ec6,3925,d1d5648615385935088e55a2bfd8de9af90ba4b6ff47363f5eead30087fcec54,classical_fixed_mod,r_1_6,0,13,clean
g12/355-classical_fixed_mod-r_1_6-c0-snr+15.artifact_finetuned.jsonl.gz,5e6abed069770107c96c150b8dc4d50ed4d08caed26856e93281289b2e961906,3925,a278cc6eb4356bd3cac4d90e51c4e0b940b8b02b7bd725fdf8d26d3904280389,classical_fixed_mod,r_1_6,0,15,artifact_finetuned
g12/355-classical_fixed_mod-r_1_6-c0-snr+15.clean.jsonl.gz,b2f27275dfee572e40dfc9f3236aaa1a50493257c7abf1a93f38b7290da6d605,3925,3075f93e4367bc67843370910d143ca5cf296ad2e4aeee2a6662d8dfff1ace6e,classical_fixed_mod,r_1_6,0,15,clean
g12/356-classical_fixed_mod-r_1_6-c0-snr+18.artifact_finetuned.jsonl.gz,c3c51d1e3d63da5a9e2d69061f55b40277b29fc93e81f0ef8b3cd0417d2323e1,3925,2886afd01b97638bac565f507a41c86509747e82cbcc4b6394ae5479538e6d2a,classical_fixed_mod,r_1_6,0,18,artifact_finetuned
g12/356-classical_fixed_mod-r_1_6-c0-snr+18.clean.jsonl.gz,843af22ffba4c34e88f2bdc6e55e6530a80380b987defc4b3492b7997dcf801d,3925,f218e61c67692479856b91e00e07f847be1b939b4703352e48cc3b0f8e765ff9,classical_fixed_mod,r_1_6,0,18,clean
g12/357-classical_jpeg_secondary-r_1_6-c0-snr-08.artifact_finetuned.jsonl.gz,8809d7aa0bc2c651faac18bde2d3b29005cbaf9cb95075856d036ba3d2402584,3925,97046ca2e6850a2ebc7bbfb8f18e62810e8fae62b360205212e9fff33fa7038b,classical_jpeg_secondary,r_1_6,0,-8,artifact_finetuned
g12/357-classical_jpeg_secondary-r_1_6-c0-snr-08.clean.jsonl.gz,26e8ce69c966ef3809551576694a258bbe3f223fd165ae007ddf61695dd186b4,3925,613f766ecbd65b9095bca4e70bb72430f867d7f2a8e215612bd5dced80c53feb,classical_jpeg_secondary,r_1_6,0,-8,clean
g12/358-classical_jpeg_secondary-r_1_6-c0-snr-07.artifact_finetuned.jsonl.gz,3635c42bdd17e44f46eb0f508c0f8fe13c7c22c4eac9b75df6038fc1986344d6,3925,b7b5110275f085e98e4ac478d4685f2def7ab667c9789a4475996bd59ca8d2c9,classical_jpeg_secondary,r_1_6,0,-7,artifact_finetuned
g12/358-classical_jpeg_secondary-r_1_6-c0-snr-07.clean.jsonl.gz,ea5764c548f46c5818f40c4f91121ce32a98692c87fad04c2f950da91ad152fe,3925,af879b19265bd5679e842e0fc931e70678b2c98d8f23d6467f28a6782eac12b4,classical_jpeg_secondary,r_1_6,0,-7,clean
g12/359-classical_jpeg_secondary-r_1_6-c0-snr-06.artifact_finetuned.jsonl.gz,3a669b5f5b7daf8ffb9447592ac9a8256d263b46ac53c8ab487fda4919c5c450,3925,18e7f62a7be1281f19117233fbfde3b95618149598a2fa59b1a641672985111d,classical_jpeg_secondary,r_1_6,0,-6,artifact_finetuned
g12/359-classical_jpeg_secondary-r_1_6-c0-snr-06.clean.jsonl.gz,e97b95d1e844ad9d44ba3491689fc318f19bb383b3cba9e3e913f52eba881212,3925,f6ccdcd5905c6e055a6bb865d217527e604eb5b0ce5579ed156ebfb7d2e4f751,classical_jpeg_secondary,r_1_6,0,-6,clean
g12/360-classical_jpeg_secondary-r_1_6-c0-snr-05.artifact_finetuned.jsonl.gz,3c22b3687e4e7bae271568fc0b58896d1f70adcbec66255b41d74f1eee84aa8b,3925,e90dfa950ad24258592a39492a81050b1abe8d1620186d154588f46c2454e6c9,classical_jpeg_secondary,r_1_6,0,-5,artifact_finetuned
g12/360-classical_jpeg_secondary-r_1_6-c0-snr-05.clean.jsonl.gz,b0740dcebdd649360521b379199cff4b7eedaf4420b3fceb90189595bdf8234d,3925,9d3001614b406d1c33204554c7b4abbe47986f911691108da572aea9a0155e32,classical_jpeg_secondary,r_1_6,0,-5,clean
g12/361-classical_jpeg_secondary-r_1_6-c0-snr-04.artifact_finetuned.jsonl.gz,d434be5cbfe4f4b98635f6f46ccdf0188a08c4378d92a534f026ebce4bb7b3e2,3925,1d9e7e9f487cceec7f5e005a10d2820195bef06882da2f583fb2b1887d00b884,classical_jpeg_secondary,r_1_6,0,-4,artifact_finetuned
g12/361-classical_jpeg_secondary-r_1_6-c0-snr-04.clean.jsonl.gz,3c6012fe2799dca16b5e24fe9cc8c155a5f9dd2d966ff8d4f547a036ad7fa85d,3925,8ba5e6eb9d8a8f972998db7eb5baf399a56f6b8d39e7c3ea661818532d591baa,classical_jpeg_secondary,r_1_6,0,-4,clean
g12/362-classical_jpeg_secondary-r_1_6-c0-snr-03.artifact_finetuned.jsonl.gz,2845ebb6222d76989a48b1501f68bb667ed9d8c218a7029a7d19d32192d63fa8,3925,87f9cdaa23e2e4dfc2a2575507cffaff9a4ef8ba92bfc627a89cbaf687649720,classical_jpeg_secondary,r_1_6,0,-3,artifact_finetuned
g12/362-classical_jpeg_secondary-r_1_6-c0-snr-03.clean.jsonl.gz,679780075aba4c0cfce4daf54bc72307f1039d208c1666df2ebc97df14c2faf8,3925,b765fe31dc3832782cde04fa17acbf9249eda344cc0bd80e0ae857ca657dbb2c,classical_jpeg_secondary,r_1_6,0,-3,clean
g12/363-classical_jpeg_secondary-r_1_6-c0-snr-02.artifact_finetuned.jsonl.gz,65d8302b2cbbcdbfebdef56e4e32d8a5160ada5e80a71fea5cb396535bf8d5b1,3925,4cbf80e76bbbc82089aa576807cd5a56523357023a5cd3c41fbef5716d3c771f,classical_jpeg_secondary,r_1_6,0,-2,artifact_finetuned
g12/363-classical_jpeg_secondary-r_1_6-c0-snr-02.clean.jsonl.gz,8f87b805d7cfcd5ae822ddc3cc4bfce42992cce89c2368fa2c5f74fd0aa16318,3925,f5b0ac891644360a6b994471ff7f33407830b6214312593b7b778cde457a8702,classical_jpeg_secondary,r_1_6,0,-2,clean
g12/364-classical_jpeg_secondary-r_1_6-c0-snr-01.artifact_finetuned.jsonl.gz,7a0b966c85eefae660fe99a1587ac95fbc1473a3ed09f0a97d5b14c5e2450e02,3925,d68212695e4b02fdd261a311baf274d9a05677e639011b33a27b5e13ff02450f,classical_jpeg_secondary,r_1_6,0,-1,artifact_finetuned
g12/364-classical_jpeg_secondary-r_1_6-c0-snr-01.clean.jsonl.gz,c3e6b3abad0680d315664bba46a3b73b58f7a830c04d662a63864debc2599d80,3925,91367aa33f5acb3cab26eb542b54c7ca698591e410847fdad8c9bc14ff2d4b9f,classical_jpeg_secondary,r_1_6,0,-1,clean
g12/365-classical_jpeg_secondary-r_1_6-c0-snr+00.artifact_finetuned.jsonl.gz,96f30f7719f7ec2a692e56359fccf50f4a84030cf6925fd2970670651905c5ea,3925,891182dfa783cccb7d5145c53d90d15d81ec2c2b62a21b3df76a6a3ad600a4bc,classical_jpeg_secondary,r_1_6,0,0,artifact_finetuned
g12/365-classical_jpeg_secondary-r_1_6-c0-snr+00.clean.jsonl.gz,9da3d18143360499a66695744f5fd8f558601dc4f50738b254de8134b1d7f358,3925,94875d7f7bfd7af8d4844f79849be0154a2e8d0dc793ee979ede193bdb43346f,classical_jpeg_secondary,r_1_6,0,0,clean
g12/366-classical_jpeg_secondary-r_1_6-c0-snr+01.artifact_finetuned.jsonl.gz,10f13c9060a0633171b5e79b318c095aade7c45231ca15b460149aad98fff441,3925,1ac5bd1b1b566601d180fdfe0ab4cef10d111078570fad5e0aacac55784b9639,classical_jpeg_secondary,r_1_6,0,1,artifact_finetuned
g12/366-classical_jpeg_secondary-r_1_6-c0-snr+01.clean.jsonl.gz,4306c558f6a532ff80a2c1f36eaac3d4aad07f598d0d89605605664915f7134a,3925,5c85dc29f1941612d80aa603f92e6c98f3545ae950e5534f0173be4be8d3a684,classical_jpeg_secondary,r_1_6,0,1,clean
g12/367-classical_jpeg_secondary-r_1_6-c0-snr+02.artifact_finetuned.jsonl.gz,e103540e9c31e9f4f319b66cb33eb9a6df183849293838b74ce845255a0368fd,3925,d1fa9bc715448a9ee611f38dcf206e94b8f2ca84d1f93b0e25cb7ef40ebed4ac,classical_jpeg_secondary,r_1_6,0,2,artifact_finetuned
g12/367-classical_jpeg_secondary-r_1_6-c0-snr+02.clean.jsonl.gz,fdfc427a33610e4f7d376d33fbe10a4f0f1bbc16e3f98abd62855e9c6b910b9e,3925,9aab7ac00826c3a29d9578ade3ff6992a7c07d710b82904e04667d29dcac7498,classical_jpeg_secondary,r_1_6,0,2,clean
g12/368-classical_jpeg_secondary-r_1_6-c0-snr+03.artifact_finetuned.jsonl.gz,cdfe81fecc89a6fc00a4f21d210fcb4af6816eae76f7c6a0c8511939c426d9ba,3925,44b0fe8e051c0314156765798f507db342ce172a0299a566c45d44905984f2f2,classical_jpeg_secondary,r_1_6,0,3,artifact_finetuned
g12/368-classical_jpeg_secondary-r_1_6-c0-snr+03.clean.jsonl.gz,ca27add9986da4553c68fd46a067b1ead1dca4c51e1c329f6e023c93f564c3a8,3925,dabbe9b5881b7d2a815304b2c3303d171435055156ef0b8d77a3b45b42fa196a,classical_jpeg_secondary,r_1_6,0,3,clean
g12/369-classical_jpeg_secondary-r_1_6-c0-snr+04.artifact_finetuned.jsonl.gz,b89fe5162768176e08d7587c2c091713bb33ffc9ff659a2ccc5962e94426ad3b,3925,1ba0fb2d7cd6e4415f2fe52d40ad87e0437e6fe69829f2fa40ca1e591565b4de,classical_jpeg_secondary,r_1_6,0,4,artifact_finetuned
g12/369-classical_jpeg_secondary-r_1_6-c0-snr+04.clean.jsonl.gz,20bd468e877ab4fdd308dd7bdf90937f052168b027d09c8367759907e41c0ab3,3925,17a02ebb4f60bcc40b60c4ebf479e45010080ae542d7a10a92edc9ceb03852c7,classical_jpeg_secondary,r_1_6,0,4,clean
g12/370-classical_jpeg_secondary-r_1_6-c0-snr+05.artifact_finetuned.jsonl.gz,fdc105111cbc5e8a729d3d3545e19d449b21ab1d636a2d4b1903be7a8f674d6f,3925,a43055034d2470a7314068ef0842f61811f51acdee75c44ea6f7d883ab49700c,classical_jpeg_secondary,r_1_6,0,5,artifact_finetuned
g12/370-classical_jpeg_secondary-r_1_6-c0-snr+05.clean.jsonl.gz,f35e38f06755063fefe67efd32c0408658756b7756be35cd7852ffbb86995d72,3925,00561ed32bcddb1a91b75f5fcdff2ddd9460d596c3583f000fe5625a1f8c8d86,classical_jpeg_secondary,r_1_6,0,5,clean
g12/371-classical_jpeg_secondary-r_1_6-c0-snr+06.artifact_finetuned.jsonl.gz,d797c4f0e2a77ff170982dcc68184bcf9c09eccc8e18ab184993850183ffc119,3925,f9ff4f703725d9031717404162d50afc2a57d606dfdfab5457e0a05c53f02ca5,classical_jpeg_secondary,r_1_6,0,6,artifact_finetuned
g12/371-classical_jpeg_secondary-r_1_6-c0-snr+06.clean.jsonl.gz,1c6bffb46fa73a08809a0996051378fb1516c6f8df3149b467577c853b826cb6,3925,da7e3ced940ddd840bc85560990fbfa5bb1c280cbe62bcf4dc6e9513664e9106,classical_jpeg_secondary,r_1_6,0,6,clean
g12/372-classical_jpeg_secondary-r_1_6-c0-snr+07.artifact_finetuned.jsonl.gz,476d7df4d45b9680a5f3d2b35dddfd8595438659935d4a7a546eae6cf1aed90b,3925,8cfe7a289b1aec1c23da3b595d0b688d98012a8801bd8fcf3ffffe489c77d619,classical_jpeg_secondary,r_1_6,0,7,artifact_finetuned
g12/372-classical_jpeg_secondary-r_1_6-c0-snr+07.clean.jsonl.gz,486d6f4589223762b1cc0531b9e2094594678fa8e73b46972cd98bbf01f15079,3925,21d504cef265fdd6508543b22d406218afea28a16dc67e8603e323676f6b8c99,classical_jpeg_secondary,r_1_6,0,7,clean
g12/373-classical_jpeg_secondary-r_1_6-c0-snr+09.artifact_finetuned.jsonl.gz,c4dbc7e3e27921a753a882b31f727925f5422c492cf5e0a503d132a25b538364,3925,6b9762c687e8db1b491f315dfcbd68650388e5ab68f1b80238e20234861ec029,classical_jpeg_secondary,r_1_6,0,9,artifact_finetuned
g12/373-classical_jpeg_secondary-r_1_6-c0-snr+09.clean.jsonl.gz,f9b5ad3b673a49801c1d58d28f4cb7ad56e6284c98cd3b7ab92db79bb0f44682,3925,91ba265e59d1b3f37a17e204b91b00cbf03714399be4dfed76b5146de8d0e705,classical_jpeg_secondary,r_1_6,0,9,clean
g12/374-classical_jpeg_secondary-r_1_6-c0-snr+11.artifact_finetuned.jsonl.gz,67d1367f3779e0d63a98205089df4d2f3a55822caecfe9be4e8022f6060d7db8,3925,ed6abb0c463a960d683268ab5927c3f222e0e64832d9e6366312695ab63fc9b5,classical_jpeg_secondary,r_1_6,0,11,artifact_finetuned
g12/374-classical_jpeg_secondary-r_1_6-c0-snr+11.clean.jsonl.gz,a8e0f9251fc850dddebc9b5912d401b1ecee5fd2f73b4bd955bd688d6768a481,3925,59cfcf7ea1be01f0677167755d4a55761989e5585b8e134dc5febcd98e3d1435,classical_jpeg_secondary,r_1_6,0,11,clean
g12/375-classical_jpeg_secondary-r_1_6-c0-snr+13.artifact_finetuned.jsonl.gz,114c2cc9ae37a25313262e73c5da09cc03559ea4e5af6df61eeeadd787e9880e,3925,f84c68569024d37e7834200ca2b618fb64e684daea3d80c05c3a8ea8f3976501,classical_jpeg_secondary,r_1_6,0,13,artifact_finetuned
g12/375-classical_jpeg_secondary-r_1_6-c0-snr+13.clean.jsonl.gz,92fb290aa084080157bd536e529e28852f6bb978e55b4fff84b2715faca6693f,3925,e6e8f461648cd49669953dfd4a30511087494c1619a1982dd1d8aa20bf4646c8,classical_jpeg_secondary,r_1_6,0,13,clean
g12/376-classical_jpeg_secondary-r_1_6-c0-snr+15.artifact_finetuned.jsonl.gz,8dafa266c3ebbeaedb65c313130e790c23c767c486b2e38ee2fc28b1a4432b43,3925,c1173f9ad451c19648fc638a2e98b3d76e5083f4d367a5b454b73ed68e7cc25c,classical_jpeg_secondary,r_1_6,0,15,artifact_finetuned
g12/376-classical_jpeg_secondary-r_1_6-c0-snr+15.clean.jsonl.gz,512a977faaf6dfe6c92e0d7df55163e507df06ece62aece6a67c41c4f9c95aa7,3925,6a21559026a8967d14fe4ecf0a542408ecbfe44fd2f5b2ae4c317780953ad39c,classical_jpeg_secondary,r_1_6,0,15,clean
g12/377-classical_jpeg_secondary-r_1_6-c0-snr+18.artifact_finetuned.jsonl.gz,d7fe61a1f918c45dd64719a530b6e88f5867be2990a2ebd82604bc902f3cd5d7,3925,c723972804e43f31552d8ccae09a6c017604c43f77d2291072a3046a98e45486,classical_jpeg_secondary,r_1_6,0,18,artifact_finetuned
g12/377-classical_jpeg_secondary-r_1_6-c0-snr+18.clean.jsonl.gz,47797832e0d714c80ac4e2a817371b0dca6e005d958b46e3a4ba2026d9f32721,3925,9ab0637a3cb2a82f9acfb967cb77e9f23d3888cc4bb632c318ddaf54984f791a,classical_jpeg_secondary,r_1_6,0,18,clean
g12/378-label_transmission_bound-r_1_6-c0-snr-08.predicted_label.jsonl.gz,cbdc050651e0881148f897949368cf39a0bc62674764792c6c8063145b28d018,3925,97b301670a78b637ceb55ae003d5c449203d0a91b8ee0e83a4c9e1703a71c7bb,label_transmission_bound,r_1_6,0,-8,predicted_label
g12/379-label_transmission_bound-r_1_6-c0-snr-07.predicted_label.jsonl.gz,a3470f8fc62b9937aabedb9b2b3b96977b5917e55a3defed34470df48e925f1d,3925,3616afd68463bb6371c31147b32fc5529f7611562836fa1c40c9cefd8bb3a626,label_transmission_bound,r_1_6,0,-7,predicted_label
g12/380-label_transmission_bound-r_1_6-c0-snr-06.predicted_label.jsonl.gz,ff8c367a6bb5f087eb9fa9b6c00e47bf35394c9c4599c9d8ef51baa9835e8a62,3925,05fd07543a574f494a90878a39fefbc3915fc1fbd9374b49a31a627cfaff7cd7,label_transmission_bound,r_1_6,0,-6,predicted_label
g12/381-label_transmission_bound-r_1_6-c0-snr-05.predicted_label.jsonl.gz,84792c68c40ebc58a77f1c97f5197e604e3bf3e1465204b3a2a6bfd15f4f3353,3925,9ce1d3c945b1e77e964e23f397ff463004631fa24653cb7d4cc071b28ed206c8,label_transmission_bound,r_1_6,0,-5,predicted_label
g12/382-label_transmission_bound-r_1_6-c0-snr-04.predicted_label.jsonl.gz,be8a191d59dd514345e8e6ce6ab40979756a2b503d094a4201c35babb654025e,3925,b2471f94c11ce01b6544ca4837911eaf5996793de187066683e8d3b7f579573b,label_transmission_bound,r_1_6,0,-4,predicted_label
g12/383-label_transmission_bound-r_1_6-c0-snr-03.predicted_label.jsonl.gz,eed2de06cf9661b2dc56a2ef0cb8575b4a00201da111255d07bc86f7e5525601,3925,19a916220cea96e4d7740ac238d9261bef9c34a1e4d26fc425b801519b7d9100,label_transmission_bound,r_1_6,0,-3,predicted_label
g12/384-label_transmission_bound-r_1_6-c0-snr-02.predicted_label.jsonl.gz,a67a78696c9a3a72e60a727a64a3f1eab418eb77be6f516e14ced0b1a0e42789,3925,5cd5ef26108b7e48fc14c63ba7d9cc69464ad37c8ddeb070317a58585db064b3,label_transmission_bound,r_1_6,0,-2,predicted_label
g12/385-label_transmission_bound-r_1_6-c0-snr-01.predicted_label.jsonl.gz,a435e602e2c1b8cb5065206d31903a8d8f9a4ee7199a3fa486cabbf0ed8cc7ed,3925,f074a646312fbb628e7a0b7d39e169d74c81b2169937c7a538bf1fed8acc6e8a,label_transmission_bound,r_1_6,0,-1,predicted_label
g12/386-label_transmission_bound-r_1_6-c0-snr+00.predicted_label.jsonl.gz,863a3e1347e4c2f4d1266db02ac901a2150cb69dbd350aca1cbf88d6b584dc88,3925,53616704d8e6971e37b9156f3e986affd4157417953449679928f2b6fb3277f7,label_transmission_bound,r_1_6,0,0,predicted_label
g12/387-label_transmission_bound-r_1_6-c0-snr+01.predicted_label.jsonl.gz,3a26859a3bb3cbd9b28f885a9732eff50d1d1579e0cdc92e1d300be3d3476676,3925,ca6265a83a1d1773f9ad2db2729c7b57e2b8d6eca9f4c1a721f28ce8e4bef243,label_transmission_bound,r_1_6,0,1,predicted_label
g12/388-label_transmission_bound-r_1_6-c0-snr+02.predicted_label.jsonl.gz,30da0cfd6363dee7361eaf6ee9ea15098ae036c040f623017faa5f748c11cee9,3925,e90b52ac72a7f7cedfb723c43c0d9ab665f94f4dc6453b8eb779c26b9f41515e,label_transmission_bound,r_1_6,0,2,predicted_label
g12/389-label_transmission_bound-r_1_6-c0-snr+03.predicted_label.jsonl.gz,766f2a63fd381017fe128e3478184390300a4a9c42d6dc5644b2dedb71877ff9,3925,24b43362936a0ab891f8f7ce4a2d9d54e23de78103022630e819645d335462dd,label_transmission_bound,r_1_6,0,3,predicted_label
g12/390-label_transmission_bound-r_1_6-c0-snr+04.predicted_label.jsonl.gz,b69d56b8f69c502daa8765ba868613c9cb4c6a5c220715f0768fec8ae61731e1,3925,b01907012a975d6142329a82e84a7d6448446b7f1f84af2c395720b2df545733,label_transmission_bound,r_1_6,0,4,predicted_label
g12/391-label_transmission_bound-r_1_6-c0-snr+05.predicted_label.jsonl.gz,a311209cbae1d577aae58e9d48c8a3346efe304cf2d803491009f9d80b0c957f,3925,ec20c7b32896554b51685b72753c1c6ee81894335f7e983f772fe566a9c412a1,label_transmission_bound,r_1_6,0,5,predicted_label
g12/392-label_transmission_bound-r_1_6-c0-snr+06.predicted_label.jsonl.gz,1a93bb0388e02a9b9a3ea3da23cc653152370d3c61b175910076b34778fc162d,3925,9b84977dfc78a3de3ec6d72da035491f498f85befca155b2bc8b81641dca6d8f,label_transmission_bound,r_1_6,0,6,predicted_label
g12/393-label_transmission_bound-r_1_6-c0-snr+07.predicted_label.jsonl.gz,00286aa2a72894389210a183d3c2ad035c31ea7b5007731645e0505943d26f14,3925,b3a4e37b8d4b53b6be4ec2e6c10d00f024ea6aa8854152a4980c54578082ccb4,label_transmission_bound,r_1_6,0,7,predicted_label
g12/394-label_transmission_bound-r_1_6-c0-snr+09.predicted_label.jsonl.gz,bcb4c1aacbda25ce9436c6d7b758124d1c3fc45e3c9cf4035d59aa7ad39d26c0,3925,68544791e0a9d64e1a84d66721deea6d30f76647a18566bc80339f145a916de6,label_transmission_bound,r_1_6,0,9,predicted_label
g12/395-label_transmission_bound-r_1_6-c0-snr+11.predicted_label.jsonl.gz,76c68c92316a265917e465a14f8105119acfcab45c5cceed685954d521d9c017,3925,2a7fb683f0ebf3c6978b4592eb76aef544cc96fc5baa4cf91f059e4c10aef9b0,label_transmission_bound,r_1_6,0,11,predicted_label
g12/396-label_transmission_bound-r_1_6-c0-snr+13.predicted_label.jsonl.gz,ce7e345a8a49b49e071bb9f1a8f6914ca75eae5279ee837744eee1d20534fb6b,3925,2fd7a33a91d11de0b1c01ac7b5442990b561e45d34283bf1a66598cfcea78f99,label_transmission_bound,r_1_6,0,13,predicted_label
g12/397-label_transmission_bound-r_1_6-c0-snr+15.predicted_label.jsonl.gz,31ada5f6739b3cc17db337888d8819a4a0ae56046a75ce016eefcdaa5c58107e,3925,5bdbe30a91eb0cb0f08b940009cdf337342535874e21c4f3ae86bba63aa153d7,label_transmission_bound,r_1_6,0,15,predicted_label
g12/398-label_transmission_bound-r_1_6-c0-snr+18.predicted_label.jsonl.gz,e6c7d013ae5bea881d3239d2110455460ccb75f2226cab6e99fddfdb45a2b9b6,3925,dae3a473de0546ff7cab641e67c83ddb1832bbcb6b505e335e5e6fcc076f22a9,label_transmission_bound,r_1_6,0,18,predicted_label
g12/399-semantic_recon_ablation-r_1_6-c0-snr-08.clean.jsonl.gz,9f2bdc65eecb698ce1df4ca7fe4e9c92c7f3f5b60f39b7ba36957230c85f0dae,3925,fb273e7ac7a0318e8ef1d1724f88c64aaa702078b965dc0550e9ca623cc10be8,semantic_recon_ablation,r_1_6,0,-8,clean
g12/400-semantic_recon_ablation-r_1_6-c0-snr-07.clean.jsonl.gz,d8760b4dc990bf4af4bdccff26e23aef0cdf6d2f195753fafc1e401d8167ba59,3925,a040156e588a9bf7165286f03dcf5312bda09dcf51466e9bf01025904a5a3c27,semantic_recon_ablation,r_1_6,0,-7,clean
g12/401-semantic_recon_ablation-r_1_6-c0-snr-06.clean.jsonl.gz,584ff3b295a5498d76b26dea75d6db40ab6920b00574d94bebd27c158288d748,3925,3c4ebff2aa628a4521f6630c7b59befa574fa8bad45e548186eb538f8a843774,semantic_recon_ablation,r_1_6,0,-6,clean
g12/402-semantic_recon_ablation-r_1_6-c0-snr-05.clean.jsonl.gz,70747114e52e0e4b4240a02d06108880487f782762c4ee5bc8f2355830ca597b,3925,8ab5e8cbc93ed7e5e67611a92a423772ac8a45eb7c85d7074b9bd2ab2fc2f9f3,semantic_recon_ablation,r_1_6,0,-5,clean
g12/403-semantic_recon_ablation-r_1_6-c0-snr-04.clean.jsonl.gz,c9de589311effc1455a006734e357d5838c454b1d58be64decbc86960fa108d1,3925,75357aaf820ef048f9ada50969ac971df76b9b05706d333b2d4fceeec69a4f5a,semantic_recon_ablation,r_1_6,0,-4,clean
g12/404-semantic_recon_ablation-r_1_6-c0-snr-03.clean.jsonl.gz,7ba237910c3ee3fd06aed988ac2b39e858af2be61352bce9b9ff8069051b67fc,3925,1fe9ce8de2f290803b9ea8c8efc784ead39899d9b93ef6669483a5c71ffb37dd,semantic_recon_ablation,r_1_6,0,-3,clean
g12/405-semantic_recon_ablation-r_1_6-c0-snr-02.clean.jsonl.gz,9e1b077d448053fcc678487774978256285c84c1ff15430307e1eb26aa1c417d,3925,04cbe1d4a1de04970747fe822bc21a3967ea935e3d5e5eee67a3676bdb857d7b,semantic_recon_ablation,r_1_6,0,-2,clean
g12/406-semantic_recon_ablation-r_1_6-c0-snr-01.clean.jsonl.gz,360ac8a89822ec7f6a7ecbb56927a2bf581394e030fce009e3d0eb8aab354c3f,3925,ff8c3936aa06bdf51afeffcb6cba880535ba620dcdd815552c0064054ec3b242,semantic_recon_ablation,r_1_6,0,-1,clean
g12/407-semantic_recon_ablation-r_1_6-c0-snr+00.clean.jsonl.gz,272e71e325d55ab291cb6171ab975f0e9a3adbd0d8769acccba70d891101ce52,3925,01a93c2b4b61b7e08140453b13b31033d34cbeef688619535111b28df4ab4ceb,semantic_recon_ablation,r_1_6,0,0,clean
g12/408-semantic_recon_ablation-r_1_6-c0-snr+01.clean.jsonl.gz,f576f74c4d9cc4ae69950680065091cef0f145a64e95e6cdef11be9c7e5b1ebd,3925,6fa4af0d7ebe71aa88626a9c4b441388c20e704b6932140010524a158a694041,semantic_recon_ablation,r_1_6,0,1,clean
g12/409-semantic_recon_ablation-r_1_6-c0-snr+02.clean.jsonl.gz,45cde5e94c63b6be4381bb6a699d4c0793d0689303a8e89458026e788d2ecf48,3925,92ab7bc88cf9ab1289598ac39c81bb33ee45537fd4905d1615900e220836cdbd,semantic_recon_ablation,r_1_6,0,2,clean
g12/410-semantic_recon_ablation-r_1_6-c0-snr+03.clean.jsonl.gz,74e135afc00be85a5c5ff6c12b4846ff910f64c4d5e0f3e23ec40e1056027c27,3925,25208e5584863fca64f49b5085972a18236a6811594eda8f0ee76db924bdd412,semantic_recon_ablation,r_1_6,0,3,clean
g12/411-semantic_recon_ablation-r_1_6-c0-snr+04.clean.jsonl.gz,768381c7b06b43c5baaa42b03735435e801cd86d30340d9d1d097e742fe48fe8,3925,2e4ff8fc093856e52a628fd3a7e5c517c19ee9e9b25d8f62439861950c013680,semantic_recon_ablation,r_1_6,0,4,clean
g12/412-semantic_recon_ablation-r_1_6-c0-snr+05.clean.jsonl.gz,6123b225512910ad803b7552c034e22da1d4ef0f1e73eddae5a6b66a0e232b1f,3925,8f5af107f2831e1ebced873335cc69cf27b9894fc44b3f9dea23a9d64e65b259,semantic_recon_ablation,r_1_6,0,5,clean
g12/413-semantic_recon_ablation-r_1_6-c0-snr+06.clean.jsonl.gz,0580d289bc5c8677b07d564a552a290aa779e6463ac6b828df3522aca06c2cfe,3925,287561495555abd8c56e156579caf7851b9dd9255247c573e3364fbe27c9a499,semantic_recon_ablation,r_1_6,0,6,clean
g12/414-semantic_recon_ablation-r_1_6-c0-snr+07.clean.jsonl.gz,87f81c20875068eca08775875f370551d11693b02ca43aa559161693442a8bea,3925,6d9c98f6ce640abc4e21fad7a2178809b95630b1152ecdb949b0f8de758ebe98,semantic_recon_ablation,r_1_6,0,7,clean
g12/415-semantic_recon_ablation-r_1_6-c0-snr+09.clean.jsonl.gz,ed1ae60a735e15c155f680869868c99fd163ad99ac764993f94f7e602a6141b8,3925,6549442dd2251b7406585481ce10fb2ce83b45e769d2ef007e61a7d9f64a2d1f,semantic_recon_ablation,r_1_6,0,9,clean
g12/416-semantic_recon_ablation-r_1_6-c0-snr+11.clean.jsonl.gz,eb0d36953eaa61b29fda9402ae676090224f33ca9b8dc22db70c49a69e04c137,3925,0a5253e9987b36582a3489302d5babb82980b993aef493bcee98aab2964d3a74,semantic_recon_ablation,r_1_6,0,11,clean
g12/417-semantic_recon_ablation-r_1_6-c0-snr+13.clean.jsonl.gz,3e09e44bf023f7664359427dbab222eb5ce745521fe091d24f6b0e47406dd00b,3925,d48e738c1a2e738d37f908b51b7c5b0805b0c209666fa27dbad5f5450978df80,semantic_recon_ablation,r_1_6,0,13,clean
g12/418-semantic_recon_ablation-r_1_6-c0-snr+15.clean.jsonl.gz,4a65656e9e66062e6a10e32d3073ea428aabccd3805b58a75892bff3d9fb6dde,3925,ca1aa9746840407bd3c0ec5baca7c7acf38419137d02223afc89df9ea2e7eb77,semantic_recon_ablation,r_1_6,0,15,clean
g12/419-semantic_recon_ablation-r_1_6-c0-snr+18.clean.jsonl.gz,7bb6255d8e40a4fae52df1ea97603d927502ce4cbb027dd0f01765e7aea51dca,3925,047f561441e80a5b2e3f5a2c0627e3ea2a0144184e6df006ffafebd625c4df84,semantic_recon_ablation,r_1_6,0,18,clean
g12/420-er9_digital_low_rate-r_1_6-c0-snr-08.own_task_head.jsonl.gz,d3e5e708ba2efe5428f45648b7c7b01c53b118b76b548ad9213915af596a1423,3925,5e6ad0d171773241ff858f22b1fa5e67ae8a66020dfc521d349710072f6ca06a,er9_digital_low_rate,r_1_6,0,-8,own_task_head
g12/421-er9_digital_low_rate-r_1_6-c0-snr-07.own_task_head.jsonl.gz,c5a57bf1c005aae0c68b2b9e7689b74c18af5ec4cfe1cdded87a674447d8093c,3925,91c16322005d2367adf2c279d0364154783c7794a12c785faa748432dd18b18c,er9_digital_low_rate,r_1_6,0,-7,own_task_head
g12/422-er9_digital_low_rate-r_1_6-c0-snr-06.own_task_head.jsonl.gz,ca03dc4d2a8d9b8b82a68154e731f874b21c32b9061c0cab90e389898c02e0b4,3925,f10f43521b382491401cb3a8932242ae9b4f258314d28dba2e966b832e4bd808,er9_digital_low_rate,r_1_6,0,-6,own_task_head
g12/423-er9_digital_low_rate-r_1_6-c0-snr-05.own_task_head.jsonl.gz,579a065145c1a95d534374e7d44d308d3af6bd8b1a3783758f314c1019d26dd9,3925,560818de6494cb89eb34744727ae1167bc92a4601218609378701855e07ca871,er9_digital_low_rate,r_1_6,0,-5,own_task_head
g12/424-er9_digital_low_rate-r_1_6-c0-snr-04.own_task_head.jsonl.gz,3b68a7ef099cd9c7b2f0923a2d8a4acf8f6fb1d5f908acd66834c6abf005aaf6,3925,484ab2c3d4f89a35d5c6014aa5fbfbf2ed5a9dd745ca90d9d59276fac6909b99,er9_digital_low_rate,r_1_6,0,-4,own_task_head
g12/425-er9_digital_low_rate-r_1_6-c0-snr-03.own_task_head.jsonl.gz,7e89a934884b26b31e78910ea962103fdbb986f8a736c6da3d7c9de4b381a91a,3925,3acede777d6355cab1b6348163ef4c4f724f4598447236d37ca9c2492397664f,er9_digital_low_rate,r_1_6,0,-3,own_task_head
g12/426-er9_digital_low_rate-r_1_6-c0-snr-02.own_task_head.jsonl.gz,3e9cda41895a81ddeffd5c6633349c572c3a23002295d368beb51365e2d92926,3925,da79ccb3313a136944f39e88c33c1d038399fe7a7a9838b83a2a6f9e37d8c05b,er9_digital_low_rate,r_1_6,0,-2,own_task_head
g12/427-er9_digital_low_rate-r_1_6-c0-snr-01.own_task_head.jsonl.gz,9b883f1e6b5cc77796ff23bcf26aa2767afba0291a4492df8df7b1252c5975eb,3925,c79c9bcc26ffcc6d1b301018556e3f22382bd2fb55648568107e9138e6441332,er9_digital_low_rate,r_1_6,0,-1,own_task_head
g12/428-er9_digital_low_rate-r_1_6-c0-snr+00.own_task_head.jsonl.gz,6d5cb8c809da6d09f24923b71296e4fd1fd2e344ede059d8281da0e33fbacb11,3925,f318782bd9dcad4369f8036fa059bc45b40bea584d2d2900ceb67fa6fa94f6c8,er9_digital_low_rate,r_1_6,0,0,own_task_head
g12/429-er9_digital_low_rate-r_1_6-c0-snr+01.own_task_head.jsonl.gz,c77bed54ac3de6613f84541b6dc43ea6aeb2045a19336383e48074913f5f6edd,3925,7e754e51628be9f262ac81f713ca34f417b24fd63b83276a085c5af7b128acc3,er9_digital_low_rate,r_1_6,0,1,own_task_head
g12/430-er9_digital_low_rate-r_1_6-c0-snr+02.own_task_head.jsonl.gz,5d8cf53a21d0aab477ba679935ee4d7a2c535af2dd662792f8c724d8d964b3d2,3925,523cc3ae8bbe0e4840634105135bfb6a605de928e0cb8ee69af74036489884e9,er9_digital_low_rate,r_1_6,0,2,own_task_head
g12/431-er9_digital_low_rate-r_1_6-c0-snr+03.own_task_head.jsonl.gz,3266d688623668fafab7a72d923684f60d842da91a09f2312705115b23f3bd07,3925,86a13434e928843a5dfbe1ebff6b6cd7cb99d27dd8869f34b329d7617e3f6724,er9_digital_low_rate,r_1_6,0,3,own_task_head
g12/432-er9_digital_low_rate-r_1_6-c0-snr+04.own_task_head.jsonl.gz,74aead0a5718cc9ff89c5863e402af12af97dc8f8738d29c2def80abb3cb60e5,3925,259fd765af88cd4617e97adb37e65b9ddaeb3ab3865574fd43d1ab8bf0a0c339,er9_digital_low_rate,r_1_6,0,4,own_task_head
g12/433-er9_digital_low_rate-r_1_6-c0-snr+05.own_task_head.jsonl.gz,03e39d53b95b0e7141d08432a143cea4ca8c1769a6dd62fd9c72c059e0d477fc,3925,544c3c9562697819f5e42d7c473e8e96f0efa134b7f93c9041fed8dc35b7b926,er9_digital_low_rate,r_1_6,0,5,own_task_head
g12/434-er9_digital_low_rate-r_1_6-c0-snr+06.own_task_head.jsonl.gz,6cbb4f86cdc7482cf4508a323dcfa5ec91aefab86a688b2cae2f7911645f1431,3925,f062901ecee9a8459a4717d67ff1c9503c76d52427bfe1bcca26f3fb5c078afa,er9_digital_low_rate,r_1_6,0,6,own_task_head
g12/435-er9_digital_low_rate-r_1_6-c0-snr+07.own_task_head.jsonl.gz,75be502256eb8d27ba0e8c075c0342ab533be4bdffcfd942445ca767caa24e2c,3925,6517cb2e42cd4dd4f9bf137c42ffe5bf1d35a2008178ef3afd71213e6a2bc6c1,er9_digital_low_rate,r_1_6,0,7,own_task_head
g12/436-er9_digital_low_rate-r_1_6-c0-snr+09.own_task_head.jsonl.gz,1186b4fe758c3e24661e9b5c8e483479484c6c11e17e7ccf78bb56fec6ba0ac1,3925,d35385255593fc6af24e964a27877ac8fb4c9a5501fd1a17cb6ca1568e91a87f,er9_digital_low_rate,r_1_6,0,9,own_task_head
g12/437-er9_digital_low_rate-r_1_6-c0-snr+11.own_task_head.jsonl.gz,7cd025a7e7e75e38ba58c6e2fa9cf8f4d543d29edb2daf84b07b1c198aa7fa90,3925,25fd638e66ee95a0d17ce491c905f641a8651e1060484c2560e3f5c793de035c,er9_digital_low_rate,r_1_6,0,11,own_task_head
g12/438-er9_digital_low_rate-r_1_6-c0-snr+13.own_task_head.jsonl.gz,6788b925f89b8052efdec0fbe59b699347230247fe4ac9a22dd44013aec96f95,3925,9f50651c539c9f9cb5dcc5df48b2c6595399b65cb996be453fe0ae8f30fd2f3c,er9_digital_low_rate,r_1_6,0,13,own_task_head
g12/439-er9_digital_low_rate-r_1_6-c0-snr+15.own_task_head.jsonl.gz,44a364e92c984597d9da7cef99e36ae2a720a2f9c8a6493f6f99c9de565e889e,3925,c2a1a27fb8d1ed91307f593b99061bdde866c12511b02736aed4568a0eba04ed,er9_digital_low_rate,r_1_6,0,15,own_task_head
g12/440-er9_digital_low_rate-r_1_6-c0-snr+18.own_task_head.jsonl.gz,967572057ea476cba0d0eb26f38a45b711965fb817eaa18f51b11dfe2859b4ee,3925,03d9bd694b553550ef02c9a61993a2b8b3819c1f29606ecd265d743bc77f0c78,er9_digital_low_rate,r_1_6,0,18,own_task_head
